dp_id,name_anon,supplier_anon,desc_anon
DP_000025,PRO_000025,SUP_0006,
DP_004695,PRO_004695,SUP_0298,
DP_004643,PRO_004643,SUP_0298,
DP_000886,PRO_000886,SUP_0076,
DP_004671,PRO_004671,SUP_0298,
DP_000903,PRO_000903,SUP_0076,
DP_004600,PRO_004600,SUP_0298,
DP_001805,PRO_001805,SUP_0129,
DP_000898,PRO_000898,SUP_0076,
DP_004611,PRO_004611,SUP_0298,
DP_001803,PRO_001803,SUP_0129,
DP_000906,PRO_000906,SUP_0076,
DP_002897,PRO_002897,SUP_0164,
DP_004580,PRO_004580,SUP_0298,
DP_001804,PRO_001804,SUP_0129,
DP_000902,PRO_000902,SUP_0076,
DP_002898,PRO_002898,SUP_0164,
DP_004613,PRO_004613,SUP_0298,
DP_002924,PRO_002924,SUP_0166,
DP_001802,PRO_001802,SUP_0129,
DP_000900,PRO_000900,SUP_0076,
DP_002899,PRO_002899,SUP_0164,
DP_004608,PRO_004608,SUP_0298,
DP_002946,PRO_002946,SUP_0166,
DP_005620,PRO_005620,SUP_0337,
DP_001790,PRO_001790,SUP_0129,
DP_000901,PRO_000901,SUP_0076,
DP_002902,PRO_002902,SUP_0164,
DP_004690,PRO_004690,SUP_0298,
DP_002935,PRO_002935,SUP_0166,
DP_005516,PRO_005516,SUP_0337,
DP_001798,PRO_001798,SUP_0129,
DP_004325,PRO_004325,SUP_0287,
DP_000899,PRO_000899,SUP_0076,
DP_002901,PRO_002901,SUP_0164,
DP_004566,PRO_004566,SUP_0298,
DP_001801,PRO_001801,SUP_0129,
DP_002925,PRO_002925,SUP_0166,
DP_005486,PRO_005486,SUP_0337,
DP_004322,PRO_004322,SUP_0287,
DP_000921,PRO_000921,SUP_0076,
DP_002903,PRO_002903,SUP_0164,
DP_001563,PRO_001563,SUP_0114,
DP_004565,PRO_004565,SUP_0298,
DP_000693,PRO_000693,SUP_0040,
DP_005622,PRO_005622,SUP_0337,
DP_002939,PRO_002939,SUP_0166,
DP_000919,PRO_000919,SUP_0076,
DP_004323,PRO_004323,SUP_0287,
DP_002904,PRO_002904,SUP_0164,
DP_004686,PRO_004686,SUP_0298,
DP_004700,PRO_004700,SUP_0298,
DP_002631,PRO_002631,SUP_0141,
DP_001799,PRO_001799,SUP_0129,
DP_005505,PRO_005505,SUP_0337,
DP_002926,PRO_002926,SUP_0166,
DP_002908,PRO_002908,SUP_0164,
DP_004414,PRO_004414,SUP_0287,
DP_000920,PRO_000920,SUP_0076,
DP_001585,PRO_001585,SUP_0114,
DP_004540,PRO_004540,SUP_0298,
DP_002376,PRO_002376,SUP_0141,
DP_002142,PRO_002142,SUP_0141,
DP_001800,PRO_001800,SUP_0129,
DP_005634,PRO_005634,SUP_0337,
DP_002928,PRO_002928,SUP_0166,
DP_003916,PRO_003916,SUP_0260,
DP_002294,PRO_002294,SUP_0141,
DP_004282,PRO_004282,SUP_0287,
DP_000911,PRO_000911,SUP_0076,
DP_001605,PRO_001605,SUP_0114,
DP_000655,PRO_000655,SUP_0038,
DP_002143,PRO_002143,SUP_0141,
DP_002377,PRO_002377,SUP_0141,
DP_001812,PRO_001812,SUP_0129,
DP_000837,PRO_000837,SUP_0073,
DP_005514,PRO_005514,SUP_0337,
DP_002922,PRO_002922,SUP_0166,
DP_000915,PRO_000915,SUP_0076,
DP_001574,PRO_001574,SUP_0114,
DP_004305,PRO_004305,SUP_0287,
DP_003917,PRO_003917,SUP_0260,
DP_002354,PRO_002354,SUP_0141,
DP_000661,PRO_000661,SUP_0038,
DP_002378,PRO_002378,SUP_0141,
DP_002144,PRO_002144,SUP_0141,
DP_006448,PRO_006448,SUP_0370,
DP_001791,PRO_001791,SUP_0129,
DP_000834,PRO_000834,SUP_0073,
DP_005668,PRO_005668,SUP_0337,
DP_002923,PRO_002923,SUP_0166,
DP_000897,PRO_000897,SUP_0076,
DP_001634,PRO_001634,SUP_0116,
DP_001556,PRO_001556,SUP_0114,
DP_000739,PRO_000739,SUP_0056,
DP_004292,PRO_004292,SUP_0287,
DP_000650,PRO_000650,SUP_0038,
DP_002237,PRO_002237,SUP_0141,
DP_002379,PRO_002379,SUP_0141,
DP_002308,PRO_002308,SUP_0141,
DP_006449,PRO_006449,SUP_0370,
DP_001794,PRO_001794,SUP_0129,
DP_000840,PRO_000840,SUP_0073,
DP_005527,PRO_005527,SUP_0337,
DP_002940,PRO_002940,SUP_0166,
DP_003092,PRO_003092,SUP_0168,
DP_000935,PRO_000935,SUP_0076,
DP_001635,PRO_001635,SUP_0116,
DP_001627,PRO_001627,SUP_0114,
DP_000412,PRO_000412,SUP_0036,
DP_000657,PRO_000657,SUP_0038,
DP_002360,PRO_002360,SUP_0141,
DP_002449,PRO_002449,SUP_0141,
DP_006450,PRO_006450,SUP_0370,
DP_002273,PRO_002273,SUP_0141,
DP_005147,PRO_005147,SUP_0314,
DP_001793,PRO_001793,SUP_0129,
DP_000740,PRO_000740,SUP_0056,
DP_000839,PRO_000839,SUP_0073,
DP_005633,PRO_005633,SUP_0337,
DP_002948,PRO_002948,SUP_0166,
DP_003061,PRO_003061,SUP_0168,
DP_000910,PRO_000910,SUP_0076,
DP_001636,PRO_001636,SUP_0116,
DP_001501,PRO_001501,SUP_0114,
DP_003126,PRO_003126,SUP_0168,
DP_004364,PRO_004364,SUP_0287,
DP_000659,PRO_000659,SUP_0038,
DP_006451,PRO_006451,SUP_0370,
DP_002176,PRO_002176,SUP_0141,
DP_002441,PRO_002441,SUP_0141,
DP_002448,PRO_002448,SUP_0141,
DP_001797,PRO_001797,SUP_0129,
DP_005159,PRO_005159,SUP_0314,
DP_000843,PRO_000843,SUP_0073,
DP_005667,PRO_005667,SUP_0337,
DP_000743,PRO_000743,SUP_0056,
DP_002918,PRO_002918,SUP_0166,
DP_003062,PRO_003062,SUP_0168,
DP_000907,PRO_000907,SUP_0076,
DP_005949,PRO_005949,SUP_0358,
DP_005474,PRO_005474,SUP_0332,
DP_001608,PRO_001608,SUP_0114,
DP_003131,PRO_003131,SUP_0168,
DP_004361,PRO_004361,SUP_0287,
DP_000652,PRO_000652,SUP_0038,
DP_004707,PRO_004707,SUP_0298,
DP_006452,PRO_006452,SUP_0370,
DP_002279,PRO_002279,SUP_0141,
DP_002177,PRO_002177,SUP_0141,
DP_002444,PRO_002444,SUP_0141,
DP_001811,PRO_001811,SUP_0129,
DP_000738,PRO_000738,SUP_0056,
DP_005157,PRO_005157,SUP_0314,
DP_006140,PRO_006140,SUP_0370,
DP_002942,PRO_002942,SUP_0166,
DP_005568,PRO_005568,SUP_0337,
DP_003104,PRO_003104,SUP_0168,
DP_000908,PRO_000908,SUP_0076,
DP_001752,PRO_001752,SUP_0127,
DP_000643,PRO_000643,SUP_0036,
DP_003890,PRO_003890,SUP_0250,
DP_001611,PRO_001611,SUP_0114,
DP_003128,PRO_003128,SUP_0168,
DP_000656,PRO_000656,SUP_0038,
DP_004316,PRO_004316,SUP_0287,
DP_004716,PRO_004716,SUP_0298,
DP_002280,PRO_002280,SUP_0141,
DP_006462,PRO_006462,SUP_0370,
DP_002433,PRO_002433,SUP_0141,
DP_002283,PRO_002283,SUP_0141,
DP_000741,PRO_000741,SUP_0056,
DP_006139,PRO_006139,SUP_0370,
DP_001809,PRO_001809,SUP_0129,
DP_002914,PRO_002914,SUP_0166,
DP_005158,PRO_005158,SUP_0314,
DP_005641,PRO_005641,SUP_0337,
DP_003043,PRO_003043,SUP_0168,
DP_006030,PRO_006030,SUP_0358,
DP_000922,PRO_000922,SUP_0076,
DP_000198,PRO_000198,SUP_0036,
DP_003889,PRO_003889,SUP_0250,
DP_001610,PRO_001610,SUP_0114,
DP_003129,PRO_003129,SUP_0168,
DP_005437,PRO_005437,SUP_0322,
DP_000651,PRO_000651,SUP_0038,
DP_004315,PRO_004315,SUP_0287,
DP_004714,PRO_004714,SUP_0298,
DP_001912,PRO_001912,SUP_0141,
DP_006464,PRO_006464,SUP_0370,
DP_002435,PRO_002435,SUP_0141,
DP_002645,PRO_002645,SUP_0141,
DP_001047,PRO_001047,SUP_0076,
DP_000742,PRO_000742,SUP_0056,
DP_001810,PRO_001810,SUP_0129,
DP_005160,PRO_005160,SUP_0314,
DP_002944,PRO_002944,SUP_0166,
DP_006121,PRO_006121,SUP_0370,
DP_003044,PRO_003044,SUP_0168,
DP_005585,PRO_005585,SUP_0337,
DP_005788,PRO_005788,SUP_0358,
DP_000204,PRO_000204,SUP_0036,
DP_000928,PRO_000928,SUP_0076,
DP_003891,PRO_003891,SUP_0250,
DP_001632,PRO_001632,SUP_0114,
DP_003130,PRO_003130,SUP_0168,
DP_000660,PRO_000660,SUP_0038,
DP_001736,PRO_001736,SUP_0126,
DP_004345,PRO_004345,SUP_0287,
DP_000737,PRO_000737,SUP_0055,
DP_004715,PRO_004715,SUP_0298,
DP_002194,PRO_002194,SUP_0141,
DP_006465,PRO_006465,SUP_0370,
DP_002559,PRO_002559,SUP_0141,
DP_002403,PRO_002403,SUP_0141,
DP_000969,PRO_000969,SUP_0076,
DP_000055,PRO_000055,SUP_0021,
DP_001241,PRO_001241,SUP_0090,
DP_000671,PRO_000671,SUP_0040,
DP_002915,PRO_002915,SUP_0166,
DP_005166,PRO_005166,SUP_0314,
DP_006120,PRO_006120,SUP_0370,
DP_001668,PRO_001668,SUP_0119,
DP_005539,PRO_005539,SUP_0337,
DP_005818,PRO_005818,SUP_0358,
DP_000888,PRO_000888,SUP_0076,
DP_000206,PRO_000206,SUP_0036,
DP_005187,PRO_005187,SUP_0317,
DP_004683,PRO_004683,SUP_0298,
DP_003127,PRO_003127,SUP_0168,
DP_000664,PRO_000664,SUP_0038,
DP_005363,PRO_005363,SUP_0322,
DP_004310,PRO_004310,SUP_0287,
DP_004166,PRO_004166,SUP_0271,
DP_004717,PRO_004717,SUP_0298,
DP_002263,PRO_002263,SUP_0141,
DP_002286,PRO_002286,SUP_0141,
DP_006466,PRO_006466,SUP_0370,
DP_000975,PRO_000975,SUP_0076,
DP_002404,PRO_002404,SUP_0141,
DP_000066,PRO_000066,SUP_0026,
DP_001230,PRO_001230,SUP_0090,
DP_001796,PRO_001796,SUP_0129,
DP_002991,PRO_002991,SUP_0166,
DP_006144,PRO_006144,SUP_0370,
DP_003041,PRO_003041,SUP_0168,
DP_003565,PRO_003565,SUP_0237,
DP_005942,PRO_005942,SUP_0358,
DP_005543,PRO_005543,SUP_0337,
DP_000205,PRO_000205,SUP_0036,
DP_000879,PRO_000879,SUP_0076,
DP_005195,PRO_005195,SUP_0317,
DP_001631,PRO_001631,SUP_0114,
DP_003132,PRO_003132,SUP_0168,
DP_001285,PRO_001285,SUP_0094,
DP_004718,PRO_004718,SUP_0298,
DP_005225,PRO_005225,SUP_0322,
DP_004309,PRO_004309,SUP_0287,
DP_000663,PRO_000663,SUP_0038,
DP_001954,PRO_001954,SUP_0141,
DP_002401,PRO_002401,SUP_0141,
DP_006467,PRO_006467,SUP_0370,
DP_000972,PRO_000972,SUP_0076,
DP_002405,PRO_002405,SUP_0141,
DP_000069,PRO_000069,SUP_0026,
DP_001231,PRO_001231,SUP_0090,
DP_001792,PRO_001792,SUP_0129,
DP_002917,PRO_002917,SUP_0166,
DP_006141,PRO_006141,SUP_0370,
DP_005607,PRO_005607,SUP_0337,
DP_003042,PRO_003042,SUP_0168,
DP_003746,PRO_003746,SUP_0237,
DP_006023,PRO_006023,SUP_0358,
DP_000201,PRO_000201,SUP_0036,
DP_000889,PRO_000889,SUP_0076,
DP_005196,PRO_005196,SUP_0317,
DP_001534,PRO_001534,SUP_0114,
DP_005314,PRO_005314,SUP_0322,
DP_000662,PRO_000662,SUP_0038,
DP_004344,PRO_004344,SUP_0287,
DP_004719,PRO_004719,SUP_0298,
DP_003142,PRO_003142,SUP_0168,
DP_001287,PRO_001287,SUP_0094,
DP_002134,PRO_002134,SUP_0141,
DP_002159,PRO_002159,SUP_0141,
DP_006468,PRO_006468,SUP_0370,
DP_000978,PRO_000978,SUP_0076,
DP_002406,PRO_002406,SUP_0141,
DP_000070,PRO_000070,SUP_0026,
DP_001229,PRO_001229,SUP_0090,
DP_001795,PRO_001795,SUP_0129,
DP_002916,PRO_002916,SUP_0166,
DP_006225,PRO_006225,SUP_0370,
DP_003049,PRO_003049,SUP_0168,
DP_005781,PRO_005781,SUP_0358,
DP_000203,PRO_000203,SUP_0036,
DP_003725,PRO_003725,SUP_0237,
DP_005188,PRO_005188,SUP_0317,
DP_005484,PRO_005484,SUP_0337,
DP_000909,PRO_000909,SUP_0076,
DP_005307,PRO_005307,SUP_0322,
DP_001626,PRO_001626,SUP_0114,
DP_001289,PRO_001289,SUP_0094,
DP_006469,PRO_006469,SUP_0370,
DP_002094,PRO_002094,SUP_0141,
DP_003152,PRO_003152,SUP_0168,
DP_000981,PRO_000981,SUP_0076,
DP_004313,PRO_004313,SUP_0287,
DP_000654,PRO_000654,SUP_0038,
DP_002478,PRO_002478,SUP_0141,
DP_004628,PRO_004628,SUP_0298,
DP_002126,PRO_002126,SUP_0141,
DP_000067,PRO_000067,SUP_0026,
DP_001224,PRO_001224,SUP_0090,
DP_005086,PRO_005086,SUP_0313,
DP_002977,PRO_002977,SUP_0166,
DP_006226,PRO_006226,SUP_0370,
DP_003050,PRO_003050,SUP_0168,
DP_005820,PRO_005820,SUP_0358,
DP_000199,PRO_000199,SUP_0036,
DP_000914,PRO_000914,SUP_0076,
DP_003719,PRO_003719,SUP_0237,
DP_005597,PRO_005597,SUP_0337,
DP_005190,PRO_005190,SUP_0317,
DP_005312,PRO_005312,SUP_0322,
DP_001630,PRO_001630,SUP_0114,
DP_002639,PRO_002639,SUP_0141,
DP_004314,PRO_004314,SUP_0287,
DP_003904,PRO_003904,SUP_0254,
DP_002229,PRO_002229,SUP_0141,
DP_000658,PRO_000658,SUP_0038,
DP_001002,PRO_001002,SUP_0076,
DP_003150,PRO_003150,SUP_0168,
DP_006470,PRO_006470,SUP_0370,
DP_001288,PRO_001288,SUP_0094,
DP_001240,PRO_001240,SUP_0090,
DP_002336,PRO_002336,SUP_0141,
DP_000068,PRO_000068,SUP_0026,
DP_006433,PRO_006433,SUP_0370,
DP_003040,PRO_003040,SUP_0168,
DP_002978,PRO_002978,SUP_0166,
DP_005944,PRO_005944,SUP_0358,
DP_005077,PRO_005077,SUP_0313,
DP_000905,PRO_000905,SUP_0076,
DP_005197,PRO_005197,SUP_0317,
DP_003634,PRO_003634,SUP_0237,
DP_000202,PRO_000202,SUP_0036,
DP_005609,PRO_005609,SUP_0337,
DP_005222,PRO_005222,SUP_0322,
DP_001629,PRO_001629,SUP_0114,
DP_001922,PRO_001922,SUP_0141,
DP_004312,PRO_004312,SUP_0287,
DP_001961,PRO_001961,SUP_0141,
DP_004560,PRO_004560,SUP_0298,
DP_004539,PRO_004539,SUP_0298,
DP_001008,PRO_001008,SUP_0076,
DP_006471,PRO_006471,SUP_0370,
DP_002637,PRO_002637,SUP_0141,
DP_003151,PRO_003151,SUP_0168,
DP_001238,PRO_001238,SUP_0090,
DP_003051,PRO_003051,SUP_0168,
DP_006126,PRO_006126,SUP_0370,
DP_000073,PRO_000073,SUP_0027,
DP_001290,PRO_001290,SUP_0094,
DP_005621,PRO_005621,SUP_0337,
DP_006025,PRO_006025,SUP_0358,
DP_003602,PRO_003602,SUP_0237,
DP_002976,PRO_002976,SUP_0166,
DP_000200,PRO_000200,SUP_0036,
DP_000891,PRO_000891,SUP_0076,
DP_005191,PRO_005191,SUP_0317,
DP_005074,PRO_005074,SUP_0313,
DP_005423,PRO_005423,SUP_0322,
DP_001540,PRO_001540,SUP_0114,
DP_001919,PRO_001919,SUP_0141,
DP_004307,PRO_004307,SUP_0287,
DP_004553,PRO_004553,SUP_0298,
DP_001988,PRO_001988,SUP_0141,
DP_004577,PRO_004577,SUP_0298,
DP_006472,PRO_006472,SUP_0370,
DP_001005,PRO_001005,SUP_0076,
DP_003145,PRO_003145,SUP_0168,
DP_001232,PRO_001232,SUP_0090,
DP_002654,PRO_002654,SUP_0141,
DP_003048,PRO_003048,SUP_0168,
DP_006222,PRO_006222,SUP_0370,
DP_003773,PRO_003773,SUP_0237,
DP_005783,PRO_005783,SUP_0358,
DP_001286,PRO_001286,SUP_0094,
DP_000074,PRO_000074,SUP_0027,
DP_002960,PRO_002960,SUP_0166,
DP_005483,PRO_005483,SUP_0337,
DP_000890,PRO_000890,SUP_0076,
DP_005083,PRO_005083,SUP_0313,
DP_005192,PRO_005192,SUP_0317,
DP_000197,PRO_000197,SUP_0036,
DP_005220,PRO_005220,SUP_0322,
DP_001536,PRO_001536,SUP_0114,
DP_001917,PRO_001917,SUP_0141,
DP_004308,PRO_004308,SUP_0287,
DP_004596,PRO_004596,SUP_0298,
DP_002130,PRO_002130,SUP_0141,
DP_004594,PRO_004594,SUP_0298,
DP_006456,PRO_006456,SUP_0370,
DP_001011,PRO_001011,SUP_0076,
DP_003143,PRO_003143,SUP_0168,
DP_001236,PRO_001236,SUP_0090,
DP_002655,PRO_002655,SUP_0141,
DP_003047,PRO_003047,SUP_0168,
DP_006514,PRO_006514,SUP_0370,
DP_001772,PRO_001772,SUP_0127,
DP_005124,PRO_005124,SUP_0314,
DP_004187,PRO_004187,SUP_0279,
DP_000913,PRO_000913,SUP_0076,
DP_002936,PRO_002936,SUP_0166,
DP_001293,PRO_001293,SUP_0094,
DP_000207,PRO_000207,SUP_0036,
DP_005199,PRO_005199,SUP_0317,
DP_005089,PRO_005089,SUP_0313,
DP_005569,PRO_005569,SUP_0337,
DP_005224,PRO_005224,SUP_0322,
DP_001530,PRO_001530,SUP_0114,
DP_002338,PRO_002338,SUP_0141,
DP_004306,PRO_004306,SUP_0287,
DP_004634,PRO_004634,SUP_0298,
DP_002307,PRO_002307,SUP_0141,
DP_004574,PRO_004574,SUP_0298,
DP_001014,PRO_001014,SUP_0076,
DP_006436,PRO_006436,SUP_0370,
DP_003147,PRO_003147,SUP_0168,
DP_003045,PRO_003045,SUP_0168,
DP_001112,PRO_001112,SUP_0078,
DP_002222,PRO_002222,SUP_0141,
DP_006513,PRO_006513,SUP_0370,
DP_005819,PRO_005819,SUP_0358,
DP_004186,PRO_004186,SUP_0279,
DP_000904,PRO_000904,SUP_0076,
DP_002959,PRO_002959,SUP_0166,
DP_000420,PRO_000420,SUP_0036,
DP_001291,PRO_001291,SUP_0094,
DP_005094,PRO_005094,SUP_0313,
DP_005670,PRO_005670,SUP_0337,
DP_005193,PRO_005193,SUP_0317,
DP_003685,PRO_003685,SUP_0237,
DP_005384,PRO_005384,SUP_0322,
DP_001533,PRO_001533,SUP_0114,
DP_002290,PRO_002290,SUP_0141,
DP_004311,PRO_004311,SUP_0287,
DP_001951,PRO_001951,SUP_0141,
DP_004610,PRO_004610,SUP_0298,
DP_001027,PRO_001027,SUP_0076,
DP_006463,PRO_006463,SUP_0370,
DP_003146,PRO_003146,SUP_0168,
DP_003046,PRO_003046,SUP_0168,
DP_001109,PRO_001109,SUP_0078,
DP_002627,PRO_002627,SUP_0141,
DP_006213,PRO_006213,SUP_0370,
DP_005943,PRO_005943,SUP_0358,
DP_004188,PRO_004188,SUP_0279,
DP_000916,PRO_000916,SUP_0076,
DP_002961,PRO_002961,SUP_0166,
DP_000422,PRO_000422,SUP_0036,
DP_005194,PRO_005194,SUP_0317,
DP_005084,PRO_005084,SUP_0313,
DP_001292,PRO_001292,SUP_0094,
DP_003729,PRO_003729,SUP_0237,
DP_005594,PRO_005594,SUP_0337,
DP_001726,PRO_001726,SUP_0126,
DP_001539,PRO_001539,SUP_0114,
DP_001906,PRO_001906,SUP_0141,
DP_004392,PRO_004392,SUP_0287,
DP_004556,PRO_004556,SUP_0298,
DP_001946,PRO_001946,SUP_0141,
DP_001030,PRO_001030,SUP_0076,
DP_006443,PRO_006443,SUP_0370,
DP_003149,PRO_003149,SUP_0168,
DP_001089,PRO_001089,SUP_0078,
DP_001667,PRO_001667,SUP_0119,
DP_006215,PRO_006215,SUP_0370,
DP_002483,PRO_002483,SUP_0141,
DP_004189,PRO_004189,SUP_0279,
DP_006024,PRO_006024,SUP_0358,
DP_000917,PRO_000917,SUP_0076,
DP_000687,PRO_000687,SUP_0040,
DP_002962,PRO_002962,SUP_0166,
DP_003336,PRO_003336,SUP_0181,
DP_005198,PRO_005198,SUP_0317,
DP_000419,PRO_000419,SUP_0036,
DP_003651,PRO_003651,SUP_0237,
DP_005570,PRO_005570,SUP_0337,
DP_005367,PRO_005367,SUP_0322,
DP_004684,PRO_004684,SUP_0298,
DP_002078,PRO_002078,SUP_0141,
DP_004288,PRO_004288,SUP_0287,
DP_004575,PRO_004575,SUP_0298,
DP_001947,PRO_001947,SUP_0141,
DP_001024,PRO_001024,SUP_0076,
DP_006422,PRO_006422,SUP_0370,
DP_003148,PRO_003148,SUP_0168,
DP_001117,PRO_001117,SUP_0078,
DP_003133,PRO_003133,SUP_0168,
DP_006138,PRO_006138,SUP_0370,
DP_002605,PRO_002605,SUP_0141,
DP_005782,PRO_005782,SUP_0358,
DP_004190,PRO_004190,SUP_0279,
DP_000912,PRO_000912,SUP_0076,
DP_005090,PRO_005090,SUP_0313,
DP_002957,PRO_002957,SUP_0166,
DP_005189,PRO_005189,SUP_0317,
DP_000415,PRO_000415,SUP_0036,
DP_003606,PRO_003606,SUP_0237,
DP_005646,PRO_005646,SUP_0337,
DP_003338,PRO_003338,SUP_0181,
DP_005368,PRO_005368,SUP_0322,
DP_001535,PRO_001535,SUP_0114,
DP_002704,PRO_002704,SUP_0141,
DP_004287,PRO_004287,SUP_0287,
DP_004530,PRO_004530,SUP_0298,
DP_001965,PRO_001965,SUP_0141,
DP_006104,PRO_006104,SUP_0370,
DP_001018,PRO_001018,SUP_0076,
DP_003141,PRO_003141,SUP_0168,
DP_001140,PRO_001140,SUP_0078,
DP_003134,PRO_003134,SUP_0168,
DP_006145,PRO_006145,SUP_0370,
DP_002407,PRO_002407,SUP_0141,
DP_000053,PRO_000053,SUP_0019,
DP_000931,PRO_000931,SUP_0076,
DP_005821,PRO_005821,SUP_0358,
DP_005095,PRO_005095,SUP_0313,
DP_002958,PRO_002958,SUP_0166,
DP_004445,PRO_004445,SUP_0288,
DP_000416,PRO_000416,SUP_0036,
DP_003777,PRO_003777,SUP_0237,
DP_005647,PRO_005647,SUP_0337,
DP_003337,PRO_003337,SUP_0181,
DP_005395,PRO_005395,SUP_0322,
DP_001486,PRO_001486,SUP_0114,
DP_002068,PRO_002068,SUP_0141,
DP_004675,PRO_004675,SUP_0298,
DP_004402,PRO_004402,SUP_0287,
DP_004649,PRO_004649,SUP_0298,
DP_001966,PRO_001966,SUP_0141,
DP_001021,PRO_001021,SUP_0076,
DP_006454,PRO_006454,SUP_0370,
DP_003144,PRO_003144,SUP_0168,
DP_001115,PRO_001115,SUP_0078,
DP_003124,PRO_003124,SUP_0168,
DP_006107,PRO_006107,SUP_0370,
DP_002413,PRO_002413,SUP_0141,
DP_000047,PRO_000047,SUP_0019,
DP_000887,PRO_000887,SUP_0076,
DP_005945,PRO_005945,SUP_0358,
DP_000417,PRO_000417,SUP_0036,
DP_005079,PRO_005079,SUP_0313,
DP_005616,PRO_005616,SUP_0337,
DP_002941,PRO_002941,SUP_0166,
DP_000709,PRO_000709,SUP_0044,
DP_003809,PRO_003809,SUP_0242,
DP_003566,PRO_003566,SUP_0237,
DP_005366,PRO_005366,SUP_0322,
DP_001485,PRO_001485,SUP_0114,
DP_002102,PRO_002102,SUP_0141,
DP_002965,PRO_002965,SUP_0166,
DP_004401,PRO_004401,SUP_0287,
DP_002363,PRO_002363,SUP_0141,
DP_004581,PRO_004581,SUP_0298,
DP_001033,PRO_001033,SUP_0076,
DP_006434,PRO_006434,SUP_0370,
DP_003108,PRO_003108,SUP_0168,
DP_001126,PRO_001126,SUP_0078,
DP_003125,PRO_003125,SUP_0168,
DP_006241,PRO_006241,SUP_0370,
DP_000051,PRO_000051,SUP_0019,
DP_002131,PRO_002131,SUP_0141,
DP_000930,PRO_000930,SUP_0076,
DP_006026,PRO_006026,SUP_0358,
DP_005076,PRO_005076,SUP_0313,
DP_005143,PRO_005143,SUP_0314,
DP_000329,PRO_000329,SUP_0036,
DP_003567,PRO_003567,SUP_0237,
DP_000710,PRO_000710,SUP_0044,
DP_003808,PRO_003808,SUP_0242,
DP_005615,PRO_005615,SUP_0337,
DP_005436,PRO_005436,SUP_0322,
DP_001514,PRO_001514,SUP_0114,
DP_002322,PRO_002322,SUP_0141,
DP_002985,PRO_002985,SUP_0166,
DP_004281,PRO_004281,SUP_0287,
DP_002001,PRO_002001,SUP_0141,
DP_003901,PRO_003901,SUP_0254,
DP_003109,PRO_003109,SUP_0168,
DP_001060,PRO_001060,SUP_0078,
DP_006371,PRO_006371,SUP_0370,
DP_000961,PRO_000961,SUP_0076,
DP_006647,PRO_006647,SUP_0370,
DP_003123,PRO_003123,SUP_0168,
DP_002270,PRO_002270,SUP_0141,
DP_000896,PRO_000896,SUP_0076,
DP_000050,PRO_000050,SUP_0019,
DP_005784,PRO_005784,SUP_0358,
DP_005081,PRO_005081,SUP_0313,
DP_005129,PRO_005129,SUP_0314,
DP_000330,PRO_000330,SUP_0036,
DP_003728,PRO_003728,SUP_0237,
DP_003814,PRO_003814,SUP_0242,
DP_005599,PRO_005599,SUP_0337,
DP_005321,PRO_005321,SUP_0322,
DP_000711,PRO_000711,SUP_0044,
DP_001531,PRO_001531,SUP_0114,
DP_002323,PRO_002323,SUP_0141,
DP_001861,PRO_001861,SUP_0140,
DP_004280,PRO_004280,SUP_0287,
DP_001969,PRO_001969,SUP_0141,
DP_004572,PRO_004572,SUP_0298,
DP_000964,PRO_000964,SUP_0076,
DP_006115,PRO_006115,SUP_0370,
DP_000941,PRO_000941,SUP_0076,
DP_003122,PRO_003122,SUP_0168,
DP_003155,PRO_003155,SUP_0168,
DP_002537,PRO_002537,SUP_0141,
DP_000052,PRO_000052,SUP_0019,
DP_006370,PRO_006370,SUP_0370,
DP_001152,PRO_001152,SUP_0078,
DP_005091,PRO_005091,SUP_0313,
DP_003585,PRO_003585,SUP_0237,
DP_000751,PRO_000751,SUP_0058,
DP_005822,PRO_005822,SUP_0358,
DP_003811,PRO_003811,SUP_0242,
DP_000331,PRO_000331,SUP_0036,
DP_005590,PRO_005590,SUP_0337,
DP_005344,PRO_005344,SUP_0322,
DP_001528,PRO_001528,SUP_0114,
DP_000708,PRO_000708,SUP_0044,
DP_002324,PRO_002324,SUP_0141,
DP_001704,PRO_001704,SUP_0122,
DP_004270,PRO_004270,SUP_0287,
DP_001949,PRO_001949,SUP_0141,
DP_000958,PRO_000958,SUP_0076,
DP_006210,PRO_006210,SUP_0370,
DP_004554,PRO_004554,SUP_0298,
DP_000938,PRO_000938,SUP_0076,
DP_002499,PRO_002499,SUP_0141,
DP_003156,PRO_003156,SUP_0168,
DP_006399,PRO_006399,SUP_0370,
DP_003121,PRO_003121,SUP_0168,
DP_005088,PRO_005088,SUP_0313,
DP_001705,PRO_001705,SUP_0122,
DP_000048,PRO_000048,SUP_0019,
DP_000332,PRO_000332,SUP_0036,
DP_003807,PRO_003807,SUP_0242,
DP_001175,PRO_001175,SUP_0078,
DP_000707,PRO_000707,SUP_0044,
DP_001529,PRO_001529,SUP_0114,
DP_005946,PRO_005946,SUP_0358,
DP_000752,PRO_000752,SUP_0058,
DP_005438,PRO_005438,SUP_0322,
DP_002548,PRO_002548,SUP_0141,
DP_003584,PRO_003584,SUP_0237,
DP_005665,PRO_005665,SUP_0337,
DP_004269,PRO_004269,SUP_0287,
DP_001953,PRO_001953,SUP_0141,
DP_000952,PRO_000952,SUP_0076,
DP_006641,PRO_006641,SUP_0370,
DP_004579,PRO_004579,SUP_0298,
DP_000939,PRO_000939,SUP_0076,
DP_002504,PRO_002504,SUP_0141,
DP_003157,PRO_003157,SUP_0168,
DP_006398,PRO_006398,SUP_0370,
DP_001706,PRO_001706,SUP_0122,
DP_000049,PRO_000049,SUP_0019,
DP_005082,PRO_005082,SUP_0313,
DP_000318,PRO_000318,SUP_0036,
DP_003810,PRO_003810,SUP_0242,
DP_001749,PRO_001749,SUP_0127,
DP_000756,PRO_000756,SUP_0060,
DP_005282,PRO_005282,SUP_0322,
DP_005119,PRO_005119,SUP_0314,
DP_000753,PRO_000753,SUP_0058,
DP_001532,PRO_001532,SUP_0114,
DP_005548,PRO_005548,SUP_0337,
DP_004283,PRO_004283,SUP_0287,
DP_001955,PRO_001955,SUP_0141,
DP_002549,PRO_002549,SUP_0141,
DP_001138,PRO_001138,SUP_0078,
DP_000955,PRO_000955,SUP_0076,
DP_006642,PRO_006642,SUP_0370,
DP_004562,PRO_004562,SUP_0298,
DP_000936,PRO_000936,SUP_0076,
DP_002490,PRO_002490,SUP_0141,
DP_003153,PRO_003153,SUP_0168,
DP_006516,PRO_006516,SUP_0370,
DP_001708,PRO_001708,SUP_0122,
DP_000063,PRO_000063,SUP_0026,
DP_005096,PRO_005096,SUP_0313,
DP_000600,PRO_000600,SUP_0036,
DP_006027,PRO_006027,SUP_0358,
DP_003806,PRO_003806,SUP_0242,
DP_001295,PRO_001295,SUP_0096,
DP_005305,PRO_005305,SUP_0322,
DP_003619,PRO_003619,SUP_0237,
DP_000754,PRO_000754,SUP_0058,
DP_001508,PRO_001508,SUP_0114,
DP_005669,PRO_005669,SUP_0337,
DP_002475,PRO_002475,SUP_0141,
DP_004284,PRO_004284,SUP_0287,
DP_001993,PRO_001993,SUP_0141,
DP_001074,PRO_001074,SUP_0078,
DP_000967,PRO_000967,SUP_0076,
DP_006224,PRO_006224,SUP_0370,
DP_004584,PRO_004584,SUP_0298,
DP_000927,PRO_000927,SUP_0076,
DP_002148,PRO_002148,SUP_0141,
DP_003154,PRO_003154,SUP_0168,
DP_006515,PRO_006515,SUP_0370,
DP_001707,PRO_001707,SUP_0122,
DP_000072,PRO_000072,SUP_0026,
DP_005093,PRO_005093,SUP_0313,
DP_003804,PRO_003804,SUP_0242,
DP_000564,PRO_000564,SUP_0036,
DP_005785,PRO_005785,SUP_0358,
DP_003470,PRO_003470,SUP_0215,
DP_001737,PRO_001737,SUP_0126,
DP_003742,PRO_003742,SUP_0237,
DP_004927,PRO_004927,SUP_0307,
DP_002293,PRO_002293,SUP_0141,
DP_005577,PRO_005577,SUP_0337,
DP_001537,PRO_001537,SUP_0114,
DP_001959,PRO_001959,SUP_0141,
DP_004289,PRO_004289,SUP_0287,
DP_001166,PRO_001166,SUP_0078,
DP_000994,PRO_000994,SUP_0076,
DP_006643,PRO_006643,SUP_0370,
DP_004568,PRO_004568,SUP_0298,
DP_000932,PRO_000932,SUP_0076,
DP_002147,PRO_002147,SUP_0141,
DP_003020,PRO_003020,SUP_0168,
DP_001703,PRO_001703,SUP_0122,
DP_006334,PRO_006334,SUP_0370,
DP_000071,PRO_000071,SUP_0026,
DP_001673,PRO_001673,SUP_0119,
DP_000690,PRO_000690,SUP_0040,
DP_005823,PRO_005823,SUP_0358,
DP_003813,PRO_003813,SUP_0242,
DP_000561,PRO_000561,SUP_0036,
DP_005349,PRO_005349,SUP_0322,
DP_003587,PRO_003587,SUP_0237,
DP_002353,PRO_002353,SUP_0141,
DP_005648,PRO_005648,SUP_0337,
DP_004191,PRO_004191,SUP_0280,
DP_001985,PRO_001985,SUP_0141,
DP_004542,PRO_004542,SUP_0298,
DP_004923,PRO_004923,SUP_0307,
DP_004290,PRO_004290,SUP_0287,
DP_001170,PRO_001170,SUP_0078,
DP_000997,PRO_000997,SUP_0076,
DP_006114,PRO_006114,SUP_0370,
DP_004614,PRO_004614,SUP_0298,
DP_000933,PRO_000933,SUP_0076,
DP_002230,PRO_002230,SUP_0141,
DP_003019,PRO_003019,SUP_0168,
DP_001700,PRO_001700,SUP_0122,
DP_006333,PRO_006333,SUP_0370,
DP_000064,PRO_000064,SUP_0026,
DP_005069,PRO_005069,SUP_0313,
DP_005947,PRO_005947,SUP_0358,
DP_003794,PRO_003794,SUP_0242,
DP_000563,PRO_000563,SUP_0036,
DP_005232,PRO_005232,SUP_0322,
DP_003586,PRO_003586,SUP_0237,
DP_002236,PRO_002236,SUP_0141,
DP_005625,PRO_005625,SUP_0337,
DP_002013,PRO_002013,SUP_0141,
DP_004895,PRO_004895,SUP_0307,
DP_004276,PRO_004276,SUP_0287,
DP_001538,PRO_001538,SUP_0114,
DP_001167,PRO_001167,SUP_0078,
DP_004892,PRO_004892,SUP_0306,
DP_000991,PRO_000991,SUP_0076,
DP_006108,PRO_006108,SUP_0370,
DP_004612,PRO_004612,SUP_0298,
DP_004993,PRO_004993,SUP_0310,
DP_002525,PRO_002525,SUP_0141,
DP_003023,PRO_003023,SUP_0168,
DP_001702,PRO_001702,SUP_0122,
DP_000065,PRO_000065,SUP_0026,
DP_006362,PRO_006362,SUP_0370,
DP_005078,PRO_005078,SUP_0313,
DP_003803,PRO_003803,SUP_0242,
DP_006028,PRO_006028,SUP_0358,
DP_000562,PRO_000562,SUP_0036,
DP_005271,PRO_005271,SUP_0322,
DP_003616,PRO_003616,SUP_0237,
DP_002359,PRO_002359,SUP_0141,
DP_005571,PRO_005571,SUP_0337,
DP_004319,PRO_004319,SUP_0287,
DP_004924,PRO_004924,SUP_0307,
DP_002164,PRO_002164,SUP_0141,
DP_001168,PRO_001168,SUP_0078,
DP_001601,PRO_001601,SUP_0114,
DP_004252,PRO_004252,SUP_0286,
DP_000985,PRO_000985,SUP_0076,
DP_006110,PRO_006110,SUP_0370,
DP_004570,PRO_004570,SUP_0298,
DP_004990,PRO_004990,SUP_0310,
DP_002531,PRO_002531,SUP_0141,
DP_003022,PRO_003022,SUP_0168,
DP_001699,PRO_001699,SUP_0122,
DP_000036,PRO_000036,SUP_0012,
DP_006361,PRO_006361,SUP_0370,
DP_005085,PRO_005085,SUP_0313,
DP_003812,PRO_003812,SUP_0242,
DP_005786,PRO_005786,SUP_0358,
DP_000559,PRO_000559,SUP_0036,
DP_005253,PRO_005253,SUP_0322,
DP_003612,PRO_003612,SUP_0237,
DP_002174,PRO_002174,SUP_0141,
DP_005651,PRO_005651,SUP_0337,
DP_001278,PRO_001278,SUP_0093,
DP_002166,PRO_002166,SUP_0141,
DP_004896,PRO_004896,SUP_0307,
DP_001609,PRO_001609,SUP_0114,
DP_001064,PRO_001064,SUP_0078,
DP_001312,PRO_001312,SUP_0099,
DP_000988,PRO_000988,SUP_0076,
DP_006111,PRO_006111,SUP_0370,
DP_004662,PRO_004662,SUP_0298,
DP_004991,PRO_004991,SUP_0310,
DP_002106,PRO_002106,SUP_0141,
DP_003018,PRO_003018,SUP_0168,
DP_002966,PRO_002966,SUP_0166,
DP_001191,PRO_001191,SUP_0084,
DP_006409,PRO_006409,SUP_0370,
DP_005070,PRO_005070,SUP_0313,
DP_003805,PRO_003805,SUP_0242,
DP_005824,PRO_005824,SUP_0358,
DP_000560,PRO_000560,SUP_0036,
DP_005337,PRO_005337,SUP_0322,
DP_003609,PRO_003609,SUP_0237,
DP_002175,PRO_002175,SUP_0141,
DP_004318,PRO_004318,SUP_0287,
DP_005631,PRO_005631,SUP_0337,
DP_002167,PRO_002167,SUP_0141,
DP_004921,PRO_004921,SUP_0307,
DP_001304,PRO_001304,SUP_0099,
DP_001607,PRO_001607,SUP_0114,
DP_001157,PRO_001157,SUP_0078,
DP_001000,PRO_001000,SUP_0076,
DP_006109,PRO_006109,SUP_0370,
DP_003899,PRO_003899,SUP_0254,
DP_004992,PRO_004992,SUP_0310,
DP_002411,PRO_002411,SUP_0141,
DP_003021,PRO_003021,SUP_0168,
DP_003003,PRO_003003,SUP_0166,
DP_001192,PRO_001192,SUP_0084,
DP_006408,PRO_006408,SUP_0370,
DP_005071,PRO_005071,SUP_0313,
DP_003793,PRO_003793,SUP_0242,
DP_005948,PRO_005948,SUP_0358,
DP_000483,PRO_000483,SUP_0036,
DP_005444,PRO_005444,SUP_0322,
DP_003644,PRO_003644,SUP_0237,
DP_002426,PRO_002426,SUP_0141,
DP_004278,PRO_004278,SUP_0287,
DP_005664,PRO_005664,SUP_0337,
DP_001924,PRO_001924,SUP_0141,
DP_004935,PRO_004935,SUP_0307,
DP_001606,PRO_001606,SUP_0114,
DP_006686,PRO_006686,SUP_0382,
DP_001180,PRO_001180,SUP_0078,
DP_001036,PRO_001036,SUP_0076,
DP_006112,PRO_006112,SUP_0370,
DP_004994,PRO_004994,SUP_0310,
DP_002515,PRO_002515,SUP_0141,
DP_003111,PRO_003111,SUP_0168,
DP_003008,PRO_003008,SUP_0166,
DP_001190,PRO_001190,SUP_0084,
DP_006230,PRO_006230,SUP_0370,
DP_005072,PRO_005072,SUP_0313,
DP_003801,PRO_003801,SUP_0242,
DP_006029,PRO_006029,SUP_0358,
DP_000484,PRO_000484,SUP_0036,
DP_005294,PRO_005294,SUP_0322,
DP_003605,PRO_003605,SUP_0237,
DP_002427,PRO_002427,SUP_0141,
DP_004286,PRO_004286,SUP_0287,
DP_005640,PRO_005640,SUP_0337,
DP_002092,PRO_002092,SUP_0141,
DP_003928,PRO_003928,SUP_0262,
DP_004936,PRO_004936,SUP_0307,
DP_001181,PRO_001181,SUP_0078,
DP_001305,PRO_001305,SUP_0099,
DP_001042,PRO_001042,SUP_0076,
DP_006106,PRO_006106,SUP_0370,
DP_004635,PRO_004635,SUP_0298,
DP_006653,PRO_006653,SUP_0371,
DP_002540,PRO_002540,SUP_0141,
DP_003052,PRO_003052,SUP_0168,
DP_001188,PRO_001188,SUP_0083,
DP_001189,PRO_001189,SUP_0084,
DP_006231,PRO_006231,SUP_0370,
DP_005073,PRO_005073,SUP_0313,
DP_003802,PRO_003802,SUP_0242,
DP_005787,PRO_005787,SUP_0358,
DP_000362,PRO_000362,SUP_0036,
DP_005275,PRO_005275,SUP_0322,
DP_003730,PRO_003730,SUP_0237,
DP_002266,PRO_002266,SUP_0141,
DP_004285,PRO_004285,SUP_0287,
DP_005545,PRO_005545,SUP_0337,
DP_001995,PRO_001995,SUP_0141,
DP_004919,PRO_004919,SUP_0307,
DP_001178,PRO_001178,SUP_0078,
DP_003926,PRO_003926,SUP_0262,
DP_003543,PRO_003543,SUP_0233,
DP_001039,PRO_001039,SUP_0076,
DP_006242,PRO_006242,SUP_0370,
DP_004674,PRO_004674,SUP_0298,
DP_000344,PRO_000344,SUP_0036,
DP_002511,PRO_002511,SUP_0141,
DP_003053,PRO_003053,SUP_0168,
DP_004585,PRO_004585,SUP_0298,
DP_001196,PRO_001196,SUP_0084,
DP_006232,PRO_006232,SUP_0370,
DP_005068,PRO_005068,SUP_0313,
DP_003795,PRO_003795,SUP_0242,
DP_001775,PRO_001775,SUP_0127,
DP_000361,PRO_000361,SUP_0036,
DP_005295,PRO_005295,SUP_0322,
DP_002269,PRO_002269,SUP_0141,
DP_004273,PRO_004273,SUP_0287,
DP_005666,PRO_005666,SUP_0337,
DP_002066,PRO_002066,SUP_0141,
DP_005123,PRO_005123,SUP_0314,
DP_004934,PRO_004934,SUP_0307,
DP_001177,PRO_001177,SUP_0078,
DP_000758,PRO_000758,SUP_0061,
DP_003927,PRO_003927,SUP_0262,
DP_001045,PRO_001045,SUP_0076,
DP_006244,PRO_006244,SUP_0370,
DP_004603,PRO_004603,SUP_0298,
DP_000460,PRO_000460,SUP_0036,
DP_001904,PRO_001904,SUP_0141,
DP_003054,PRO_003054,SUP_0168,
DP_004663,PRO_004663,SUP_0298,
DP_001195,PRO_001195,SUP_0084,
DP_006233,PRO_006233,SUP_0370,
DP_005087,PRO_005087,SUP_0313,
DP_003796,PRO_003796,SUP_0242,
DP_005829,PRO_005829,SUP_0358,
DP_000363,PRO_000363,SUP_0036,
DP_005325,PRO_005325,SUP_0322,
DP_002265,PRO_002265,SUP_0141,
DP_004272,PRO_004272,SUP_0287,
DP_005654,PRO_005654,SUP_0337,
DP_001977,PRO_001977,SUP_0141,
DP_003600,PRO_003600,SUP_0237,
DP_004909,PRO_004909,SUP_0307,
DP_001306,PRO_001306,SUP_0099,
DP_001153,PRO_001153,SUP_0078,
DP_004541,PRO_004541,SUP_0298,
DP_001048,PRO_001048,SUP_0076,
DP_006245,PRO_006245,SUP_0370,
DP_004637,PRO_004637,SUP_0298,
DP_000476,PRO_000476,SUP_0036,
DP_002295,PRO_002295,SUP_0141,
DP_003055,PRO_003055,SUP_0168,
DP_004543,PRO_004543,SUP_0298,
DP_001194,PRO_001194,SUP_0084,
DP_006234,PRO_006234,SUP_0370,
DP_005092,PRO_005092,SUP_0313,
DP_003797,PRO_003797,SUP_0242,
DP_000366,PRO_000366,SUP_0036,
DP_005954,PRO_005954,SUP_0358,
DP_001734,PRO_001734,SUP_0126,
DP_002268,PRO_002268,SUP_0141,
DP_004858,PRO_004858,SUP_0299,
DP_005549,PRO_005549,SUP_0337,
DP_001989,PRO_001989,SUP_0141,
DP_003614,PRO_003614,SUP_0237,
DP_004920,PRO_004920,SUP_0307,
DP_001308,PRO_001308,SUP_0099,
DP_001169,PRO_001169,SUP_0078,
DP_000109,PRO_000109,SUP_0035,
DP_000970,PRO_000970,SUP_0076,
DP_006243,PRO_006243,SUP_0370,
DP_004605,PRO_004605,SUP_0298,
DP_000625,PRO_000625,SUP_0036,
DP_002276,PRO_002276,SUP_0141,
DP_003056,PRO_003056,SUP_0168,
DP_004604,PRO_004604,SUP_0298,
DP_001193,PRO_001193,SUP_0084,
DP_006235,PRO_006235,SUP_0370,
DP_001666,PRO_001666,SUP_0119,
DP_000670,PRO_000670,SUP_0040,
DP_003798,PRO_003798,SUP_0242,
DP_000364,PRO_000364,SUP_0036,
DP_006034,PRO_006034,SUP_0358,
DP_005331,PRO_005331,SUP_0322,
DP_002179,PRO_002179,SUP_0141,
DP_004857,PRO_004857,SUP_0299,
DP_005551,PRO_005551,SUP_0337,
DP_001943,PRO_001943,SUP_0141,
DP_003613,PRO_003613,SUP_0237,
DP_000757,PRO_000757,SUP_0061,
DP_004907,PRO_004907,SUP_0307,
DP_001154,PRO_001154,SUP_0078,
DP_000108,PRO_000108,SUP_0035,
DP_000976,PRO_000976,SUP_0076,
DP_006246,PRO_006246,SUP_0370,
DP_004607,PRO_004607,SUP_0298,
DP_002326,PRO_002326,SUP_0141,
DP_000454,PRO_000454,SUP_0036,
DP_004636,PRO_004636,SUP_0298,
DP_003057,PRO_003057,SUP_0168,
DP_005201,PRO_005201,SUP_0319,
DP_006236,PRO_006236,SUP_0370,
DP_005080,PRO_005080,SUP_0313,
DP_003799,PRO_003799,SUP_0242,
DP_000490,PRO_000490,SUP_0036,
DP_005863,PRO_005863,SUP_0358,
DP_005319,PRO_005319,SUP_0322,
DP_002180,PRO_002180,SUP_0141,
DP_004832,PRO_004832,SUP_0299,
DP_005626,PRO_005626,SUP_0337,
DP_002155,PRO_002155,SUP_0141,
DP_003598,PRO_003598,SUP_0237,
DP_001303,PRO_001303,SUP_0099,
DP_004925,PRO_004925,SUP_0307,
DP_001067,PRO_001067,SUP_0078,
DP_000098,PRO_000098,SUP_0035,
DP_000973,PRO_000973,SUP_0076,
DP_006239,PRO_006239,SUP_0370,
DP_004678,PRO_004678,SUP_0298,
DP_001986,PRO_001986,SUP_0141,
DP_000439,PRO_000439,SUP_0036,
DP_004673,PRO_004673,SUP_0298,
DP_003158,PRO_003158,SUP_0168,
DP_000081,PRO_000081,SUP_0030,
DP_006237,PRO_006237,SUP_0370,
DP_005066,PRO_005066,SUP_0313,
DP_003800,PRO_003800,SUP_0242,
DP_000489,PRO_000489,SUP_0036,
DP_005830,PRO_005830,SUP_0358,
DP_005258,PRO_005258,SUP_0322,
DP_002178,PRO_002178,SUP_0141,
DP_004835,PRO_004835,SUP_0299,
DP_002344,PRO_002344,SUP_0141,
DP_005558,PRO_005558,SUP_0337,
DP_001302,PRO_001302,SUP_0099,
DP_003563,PRO_003563,SUP_0237,
DP_004922,PRO_004922,SUP_0307,
DP_001149,PRO_001149,SUP_0078,
DP_000152,PRO_000152,SUP_0035,
DP_000979,PRO_000979,SUP_0076,
DP_006143,PRO_006143,SUP_0370,
DP_004657,PRO_004657,SUP_0298,
DP_001945,PRO_001945,SUP_0141,
DP_000345,PRO_000345,SUP_0036,
DP_004602,PRO_004602,SUP_0298,
DP_003159,PRO_003159,SUP_0168,
DP_000080,PRO_000080,SUP_0030,
DP_006238,PRO_006238,SUP_0370,
DP_005064,PRO_005064,SUP_0313,
DP_003816,PRO_003816,SUP_0242,
DP_000491,PRO_000491,SUP_0036,
DP_005955,PRO_005955,SUP_0358,
DP_005228,PRO_005228,SUP_0322,
DP_002325,PRO_002325,SUP_0141,
DP_001279,PRO_001279,SUP_0093,
DP_001932,PRO_001932,SUP_0141,
DP_001299,PRO_001299,SUP_0099,
DP_005485,PRO_005485,SUP_0337,
DP_003562,PRO_003562,SUP_0237,
DP_004904,PRO_004904,SUP_0307,
DP_001173,PRO_001173,SUP_0078,
DP_000169,PRO_000169,SUP_0035,
DP_000982,PRO_000982,SUP_0076,
DP_006142,PRO_006142,SUP_0370,
DP_004651,PRO_004651,SUP_0298,
DP_001964,PRO_001964,SUP_0141,
DP_000457,PRO_000457,SUP_0036,
DP_004647,PRO_004647,SUP_0298,
DP_003160,PRO_003160,SUP_0168,
DP_000082,PRO_000082,SUP_0030,
DP_006227,PRO_006227,SUP_0370,
DP_005075,PRO_005075,SUP_0313,
DP_003815,PRO_003815,SUP_0242,
DP_000488,PRO_000488,SUP_0036,
DP_006035,PRO_006035,SUP_0358,
DP_005226,PRO_005226,SUP_0322,
DP_002132,PRO_002132,SUP_0141,
DP_004834,PRO_004834,SUP_0299,
DP_001905,PRO_001905,SUP_0141,
DP_001300,PRO_001300,SUP_0099,
DP_005487,PRO_005487,SUP_0337,
DP_003596,PRO_003596,SUP_0237,
DP_004902,PRO_004902,SUP_0307,
DP_001155,PRO_001155,SUP_0078,
DP_000092,PRO_000092,SUP_0035,
DP_001003,PRO_001003,SUP_0076,
DP_006130,PRO_006130,SUP_0370,
DP_003906,PRO_003906,SUP_0254,
DP_001974,PRO_001974,SUP_0141,
DP_004591,PRO_004591,SUP_0298,
DP_000553,PRO_000553,SUP_0036,
DP_003161,PRO_003161,SUP_0168,
DP_001315,PRO_001315,SUP_0100,
DP_006228,PRO_006228,SUP_0370,
DP_005065,PRO_005065,SUP_0313,
DP_003787,PRO_003787,SUP_0242,
DP_000492,PRO_000492,SUP_0036,
DP_005864,PRO_005864,SUP_0358,
DP_005257,PRO_005257,SUP_0322,
DP_002473,PRO_002473,SUP_0141,
DP_004833,PRO_004833,SUP_0299,
DP_002114,PRO_002114,SUP_0141,
DP_001301,PRO_001301,SUP_0099,
DP_005480,PRO_005480,SUP_0337,
DP_003595,PRO_003595,SUP_0237,
DP_004903,PRO_004903,SUP_0307,
DP_001091,PRO_001091,SUP_0078,
DP_000145,PRO_000145,SUP_0035,
DP_001009,PRO_001009,SUP_0076,
DP_006131,PRO_006131,SUP_0370,
DP_004552,PRO_004552,SUP_0298,
DP_002644,PRO_002644,SUP_0141,
DP_004557,PRO_004557,SUP_0298,
DP_000554,PRO_000554,SUP_0036,
DP_001314,PRO_001314,SUP_0100,
DP_003162,PRO_003162,SUP_0168,
DP_006229,PRO_006229,SUP_0370,
DP_005067,PRO_005067,SUP_0313,
DP_003788,PRO_003788,SUP_0242,
DP_000396,PRO_000396,SUP_0036,
DP_005887,PRO_005887,SUP_0358,
DP_005243,PRO_005243,SUP_0322,
DP_002474,PRO_002474,SUP_0141,
DP_004727,PRO_004727,SUP_0299,
DP_002201,PRO_002201,SUP_0141,
DP_006660,PRO_006660,SUP_0372,
DP_005630,PRO_005630,SUP_0337,
DP_003599,PRO_003599,SUP_0237,
DP_004926,PRO_004926,SUP_0307,
DP_001073,PRO_001073,SUP_0078,
DP_000143,PRO_000143,SUP_0035,
DP_001006,PRO_001006,SUP_0076,
DP_006132,PRO_006132,SUP_0370,
DP_004676,PRO_004676,SUP_0298,
DP_002203,PRO_002203,SUP_0141,
DP_004533,PRO_004533,SUP_0298,
DP_000076,PRO_000076,SUP_0028,
DP_006648,PRO_006648,SUP_0371,
DP_003172,PRO_003172,SUP_0168,
DP_006212,PRO_006212,SUP_0370,
DP_005010,PRO_005010,SUP_0313,
DP_003817,PRO_003817,SUP_0242,
DP_000397,PRO_000397,SUP_0036,
DP_005967,PRO_005967,SUP_0358,
DP_005247,PRO_005247,SUP_0322,
DP_002545,PRO_002545,SUP_0141,
DP_004770,PRO_004770,SUP_0299,
DP_002343,PRO_002343,SUP_0141,
DP_004183,PRO_004183,SUP_0277,
DP_005663,PRO_005663,SUP_0337,
DP_003687,PRO_003687,SUP_0237,
DP_001122,PRO_001122,SUP_0078,
DP_004900,PRO_004900,SUP_0307,
DP_000106,PRO_000106,SUP_0035,
DP_001012,PRO_001012,SUP_0076,
DP_006113,PRO_006113,SUP_0370,
DP_004639,PRO_004639,SUP_0298,
DP_002289,PRO_002289,SUP_0141,
DP_004688,PRO_004688,SUP_0298,
DP_000077,PRO_000077,SUP_0028,
DP_003027,PRO_003027,SUP_0168,
DP_000555,PRO_000555,SUP_0036,
DP_006214,PRO_006214,SUP_0370,
DP_003790,PRO_003790,SUP_0242,
DP_005018,PRO_005018,SUP_0313,
DP_000398,PRO_000398,SUP_0036,
DP_006047,PRO_006047,SUP_0358,
DP_005246,PRO_005246,SUP_0322,
DP_002472,PRO_002472,SUP_0141,
DP_004810,PRO_004810,SUP_0299,
DP_002659,PRO_002659,SUP_0141,
DP_000780,PRO_000780,SUP_0069,
DP_005530,PRO_005530,SUP_0337,
DP_005120,PRO_005120,SUP_0314,
DP_001070,PRO_001070,SUP_0078,
DP_004908,PRO_004908,SUP_0307,
DP_000159,PRO_000159,SUP_0035,
DP_001015,PRO_001015,SUP_0076,
DP_006640,PRO_006640,SUP_0370,
DP_004558,PRO_004558,SUP_0298,
DP_002315,PRO_002315,SUP_0141,
DP_004617,PRO_004617,SUP_0298,
DP_000075,PRO_000075,SUP_0028,
DP_003025,PRO_003025,SUP_0168,
DP_000323,PRO_000323,SUP_0036,
DP_006211,PRO_006211,SUP_0370,
DP_005007,PRO_005007,SUP_0313,
DP_003789,PRO_003789,SUP_0242,
DP_000629,PRO_000629,SUP_0036,
DP_005843,PRO_005843,SUP_0358,
DP_005428,PRO_005428,SUP_0322,
DP_002479,PRO_002479,SUP_0141,
DP_004744,PRO_004744,SUP_0299,
DP_002162,PRO_002162,SUP_0141,
DP_003361,PRO_003361,SUP_0190,
DP_003686,PRO_003686,SUP_0237,
DP_005656,PRO_005656,SUP_0337,
DP_001151,PRO_001151,SUP_0078,
DP_004679,PRO_004679,SUP_0298,
DP_004931,PRO_004931,SUP_0307,
DP_000945,PRO_000945,SUP_0076,
DP_006133,PRO_006133,SUP_0370,
DP_004711,PRO_004711,SUP_0298,
DP_002553,PRO_002553,SUP_0141,
DP_000058,PRO_000058,SUP_0022,
DP_003116,PRO_003116,SUP_0168,
DP_000324,PRO_000324,SUP_0036,
DP_006502,PRO_006502,SUP_0370,
DP_005017,PRO_005017,SUP_0313,
DP_003791,PRO_003791,SUP_0242,
DP_000543,PRO_000543,SUP_0036,
DP_005886,PRO_005886,SUP_0358,
DP_001735,PRO_001735,SUP_0126,
DP_002136,PRO_002136,SUP_0141,
DP_004760,PRO_004760,SUP_0299,
DP_004182,PRO_004182,SUP_0277,
DP_002264,PRO_002264,SUP_0141,
DP_004901,PRO_004901,SUP_0307,
DP_005624,PRO_005624,SUP_0337,
DP_001084,PRO_001084,SUP_0078,
DP_000158,PRO_000158,SUP_0035,
DP_003610,PRO_003610,SUP_0237,
DP_006119,PRO_006119,SUP_0370,
DP_000944,PRO_000944,SUP_0076,
DP_004670,PRO_004670,SUP_0298,
DP_002202,PRO_002202,SUP_0141,
DP_003932,PRO_003932,SUP_0263,
DP_000056,PRO_000056,SUP_0022,
DP_003113,PRO_003113,SUP_0168,
DP_000320,PRO_000320,SUP_0036,
DP_006506,PRO_006506,SUP_0370,
DP_001664,PRO_001664,SUP_0119,
DP_000683,PRO_000683,SUP_0040,
DP_003792,PRO_003792,SUP_0242,
DP_000544,PRO_000544,SUP_0036,
DP_005966,PRO_005966,SUP_0358,
DP_005425,PRO_005425,SUP_0322,
DP_002699,PRO_002699,SUP_0141,
DP_004774,PRO_004774,SUP_0299,
DP_004184,PRO_004184,SUP_0277,
DP_001925,PRO_001925,SUP_0141,
DP_004905,PRO_004905,SUP_0307,
DP_005617,PRO_005617,SUP_0337,
DP_001095,PRO_001095,SUP_0078,
DP_000131,PRO_000131,SUP_0035,
DP_003774,PRO_003774,SUP_0237,
DP_006118,PRO_006118,SUP_0370,
DP_000946,PRO_000946,SUP_0076,
DP_004620,PRO_004620,SUP_0298,
DP_002554,PRO_002554,SUP_0141,
DP_003929,PRO_003929,SUP_0263,
DP_000057,PRO_000057,SUP_0022,
DP_003115,PRO_003115,SUP_0168,
DP_000319,PRO_000319,SUP_0036,
DP_006504,PRO_006504,SUP_0370,
DP_005005,PRO_005005,SUP_0313,
DP_000430,PRO_000430,SUP_0036,
DP_006046,PRO_006046,SUP_0358,
DP_005244,PRO_005244,SUP_0322,
DP_002701,PRO_002701,SUP_0141,
DP_004754,PRO_004754,SUP_0299,
DP_003414,PRO_003414,SUP_0195,
DP_002161,PRO_002161,SUP_0141,
DP_004915,PRO_004915,SUP_0307,
DP_005602,PRO_005602,SUP_0337,
DP_001077,PRO_001077,SUP_0078,
DP_000095,PRO_000095,SUP_0035,
DP_003582,PRO_003582,SUP_0237,
DP_006117,PRO_006117,SUP_0370,
DP_000947,PRO_000947,SUP_0076,
DP_004713,PRO_004713,SUP_0298,
DP_002551,PRO_002551,SUP_0141,
DP_001277,PRO_001277,SUP_0092,
DP_003930,PRO_003930,SUP_0263,
DP_003114,PRO_003114,SUP_0168,
DP_000321,PRO_000321,SUP_0036,
DP_006503,PRO_006503,SUP_0370,
DP_005008,PRO_005008,SUP_0313,
DP_000586,PRO_000586,SUP_0036,
DP_005842,PRO_005842,SUP_0358,
DP_005292,PRO_005292,SUP_0322,
DP_002700,PRO_002700,SUP_0141,
DP_004851,PRO_004851,SUP_0299,
DP_003415,PRO_003415,SUP_0195,
DP_001998,PRO_001998,SUP_0141,
DP_004906,PRO_004906,SUP_0307,
DP_005600,PRO_005600,SUP_0337,
DP_001146,PRO_001146,SUP_0078,
DP_000172,PRO_000172,SUP_0035,
DP_003632,PRO_003632,SUP_0237,
DP_006216,PRO_006216,SUP_0370,
DP_000923,PRO_000923,SUP_0076,
DP_004660,PRO_004660,SUP_0298,
DP_002555,PRO_002555,SUP_0141,
DP_000078,PRO_000078,SUP_0029,
DP_003931,PRO_003931,SUP_0263,
DP_003014,PRO_003014,SUP_0168,
DP_000322,PRO_000322,SUP_0036,
DP_006507,PRO_006507,SUP_0370,
DP_005009,PRO_005009,SUP_0313,
DP_000585,PRO_000585,SUP_0036,
DP_005888,PRO_005888,SUP_0358,
DP_005291,PRO_005291,SUP_0322,
DP_002663,PRO_002663,SUP_0141,
DP_001280,PRO_001280,SUP_0093,
DP_003516,PRO_003516,SUP_0224,
DP_001991,PRO_001991,SUP_0141,
DP_004897,PRO_004897,SUP_0307,
DP_005652,PRO_005652,SUP_0337,
DP_001145,PRO_001145,SUP_0078,
DP_000147,PRO_000147,SUP_0035,
DP_003631,PRO_003631,SUP_0237,
DP_006134,PRO_006134,SUP_0370,
DP_000924,PRO_000924,SUP_0076,
DP_004648,PRO_004648,SUP_0298,
DP_002256,PRO_002256,SUP_0141,
DP_000041,PRO_000041,SUP_0015,
DP_001187,PRO_001187,SUP_0082,
DP_003015,PRO_003015,SUP_0168,
DP_000283,PRO_000283,SUP_0036,
DP_006505,PRO_006505,SUP_0370,
DP_005006,PRO_005006,SUP_0313,
DP_000614,PRO_000614,SUP_0036,
DP_005968,PRO_005968,SUP_0358,
DP_005302,PRO_005302,SUP_0322,
DP_002480,PRO_002480,SUP_0141,
DP_003334,PRO_003334,SUP_0181,
DP_004850,PRO_004850,SUP_0299,
DP_001944,PRO_001944,SUP_0141,
DP_004916,PRO_004916,SUP_0307,
DP_005586,PRO_005586,SUP_0337,
DP_001147,PRO_001147,SUP_0078,
DP_000119,PRO_000119,SUP_0035,
DP_003723,PRO_003723,SUP_0237,
DP_006217,PRO_006217,SUP_0370,
DP_000894,PRO_000894,SUP_0076,
DP_003897,PRO_003897,SUP_0254,
DP_002251,PRO_002251,SUP_0141,
DP_000033,PRO_000033,SUP_0012,
DP_004514,PRO_004514,SUP_0292,
DP_003165,PRO_003165,SUP_0168,
DP_000276,PRO_000276,SUP_0036,
DP_006412,PRO_006412,SUP_0370,
DP_005011,PRO_005011,SUP_0313,
DP_000549,PRO_000549,SUP_0036,
DP_006048,PRO_006048,SUP_0358,
DP_005266,PRO_005266,SUP_0322,
DP_002047,PRO_002047,SUP_0141,
DP_006685,PRO_006685,SUP_0382,
DP_004852,PRO_004852,SUP_0299,
DP_001979,PRO_001979,SUP_0141,
DP_004917,PRO_004917,SUP_0307,
DP_005606,PRO_005606,SUP_0337,
DP_001162,PRO_001162,SUP_0078,
DP_000155,PRO_000155,SUP_0035,
DP_003663,PRO_003663,SUP_0237,
DP_006646,PRO_006646,SUP_0370,
DP_000948,PRO_000948,SUP_0076,
DP_004536,PRO_004536,SUP_0298,
DP_000038,PRO_000038,SUP_0012,
DP_002252,PRO_002252,SUP_0141,
DP_002726,PRO_002726,SUP_0145,
DP_003120,PRO_003120,SUP_0168,
DP_000274,PRO_000274,SUP_0036,
DP_006415,PRO_006415,SUP_0370,
DP_005012,PRO_005012,SUP_0313,
DP_003601,PRO_003601,SUP_0237,
DP_000550,PRO_000550,SUP_0036,
DP_005844,PRO_005844,SUP_0358,
DP_005267,PRO_005267,SUP_0322,
DP_002149,PRO_002149,SUP_0141,
DP_003335,PRO_003335,SUP_0181,
DP_004776,PRO_004776,SUP_0299,
DP_002000,PRO_002000,SUP_0141,
DP_004912,PRO_004912,SUP_0307,
DP_005596,PRO_005596,SUP_0337,
DP_001161,PRO_001161,SUP_0078,
DP_000110,PRO_000110,SUP_0035,
DP_003720,PRO_003720,SUP_0237,
DP_006116,PRO_006116,SUP_0370,
DP_000925,PRO_000925,SUP_0076,
DP_004632,PRO_004632,SUP_0298,
DP_002557,PRO_002557,SUP_0141,
DP_003542,PRO_003542,SUP_0232,
DP_000035,PRO_000035,SUP_0012,
DP_003173,PRO_003173,SUP_0168,
DP_006654,PRO_006654,SUP_0371,
DP_006477,PRO_006477,SUP_0370,
DP_005014,PRO_005014,SUP_0313,
DP_005893,PRO_005893,SUP_0358,
DP_000432,PRO_000432,SUP_0036,
DP_005280,PRO_005280,SUP_0322,
DP_003333,PRO_003333,SUP_0181,
DP_002150,PRO_002150,SUP_0141,
DP_004777,PRO_004777,SUP_0299,
DP_002244,PRO_002244,SUP_0141,
DP_004911,PRO_004911,SUP_0307,
DP_005589,PRO_005589,SUP_0337,
DP_001096,PRO_001096,SUP_0078,
DP_000171,PRO_000171,SUP_0035,
DP_003709,PRO_003709,SUP_0237,
DP_006240,PRO_006240,SUP_0370,
DP_000943,PRO_000943,SUP_0076,
DP_004666,PRO_004666,SUP_0298,
DP_002083,PRO_002083,SUP_0141,
DP_003541,PRO_003541,SUP_0232,
DP_003110,PRO_003110,SUP_0168,
DP_000273,PRO_000273,SUP_0036,
DP_000034,PRO_000034,SUP_0012,
DP_006486,PRO_006486,SUP_0370,
DP_005015,PRO_005015,SUP_0313,
DP_005973,PRO_005973,SUP_0358,
DP_000518,PRO_000518,SUP_0036,
DP_005322,PRO_005322,SUP_0322,
DP_001386,PRO_001386,SUP_0108,
DP_002151,PRO_002151,SUP_0141,
DP_004782,PRO_004782,SUP_0299,
DP_002156,PRO_002156,SUP_0141,
DP_004910,PRO_004910,SUP_0307,
DP_005618,PRO_005618,SUP_0337,
DP_001100,PRO_001100,SUP_0078,
DP_000170,PRO_000170,SUP_0035,
DP_005128,PRO_005128,SUP_0314,
DP_006124,PRO_006124,SUP_0370,
DP_000942,PRO_000942,SUP_0076,
DP_004599,PRO_004599,SUP_0298,
DP_001824,PRO_001824,SUP_0133,
DP_002296,PRO_002296,SUP_0141,
DP_003168,PRO_003168,SUP_0168,
DP_000282,PRO_000282,SUP_0036,
DP_000037,PRO_000037,SUP_0012,
DP_006453,PRO_006453,SUP_0370,
DP_005013,PRO_005013,SUP_0313,
DP_006053,PRO_006053,SUP_0358,
DP_000519,PRO_000519,SUP_0036,
DP_005264,PRO_005264,SUP_0322,
DP_002153,PRO_002153,SUP_0141,
DP_001385,PRO_001385,SUP_0108,
DP_004796,PRO_004796,SUP_0299,
DP_002640,PRO_002640,SUP_0141,
DP_006095,PRO_006095,SUP_0363,
DP_005547,PRO_005547,SUP_0337,
DP_001097,PRO_001097,SUP_0078,
DP_004630,PRO_004630,SUP_0298,
DP_003701,PRO_003701,SUP_0237,
DP_006122,PRO_006122,SUP_0370,
DP_000893,PRO_000893,SUP_0076,
DP_004644,PRO_004644,SUP_0298,
DP_000717,PRO_000717,SUP_0047,
DP_002297,PRO_002297,SUP_0141,
DP_003169,PRO_003169,SUP_0168,
DP_000279,PRO_000279,SUP_0036,
DP_000002,PRO_000002,SUP_0002,
DP_006223,PRO_006223,SUP_0370,
DP_005016,PRO_005016,SUP_0313,
DP_000517,PRO_000517,SUP_0036,
DP_005849,PRO_005849,SUP_0358,
DP_001738,PRO_001738,SUP_0126,
DP_002154,PRO_002154,SUP_0141,
DP_004778,PRO_004778,SUP_0299,
DP_003511,PRO_003511,SUP_0222,
DP_002104,PRO_002104,SUP_0141,
DP_006091,PRO_006091,SUP_0363,
DP_005493,PRO_005493,SUP_0337,
DP_001099,PRO_001099,SUP_0078,
DP_003627,PRO_003627,SUP_0237,
DP_000144,PRO_000144,SUP_0035,
DP_006127,PRO_006127,SUP_0370,
DP_000940,PRO_000940,SUP_0076,
DP_004672,PRO_004672,SUP_0298,
DP_000718,PRO_000718,SUP_0047,
DP_002298,PRO_002298,SUP_0141,
DP_003164,PRO_003164,SUP_0168,
DP_000280,PRO_000280,SUP_0036,
DP_000004,PRO_000004,SUP_0002,
DP_006479,PRO_006479,SUP_0370,
DP_000684,PRO_000684,SUP_0040,
DP_000516,PRO_000516,SUP_0036,
DP_005892,PRO_005892,SUP_0358,
DP_001665,PRO_001665,SUP_0119,
DP_002152,PRO_002152,SUP_0141,
DP_005279,PRO_005279,SUP_0322,
DP_002105,PRO_002105,SUP_0141,
DP_003512,PRO_003512,SUP_0222,
DP_004781,PRO_004781,SUP_0299,
DP_006093,PRO_006093,SUP_0363,
DP_005650,PRO_005650,SUP_0337,
DP_001102,PRO_001102,SUP_0078,
DP_003626,PRO_003626,SUP_0237,
DP_000163,PRO_000163,SUP_0035,
DP_006125,PRO_006125,SUP_0370,
DP_000929,PRO_000929,SUP_0076,
DP_004601,PRO_004601,SUP_0298,
DP_003984,PRO_003984,SUP_0266,
DP_002299,PRO_002299,SUP_0141,
DP_003167,PRO_003167,SUP_0168,
DP_000278,PRO_000278,SUP_0036,
DP_005171,PRO_005171,SUP_0315,
DP_006478,PRO_006478,SUP_0370,
DP_005045,PRO_005045,SUP_0313,
DP_000522,PRO_000522,SUP_0036,
DP_005972,PRO_005972,SUP_0358,
DP_005234,PRO_005234,SUP_0322,
DP_002197,PRO_002197,SUP_0141,
DP_001967,PRO_001967,SUP_0141,
DP_004893,PRO_004893,SUP_0306,
DP_004784,PRO_004784,SUP_0299,
DP_006094,PRO_006094,SUP_0363,
DP_005660,PRO_005660,SUP_0337,
DP_001098,PRO_001098,SUP_0078,
DP_003713,PRO_003713,SUP_0237,
DP_000168,PRO_000168,SUP_0035,
DP_006123,PRO_006123,SUP_0370,
DP_000918,PRO_000918,SUP_0076,
DP_004597,PRO_004597,SUP_0298,
DP_004053,PRO_004053,SUP_0266,
DP_002300,PRO_002300,SUP_0141,
DP_003170,PRO_003170,SUP_0168,
DP_000277,PRO_000277,SUP_0036,
DP_000005,PRO_000005,SUP_0002,
DP_006269,PRO_006269,SUP_0370,
DP_005102,PRO_005102,SUP_0313,
DP_000523,PRO_000523,SUP_0036,
DP_006052,PRO_006052,SUP_0358,
DP_002198,PRO_002198,SUP_0141,
DP_005233,PRO_005233,SUP_0322,
DP_002067,PRO_002067,SUP_0141,
DP_004894,PRO_004894,SUP_0306,
DP_004779,PRO_004779,SUP_0299,
DP_006089,PRO_006089,SUP_0363,
DP_005644,PRO_005644,SUP_0337,
DP_001101,PRO_001101,SUP_0078,
DP_003660,PRO_003660,SUP_0237,
DP_000089,PRO_000089,SUP_0035,
DP_006128,PRO_006128,SUP_0370,
DP_000934,PRO_000934,SUP_0076,
DP_004592,PRO_004592,SUP_0298,
DP_000666,PRO_000666,SUP_0039,
DP_002301,PRO_002301,SUP_0141,
DP_003028,PRO_003028,SUP_0168,
DP_000281,PRO_000281,SUP_0036,
DP_000006,PRO_000006,SUP_0002,
DP_006540,PRO_006540,SUP_0370,
DP_005046,PRO_005046,SUP_0313,
DP_000520,PRO_000520,SUP_0036,
DP_005848,PRO_005848,SUP_0358,
DP_005324,PRO_005324,SUP_0322,
DP_002196,PRO_002196,SUP_0141,
DP_002439,PRO_002439,SUP_0141,
DP_004891,PRO_004891,SUP_0306,
DP_001281,PRO_001281,SUP_0093,
DP_002996,PRO_002996,SUP_0166,
DP_005632,PRO_005632,SUP_0337,
DP_001062,PRO_001062,SUP_0078,
DP_000104,PRO_000104,SUP_0035,
DP_003717,PRO_003717,SUP_0237,
DP_006129,PRO_006129,SUP_0370,
DP_000950,PRO_000950,SUP_0076,
DP_000665,PRO_000665,SUP_0039,
DP_002302,PRO_002302,SUP_0141,
DP_003174,PRO_003174,SUP_0168,
DP_000275,PRO_000275,SUP_0036,
DP_000007,PRO_000007,SUP_0002,
DP_006600,PRO_006600,SUP_0370,
DP_005044,PRO_005044,SUP_0313,
DP_005894,PRO_005894,SUP_0358,
DP_000521,PRO_000521,SUP_0036,
DP_002560,PRO_002560,SUP_0141,
DP_005339,PRO_005339,SUP_0322,
DP_002440,PRO_002440,SUP_0141,
DP_003330,PRO_003330,SUP_0178,
DP_004780,PRO_004780,SUP_0299,
DP_002995,PRO_002995,SUP_0166,
DP_005552,PRO_005552,SUP_0337,
DP_001061,PRO_001061,SUP_0078,
DP_000123,PRO_000123,SUP_0035,
DP_003778,PRO_003778,SUP_0237,
DP_006219,PRO_006219,SUP_0370,
DP_000949,PRO_000949,SUP_0076,
DP_003898,PRO_003898,SUP_0254,
DP_002853,PRO_002853,SUP_0156,
DP_002303,PRO_002303,SUP_0141,
DP_003117,PRO_003117,SUP_0168,
DP_000529,PRO_000529,SUP_0036,
DP_000009,PRO_000009,SUP_0002,
DP_006639,PRO_006639,SUP_0370,
DP_005022,PRO_005022,SUP_0313,
DP_005974,PRO_005974,SUP_0358,
DP_000526,PRO_000526,SUP_0036,
DP_002284,PRO_002284,SUP_0141,
DP_005268,PRO_005268,SUP_0322,
DP_002438,PRO_002438,SUP_0141,
DP_000777,PRO_000777,SUP_0068,
DP_004783,PRO_004783,SUP_0299,
DP_005216,PRO_005216,SUP_0321,
DP_005642,PRO_005642,SUP_0337,
DP_001063,PRO_001063,SUP_0078,
DP_000127,PRO_000127,SUP_0035,
DP_003695,PRO_003695,SUP_0237,
DP_006220,PRO_006220,SUP_0370,
DP_000895,PRO_000895,SUP_0076,
DP_004534,PRO_004534,SUP_0298,
DP_000727,PRO_000727,SUP_0051,
DP_002328,PRO_002328,SUP_0141,
DP_003135,PRO_003135,SUP_0168,
DP_000530,PRO_000530,SUP_0036,
DP_000003,PRO_000003,SUP_0002,
DP_006247,PRO_006247,SUP_0370,
DP_005023,PRO_005023,SUP_0313,
DP_006054,PRO_006054,SUP_0358,
DP_000525,PRO_000525,SUP_0036,
DP_005323,PRO_005323,SUP_0322,
DP_002285,PRO_002285,SUP_0141,
DP_002135,PRO_002135,SUP_0141,
DP_003331,PRO_003331,SUP_0179,
DP_004775,PRO_004775,SUP_0299,
DP_005208,PRO_005208,SUP_0321,
DP_005611,PRO_005611,SUP_0337,
DP_001124,PRO_001124,SUP_0078,
DP_003661,PRO_003661,SUP_0237,
DP_000101,PRO_000101,SUP_0035,
DP_006218,PRO_006218,SUP_0370,
DP_000937,PRO_000937,SUP_0076,
DP_004689,PRO_004689,SUP_0298,
DP_003998,PRO_003998,SUP_0266,
DP_002329,PRO_002329,SUP_0141,
DP_003140,PRO_003140,SUP_0168,
DP_006652,PRO_006652,SUP_0371,
DP_000008,PRO_000008,SUP_0002,
DP_006105,PRO_006105,SUP_0370,
DP_005026,PRO_005026,SUP_0313,
DP_005850,PRO_005850,SUP_0358,
DP_000524,PRO_000524,SUP_0036,
DP_005290,PRO_005290,SUP_0322,
DP_002703,PRO_002703,SUP_0141,
DP_002355,PRO_002355,SUP_0141,
DP_003416,PRO_003416,SUP_0196,
DP_004838,PRO_004838,SUP_0299,
DP_005489,PRO_005489,SUP_0337,
DP_005213,PRO_005213,SUP_0321,
DP_001078,PRO_001078,SUP_0078,
DP_000130,PRO_000130,SUP_0035,
DP_003623,PRO_003623,SUP_0237,
DP_006221,PRO_006221,SUP_0370,
DP_000926,PRO_000926,SUP_0076,
DP_004618,PRO_004618,SUP_0298,
DP_002821,PRO_002821,SUP_0147,
DP_002330,PRO_002330,SUP_0141,
DP_003119,PRO_003119,SUP_0168,
DP_000534,PRO_000534,SUP_0036,
DP_000079,PRO_000079,SUP_0029,
DP_006298,PRO_006298,SUP_0370,
DP_005025,PRO_005025,SUP_0313,
DP_005878,PRO_005878,SUP_0358,
DP_000528,PRO_000528,SUP_0036,
DP_005334,PRO_005334,SUP_0322,
DP_002702,PRO_002702,SUP_0141,
DP_002193,PRO_002193,SUP_0141,
DP_003894,PRO_003894,SUP_0252,
DP_004840,PRO_004840,SUP_0299,
DP_005662,PRO_005662,SUP_0337,
DP_005206,PRO_005206,SUP_0321,
DP_001079,PRO_001079,SUP_0078,
DP_000133,PRO_000133,SUP_0035,
DP_005121,PRO_005121,SUP_0314,
DP_006149,PRO_006149,SUP_0370,
DP_000892,PRO_000892,SUP_0076,
DP_004586,PRO_004586,SUP_0298,
DP_000647,PRO_000647,SUP_0037,
DP_002331,PRO_002331,SUP_0141,
DP_003118,PRO_003118,SUP_0168,
DP_000537,PRO_000537,SUP_0036,
DP_001197,PRO_001197,SUP_0085,
DP_006569,PRO_006569,SUP_0370,
DP_005063,PRO_005063,SUP_0313,
DP_005958,PRO_005958,SUP_0358,
DP_000540,PRO_000540,SUP_0036,
DP_005335,PRO_005335,SUP_0322,
DP_002171,PRO_002171,SUP_0141,
DP_002278,PRO_002278,SUP_0141,
DP_003332,PRO_003332,SUP_0180,
DP_004839,PRO_004839,SUP_0299,
DP_005629,PRO_005629,SUP_0337,
DP_005214,PRO_005214,SUP_0321,
DP_001111,PRO_001111,SUP_0078,
DP_004629,PRO_004629,SUP_0298,
DP_003702,PRO_003702,SUP_0237,
DP_006152,PRO_006152,SUP_0370,
DP_000882,PRO_000882,SUP_0076,
DP_003993,PRO_003993,SUP_0266,
DP_004664,PRO_004664,SUP_0298,
DP_002332,PRO_002332,SUP_0141,
DP_003139,PRO_003139,SUP_0168,
DP_000083,PRO_000083,SUP_0031,
DP_000531,PRO_000531,SUP_0036,
DP_006629,PRO_006629,SUP_0370,
DP_005101,PRO_005101,SUP_0313,
DP_006038,PRO_006038,SUP_0358,
DP_000217,PRO_000217,SUP_0036,
DP_001732,PRO_001732,SUP_0126,
DP_002552,PRO_002552,SUP_0141,
DP_002421,PRO_002421,SUP_0141,
DP_000864,PRO_000864,SUP_0074,
DP_004837,PRO_004837,SUP_0299,
DP_005658,PRO_005658,SUP_0337,
DP_005211,PRO_005211,SUP_0321,
DP_001105,PRO_001105,SUP_0078,
DP_000140,PRO_000140,SUP_0035,
DP_003703,PRO_003703,SUP_0237,
DP_006162,PRO_006162,SUP_0370,
DP_000884,PRO_000884,SUP_0076,
DP_000646,PRO_000646,SUP_0037,
DP_004544,PRO_004544,SUP_0298,
DP_002333,PRO_002333,SUP_0141,
DP_003024,PRO_003024,SUP_0168,
DP_000054,PRO_000054,SUP_0020,
DP_000533,PRO_000533,SUP_0036,
DP_006299,PRO_006299,SUP_0370,
DP_000686,PRO_000686,SUP_0040,
DP_005833,PRO_005833,SUP_0358,
DP_001692,PRO_001692,SUP_0119,
DP_000591,PRO_000591,SUP_0036,
DP_002455,PRO_002455,SUP_0141,
DP_005332,PRO_005332,SUP_0322,
DP_000863,PRO_000863,SUP_0074,
DP_002641,PRO_002641,SUP_0141,
DP_004841,PRO_004841,SUP_0299,
DP_005574,PRO_005574,SUP_0337,
DP_005207,PRO_005207,SUP_0321,
DP_001081,PRO_001081,SUP_0078,
DP_000099,PRO_000099,SUP_0035,
DP_003704,PRO_003704,SUP_0237,
DP_006156,PRO_006156,SUP_0370,
DP_000648,PRO_000648,SUP_0037,
DP_004549,PRO_004549,SUP_0298,
DP_000881,PRO_000881,SUP_0076,
DP_002465,PRO_002465,SUP_0141,
DP_003163,PRO_003163,SUP_0168,
DP_000024,PRO_000024,SUP_0005,
DP_000532,PRO_000532,SUP_0036,
DP_006570,PRO_006570,SUP_0370,
DP_005058,PRO_005058,SUP_0313,
DP_005877,PRO_005877,SUP_0358,
DP_000433,PRO_000433,SUP_0036,
DP_005333,PRO_005333,SUP_0322,
DP_002556,PRO_002556,SUP_0141,
DP_004213,PRO_004213,SUP_0280,
DP_004842,PRO_004842,SUP_0299,
DP_002096,PRO_002096,SUP_0141,
DP_005550,PRO_005550,SUP_0337,
DP_005210,PRO_005210,SUP_0321,
DP_001082,PRO_001082,SUP_0078,
DP_003564,PRO_003564,SUP_0237,
DP_000096,PRO_000096,SUP_0035,
DP_006148,PRO_006148,SUP_0370,
DP_000649,PRO_000649,SUP_0037,
DP_004547,PRO_004547,SUP_0298,
DP_000883,PRO_000883,SUP_0076,
DP_002466,PRO_002466,SUP_0141,
DP_003016,PRO_003016,SUP_0168,
DP_000023,PRO_000023,SUP_0005,
DP_000535,PRO_000535,SUP_0036,
DP_006630,PRO_006630,SUP_0370,
DP_005106,PRO_005106,SUP_0313,
DP_005957,PRO_005957,SUP_0358,
DP_000551,PRO_000551,SUP_0036,
DP_005327,PRO_005327,SUP_0322,
DP_002352,PRO_002352,SUP_0141,
DP_004210,PRO_004210,SUP_0280,
DP_002288,PRO_002288,SUP_0141,
DP_004836,PRO_004836,SUP_0299,
DP_005573,PRO_005573,SUP_0337,
DP_005209,PRO_005209,SUP_0321,
DP_003716,PRO_003716,SUP_0237,
DP_000107,PRO_000107,SUP_0035,
DP_006173,PRO_006173,SUP_0370,
DP_001123,PRO_001123,SUP_0078,
DP_001840,PRO_001840,SUP_0135,
DP_004668,PRO_004668,SUP_0298,
DP_000885,PRO_000885,SUP_0076,
DP_003058,PRO_003058,SUP_0168,
DP_002467,PRO_002467,SUP_0141,
DP_000021,PRO_000021,SUP_0004,
DP_000536,PRO_000536,SUP_0036,
DP_006252,PRO_006252,SUP_0370,
DP_005062,PRO_005062,SUP_0313,
DP_006037,PRO_006037,SUP_0358,
DP_000552,PRO_000552,SUP_0036,
DP_005441,PRO_005441,SUP_0322,
DP_004222,PRO_004222,SUP_0280,
DP_002292,PRO_002292,SUP_0141,
DP_002242,PRO_002242,SUP_0141,
DP_001282,PRO_001282,SUP_0093,
DP_005628,PRO_005628,SUP_0337,
DP_005215,PRO_005215,SUP_0321,
DP_003643,PRO_003643,SUP_0237,
DP_000125,PRO_000125,SUP_0035,
DP_006150,PRO_006150,SUP_0370,
DP_001083,PRO_001083,SUP_0078,
DP_001763,PRO_001763,SUP_0127,
DP_004642,PRO_004642,SUP_0298,
DP_000880,PRO_000880,SUP_0076,
DP_003166,PRO_003166,SUP_0168,
DP_002468,PRO_002468,SUP_0141,
DP_000022,PRO_000022,SUP_0004,
DP_000620,PRO_000620,SUP_0036,
DP_006523,PRO_006523,SUP_0370,
DP_005105,PRO_005105,SUP_0313,
DP_005832,PRO_005832,SUP_0358,
DP_000473,PRO_000473,SUP_0036,
DP_005427,PRO_005427,SUP_0322,
DP_003347,PRO_003347,SUP_0187,
DP_001892,PRO_001892,SUP_0141,
DP_002095,PRO_002095,SUP_0141,
DP_004812,PRO_004812,SUP_0299,
DP_005598,PRO_005598,SUP_0337,
DP_005212,PRO_005212,SUP_0321,
DP_003769,PRO_003769,SUP_0237,
DP_000124,PRO_000124,SUP_0035,
DP_006177,PRO_006177,SUP_0370,
DP_001114,PRO_001114,SUP_0078,
DP_004005,PRO_004005,SUP_0266,
DP_003902,PRO_003902,SUP_0254,
DP_003171,PRO_003171,SUP_0168,
DP_002469,PRO_002469,SUP_0141,
DP_002860,PRO_002860,SUP_0160,
DP_000622,PRO_000622,SUP_0036,
DP_006583,PRO_006583,SUP_0370,
DP_005024,PRO_005024,SUP_0313,
DP_005879,PRO_005879,SUP_0358,
DP_000546,PRO_000546,SUP_0036,
DP_005435,PRO_005435,SUP_0322,
DP_001894,PRO_001894,SUP_0141,
DP_004231,PRO_004231,SUP_0280,
DP_004813,PRO_004813,SUP_0299,
DP_002416,PRO_002416,SUP_0141,
DP_005499,PRO_005499,SUP_0337,
DP_003447,PRO_003447,SUP_0209,
DP_000126,PRO_000126,SUP_0035,
DP_003624,PRO_003624,SUP_0237,
DP_006146,PRO_006146,SUP_0370,
DP_003990,PRO_003990,SUP_0266,
DP_001130,PRO_001130,SUP_0078,
DP_004654,PRO_004654,SUP_0298,
DP_002470,PRO_002470,SUP_0141,
DP_003038,PRO_003038,SUP_0168,
DP_002861,PRO_002861,SUP_0160,
DP_000617,PRO_000617,SUP_0036,
DP_006253,PRO_006253,SUP_0370,
DP_005104,PRO_005104,SUP_0313,
DP_005959,PRO_005959,SUP_0358,
DP_000547,PRO_000547,SUP_0036,
DP_005440,PRO_005440,SUP_0322,
DP_001893,PRO_001893,SUP_0141,
DP_004196,PRO_004196,SUP_0280,
DP_002310,PRO_002310,SUP_0141,
DP_004756,PRO_004756,SUP_0299,
DP_005490,PRO_005490,SUP_0337,
DP_003453,PRO_003453,SUP_0209,
DP_000100,PRO_000100,SUP_0035,
DP_006160,PRO_006160,SUP_0370,
DP_003570,PRO_003570,SUP_0237,
DP_004051,PRO_004051,SUP_0266,
DP_004625,PRO_004625,SUP_0298,
DP_001116,PRO_001116,SUP_0078,
DP_003026,PRO_003026,SUP_0168,
DP_002259,PRO_002259,SUP_0141,
DP_000032,PRO_000032,SUP_0011,
DP_006649,PRO_006649,SUP_0371,
DP_006524,PRO_006524,SUP_0370,
DP_005111,PRO_005111,SUP_0313,
DP_006039,PRO_006039,SUP_0358,
DP_000339,PRO_000339,SUP_0036,
DP_005439,PRO_005439,SUP_0322,
DP_004232,PRO_004232,SUP_0280,
DP_002454,PRO_002454,SUP_0141,
DP_002311,PRO_002311,SUP_0141,
DP_004757,PRO_004757,SUP_0299,
DP_005588,PRO_005588,SUP_0337,
DP_005466,PRO_005466,SUP_0330,
DP_000134,PRO_000134,SUP_0035,
DP_004006,PRO_004006,SUP_0266,
DP_003636,PRO_003636,SUP_0237,
DP_006164,PRO_006164,SUP_0370,
DP_004588,PRO_004588,SUP_0298,
DP_001069,PRO_001069,SUP_0078,
DP_002260,PRO_002260,SUP_0141,
DP_003107,PRO_003107,SUP_0168,
DP_000062,PRO_000062,SUP_0025,
DP_000623,PRO_000623,SUP_0036,
DP_006584,PRO_006584,SUP_0370,
DP_005103,PRO_005103,SUP_0313,
DP_005834,PRO_005834,SUP_0358,
DP_000239,PRO_000239,SUP_0036,
DP_004194,PRO_004194,SUP_0280,
DP_005260,PRO_005260,SUP_0322,
DP_001928,PRO_001928,SUP_0141,
DP_002070,PRO_002070,SUP_0141,
DP_004800,PRO_004800,SUP_0299,
DP_005614,PRO_005614,SUP_0337,
DP_005465,PRO_005465,SUP_0330,
DP_000103,PRO_000103,SUP_0035,
DP_004000,PRO_004000,SUP_0266,
DP_006154,PRO_006154,SUP_0370,
DP_005125,PRO_005125,SUP_0314,
DP_004582,PRO_004582,SUP_0298,
DP_001142,PRO_001142,SUP_0078,
DP_002261,PRO_002261,SUP_0141,
DP_003029,PRO_003029,SUP_0168,
DP_000039,PRO_000039,SUP_0013,
DP_000618,PRO_000618,SUP_0036,
DP_006250,PRO_006250,SUP_0370,
DP_005117,PRO_005117,SUP_0313,
DP_005884,PRO_005884,SUP_0358,
DP_000251,PRO_000251,SUP_0036,
DP_004195,PRO_004195,SUP_0280,
DP_005447,PRO_005447,SUP_0322,
DP_001926,PRO_001926,SUP_0141,
DP_002369,PRO_002369,SUP_0141,
DP_004788,PRO_004788,SUP_0299,
DP_005612,PRO_005612,SUP_0337,
DP_005467,PRO_005467,SUP_0330,
DP_000120,PRO_000120,SUP_0035,
DP_004036,PRO_004036,SUP_0266,
DP_003708,PRO_003708,SUP_0237,
DP_006169,PRO_006169,SUP_0370,
DP_004658,PRO_004658,SUP_0298,
DP_001131,PRO_001131,SUP_0078,
DP_002262,PRO_002262,SUP_0141,
DP_003136,PRO_003136,SUP_0168,
DP_000760,PRO_000760,SUP_0063,
DP_000624,PRO_000624,SUP_0036,
DP_006521,PRO_006521,SUP_0370,
DP_005059,PRO_005059,SUP_0313,
DP_005964,PRO_005964,SUP_0358,
DP_000255,PRO_000255,SUP_0036,
DP_004224,PRO_004224,SUP_0280,
DP_001727,PRO_001727,SUP_0126,
DP_001927,PRO_001927,SUP_0141,
DP_004761,PRO_004761,SUP_0299,
DP_002368,PRO_002368,SUP_0141,
DP_005542,PRO_005542,SUP_0337,
DP_001778,PRO_001778,SUP_0127,
DP_000112,PRO_000112,SUP_0035,
DP_004004,PRO_004004,SUP_0266,
DP_006161,PRO_006161,SUP_0370,
DP_003696,PRO_003696,SUP_0237,
DP_004545,PRO_004545,SUP_0298,
DP_001165,PRO_001165,SUP_0078,
DP_002422,PRO_002422,SUP_0141,
DP_003137,PRO_003137,SUP_0168,
DP_000010,PRO_000010,SUP_0003,
DP_000619,PRO_000619,SUP_0036,
DP_006581,PRO_006581,SUP_0370,
DP_000672,PRO_000672,SUP_0040,
DP_006044,PRO_006044,SUP_0358,
DP_000285,PRO_000285,SUP_0036,
DP_001693,PRO_001693,SUP_0119,
DP_004229,PRO_004229,SUP_0280,
DP_005242,PRO_005242,SUP_0322,
DP_002693,PRO_002693,SUP_0141,
DP_002370,PRO_002370,SUP_0141,
DP_004762,PRO_004762,SUP_0299,
DP_005546,PRO_005546,SUP_0337,
DP_001779,PRO_001779,SUP_0127,
DP_000117,PRO_000117,SUP_0035,
DP_004011,PRO_004011,SUP_0266,
DP_006155,PRO_006155,SUP_0370,
DP_003697,PRO_003697,SUP_0237,
DP_004626,PRO_004626,SUP_0298,
DP_001164,PRO_001164,SUP_0078,
DP_002423,PRO_002423,SUP_0141,
DP_003030,PRO_003030,SUP_0168,
DP_000011,PRO_000011,SUP_0003,
DP_000621,PRO_000621,SUP_0036,
DP_006251,PRO_006251,SUP_0370,
DP_005061,PRO_005061,SUP_0313,
DP_005840,PRO_005840,SUP_0358,
DP_000260,PRO_000260,SUP_0036,
DP_004528,PRO_004528,SUP_0297,
DP_005261,PRO_005261,SUP_0322,
DP_002462,PRO_002462,SUP_0141,
DP_004763,PRO_004763,SUP_0299,
DP_002365,PRO_002365,SUP_0141,
DP_001780,PRO_001780,SUP_0127,
DP_005645,PRO_005645,SUP_0337,
DP_004062,PRO_004062,SUP_0266,
DP_000114,PRO_000114,SUP_0035,
DP_006163,PRO_006163,SUP_0370,
DP_003699,PRO_003699,SUP_0237,
DP_004531,PRO_004531,SUP_0298,
DP_001144,PRO_001144,SUP_0078,
DP_002424,PRO_002424,SUP_0141,
DP_003031,PRO_003031,SUP_0168,
DP_000014,PRO_000014,SUP_0003,
DP_006657,PRO_006657,SUP_0371,
DP_006522,PRO_006522,SUP_0370,
DP_005060,PRO_005060,SUP_0313,
DP_005883,PRO_005883,SUP_0358,
DP_000247,PRO_000247,SUP_0036,
DP_005254,PRO_005254,SUP_0322,
DP_002460,PRO_002460,SUP_0141,
DP_004155,PRO_004155,SUP_0269,
DP_001911,PRO_001911,SUP_0141,
DP_004802,PRO_004802,SUP_0299,
DP_003970,PRO_003970,SUP_0264,
DP_001777,PRO_001777,SUP_0127,
DP_004071,PRO_004071,SUP_0266,
DP_000113,PRO_000113,SUP_0035,
DP_006166,PRO_006166,SUP_0370,
DP_003698,PRO_003698,SUP_0237,
DP_004563,PRO_004563,SUP_0298,
DP_001163,PRO_001163,SUP_0078,
DP_000017,PRO_000017,SUP_0003,
DP_003033,PRO_003033,SUP_0168,
DP_002425,PRO_002425,SUP_0141,
DP_002759,PRO_002759,SUP_0146,
DP_006582,PRO_006582,SUP_0370,
DP_005963,PRO_005963,SUP_0358,
DP_005107,PRO_005107,SUP_0313,
DP_000315,PRO_000315,SUP_0036,
DP_005250,PRO_005250,SUP_0322,
DP_002006,PRO_002006,SUP_0141,
DP_004245,PRO_004245,SUP_0284,
DP_002163,PRO_002163,SUP_0141,
DP_001283,PRO_001283,SUP_0093,
DP_003933,PRO_003933,SUP_0264,
DP_004105,PRO_004105,SUP_0266,
DP_001776,PRO_001776,SUP_0127,
DP_000118,PRO_000118,SUP_0035,
DP_006167,PRO_006167,SUP_0370,
DP_003715,PRO_003715,SUP_0237,
DP_004559,PRO_004559,SUP_0298,
DP_001143,PRO_001143,SUP_0078,
DP_000015,PRO_000015,SUP_0003,
DP_003032,PRO_003032,SUP_0168,
DP_002456,PRO_002456,SUP_0141,
DP_002994,PRO_002994,SUP_0166,
DP_006278,PRO_006278,SUP_0370,
DP_006043,PRO_006043,SUP_0358,
DP_005109,PRO_005109,SUP_0313,
DP_000316,PRO_000316,SUP_0036,
DP_005223,PRO_005223,SUP_0322,
DP_002604,PRO_002604,SUP_0141,
DP_003781,PRO_003781,SUP_0238,
DP_001976,PRO_001976,SUP_0141,
DP_004816,PRO_004816,SUP_0299,
DP_004060,PRO_004060,SUP_0266,
DP_003969,PRO_003969,SUP_0264,
DP_006090,PRO_006090,SUP_0363,
DP_000116,PRO_000116,SUP_0035,
DP_006157,PRO_006157,SUP_0370,
DP_003903,PRO_003903,SUP_0254,
DP_001141,PRO_001141,SUP_0078,
DP_000018,PRO_000018,SUP_0003,
DP_003034,PRO_003034,SUP_0168,
DP_002457,PRO_002457,SUP_0141,
DP_003576,PRO_003576,SUP_0237,
DP_005719,PRO_005719,SUP_0351,
DP_006549,PRO_006549,SUP_0370,
DP_005839,PRO_005839,SUP_0358,
DP_005108,PRO_005108,SUP_0313,
DP_000262,PRO_000262,SUP_0036,
DP_005269,PRO_005269,SUP_0322,
DP_002621,PRO_002621,SUP_0141,
DP_002827,PRO_002827,SUP_0152,
DP_002334,PRO_002334,SUP_0141,
DP_004846,PRO_004846,SUP_0299,
DP_004073,PRO_004073,SUP_0266,
DP_006092,PRO_006092,SUP_0363,
DP_003934,PRO_003934,SUP_0264,
DP_000115,PRO_000115,SUP_0035,
DP_006158,PRO_006158,SUP_0370,
DP_001127,PRO_001127,SUP_0078,
DP_000046,PRO_000046,SUP_0018,
DP_003112,PRO_003112,SUP_0168,
DP_002458,PRO_002458,SUP_0141,
DP_003770,PRO_003770,SUP_0237,
DP_001156,PRO_001156,SUP_0078,
DP_006609,PRO_006609,SUP_0370,
DP_005057,PRO_005057,SUP_0313,
DP_005885,PRO_005885,SUP_0358,
DP_000261,PRO_000261,SUP_0036,
DP_005249,PRO_005249,SUP_0322,
DP_003782,PRO_003782,SUP_0238,
DP_002629,PRO_002629,SUP_0141,
DP_002339,PRO_002339,SUP_0141,
DP_004804,PRO_004804,SUP_0299,
DP_004115,PRO_004115,SUP_0266,
DP_003939,PRO_003939,SUP_0264,
DP_005536,PRO_005536,SUP_0337,
DP_000111,PRO_000111,SUP_0035,
DP_006165,PRO_006165,SUP_0370,
DP_004564,PRO_004564,SUP_0298,
DP_001128,PRO_001128,SUP_0078,
DP_003039,PRO_003039,SUP_0168,
DP_000019,PRO_000019,SUP_0003,
DP_003575,PRO_003575,SUP_0237,
DP_002072,PRO_002072,SUP_0141,
DP_001182,PRO_001182,SUP_0078,
DP_006279,PRO_006279,SUP_0370,
DP_005965,PRO_005965,SUP_0358,
DP_005056,PRO_005056,SUP_0313,
DP_000243,PRO_000243,SUP_0036,
DP_005221,PRO_005221,SUP_0322,
DP_003780,PRO_003780,SUP_0238,
DP_002628,PRO_002628,SUP_0141,
DP_002340,PRO_002340,SUP_0141,
DP_004845,PRO_004845,SUP_0299,
DP_001850,PRO_001850,SUP_0135,
DP_003971,PRO_003971,SUP_0264,
DP_005494,PRO_005494,SUP_0337,
DP_000132,PRO_000132,SUP_0035,
DP_006174,PRO_006174,SUP_0370,
DP_001113,PRO_001113,SUP_0078,
DP_003017,PRO_003017,SUP_0168,
DP_000016,PRO_000016,SUP_0003,
DP_003771,PRO_003771,SUP_0237,
DP_001118,PRO_001118,SUP_0078,
DP_002073,PRO_002073,SUP_0141,
DP_006550,PRO_006550,SUP_0370,
DP_006045,PRO_006045,SUP_0358,
DP_005055,PRO_005055,SUP_0313,
DP_000297,PRO_000297,SUP_0036,
DP_003552,PRO_003552,SUP_0234,
DP_005241,PRO_005241,SUP_0322,
DP_002630,PRO_002630,SUP_0141,
DP_002364,PRO_002364,SUP_0141,
DP_004743,PRO_004743,SUP_0299,
DP_001843,PRO_001843,SUP_0135,
DP_003972,PRO_003972,SUP_0264,
DP_005512,PRO_005512,SUP_0337,
DP_000102,PRO_000102,SUP_0035,
DP_006151,PRO_006151,SUP_0370,
DP_001121,PRO_001121,SUP_0078,
DP_003138,PRO_003138,SUP_0168,
DP_000020,PRO_000020,SUP_0003,
DP_005126,PRO_005126,SUP_0314,
DP_001174,PRO_001174,SUP_0078,
DP_002074,PRO_002074,SUP_0141,
DP_006610,PRO_006610,SUP_0370,
DP_005841,PRO_005841,SUP_0358,
DP_005112,PRO_005112,SUP_0313,
DP_000298,PRO_000298,SUP_0036,
DP_003779,PRO_003779,SUP_0238,
DP_005389,PRO_005389,SUP_0322,
DP_002453,PRO_002453,SUP_0141,
DP_001934,PRO_001934,SUP_0141,
DP_004844,PRO_004844,SUP_0299,
DP_001845,PRO_001845,SUP_0135,
DP_003965,PRO_003965,SUP_0264,
DP_005515,PRO_005515,SUP_0337,
DP_000122,PRO_000122,SUP_0035,
DP_006172,PRO_006172,SUP_0370,
DP_004640,PRO_004640,SUP_0298,
DP_001106,PRO_001106,SUP_0078,
DP_000013,PRO_000013,SUP_0003,
DP_003035,PRO_003035,SUP_0168,
DP_002075,PRO_002075,SUP_0141,
DP_003574,PRO_003574,SUP_0237,
DP_001065,PRO_001065,SUP_0078,
DP_006306,PRO_006306,SUP_0370,
DP_005890,PRO_005890,SUP_0358,
DP_005114,PRO_005114,SUP_0313,
DP_000246,PRO_000246,SUP_0036,
DP_003513,PRO_003513,SUP_0223,
DP_005288,PRO_005288,SUP_0322,
DP_002632,PRO_002632,SUP_0141,
DP_002566,PRO_002566,SUP_0141,
DP_004831,PRO_004831,SUP_0299,
DP_001841,PRO_001841,SUP_0135,
DP_003959,PRO_003959,SUP_0264,
DP_005537,PRO_005537,SUP_0337,
DP_000157,PRO_000157,SUP_0035,
DP_006147,PRO_006147,SUP_0370,
DP_004595,PRO_004595,SUP_0298,
DP_001107,PRO_001107,SUP_0078,
DP_000012,PRO_000012,SUP_0003,
DP_003036,PRO_003036,SUP_0168,
DP_003659,PRO_003659,SUP_0237,
DP_002076,PRO_002076,SUP_0141,
DP_006650,PRO_006650,SUP_0371,
DP_006577,PRO_006577,SUP_0370,
DP_005970,PRO_005970,SUP_0358,
DP_001678,PRO_001678,SUP_0119,
DP_000680,PRO_000680,SUP_0040,
DP_000245,PRO_000245,SUP_0036,
DP_004205,PRO_004205,SUP_0280,
DP_005311,PRO_005311,SUP_0322,
DP_002626,PRO_002626,SUP_0141,
DP_001847,PRO_001847,SUP_0135,
DP_002648,PRO_002648,SUP_0141,
DP_004830,PRO_004830,SUP_0299,
DP_003935,PRO_003935,SUP_0264,
DP_005528,PRO_005528,SUP_0337,
DP_000148,PRO_000148,SUP_0035,
DP_006171,PRO_006171,SUP_0370,
DP_004655,PRO_004655,SUP_0298,
DP_001120,PRO_001120,SUP_0078,
DP_004520,PRO_004520,SUP_0296,
DP_003037,PRO_003037,SUP_0168,
DP_003762,PRO_003762,SUP_0237,
DP_002021,PRO_002021,SUP_0141,
DP_004706,PRO_004706,SUP_0298,
DP_006637,PRO_006637,SUP_0370,
DP_006050,PRO_006050,SUP_0358,
DP_005113,PRO_005113,SUP_0313,
DP_000303,PRO_000303,SUP_0036,
DP_004204,PRO_004204,SUP_0280,
DP_005265,PRO_005265,SUP_0322,
DP_002486,PRO_002486,SUP_0141,
DP_001844,PRO_001844,SUP_0135,
DP_002274,PRO_002274,SUP_0141,
DP_004827,PRO_004827,SUP_0299,
DP_003960,PRO_003960,SUP_0264,
DP_005521,PRO_005521,SUP_0337,
DP_000146,PRO_000146,SUP_0035,
DP_006175,PRO_006175,SUP_0370,
DP_004550,PRO_004550,SUP_0298,
DP_001085,PRO_001085,SUP_0078,
DP_004522,PRO_004522,SUP_0296,
DP_002919,PRO_002919,SUP_0166,
DP_003640,PRO_003640,SUP_0237,
DP_004694,PRO_004694,SUP_0298,
DP_002022,PRO_002022,SUP_0141,
DP_006307,PRO_006307,SUP_0370,
DP_005846,PRO_005846,SUP_0358,
DP_005110,PRO_005110,SUP_0313,
DP_000304,PRO_000304,SUP_0036,
DP_004211,PRO_004211,SUP_0280,
DP_005382,PRO_005382,SUP_0322,
DP_002487,PRO_002487,SUP_0141,
DP_001846,PRO_001846,SUP_0135,
DP_002275,PRO_002275,SUP_0141,
DP_004826,PRO_004826,SUP_0299,
DP_003936,PRO_003936,SUP_0264,
DP_005517,PRO_005517,SUP_0337,
DP_000150,PRO_000150,SUP_0035,
DP_006168,PRO_006168,SUP_0370,
DP_003905,PRO_003905,SUP_0254,
DP_001066,PRO_001066,SUP_0078,
DP_004527,PRO_004527,SUP_0296,
DP_002913,PRO_002913,SUP_0166,
DP_003620,PRO_003620,SUP_0237,
DP_004589,PRO_004589,SUP_0298,
DP_002023,PRO_002023,SUP_0141,
DP_006578,PRO_006578,SUP_0370,
DP_005889,PRO_005889,SUP_0358,
DP_005048,PRO_005048,SUP_0313,
DP_000286,PRO_000286,SUP_0036,
DP_004235,PRO_004235,SUP_0280,
DP_005371,PRO_005371,SUP_0322,
DP_001842,PRO_001842,SUP_0135,
DP_002607,PRO_002607,SUP_0141,
DP_002233,PRO_002233,SUP_0141,
DP_001284,PRO_001284,SUP_0093,
DP_003937,PRO_003937,SUP_0264,
DP_005532,PRO_005532,SUP_0337,
DP_000093,PRO_000093,SUP_0035,
DP_006176,PRO_006176,SUP_0370,
DP_003311,PRO_003311,SUP_0174,
DP_001119,PRO_001119,SUP_0078,
DP_004521,PRO_004521,SUP_0296,
DP_002951,PRO_002951,SUP_0166,
DP_003756,PRO_003756,SUP_0237,
DP_004623,PRO_004623,SUP_0298,
DP_002024,PRO_002024,SUP_0141,
DP_006638,PRO_006638,SUP_0370,
DP_005969,PRO_005969,SUP_0358,
DP_005051,PRO_005051,SUP_0313,
DP_000257,PRO_000257,SUP_0036,
DP_004197,PRO_004197,SUP_0280,
DP_001848,PRO_001848,SUP_0135,
DP_005365,PRO_005365,SUP_0322,
DP_002485,PRO_002485,SUP_0141,
DP_002234,PRO_002234,SUP_0141,
DP_004828,PRO_004828,SUP_0299,
DP_003938,PRO_003938,SUP_0264,
DP_005534,PRO_005534,SUP_0337,
DP_000149,PRO_000149,SUP_0035,
DP_006153,PRO_006153,SUP_0370,
DP_004526,PRO_004526,SUP_0296,
DP_001104,PRO_001104,SUP_0078,
DP_002969,PRO_002969,SUP_0166,
DP_003621,PRO_003621,SUP_0237,
DP_004687,PRO_004687,SUP_0298,
DP_002025,PRO_002025,SUP_0141,
DP_003892,PRO_003892,SUP_0251,
DP_006302,PRO_006302,SUP_0370,
DP_006049,PRO_006049,SUP_0358,
DP_005053,PRO_005053,SUP_0313,
DP_004236,PRO_004236,SUP_0280,
DP_000258,PRO_000258,SUP_0036,
DP_004087,PRO_004087,SUP_0266,
DP_005390,PRO_005390,SUP_0322,
DP_002235,PRO_002235,SUP_0141,
DP_004829,PRO_004829,SUP_0299,
DP_003964,PRO_003964,SUP_0264,
DP_005635,PRO_005635,SUP_0337,
DP_000173,PRO_000173,SUP_0035,
DP_002409,PRO_002409,SUP_0141,
DP_006159,PRO_006159,SUP_0370,
DP_004524,PRO_004524,SUP_0296,
DP_001139,PRO_001139,SUP_0078,
DP_003000,PRO_003000,SUP_0166,
DP_003754,PRO_003754,SUP_0237,
DP_004652,PRO_004652,SUP_0298,
DP_002459,PRO_002459,SUP_0141,
DP_003893,PRO_003893,SUP_0251,
DP_006573,PRO_006573,SUP_0370,
DP_005845,PRO_005845,SUP_0358,
DP_005054,PRO_005054,SUP_0313,
DP_004228,PRO_004228,SUP_0280,
DP_000292,PRO_000292,SUP_0036,
DP_004037,PRO_004037,SUP_0266,
DP_005372,PRO_005372,SUP_0322,
DP_002287,PRO_002287,SUP_0141,
DP_004856,PRO_004856,SUP_0299,
DP_003956,PRO_003956,SUP_0264,
DP_005608,PRO_005608,SUP_0337,
DP_000178,PRO_000178,SUP_0035,
DP_002231,PRO_002231,SUP_0141,
DP_006170,PRO_006170,SUP_0370,
DP_004523,PRO_004523,SUP_0296,
DP_001093,PRO_001093,SUP_0078,
DP_003005,PRO_003005,SUP_0166,
DP_003753,PRO_003753,SUP_0237,
DP_002304,PRO_002304,SUP_0141,
DP_004653,PRO_004653,SUP_0298,
DP_003900,PRO_003900,SUP_0254,
DP_006633,PRO_006633,SUP_0370,
DP_005891,PRO_005891,SUP_0358,
DP_005049,PRO_005049,SUP_0313,
DP_004200,PRO_004200,SUP_0280,
DP_000293,PRO_000293,SUP_0036,
DP_004082,PRO_004082,SUP_0266,
DP_005388,PRO_005388,SUP_0322,
DP_002417,PRO_002417,SUP_0141,
DP_004875,PRO_004875,SUP_0299,
DP_003955,PRO_003955,SUP_0264,
DP_005529,PRO_005529,SUP_0337,
DP_002246,PRO_002246,SUP_0141,
DP_000174,PRO_000174,SUP_0035,
DP_006181,PRO_006181,SUP_0370,
DP_004525,PRO_004525,SUP_0296,
DP_001103,PRO_001103,SUP_0078,
DP_002997,PRO_002997,SUP_0166,
DP_003755,PRO_003755,SUP_0237,
DP_004645,PRO_004645,SUP_0298,
DP_002305,PRO_002305,SUP_0141,
DP_002826,PRO_002826,SUP_0151,
DP_006303,PRO_006303,SUP_0370,
DP_005971,PRO_005971,SUP_0358,
DP_005047,PRO_005047,SUP_0313,
DP_004206,PRO_004206,SUP_0280,
DP_004083,PRO_004083,SUP_0266,
DP_000269,PRO_000269,SUP_0036,
DP_005286,PRO_005286,SUP_0322,
DP_002232,PRO_002232,SUP_0141,
DP_004870,PRO_004870,SUP_0299,
DP_003963,PRO_003963,SUP_0264,
DP_005503,PRO_005503,SUP_0337,
DP_002245,PRO_002245,SUP_0141,
DP_000154,PRO_000154,SUP_0035,
DP_006184,PRO_006184,SUP_0370,
DP_000027,PRO_000027,SUP_0007,
DP_001080,PRO_001080,SUP_0078,
DP_002953,PRO_002953,SUP_0166,
DP_005131,PRO_005131,SUP_0314,
DP_004587,PRO_004587,SUP_0298,
DP_002306,PRO_002306,SUP_0141,
DP_006574,PRO_006574,SUP_0370,
DP_002855,PRO_002855,SUP_0157,
DP_006051,PRO_006051,SUP_0358,
DP_005052,PRO_005052,SUP_0313,
DP_004207,PRO_004207,SUP_0280,
DP_004104,PRO_004104,SUP_0266,
DP_000249,PRO_000249,SUP_0036,
DP_005396,PRO_005396,SUP_0322,
DP_002089,PRO_002089,SUP_0141,
DP_004862,PRO_004862,SUP_0299,
DP_003958,PRO_003958,SUP_0264,
DP_005541,PRO_005541,SUP_0337,
DP_002536,PRO_002536,SUP_0141,
DP_000153,PRO_000153,SUP_0035,
DP_006194,PRO_006194,SUP_0370,
DP_000029,PRO_000029,SUP_0009,
DP_001134,PRO_001134,SUP_0078,
DP_001741,PRO_001741,SUP_0127,
DP_003642,PRO_003642,SUP_0237,
DP_004633,PRO_004633,SUP_0298,
DP_001920,PRO_001920,SUP_0141,
DP_006634,PRO_006634,SUP_0370,
DP_001822,PRO_001822,SUP_0132,
DP_005847,PRO_005847,SUP_0358,
DP_005050,PRO_005050,SUP_0313,
DP_004240,PRO_004240,SUP_0280,
DP_004048,PRO_004048,SUP_0266,
DP_000250,PRO_000250,SUP_0036,
DP_005402,PRO_005402,SUP_0322,
DP_002357,PRO_002357,SUP_0141,
DP_004861,PRO_004861,SUP_0299,
DP_003954,PRO_003954,SUP_0264,
DP_005563,PRO_005563,SUP_0337,
DP_002526,PRO_002526,SUP_0141,
DP_000161,PRO_000161,SUP_0035,
DP_006188,PRO_006188,SUP_0370,
DP_001199,PRO_001199,SUP_0085,
DP_001135,PRO_001135,SUP_0078,
DP_001745,PRO_001745,SUP_0127,
DP_003734,PRO_003734,SUP_0237,
DP_006651,PRO_006651,SUP_0371,
DP_002434,PRO_002434,SUP_0141,
DP_006276,PRO_006276,SUP_0370,
DP_001820,PRO_001820,SUP_0132,
DP_005899,PRO_005899,SUP_0358,
DP_005028,PRO_005028,SUP_0313,
DP_004198,PRO_004198,SUP_0280,
DP_004049,PRO_004049,SUP_0266,
DP_000296,PRO_000296,SUP_0036,
DP_001663,PRO_001663,SUP_0119,
DP_005417,PRO_005417,SUP_0322,
DP_002361,PRO_002361,SUP_0141,
DP_004751,PRO_004751,SUP_0299,
DP_003957,PRO_003957,SUP_0264,
DP_005502,PRO_005502,SUP_0337,
DP_002195,PRO_002195,SUP_0141,
DP_000160,PRO_000160,SUP_0035,
DP_001198,PRO_001198,SUP_0085,
DP_001136,PRO_001136,SUP_0078,
DP_006180,PRO_006180,SUP_0370,
DP_001755,PRO_001755,SUP_0127,
DP_003776,PRO_003776,SUP_0237,
DP_002431,PRO_002431,SUP_0141,
DP_004532,PRO_004532,SUP_0298,
DP_006547,PRO_006547,SUP_0370,
DP_006666,PRO_006666,SUP_0376,
DP_005979,PRO_005979,SUP_0358,
DP_005029,PRO_005029,SUP_0313,
DP_004223,PRO_004223,SUP_0280,
DP_004118,PRO_004118,SUP_0266,
DP_000264,PRO_000264,SUP_0036,
DP_005393,PRO_005393,SUP_0322,
DP_002362,PRO_002362,SUP_0141,
DP_004750,PRO_004750,SUP_0299,
DP_003953,PRO_003953,SUP_0264,
DP_005562,PRO_005562,SUP_0337,
DP_002090,PRO_002090,SUP_0141,
DP_000151,PRO_000151,SUP_0035,
DP_001184,PRO_001184,SUP_0079,
DP_001137,PRO_001137,SUP_0078,
DP_006205,PRO_006205,SUP_0370,
DP_001765,PRO_001765,SUP_0127,
DP_003740,PRO_003740,SUP_0237,
DP_004720,PRO_004720,SUP_0298,
DP_002564,PRO_002564,SUP_0141,
DP_006607,PRO_006607,SUP_0370,
DP_003784,PRO_003784,SUP_0240,
DP_006059,PRO_006059,SUP_0358,
DP_004239,PRO_004239,SUP_0280,
DP_004092,PRO_004092,SUP_0266,
DP_005027,PRO_005027,SUP_0313,
DP_000263,PRO_000263,SUP_0036,
DP_005285,PRO_005285,SUP_0322,
DP_002312,PRO_002312,SUP_0141,
DP_004752,PRO_004752,SUP_0299,
DP_003951,PRO_003951,SUP_0264,
DP_005525,PRO_005525,SUP_0337,
DP_002077,PRO_002077,SUP_0141,
DP_000175,PRO_000175,SUP_0035,
DP_000059,PRO_000059,SUP_0023,
DP_001094,PRO_001094,SUP_0078,
DP_006182,PRO_006182,SUP_0370,
DP_001782,PRO_001782,SUP_0127,
DP_003741,PRO_003741,SUP_0237,
DP_002240,PRO_002240,SUP_0141,
DP_004590,PRO_004590,SUP_0298,
DP_006277,PRO_006277,SUP_0370,
DP_001823,PRO_001823,SUP_0132,
DP_005858,PRO_005858,SUP_0358,
DP_004202,PRO_004202,SUP_0280,
DP_004038,PRO_004038,SUP_0266,
DP_005115,PRO_005115,SUP_0313,
DP_000307,PRO_000307,SUP_0036,
DP_005287,PRO_005287,SUP_0322,
DP_001923,PRO_001923,SUP_0141,
DP_001470,PRO_001470,SUP_0110,
DP_003962,PRO_003962,SUP_0264,
DP_005523,PRO_005523,SUP_0337,
DP_002497,PRO_002497,SUP_0141,
DP_000128,PRO_000128,SUP_0035,
DP_003309,PRO_003309,SUP_0173,
DP_001088,PRO_001088,SUP_0078,
DP_006209,PRO_006209,SUP_0370,
DP_001781,PRO_001781,SUP_0127,
DP_003738,PRO_003738,SUP_0237,
DP_004537,PRO_004537,SUP_0298,
DP_002521,PRO_002521,SUP_0141,
DP_006548,PRO_006548,SUP_0370,
DP_001819,PRO_001819,SUP_0132,
DP_005898,PRO_005898,SUP_0358,
DP_004209,PRO_004209,SUP_0280,
DP_004039,PRO_004039,SUP_0266,
DP_005116,PRO_005116,SUP_0313,
DP_000310,PRO_000310,SUP_0036,
DP_005407,PRO_005407,SUP_0322,
DP_002019,PRO_002019,SUP_0141,
DP_004749,PRO_004749,SUP_0299,
DP_003941,PRO_003941,SUP_0264,
DP_005540,PRO_005540,SUP_0337,
DP_000129,PRO_000129,SUP_0035,
DP_002503,PRO_002503,SUP_0141,
DP_003308,PRO_003308,SUP_0173,
DP_006178,PRO_006178,SUP_0370,
DP_001132,PRO_001132,SUP_0078,
DP_001769,PRO_001769,SUP_0127,
DP_003765,PRO_003765,SUP_0237,
DP_004616,PRO_004616,SUP_0298,
DP_002520,PRO_002520,SUP_0141,
DP_006608,PRO_006608,SUP_0370,
DP_001821,PRO_001821,SUP_0132,
DP_005978,PRO_005978,SUP_0358,
DP_004212,PRO_004212,SUP_0280,
DP_004106,PRO_004106,SUP_0266,
DP_005097,PRO_005097,SUP_0313,
DP_005180,PRO_005180,SUP_0316,
DP_005408,PRO_005408,SUP_0322,
DP_001981,PRO_001981,SUP_0141,
DP_004874,PRO_004874,SUP_0299,
DP_003950,PRO_003950,SUP_0264,
DP_000165,PRO_000165,SUP_0035,
DP_002445,PRO_002445,SUP_0141,
DP_003310,PRO_003310,SUP_0173,
DP_005522,PRO_005522,SUP_0337,
DP_006192,PRO_006192,SUP_0370,
DP_001129,PRO_001129,SUP_0078,
DP_001767,PRO_001767,SUP_0127,
DP_003766,PRO_003766,SUP_0237,
DP_004615,PRO_004615,SUP_0298,
DP_001888,PRO_001888,SUP_0141,
DP_006282,PRO_006282,SUP_0370,
DP_006058,PRO_006058,SUP_0358,
DP_001818,PRO_001818,SUP_0132,
DP_004203,PRO_004203,SUP_0280,
DP_004107,PRO_004107,SUP_0266,
DP_005098,PRO_005098,SUP_0313,
DP_000309,PRO_000309,SUP_0036,
DP_005415,PRO_005415,SUP_0322,
DP_002116,PRO_002116,SUP_0141,
DP_003961,PRO_003961,SUP_0264,
DP_004873,PRO_004873,SUP_0299,
DP_000167,PRO_000167,SUP_0035,
DP_002646,PRO_002646,SUP_0141,
DP_000061,PRO_000061,SUP_0024,
DP_005506,PRO_005506,SUP_0337,
DP_006196,PRO_006196,SUP_0370,
DP_001068,PRO_001068,SUP_0078,
DP_001753,PRO_001753,SUP_0127,
DP_003639,PRO_003639,SUP_0237,
DP_001890,PRO_001890,SUP_0141,
DP_006553,PRO_006553,SUP_0370,
DP_005857,PRO_005857,SUP_0358,
DP_000588,PRO_000588,SUP_0036,
DP_004237,PRO_004237,SUP_0280,
DP_004097,PRO_004097,SUP_0266,
DP_005099,PRO_005099,SUP_0313,
DP_000288,PRO_000288,SUP_0036,
DP_005376,PRO_005376,SUP_0322,
DP_002115,PRO_002115,SUP_0141,
DP_003952,PRO_003952,SUP_0264,
DP_004871,PRO_004871,SUP_0299,
DP_000166,PRO_000166,SUP_0035,
DP_002071,PRO_002071,SUP_0141,
DP_004242,PRO_004242,SUP_0281,
DP_005507,PRO_005507,SUP_0337,
DP_006186,PRO_006186,SUP_0370,
DP_001086,PRO_001086,SUP_0078,
DP_001526,PRO_001526,SUP_0114,
DP_003751,PRO_003751,SUP_0237,
DP_002028,PRO_002028,SUP_0141,
DP_005699,PRO_005699,SUP_0347,
DP_006613,PRO_006613,SUP_0370,
DP_000026,PRO_000026,SUP_0006,
DP_000365,PRO_000365,SUP_0036,
DP_004192,PRO_004192,SUP_0280,
DP_004040,PRO_004040,SUP_0266,
DP_005100,PRO_005100,SUP_0313,
DP_000267,PRO_000267,SUP_0036,
DP_005377,PRO_005377,SUP_0322,
DP_002109,PRO_002109,SUP_0141,
DP_003940,PRO_003940,SUP_0264,
DP_004872,PRO_004872,SUP_0299,
DP_000162,PRO_000162,SUP_0035,
DP_001901,PRO_001901,SUP_0141,
DP_000040,PRO_000040,SUP_0014,
DP_005653,PRO_005653,SUP_0337,
DP_006201,PRO_006201,SUP_0370,
DP_001133,PRO_001133,SUP_0078,
DP_001510,PRO_001510,SUP_0114,
DP_005130,PRO_005130,SUP_0314,
DP_002029,PRO_002029,SUP_0141,
DP_005695,PRO_005695,SUP_0347,
DP_006283,PRO_006283,SUP_0370,
DP_005980,PRO_005980,SUP_0358,
DP_000631,PRO_000631,SUP_0036,
DP_003554,PRO_003554,SUP_0234,
DP_004077,PRO_004077,SUP_0266,
DP_005019,PRO_005019,SUP_0313,
DP_000295,PRO_000295,SUP_0036,
DP_005383,PRO_005383,SUP_0322,
DP_002110,PRO_002110,SUP_0141,
DP_003948,PRO_003948,SUP_0264,
DP_004728,PRO_004728,SUP_0299,
DP_000179,PRO_000179,SUP_0035,
DP_001902,PRO_001902,SUP_0141,
DP_000787,PRO_000787,SUP_0072,
DP_005655,PRO_005655,SUP_0337,
DP_001071,PRO_001071,SUP_0078,
DP_006193,PRO_006193,SUP_0370,
DP_003664,PRO_003664,SUP_0237,
DP_001557,PRO_001557,SUP_0114,
DP_002027,PRO_002027,SUP_0141,
DP_005691,PRO_005691,SUP_0347,
DP_006554,PRO_006554,SUP_0370,
DP_006060,PRO_006060,SUP_0358,
DP_000630,PRO_000630,SUP_0036,
DP_003550,PRO_003550,SUP_0234,
DP_004043,PRO_004043,SUP_0266,
DP_005020,PRO_005020,SUP_0313,
DP_000302,PRO_000302,SUP_0036,
DP_005379,PRO_005379,SUP_0322,
DP_001909,PRO_001909,SUP_0141,
DP_003946,PRO_003946,SUP_0264,
DP_004726,PRO_004726,SUP_0299,
DP_000164,PRO_000164,SUP_0035,
DP_001294,PRO_001294,SUP_0095,
DP_002219,PRO_002219,SUP_0141,
DP_005495,PRO_005495,SUP_0337,
DP_006187,PRO_006187,SUP_0370,
DP_001092,PRO_001092,SUP_0078,
DP_001754,PRO_001754,SUP_0127,
DP_003633,PRO_003633,SUP_0237,
DP_002137,PRO_002137,SUP_0141,
DP_006656,PRO_006656,SUP_0371,
DP_006614,PRO_006614,SUP_0370,
DP_005859,PRO_005859,SUP_0358,
DP_001387,PRO_001387,SUP_0109,
DP_004044,PRO_004044,SUP_0266,
DP_003551,PRO_003551,SUP_0234,
DP_005021,PRO_005021,SUP_0313,
DP_000301,PRO_000301,SUP_0036,
DP_001679,PRO_001679,SUP_0119,
DP_005374,PRO_005374,SUP_0322,
DP_001910,PRO_001910,SUP_0141,
DP_003947,PRO_003947,SUP_0264,
DP_004734,PRO_004734,SUP_0299,
DP_000177,PRO_000177,SUP_0035,
DP_002220,PRO_002220,SUP_0141,
DP_000030,PRO_000030,SUP_0010,
DP_005584,PRO_005584,SUP_0337,
DP_006195,PRO_006195,SUP_0370,
DP_001150,PRO_001150,SUP_0078,
DP_003744,PRO_003744,SUP_0237,
DP_001570,PRO_001570,SUP_0114,
DP_002093,PRO_002093,SUP_0141,
DP_005692,PRO_005692,SUP_0347,
DP_006272,PRO_006272,SUP_0370,
DP_005896,PRO_005896,SUP_0358,
DP_002819,PRO_002819,SUP_0147,
DP_000632,PRO_000632,SUP_0036,
DP_003549,PRO_003549,SUP_0234,
DP_005031,PRO_005031,SUP_0313,
DP_000266,PRO_000266,SUP_0036,
DP_005381,PRO_005381,SUP_0322,
DP_002414,PRO_002414,SUP_0141,
DP_003949,PRO_003949,SUP_0264,
DP_004843,PRO_004843,SUP_0299,
DP_000091,PRO_000091,SUP_0035,
DP_002208,PRO_002208,SUP_0141,
DP_000031,PRO_000031,SUP_0010,
DP_005649,PRO_005649,SUP_0337,
DP_006198,PRO_006198,SUP_0370,
DP_001159,PRO_001159,SUP_0078,
DP_003761,PRO_003761,SUP_0237,
DP_001571,PRO_001571,SUP_0114,
DP_001891,PRO_001891,SUP_0141,
DP_005690,PRO_005690,SUP_0347,
DP_006543,PRO_006543,SUP_0370,
DP_005976,PRO_005976,SUP_0358,
DP_004093,PRO_004093,SUP_0266,
DP_000431,PRO_000431,SUP_0036,
DP_003553,PRO_003553,SUP_0234,
DP_005032,PRO_005032,SUP_0313,
DP_000300,PRO_000300,SUP_0036,
DP_005386,PRO_005386,SUP_0322,
DP_002542,PRO_002542,SUP_0141,
DP_003942,PRO_003942,SUP_0264,
DP_004730,PRO_004730,SUP_0299,
DP_000142,PRO_000142,SUP_0035,
DP_001895,PRO_001895,SUP_0141,
DP_000719,PRO_000719,SUP_0048,
DP_005636,PRO_005636,SUP_0337,
DP_006199,PRO_006199,SUP_0370,
DP_001579,PRO_001579,SUP_0114,
DP_001158,PRO_001158,SUP_0078,
DP_003682,PRO_003682,SUP_0237,
DP_001889,PRO_001889,SUP_0141,
DP_005698,PRO_005698,SUP_0347,
DP_006603,PRO_006603,SUP_0370,
DP_006056,PRO_006056,SUP_0358,
DP_003989,PRO_003989,SUP_0266,
DP_000541,PRO_000541,SUP_0036,
DP_003431,PRO_003431,SUP_0206,
DP_005033,PRO_005033,SUP_0313,
DP_000311,PRO_000311,SUP_0036,
DP_002125,PRO_002125,SUP_0141,
DP_005385,PRO_005385,SUP_0322,
DP_003943,PRO_003943,SUP_0264,
DP_004731,PRO_004731,SUP_0299,
DP_002539,PRO_002539,SUP_0141,
DP_000720,PRO_000720,SUP_0048,
DP_000136,PRO_000136,SUP_0035,
DP_005554,PRO_005554,SUP_0337,
DP_006189,PRO_006189,SUP_0370,
DP_001553,PRO_001553,SUP_0114,
DP_001160,PRO_001160,SUP_0078,
DP_003629,PRO_003629,SUP_0237,
DP_002489,PRO_002489,SUP_0141,
DP_005696,PRO_005696,SUP_0347,
DP_006273,PRO_006273,SUP_0370,
DP_005854,PRO_005854,SUP_0358,
DP_004075,PRO_004075,SUP_0266,
DP_000501,PRO_000501,SUP_0036,
DP_003454,PRO_003454,SUP_0210,
DP_005034,PRO_005034,SUP_0313,
DP_000299,PRO_000299,SUP_0036,
DP_002464,PRO_002464,SUP_0141,
DP_005387,PRO_005387,SUP_0322,
DP_003944,PRO_003944,SUP_0264,
DP_004733,PRO_004733,SUP_0299,
DP_002538,PRO_002538,SUP_0141,
DP_000060,PRO_000060,SUP_0023,
DP_000105,PRO_000105,SUP_0035,
DP_005488,PRO_005488,SUP_0337,
DP_006190,PRO_006190,SUP_0370,
DP_001513,PRO_001513,SUP_0114,
DP_001075,PRO_001075,SUP_0078,
DP_003630,PRO_003630,SUP_0237,
DP_002010,PRO_002010,SUP_0141,
DP_002764,PRO_002764,SUP_0146,
DP_006544,PRO_006544,SUP_0370,
DP_005895,PRO_005895,SUP_0358,
DP_004014,PRO_004014,SUP_0266,
DP_000474,PRO_000474,SUP_0036,
DP_003418,PRO_003418,SUP_0198,
DP_005035,PRO_005035,SUP_0313,
DP_005179,PRO_005179,SUP_0316,
DP_002658,PRO_002658,SUP_0141,
DP_005370,PRO_005370,SUP_0322,
DP_003945,PRO_003945,SUP_0264,
DP_004729,PRO_004729,SUP_0299,
DP_000042,PRO_000042,SUP_0016,
DP_002101,PRO_002101,SUP_0141,
DP_000094,PRO_000094,SUP_0035,
DP_005603,PRO_005603,SUP_0337,
DP_006197,PRO_006197,SUP_0370,
DP_001572,PRO_001572,SUP_0114,
DP_001076,PRO_001076,SUP_0078,
DP_003722,PRO_003722,SUP_0237,
DP_002763,PRO_002763,SUP_0146,
DP_002410,PRO_002410,SUP_0141,
DP_006604,PRO_006604,SUP_0370,
DP_005975,PRO_005975,SUP_0358,
DP_004098,PRO_004098,SUP_0266,
DP_000404,PRO_000404,SUP_0036,
DP_003430,PRO_003430,SUP_0205,
DP_005030,PRO_005030,SUP_0313,
DP_000241,PRO_000241,SUP_0036,
DP_002657,PRO_002657,SUP_0141,
DP_005380,PRO_005380,SUP_0322,
DP_003967,PRO_003967,SUP_0264,
DP_004732,PRO_004732,SUP_0299,
DP_003184,PRO_003184,SUP_0170,
DP_002026,PRO_002026,SUP_0141,
DP_000097,PRO_000097,SUP_0035,
DP_005560,PRO_005560,SUP_0337,
DP_006206,PRO_006206,SUP_0370,
DP_001108,PRO_001108,SUP_0078,
DP_001622,PRO_001622,SUP_0114,
DP_003688,PRO_003688,SUP_0237,
DP_002758,PRO_002758,SUP_0146,
DP_001887,PRO_001887,SUP_0141,
DP_006267,PRO_006267,SUP_0370,
DP_006055,PRO_006055,SUP_0358,
DP_004099,PRO_004099,SUP_0266,
DP_000628,PRO_000628,SUP_0036,
DP_001185,PRO_001185,SUP_0080,
DP_005036,PRO_005036,SUP_0313,
DP_000240,PRO_000240,SUP_0036,
DP_001681,PRO_001681,SUP_0119,
DP_002656,PRO_002656,SUP_0141,
DP_005316,PRO_005316,SUP_0322,
DP_003968,PRO_003968,SUP_0264,
DP_004801,PRO_004801,SUP_0299,
DP_003250,PRO_003250,SUP_0170,
DP_002527,PRO_002527,SUP_0141,
DP_000135,PRO_000135,SUP_0035,
DP_005619,PRO_005619,SUP_0337,
DP_006183,PRO_006183,SUP_0370,
DP_001072,PRO_001072,SUP_0078,
DP_001612,PRO_001612,SUP_0114,
DP_003658,PRO_003658,SUP_0237,
DP_002760,PRO_002760,SUP_0146,
DP_002493,PRO_002493,SUP_0141,
DP_006538,PRO_006538,SUP_0370,
DP_005853,PRO_005853,SUP_0358,
DP_004100,PRO_004100,SUP_0266,
DP_000595,PRO_000595,SUP_0036,
DP_003342,PRO_003342,SUP_0184,
DP_005037,PRO_005037,SUP_0313,
DP_000308,PRO_000308,SUP_0036,
DP_002170,PRO_002170,SUP_0141,
DP_005239,PRO_005239,SUP_0322,
DP_003561,PRO_003561,SUP_0235,
DP_004809,PRO_004809,SUP_0299,
DP_003214,PRO_003214,SUP_0170,
DP_002550,PRO_002550,SUP_0141,
DP_000090,PRO_000090,SUP_0035,
DP_005538,PRO_005538,SUP_0337,
DP_006204,PRO_006204,SUP_0370,
DP_001110,PRO_001110,SUP_0078,
DP_001586,PRO_001586,SUP_0114,
DP_005122,PRO_005122,SUP_0314,
DP_006655,PRO_006655,SUP_0371,
DP_001940,PRO_001940,SUP_0141,
DP_006598,PRO_006598,SUP_0370,
DP_005897,PRO_005897,SUP_0358,
DP_004041,PRO_004041,SUP_0266,
DP_000452,PRO_000452,SUP_0036,
DP_005038,PRO_005038,SUP_0313,
DP_004193,PRO_004193,SUP_0280,
DP_000294,PRO_000294,SUP_0036,
DP_005313,PRO_005313,SUP_0322,
DP_002665,PRO_002665,SUP_0141,
DP_003560,PRO_003560,SUP_0235,
DP_004737,PRO_004737,SUP_0299,
DP_003208,PRO_003208,SUP_0170,
DP_002181,PRO_002181,SUP_0141,
DP_000156,PRO_000156,SUP_0035,
DP_005604,PRO_005604,SUP_0337,
DP_006179,PRO_006179,SUP_0370,
DP_001125,PRO_001125,SUP_0078,
DP_001484,PRO_001484,SUP_0114,
DP_003657,PRO_003657,SUP_0237,
DP_002822,PRO_002822,SUP_0147,
DP_002488,PRO_002488,SUP_0141,
DP_006268,PRO_006268,SUP_0370,
DP_005977,PRO_005977,SUP_0358,
DP_004102,PRO_004102,SUP_0266,
DP_000446,PRO_000446,SUP_0036,
DP_005039,PRO_005039,SUP_0313,
DP_004233,PRO_004233,SUP_0280,
DP_000271,PRO_000271,SUP_0036,
DP_005430,PRO_005430,SUP_0322,
DP_002314,PRO_002314,SUP_0141,
DP_003559,PRO_003559,SUP_0235,
DP_004789,PRO_004789,SUP_0299,
DP_003215,PRO_003215,SUP_0170,
DP_002524,PRO_002524,SUP_0141,
DP_000121,PRO_000121,SUP_0035,
DP_005564,PRO_005564,SUP_0337,
DP_006203,PRO_006203,SUP_0370,
DP_001179,PRO_001179,SUP_0078,
DP_001739,PRO_001739,SUP_0127,
DP_003653,PRO_003653,SUP_0237,
DP_006659,PRO_006659,SUP_0371,
DP_002491,PRO_002491,SUP_0141,
DP_006539,PRO_006539,SUP_0370,
DP_006057,PRO_006057,SUP_0358,
DP_004066,PRO_004066,SUP_0266,
DP_000548,PRO_000548,SUP_0036,
DP_005041,PRO_005041,SUP_0313,
DP_004217,PRO_004217,SUP_0280,
DP_000256,PRO_000256,SUP_0036,
DP_005236,PRO_005236,SUP_0322,
DP_002271,PRO_002271,SUP_0141,
DP_003966,PRO_003966,SUP_0264,
DP_004790,PRO_004790,SUP_0299,
DP_003261,PRO_003261,SUP_0170,
DP_002518,PRO_002518,SUP_0141,
DP_000176,PRO_000176,SUP_0035,
DP_005572,PRO_005572,SUP_0337,
DP_006207,PRO_006207,SUP_0370,
DP_001176,PRO_001176,SUP_0078,
DP_001511,PRO_001511,SUP_0114,
DP_003656,PRO_003656,SUP_0237,
DP_006658,PRO_006658,SUP_0371,
DP_002492,PRO_002492,SUP_0141,
DP_006599,PRO_006599,SUP_0370,
DP_005855,PRO_005855,SUP_0358,
DP_004067,PRO_004067,SUP_0266,
DP_000598,PRO_000598,SUP_0036,
DP_005040,PRO_005040,SUP_0313,
DP_004234,PRO_004234,SUP_0280,
DP_000265,PRO_000265,SUP_0036,
DP_005237,PRO_005237,SUP_0322,
DP_002567,PRO_002567,SUP_0141,
DP_000735,PRO_000735,SUP_0054,
DP_003205,PRO_003205,SUP_0170,
DP_004808,PRO_004808,SUP_0299,
DP_002502,PRO_002502,SUP_0141,
DP_000141,PRO_000141,SUP_0035,
DP_006200,PRO_006200,SUP_0370,
DP_005592,PRO_005592,SUP_0337,
DP_001171,PRO_001171,SUP_0078,
DP_001587,PRO_001587,SUP_0114,
DP_003655,PRO_003655,SUP_0237,
DP_006097,PRO_006097,SUP_0365,
DP_002082,PRO_002082,SUP_0141,
DP_006296,PRO_006296,SUP_0370,
DP_005913,PRO_005913,SUP_0358,
DP_004001,PRO_004001,SUP_0266,
DP_000350,PRO_000350,SUP_0036,
DP_004208,PRO_004208,SUP_0280,
DP_005042,PRO_005042,SUP_0313,
DP_000369,PRO_000369,SUP_0036,
DP_005404,PRO_005404,SUP_0322,
DP_002415,PRO_002415,SUP_0141,
DP_003247,PRO_003247,SUP_0170,
DP_004765,PRO_004765,SUP_0299,
DP_005472,PRO_005472,SUP_0330,
DP_002412,PRO_002412,SUP_0141,
DP_000137,PRO_000137,SUP_0035,
DP_006208,PRO_006208,SUP_0370,
DP_005555,PRO_005555,SUP_0337,
DP_001148,PRO_001148,SUP_0078,
DP_001588,PRO_001588,SUP_0114,
DP_003654,PRO_003654,SUP_0237,
DP_002081,PRO_002081,SUP_0141,
DP_000730,PRO_000730,SUP_0052,
DP_006567,PRO_006567,SUP_0370,
DP_005994,PRO_005994,SUP_0358,
DP_004114,PRO_004114,SUP_0266,
DP_000233,PRO_000233,SUP_0036,
DP_005043,PRO_005043,SUP_0313,
DP_004238,PRO_004238,SUP_0280,
DP_000370,PRO_000370,SUP_0036,
DP_005412,PRO_005412,SUP_0322,
DP_003221,PRO_003221,SUP_0170,
DP_002272,PRO_002272,SUP_0141,
DP_004736,PRO_004736,SUP_0299,
DP_005471,PRO_005471,SUP_0330,
DP_000138,PRO_000138,SUP_0035,
DP_001942,PRO_001942,SUP_0141,
DP_005639,PRO_005639,SUP_0337,
DP_006185,PRO_006185,SUP_0370,
DP_001172,PRO_001172,SUP_0078,
DP_001618,PRO_001618,SUP_0114,
DP_001987,PRO_001987,SUP_0141,
DP_000729,PRO_000729,SUP_0052,
DP_003571,PRO_003571,SUP_0237,
DP_006627,PRO_006627,SUP_0370,
DP_004061,PRO_004061,SUP_0266,
DP_006074,PRO_006074,SUP_0358,
DP_000393,PRO_000393,SUP_0036,
DP_004215,PRO_004215,SUP_0280,
DP_003980,PRO_003980,SUP_0265,
DP_000475,PRO_000475,SUP_0036,
DP_005369,PRO_005369,SUP_0322,
DP_003185,PRO_003185,SUP_0170,
DP_001990,PRO_001990,SUP_0141,
DP_004807,PRO_004807,SUP_0299,
DP_005460,PRO_005460,SUP_0330,
DP_000139,PRO_000139,SUP_0035,
DP_002335,PRO_002335,SUP_0141,
DP_005553,PRO_005553,SUP_0337,
DP_006191,PRO_006191,SUP_0370,
DP_001183,PRO_001183,SUP_0078,
DP_001621,PRO_001621,SUP_0114,
DP_002495,PRO_002495,SUP_0141,
DP_003976,PRO_003976,SUP_0265,
DP_003622,PRO_003622,SUP_0237,
DP_004110,PRO_004110,SUP_0266,
DP_006297,PRO_006297,SUP_0370,
DP_005875,PRO_005875,SUP_0358,
DP_000409,PRO_000409,SUP_0036,
DP_004201,PRO_004201,SUP_0280,
DP_003975,PRO_003975,SUP_0265,
DP_005181,PRO_005181,SUP_0316,
DP_005399,PRO_005399,SUP_0322,
DP_003248,PRO_003248,SUP_0170,
DP_002356,PRO_002356,SUP_0141,
DP_004786,PRO_004786,SUP_0299,
DP_005464,PRO_005464,SUP_0330,
DP_002351,PRO_002351,SUP_0141,
DP_003823,PRO_003823,SUP_0246,
DP_006202,PRO_006202,SUP_0370,
DP_005544,PRO_005544,SUP_0337,
DP_001865,PRO_001865,SUP_0140,
DP_001615,PRO_001615,SUP_0114,
DP_001963,PRO_001963,SUP_0141,
DP_005703,PRO_005703,SUP_0348,
DP_003647,PRO_003647,SUP_0237,
DP_004046,PRO_004046,SUP_0266,
DP_006568,PRO_006568,SUP_0370,
DP_005912,PRO_005912,SUP_0358,
DP_000478,PRO_000478,SUP_0036,
DP_004216,PRO_004216,SUP_0280,
DP_003979,PRO_003979,SUP_0265,
DP_000486,PRO_000486,SUP_0036,
DP_005409,PRO_005409,SUP_0322,
DP_003213,PRO_003213,SUP_0170,
DP_002191,PRO_002191,SUP_0141,
DP_005463,PRO_005463,SUP_0330,
DP_004787,PRO_004787,SUP_0299,
DP_002313,PRO_002313,SUP_0141,
DP_003824,PRO_003824,SUP_0246,
DP_006137,PRO_006137,SUP_0370,
DP_005496,PRO_005496,SUP_0337,
DP_001863,PRO_001863,SUP_0140,
DP_001617,PRO_001617,SUP_0114,
DP_002003,PRO_002003,SUP_0141,
DP_000673,PRO_000673,SUP_0040,
DP_003649,PRO_003649,SUP_0237,
DP_004045,PRO_004045,SUP_0266,
DP_006628,PRO_006628,SUP_0370,
DP_005993,PRO_005993,SUP_0358,
DP_000633,PRO_000633,SUP_0036,
DP_004227,PRO_004227,SUP_0280,
DP_003974,PRO_003974,SUP_0265,
DP_000468,PRO_000468,SUP_0036,
DP_006664,PRO_006664,SUP_0375,
DP_005416,PRO_005416,SUP_0322,
DP_001682,PRO_001682,SUP_0119,
DP_002169,PRO_002169,SUP_0141,
DP_005470,PRO_005470,SUP_0330,
DP_004823,PRO_004823,SUP_0299,
DP_001975,PRO_001975,SUP_0141,
DP_003833,PRO_003833,SUP_0248,
DP_005643,PRO_005643,SUP_0337,
DP_001864,PRO_001864,SUP_0140,
DP_001620,PRO_001620,SUP_0114,
DP_002008,PRO_002008,SUP_0141,
DP_005476,PRO_005476,SUP_0334,
DP_006136,PRO_006136,SUP_0370,
DP_003650,PRO_003650,SUP_0237,
DP_004065,PRO_004065,SUP_0266,
DP_006284,PRO_006284,SUP_0370,
DP_006073,PRO_006073,SUP_0358,
DP_000338,PRO_000338,SUP_0036,
DP_004199,PRO_004199,SUP_0280,
DP_003973,PRO_003973,SUP_0265,
DP_000238,PRO_000238,SUP_0036,
DP_006665,PRO_006665,SUP_0375,
DP_005378,PRO_005378,SUP_0322,
DP_002123,PRO_002123,SUP_0141,
DP_005468,PRO_005468,SUP_0330,
DP_004771,PRO_004771,SUP_0299,
DP_002165,PRO_002165,SUP_0141,
DP_003879,PRO_003879,SUP_0248,
DP_005559,PRO_005559,SUP_0337,
DP_001614,PRO_001614,SUP_0114,
DP_002111,PRO_002111,SUP_0141,
DP_006135,PRO_006135,SUP_0370,
DP_005457,PRO_005457,SUP_0327,
DP_005127,PRO_005127,SUP_0314,
DP_004033,PRO_004033,SUP_0266,
DP_006555,PRO_006555,SUP_0370,
DP_005874,PRO_005874,SUP_0358,
DP_000471,PRO_000471,SUP_0036,
DP_004241,PRO_004241,SUP_0280,
DP_003530,PRO_003530,SUP_0227,
DP_000577,PRO_000577,SUP_0036,
DP_003785,PRO_003785,SUP_0241,
DP_005400,PRO_005400,SUP_0322,
DP_002192,PRO_002192,SUP_0141,
DP_004785,PRO_004785,SUP_0299,
DP_005461,PRO_005461,SUP_0330,
DP_001968,PRO_001968,SUP_0141,
DP_003880,PRO_003880,SUP_0248,
DP_005657,PRO_005657,SUP_0337,
DP_001860,PRO_001860,SUP_0140,
DP_001616,PRO_001616,SUP_0114,
DP_002113,PRO_002113,SUP_0141,
DP_006431,PRO_006431,SUP_0370,
DP_003536,PRO_003536,SUP_0230,
DP_003648,PRO_003648,SUP_0237,
DP_002818,PRO_002818,SUP_0147,
DP_006615,PRO_006615,SUP_0370,
DP_005914,PRO_005914,SUP_0358,
DP_000421,PRO_000421,SUP_0036,
DP_004230,PRO_004230,SUP_0280,
DP_003528,PRO_003528,SUP_0227,
DP_000606,PRO_000606,SUP_0036,
DP_003786,PRO_003786,SUP_0241,
DP_005401,PRO_005401,SUP_0322,
DP_002190,PRO_002190,SUP_0141,
DP_004758,PRO_004758,SUP_0299,
DP_005462,PRO_005462,SUP_0330,
DP_001958,PRO_001958,SUP_0141,
DP_003832,PRO_003832,SUP_0248,
DP_001862,PRO_001862,SUP_0140,
DP_005587,PRO_005587,SUP_0337,
DP_001740,PRO_001740,SUP_0127,
DP_002112,PRO_002112,SUP_0141,
DP_006324,PRO_006324,SUP_0370,
DP_003604,PRO_003604,SUP_0237,
DP_005459,PRO_005459,SUP_0329,
DP_004103,PRO_004103,SUP_0266,
DP_006285,PRO_006285,SUP_0370,
DP_005995,PRO_005995,SUP_0358,
DP_004214,PRO_004214,SUP_0280,
DP_000413,PRO_000413,SUP_0036,
DP_003524,PRO_003524,SUP_0227,
DP_000184,PRO_000184,SUP_0036,
DP_003302,PRO_003302,SUP_0171,
DP_005394,PRO_005394,SUP_0322,
DP_001680,PRO_001680,SUP_0119,
DP_002651,PRO_002651,SUP_0141,
DP_004824,PRO_004824,SUP_0299,
DP_004981,PRO_004981,SUP_0309,
DP_002002,PRO_002002,SUP_0141,
DP_003867,PRO_003867,SUP_0248,
DP_004933,PRO_004933,SUP_0307,
DP_005613,PRO_005613,SUP_0337,
DP_001619,PRO_001619,SUP_0114,
DP_002145,PRO_002145,SUP_0141,
DP_006496,PRO_006496,SUP_0370,
DP_003652,PRO_003652,SUP_0237,
DP_005687,PRO_005687,SUP_0345,
DP_004068,PRO_004068,SUP_0266,
DP_006556,PRO_006556,SUP_0370,
DP_006075,PRO_006075,SUP_0358,
DP_000414,PRO_000414,SUP_0036,
DP_004220,PRO_004220,SUP_0280,
DP_003529,PRO_003529,SUP_0227,
DP_003223,PRO_003223,SUP_0170,
DP_000377,PRO_000377,SUP_0036,
DP_005391,PRO_005391,SUP_0322,
DP_001683,PRO_001683,SUP_0119,
DP_002122,PRO_002122,SUP_0141,
DP_004819,PRO_004819,SUP_0299,
DP_002309,PRO_002309,SUP_0141,
DP_003828,PRO_003828,SUP_0247,
DP_003868,PRO_003868,SUP_0248,
DP_002825,PRO_002825,SUP_0150,
DP_005659,PRO_005659,SUP_0337,
DP_001613,PRO_001613,SUP_0114,
DP_006432,PRO_006432,SUP_0370,
DP_003594,PRO_003594,SUP_0237,
DP_000674,PRO_000674,SUP_0040,
DP_004081,PRO_004081,SUP_0266,
DP_001935,PRO_001935,SUP_0141,
DP_006616,PRO_006616,SUP_0370,
DP_005876,PRO_005876,SUP_0358,
DP_000317,PRO_000317,SUP_0036,
DP_004221,PRO_004221,SUP_0280,
DP_003527,PRO_003527,SUP_0227,
DP_003298,PRO_003298,SUP_0170,
DP_000378,PRO_000378,SUP_0036,
DP_005284,PRO_005284,SUP_0322,
DP_001672,PRO_001672,SUP_0119,
DP_002120,PRO_002120,SUP_0141,
DP_004820,PRO_004820,SUP_0299,
DP_001960,PRO_001960,SUP_0141,
DP_003825,PRO_003825,SUP_0247,
DP_004148,PRO_004148,SUP_0268,
DP_003866,PRO_003866,SUP_0248,
DP_005593,PRO_005593,SUP_0337,
DP_006644,PRO_006644,SUP_0370,
DP_006325,PRO_006325,SUP_0370,
DP_003763,PRO_003763,SUP_0237,
DP_005688,PRO_005688,SUP_0345,
DP_004084,PRO_004084,SUP_0266,
DP_002146,PRO_002146,SUP_0141,
DP_006280,PRO_006280,SUP_0370,
DP_005904,PRO_005904,SUP_0358,
DP_000599,PRO_000599,SUP_0036,
DP_004219,PRO_004219,SUP_0280,
DP_003194,PRO_003194,SUP_0170,
DP_003525,PRO_003525,SUP_0227,
DP_000380,PRO_000380,SUP_0036,
DP_005420,PRO_005420,SUP_0322,
DP_001670,PRO_001670,SUP_0119,
DP_002119,PRO_002119,SUP_0141,
DP_004821,PRO_004821,SUP_0299,
DP_001962,PRO_001962,SUP_0141,
DP_004262,PRO_004262,SUP_0287,
DP_004150,PRO_004150,SUP_0268,
DP_003853,PRO_003853,SUP_0248,
DP_005661,PRO_005661,SUP_0337,
DP_006645,PRO_006645,SUP_0370,
DP_006497,PRO_006497,SUP_0370,
DP_003985,PRO_003985,SUP_0266,
DP_003573,PRO_003573,SUP_0237,
DP_003505,PRO_003505,SUP_0220,
DP_001936,PRO_001936,SUP_0141,
DP_005985,PRO_005985,SUP_0358,
DP_006551,PRO_006551,SUP_0370,
DP_000557,PRO_000557,SUP_0036,
DP_004226,PRO_004226,SUP_0280,
DP_003206,PRO_003206,SUP_0170,
DP_000374,PRO_000374,SUP_0036,
DP_003526,PRO_003526,SUP_0227,
DP_005263,PRO_005263,SUP_0322,
DP_001674,PRO_001674,SUP_0119,
DP_002121,PRO_002121,SUP_0141,
DP_004822,PRO_004822,SUP_0299,
DP_002267,PRO_002267,SUP_0141,
DP_001774,PRO_001774,SUP_0127,
DP_004149,PRO_004149,SUP_0268,
DP_003852,PRO_003852,SUP_0248,
DP_005498,PRO_005498,SUP_0337,
DP_001326,PRO_001326,SUP_0105,
DP_006426,PRO_006426,SUP_0370,
DP_004072,PRO_004072,SUP_0266,
DP_003503,PRO_003503,SUP_0220,
DP_003638,PRO_003638,SUP_0237,
DP_002452,PRO_002452,SUP_0141,
DP_006065,PRO_006065,SUP_0358,
DP_006611,PRO_006611,SUP_0370,
DP_000558,PRO_000558,SUP_0036,
DP_004218,PRO_004218,SUP_0280,
DP_003291,PRO_003291,SUP_0170,
DP_005182,PRO_005182,SUP_0316,
DP_003531,PRO_003531,SUP_0227,
DP_001671,PRO_001671,SUP_0119,
DP_002558,PRO_002558,SUP_0141,
DP_004773,PRO_004773,SUP_0299,
DP_002091,PRO_002091,SUP_0141,
DP_001316,PRO_001316,SUP_0101,
DP_005561,PRO_005561,SUP_0337,
DP_003851,PRO_003851,SUP_0248,
DP_004085,PRO_004085,SUP_0266,
DP_001325,PRO_001325,SUP_0105,
DP_004151,PRO_004151,SUP_0268,
DP_003502,PRO_003502,SUP_0220,
DP_001941,PRO_001941,SUP_0141,
DP_005866,PRO_005866,SUP_0358,
DP_006281,PRO_006281,SUP_0370,
DP_006423,PRO_006423,SUP_0370,
DP_003569,PRO_003569,SUP_0237,
DP_000556,PRO_000556,SUP_0036,
DP_004225,PRO_004225,SUP_0280,
DP_003299,PRO_003299,SUP_0170,
DP_001318,PRO_001318,SUP_0103,
DP_000379,PRO_000379,SUP_0036,
DP_005289,PRO_005289,SUP_0322,
DP_001686,PRO_001686,SUP_0119,
DP_002442,PRO_002442,SUP_0141,
DP_004768,PRO_004768,SUP_0299,
DP_002373,PRO_002373,SUP_0141,
DP_003544,PRO_003544,SUP_0233,
DP_005610,PRO_005610,SUP_0337,
DP_003876,PRO_003876,SUP_0248,
DP_004086,PRO_004086,SUP_0266,
DP_001327,PRO_001327,SUP_0105,
DP_002875,PRO_002875,SUP_0161,
DP_003504,PRO_003504,SUP_0220,
DP_002055,PRO_002055,SUP_0141,
DP_005903,PRO_005903,SUP_0358,
DP_006552,PRO_006552,SUP_0370,
DP_006320,PRO_006320,SUP_0370,
DP_003635,PRO_003635,SUP_0237,
DP_000869,PRO_000869,SUP_0074,
DP_000570,PRO_000570,SUP_0036,
DP_003297,PRO_003297,SUP_0170,
DP_001319,PRO_001319,SUP_0103,
DP_000381,PRO_000381,SUP_0036,
DP_005358,PRO_005358,SUP_0322,
DP_001685,PRO_001685,SUP_0119,
DP_002189,PRO_002189,SUP_0141,
DP_004859,PRO_004859,SUP_0299,
DP_001996,PRO_001996,SUP_0141,
DP_006078,PRO_006078,SUP_0359,
DP_005566,PRO_005566,SUP_0337,
DP_004091,PRO_004091,SUP_0266,
DP_003849,PRO_003849,SUP_0248,
DP_002881,PRO_002881,SUP_0161,
DP_005746,PRO_005746,SUP_0358,
DP_003500,PRO_003500,SUP_0219,
DP_002056,PRO_002056,SUP_0141,
DP_005984,PRO_005984,SUP_0358,
DP_006612,PRO_006612,SUP_0370,
DP_003568,PRO_003568,SUP_0237,
DP_006492,PRO_006492,SUP_0370,
DP_000868,PRO_000868,SUP_0074,
DP_000566,PRO_000566,SUP_0036,
DP_003300,PRO_003300,SUP_0170,
DP_001320,PRO_001320,SUP_0103,
DP_000375,PRO_000375,SUP_0036,
DP_005362,PRO_005362,SUP_0322,
DP_001688,PRO_001688,SUP_0119,
DP_002124,PRO_002124,SUP_0141,
DP_001948,PRO_001948,SUP_0141,
DP_004817,PRO_004817,SUP_0299,
DP_001379,PRO_001379,SUP_0107,
DP_004127,PRO_004127,SUP_0266,
DP_005557,PRO_005557,SUP_0337,
DP_003869,PRO_003869,SUP_0248,
DP_005743,PRO_005743,SUP_0358,
DP_003489,PRO_003489,SUP_0219,
DP_002877,PRO_002877,SUP_0161,
DP_002049,PRO_002049,SUP_0141,
DP_006064,PRO_006064,SUP_0358,
DP_006254,PRO_006254,SUP_0370,
DP_006424,PRO_006424,SUP_0370,
DP_005134,PRO_005134,SUP_0314,
DP_000865,PRO_000865,SUP_0074,
DP_001425,PRO_001425,SUP_0109,
DP_003249,PRO_003249,SUP_0170,
DP_000376,PRO_000376,SUP_0036,
DP_001321,PRO_001321,SUP_0103,
DP_005238,PRO_005238,SUP_0322,
DP_001687,PRO_001687,SUP_0119,
DP_002463,PRO_002463,SUP_0141,
DP_004815,PRO_004815,SUP_0299,
DP_001997,PRO_001997,SUP_0141,
DP_001383,PRO_001383,SUP_0107,
DP_004079,PRO_004079,SUP_0266,
DP_005565,PRO_005565,SUP_0337,
DP_003859,PRO_003859,SUP_0248,
DP_005748,PRO_005748,SUP_0358,
DP_003492,PRO_003492,SUP_0219,
DP_002050,PRO_002050,SUP_0141,
DP_005865,PRO_005865,SUP_0358,
DP_006525,PRO_006525,SUP_0370,
DP_006321,PRO_006321,SUP_0370,
DP_003572,PRO_003572,SUP_0237,
DP_002872,PRO_002872,SUP_0161,
DP_004185,PRO_004185,SUP_0278,
DP_000567,PRO_000567,SUP_0036,
DP_003262,PRO_003262,SUP_0170,
DP_000185,PRO_000185,SUP_0036,
DP_003523,PRO_003523,SUP_0226,
DP_005283,PRO_005283,SUP_0322,
DP_001689,PRO_001689,SUP_0119,
DP_002187,PRO_002187,SUP_0141,
DP_004740,PRO_004740,SUP_0299,
DP_001983,PRO_001983,SUP_0141,
DP_001382,PRO_001382,SUP_0107,
DP_004112,PRO_004112,SUP_0266,
DP_005556,PRO_005556,SUP_0337,
DP_003873,PRO_003873,SUP_0248,
DP_001786,PRO_001786,SUP_0127,
DP_003495,PRO_003495,SUP_0219,
DP_002052,PRO_002052,SUP_0141,
DP_005905,PRO_005905,SUP_0358,
DP_006585,PRO_006585,SUP_0370,
DP_006493,PRO_006493,SUP_0370,
DP_003637,PRO_003637,SUP_0237,
DP_002866,PRO_002866,SUP_0161,
DP_000084,PRO_000084,SUP_0032,
DP_000565,PRO_000565,SUP_0036,
DP_003203,PRO_003203,SUP_0170,
DP_000504,PRO_000504,SUP_0036,
DP_003522,PRO_003522,SUP_0226,
DP_005355,PRO_005355,SUP_0322,
DP_001677,PRO_001677,SUP_0119,
DP_002183,PRO_002183,SUP_0141,
DP_004742,PRO_004742,SUP_0299,
DP_001978,PRO_001978,SUP_0141,
DP_001380,PRO_001380,SUP_0107,
DP_003996,PRO_003996,SUP_0266,
DP_003881,PRO_003881,SUP_0248,
DP_005749,PRO_005749,SUP_0358,
DP_003496,PRO_003496,SUP_0219,
DP_002051,PRO_002051,SUP_0141,
DP_005986,PRO_005986,SUP_0358,
DP_005491,PRO_005491,SUP_0337,
DP_003607,PRO_003607,SUP_0237,
DP_006495,PRO_006495,SUP_0370,
DP_006255,PRO_006255,SUP_0370,
DP_002862,PRO_002862,SUP_0161,
DP_006667,PRO_006667,SUP_0377,
DP_000569,PRO_000569,SUP_0036,
DP_003204,PRO_003204,SUP_0170,
DP_000502,PRO_000502,SUP_0036,
DP_002890,PRO_002890,SUP_0163,
DP_005361,PRO_005361,SUP_0322,
DP_001676,PRO_001676,SUP_0119,
DP_002186,PRO_002186,SUP_0141,
DP_004739,PRO_004739,SUP_0299,
DP_002437,PRO_002437,SUP_0141,
DP_001381,PRO_001381,SUP_0107,
DP_003997,PRO_003997,SUP_0266,
DP_003850,PRO_003850,SUP_0248,
DP_005750,PRO_005750,SUP_0358,
DP_000678,PRO_000678,SUP_0040,
DP_002058,PRO_002058,SUP_0141,
DP_006066,PRO_006066,SUP_0358,
DP_003712,PRO_003712,SUP_0237,
DP_006323,PRO_006323,SUP_0370,
DP_005497,PRO_005497,SUP_0337,
DP_006526,PRO_006526,SUP_0370,
DP_002868,PRO_002868,SUP_0161,
DP_001859,PRO_001859,SUP_0139,
DP_000568,PRO_000568,SUP_0036,
DP_003198,PRO_003198,SUP_0170,
DP_000503,PRO_000503,SUP_0036,
DP_002891,PRO_002891,SUP_0163,
DP_005397,PRO_005397,SUP_0322,
DP_001691,PRO_001691,SUP_0119,
DP_002182,PRO_002182,SUP_0141,
DP_004741,PRO_004741,SUP_0299,
DP_002133,PRO_002133,SUP_0141,
DP_001384,PRO_001384,SUP_0107,
DP_004113,PRO_004113,SUP_0266,
DP_003865,PRO_003865,SUP_0248,
DP_005752,PRO_005752,SUP_0358,
DP_003488,PRO_003488,SUP_0219,
DP_002061,PRO_002061,SUP_0141,
DP_005867,PRO_005867,SUP_0358,
DP_003706,PRO_003706,SUP_0237,
DP_006395,PRO_006395,SUP_0370,
DP_006586,PRO_006586,SUP_0370,
DP_005576,PRO_005576,SUP_0337,
DP_002884,PRO_002884,SUP_0161,
DP_002909,PRO_002909,SUP_0165,
DP_003191,PRO_003191,SUP_0170,
DP_000335,PRO_000335,SUP_0036,
DP_000497,PRO_000497,SUP_0036,
DP_002893,PRO_002893,SUP_0163,
DP_005138,PRO_005138,SUP_0314,
DP_002188,PRO_002188,SUP_0141,
DP_004766,PRO_004766,SUP_0299,
DP_002108,PRO_002108,SUP_0141,
DP_005203,PRO_005203,SUP_0320,
DP_004094,PRO_004094,SUP_0266,
DP_003858,PRO_003858,SUP_0248,
DP_005747,PRO_005747,SUP_0358,
DP_003494,PRO_003494,SUP_0219,
DP_002053,PRO_002053,SUP_0141,
DP_005881,PRO_005881,SUP_0358,
DP_003745,PRO_003745,SUP_0237,
DP_006394,PRO_006394,SUP_0370,
DP_002883,PRO_002883,SUP_0161,
DP_006256,PRO_006256,SUP_0370,
DP_005583,PRO_005583,SUP_0337,
DP_002910,PRO_002910,SUP_0165,
DP_003235,PRO_003235,SUP_0170,
DP_000334,PRO_000334,SUP_0036,
DP_000403,PRO_000403,SUP_0036,
DP_002892,PRO_002892,SUP_0163,
DP_005410,PRO_005410,SUP_0322,
DP_002185,PRO_002185,SUP_0141,
DP_005145,PRO_005145,SUP_0314,
DP_004818,PRO_004818,SUP_0299,
DP_002543,PRO_002543,SUP_0141,
DP_005204,PRO_005204,SUP_0320,
DP_003994,PRO_003994,SUP_0266,
DP_003871,PRO_003871,SUP_0248,
DP_005745,PRO_005745,SUP_0358,
DP_003493,PRO_003493,SUP_0219,
DP_002059,PRO_002059,SUP_0141,
DP_005961,PRO_005961,SUP_0358,
DP_003583,PRO_003583,SUP_0237,
DP_006377,PRO_006377,SUP_0370,
DP_002878,PRO_002878,SUP_0161,
DP_005582,PRO_005582,SUP_0337,
DP_006527,PRO_006527,SUP_0370,
DP_001851,PRO_001851,SUP_0136,
DP_003295,PRO_003295,SUP_0170,
DP_000590,PRO_000590,SUP_0036,
DP_005185,PRO_005185,SUP_0316,
DP_003977,PRO_003977,SUP_0265,
DP_005356,PRO_005356,SUP_0322,
DP_002184,PRO_002184,SUP_0141,
DP_004746,PRO_004746,SUP_0299,
DP_005137,PRO_005137,SUP_0314,
DP_001908,PRO_001908,SUP_0141,
DP_003995,PRO_003995,SUP_0266,
DP_005202,PRO_005202,SUP_0320,
DP_005751,PRO_005751,SUP_0358,
DP_003874,PRO_003874,SUP_0248,
DP_003501,PRO_003501,SUP_0219,
DP_002057,PRO_002057,SUP_0141,
DP_006041,PRO_006041,SUP_0358,
DP_003628,PRO_003628,SUP_0237,
DP_006376,PRO_006376,SUP_0370,
DP_002880,PRO_002880,SUP_0161,
DP_006587,PRO_006587,SUP_0370,
DP_005579,PRO_005579,SUP_0337,
DP_000769,PRO_000769,SUP_0065,
DP_003190,PRO_003190,SUP_0170,
DP_000470,PRO_000470,SUP_0036,
DP_000637,PRO_000637,SUP_0036,
DP_003982,PRO_003982,SUP_0265,
DP_005398,PRO_005398,SUP_0322,
DP_002248,PRO_002248,SUP_0141,
DP_004798,PRO_004798,SUP_0299,
DP_002664,PRO_002664,SUP_0141,
DP_005141,PRO_005141,SUP_0314,
DP_004125,PRO_004125,SUP_0266,
DP_005205,PRO_005205,SUP_0320,
DP_006077,PRO_006077,SUP_0358,
DP_003497,PRO_003497,SUP_0219,
DP_003875,PRO_003875,SUP_0248,
DP_005836,PRO_005836,SUP_0358,
DP_002614,PRO_002614,SUP_0141,
DP_003748,PRO_003748,SUP_0237,
DP_006391,PRO_006391,SUP_0370,
DP_002885,PRO_002885,SUP_0161,
DP_005578,PRO_005578,SUP_0337,
DP_006257,PRO_006257,SUP_0370,
DP_003314,PRO_003314,SUP_0176,
DP_003193,PRO_003193,SUP_0170,
DP_000401,PRO_000401,SUP_0036,
DP_000639,PRO_000639,SUP_0036,
DP_003981,PRO_003981,SUP_0265,
DP_005403,PRO_005403,SUP_0322,
DP_002249,PRO_002249,SUP_0141,
DP_004867,PRO_004867,SUP_0299,
DP_001899,PRO_001899,SUP_0141,
DP_004126,PRO_004126,SUP_0266,
DP_000761,PRO_000761,SUP_0064,
DP_005140,PRO_005140,SUP_0314,
DP_005838,PRO_005838,SUP_0358,
DP_003482,PRO_003482,SUP_0219,
DP_003864,PRO_003864,SUP_0248,
DP_005880,PRO_005880,SUP_0358,
DP_002615,PRO_002615,SUP_0141,
DP_003672,PRO_003672,SUP_0237,
DP_006312,PRO_006312,SUP_0370,
DP_002882,PRO_002882,SUP_0161,
DP_005581,PRO_005581,SUP_0337,
DP_006528,PRO_006528,SUP_0370,
DP_003313,PRO_003313,SUP_0176,
DP_003259,PRO_003259,SUP_0170,
DP_000400,PRO_000400,SUP_0036,
DP_000640,PRO_000640,SUP_0036,
DP_003983,PRO_003983,SUP_0265,
DP_005411,PRO_005411,SUP_0322,
DP_002318,PRO_002318,SUP_0141,
DP_004849,PRO_004849,SUP_0299,
DP_002277,PRO_002277,SUP_0141,
DP_004059,PRO_004059,SUP_0266,
DP_000764,PRO_000764,SUP_0064,
DP_005139,PRO_005139,SUP_0314,
DP_005753,PRO_005753,SUP_0358,
DP_005960,PRO_005960,SUP_0358,
DP_003491,PRO_003491,SUP_0219,
DP_002613,PRO_002613,SUP_0141,
DP_003861,PRO_003861,SUP_0248,
DP_005135,PRO_005135,SUP_0314,
DP_006510,PRO_006510,SUP_0370,
DP_004139,PRO_004139,SUP_0267,
DP_005580,PRO_005580,SUP_0337,
DP_006588,PRO_006588,SUP_0370,
DP_003296,PRO_003296,SUP_0170,
DP_004516,PRO_004516,SUP_0293,
DP_003466,PRO_003466,SUP_0213,
DP_000638,PRO_000638,SUP_0036,
DP_003978,PRO_003978,SUP_0265,
DP_005357,PRO_005357,SUP_0322,
DP_002371,PRO_002371,SUP_0141,
DP_004864,PRO_004864,SUP_0299,
DP_004009,PRO_004009,SUP_0266,
DP_002016,PRO_002016,SUP_0141,
DP_005144,PRO_005144,SUP_0314,
DP_002733,PRO_002733,SUP_0145,
DP_005742,PRO_005742,SUP_0358,
DP_006040,PRO_006040,SUP_0358,
DP_003481,PRO_003481,SUP_0219,
DP_002610,PRO_002610,SUP_0141,
DP_003862,PRO_003862,SUP_0248,
DP_003733,PRO_003733,SUP_0237,
DP_004140,PRO_004140,SUP_0267,
DP_006366,PRO_006366,SUP_0370,
DP_003243,PRO_003243,SUP_0170,
DP_006258,PRO_006258,SUP_0370,
DP_005567,PRO_005567,SUP_0337,
DP_004515,PRO_004515,SUP_0293,
DP_000399,PRO_000399,SUP_0036,
DP_000215,PRO_000215,SUP_0036,
DP_005477,PRO_005477,SUP_0335,
DP_005360,PRO_005360,SUP_0322,
DP_002099,PRO_002099,SUP_0141,
DP_006096,PRO_006096,SUP_0364,
DP_004074,PRO_004074,SUP_0266,
DP_002565,PRO_002565,SUP_0141,
DP_005133,PRO_005133,SUP_0314,
DP_002735,PRO_002735,SUP_0145,
DP_001760,PRO_001760,SUP_0127,
DP_003484,PRO_003484,SUP_0219,
DP_005835,PRO_005835,SUP_0358,
DP_002619,PRO_002619,SUP_0141,
DP_003863,PRO_003863,SUP_0248,
DP_003736,PRO_003736,SUP_0237,
DP_004132,PRO_004132,SUP_0267,
DP_006319,PRO_006319,SUP_0370,
DP_003244,PRO_003244,SUP_0170,
DP_006529,PRO_006529,SUP_0370,
DP_004886,PRO_004886,SUP_0302,
DP_005575,PRO_005575,SUP_0337,
DP_000428,PRO_000428,SUP_0036,
DP_000213,PRO_000213,SUP_0036,
DP_005478,PRO_005478,SUP_0335,
DP_005421,PRO_005421,SUP_0322,
DP_002063,PRO_002063,SUP_0141,
DP_004847,PRO_004847,SUP_0299,
DP_004054,PRO_004054,SUP_0266,
DP_002258,PRO_002258,SUP_0141,
DP_005118,PRO_005118,SUP_0314,
DP_002734,PRO_002734,SUP_0145,
DP_005744,PRO_005744,SUP_0358,
DP_003480,PRO_003480,SUP_0219,
DP_005882,PRO_005882,SUP_0358,
DP_002616,PRO_002616,SUP_0141,
DP_003870,PRO_003870,SUP_0248,
DP_006491,PRO_006491,SUP_0370,
DP_003735,PRO_003735,SUP_0237,
DP_004146,PRO_004146,SUP_0267,
DP_003245,PRO_003245,SUP_0170,
DP_006589,PRO_006589,SUP_0370,
DP_001310,PRO_001310,SUP_0099,
DP_005172,PRO_005172,SUP_0316,
DP_000429,PRO_000429,SUP_0036,
DP_000214,PRO_000214,SUP_0036,
DP_005454,PRO_005454,SUP_0324,
DP_005298,PRO_005298,SUP_0322,
DP_002062,PRO_002062,SUP_0141,
DP_001661,PRO_001661,SUP_0118,
DP_004865,PRO_004865,SUP_0299,
DP_002257,PRO_002257,SUP_0141,
DP_005136,PRO_005136,SUP_0314,
DP_000763,PRO_000763,SUP_0064,
DP_005754,PRO_005754,SUP_0358,
DP_000675,PRO_000675,SUP_0040,
DP_005962,PRO_005962,SUP_0358,
DP_002624,PRO_002624,SUP_0141,
DP_003857,PRO_003857,SUP_0248,
DP_006425,PRO_006425,SUP_0370,
DP_003222,PRO_003222,SUP_0170,
DP_004147,PRO_004147,SUP_0267,
DP_003758,PRO_003758,SUP_0237,
DP_006259,PRO_006259,SUP_0370,
DP_001298,PRO_001298,SUP_0099,
DP_004681,PRO_004681,SUP_0298,
DP_000427,PRO_000427,SUP_0036,
DP_000453,PRO_000453,SUP_0036,
DP_005453,PRO_005453,SUP_0324,
DP_005443,PRO_005443,SUP_0322,
DP_002011,PRO_002011,SUP_0141,
DP_004056,PRO_004056,SUP_0266,
DP_004825,PRO_004825,SUP_0299,
DP_002341,PRO_002341,SUP_0141,
DP_005142,PRO_005142,SUP_0314,
DP_000765,PRO_000765,SUP_0064,
DP_005755,PRO_005755,SUP_0358,
DP_003483,PRO_003483,SUP_0219,
DP_006042,PRO_006042,SUP_0358,
DP_002625,PRO_002625,SUP_0141,
DP_003856,PRO_003856,SUP_0248,
DP_006322,PRO_006322,SUP_0370,
DP_003197,PRO_003197,SUP_0170,
DP_003691,PRO_003691,SUP_0237,
DP_004135,PRO_004135,SUP_0267,
DP_006530,PRO_006530,SUP_0370,
DP_001313,PRO_001313,SUP_0099,
DP_000426,PRO_000426,SUP_0036,
DP_004682,PRO_004682,SUP_0298,
DP_000353,PRO_000353,SUP_0036,
DP_001421,PRO_001421,SUP_0109,
DP_005345,PRO_005345,SUP_0322,
DP_002642,PRO_002642,SUP_0141,
DP_004057,PRO_004057,SUP_0266,
DP_004863,PRO_004863,SUP_0299,
DP_002358,PRO_002358,SUP_0141,
DP_005132,PRO_005132,SUP_0314,
DP_001475,PRO_001475,SUP_0111,
DP_005953,PRO_005953,SUP_0358,
DP_003498,PRO_003498,SUP_0219,
DP_005837,PRO_005837,SUP_0358,
DP_002097,PRO_002097,SUP_0141,
DP_003872,PRO_003872,SUP_0248,
DP_003232,PRO_003232,SUP_0170,
DP_006494,PRO_006494,SUP_0370,
DP_004133,PRO_004133,SUP_0267,
DP_003752,PRO_003752,SUP_0237,
DP_006590,PRO_006590,SUP_0370,
DP_001309,PRO_001309,SUP_0099,
DP_000423,PRO_000423,SUP_0036,
DP_004680,PRO_004680,SUP_0298,
DP_000351,PRO_000351,SUP_0036,
DP_001420,PRO_001420,SUP_0109,
DP_005297,PRO_005297,SUP_0322,
DP_004055,PRO_004055,SUP_0266,
DP_002643,PRO_002643,SUP_0141,
DP_004868,PRO_004868,SUP_0299,
DP_002451,PRO_002451,SUP_0141,
DP_005151,PRO_005151,SUP_0314,
DP_001471,PRO_001471,SUP_0111,
DP_006076,PRO_006076,SUP_0358,
DP_003499,PRO_003499,SUP_0219,
DP_005901,PRO_005901,SUP_0358,
DP_001914,PRO_001914,SUP_0141,
DP_003860,PRO_003860,SUP_0248,
DP_003234,PRO_003234,SUP_0170,
DP_006420,PRO_006420,SUP_0370,
DP_003684,PRO_003684,SUP_0237,
DP_004134,PRO_004134,SUP_0267,
DP_001307,PRO_001307,SUP_0099,
DP_006300,PRO_006300,SUP_0370,
DP_004685,PRO_004685,SUP_0298,
DP_000425,PRO_000425,SUP_0036,
DP_005184,PRO_005184,SUP_0316,
DP_005442,PRO_005442,SUP_0322,
DP_001418,PRO_001418,SUP_0109,
DP_004058,PRO_004058,SUP_0266,
DP_001980,PRO_001980,SUP_0141,
DP_004869,PRO_004869,SUP_0299,
DP_002450,PRO_002450,SUP_0141,
DP_005169,PRO_005169,SUP_0314,
DP_001476,PRO_001476,SUP_0111,
DP_005856,PRO_005856,SUP_0358,
DP_005982,PRO_005982,SUP_0358,
DP_003486,PRO_003486,SUP_0219,
DP_001913,PRO_001913,SUP_0141,
DP_003228,PRO_003228,SUP_0170,
DP_003878,PRO_003878,SUP_0248,
DP_006308,PRO_006308,SUP_0370,
DP_001311,PRO_001311,SUP_0099,
DP_004141,PRO_004141,SUP_0267,
DP_003747,PRO_003747,SUP_0237,
DP_006571,PRO_006571,SUP_0370,
DP_002706,PRO_002706,SUP_0142,
DP_000424,PRO_000424,SUP_0036,
DP_000352,PRO_000352,SUP_0036,
DP_005342,PRO_005342,SUP_0322,
DP_004129,PRO_004129,SUP_0266,
DP_001423,PRO_001423,SUP_0109,
DP_001982,PRO_001982,SUP_0141,
DP_005682,PRO_005682,SUP_0342,
DP_004866,PRO_004866,SUP_0299,
DP_004472,PRO_004472,SUP_0288,
DP_001478,PRO_001478,SUP_0111,
DP_005916,PRO_005916,SUP_0358,
DP_006062,PRO_006062,SUP_0358,
DP_003490,PRO_003490,SUP_0219,
DP_001915,PRO_001915,SUP_0141,
DP_003231,PRO_003231,SUP_0170,
DP_003877,PRO_003877,SUP_0248,
DP_006365,PRO_006365,SUP_0370,
DP_001296,PRO_001296,SUP_0097,
DP_004143,PRO_004143,SUP_0267,
DP_003727,PRO_003727,SUP_0237,
DP_006631,PRO_006631,SUP_0370,
DP_004914,PRO_004914,SUP_0307,
DP_000542,PRO_000542,SUP_0036,
DP_000538,PRO_000538,SUP_0036,
DP_004050,PRO_004050,SUP_0266,
DP_005281,PRO_005281,SUP_0322,
DP_001419,PRO_001419,SUP_0109,
DP_002015,PRO_002015,SUP_0141,
DP_002954,PRO_002954,SUP_0166,
DP_004848,PRO_004848,SUP_0299,
DP_004448,PRO_004448,SUP_0288,
DP_001474,PRO_001474,SUP_0111,
DP_005997,PRO_005997,SUP_0358,
DP_005861,PRO_005861,SUP_0358,
DP_003487,PRO_003487,SUP_0219,
DP_003233,PRO_003233,SUP_0170,
DP_002282,PRO_002282,SUP_0141,
DP_006309,PRO_006309,SUP_0370,
DP_003848,PRO_003848,SUP_0248,
DP_003357,PRO_003357,SUP_0189,
DP_004142,PRO_004142,SUP_0267,
DP_003580,PRO_003580,SUP_0237,
DP_006301,PRO_006301,SUP_0370,
DP_004913,PRO_004913,SUP_0307,
DP_000527,PRO_000527,SUP_0036,
DP_000358,PRO_000358,SUP_0036,
DP_003988,PRO_003988,SUP_0266,
DP_005330,PRO_005330,SUP_0322,
DP_001447,PRO_001447,SUP_0109,
DP_001952,PRO_001952,SUP_0141,
DP_002974,PRO_002974,SUP_0166,
DP_004723,PRO_004723,SUP_0299,
DP_004496,PRO_004496,SUP_0288,
DP_001477,PRO_001477,SUP_0111,
DP_005852,PRO_005852,SUP_0358,
DP_005900,PRO_005900,SUP_0358,
DP_003485,PRO_003485,SUP_0219,
DP_003202,PRO_003202,SUP_0170,
DP_002647,PRO_002647,SUP_0141,
DP_002889,PRO_002889,SUP_0162,
DP_006328,PRO_006328,SUP_0370,
DP_003358,PRO_003358,SUP_0189,
DP_006672,PRO_006672,SUP_0379,
DP_006572,PRO_006572,SUP_0370,
DP_004144,PRO_004144,SUP_0267,
DP_004918,PRO_004918,SUP_0307,
DP_003464,PRO_003464,SUP_0213,
DP_000355,PRO_000355,SUP_0036,
DP_004076,PRO_004076,SUP_0266,
DP_005317,PRO_005317,SUP_0322,
DP_001444,PRO_001444,SUP_0109,
DP_001973,PRO_001973,SUP_0141,
DP_002921,PRO_002921,SUP_0166,
DP_004722,PRO_004722,SUP_0299,
DP_004455,PRO_004455,SUP_0288,
DP_001473,PRO_001473,SUP_0111,
DP_005915,PRO_005915,SUP_0358,
DP_005981,PRO_005981,SUP_0358,
DP_002772,PRO_002772,SUP_0146,
DP_003227,PRO_003227,SUP_0170,
DP_002241,PRO_002241,SUP_0141,
DP_006421,PRO_006421,SUP_0370,
DP_002887,PRO_002887,SUP_0162,
DP_003359,PRO_003359,SUP_0189,
DP_006632,PRO_006632,SUP_0370,
DP_003689,PRO_003689,SUP_0237,
DP_004145,PRO_004145,SUP_0267,
DP_003478,PRO_003478,SUP_0217,
DP_000539,PRO_000539,SUP_0036,
DP_000356,PRO_000356,SUP_0036,
DP_004018,PRO_004018,SUP_0266,
DP_005235,PRO_005235,SUP_0322,
DP_001445,PRO_001445,SUP_0109,
DP_001875,PRO_001875,SUP_0141,
DP_002937,PRO_002937,SUP_0166,
DP_005678,PRO_005678,SUP_0340,
DP_004449,PRO_004449,SUP_0288,
DP_000766,PRO_000766,SUP_0064,
DP_001759,PRO_001759,SUP_0127,
DP_006061,PRO_006061,SUP_0358,
DP_002773,PRO_002773,SUP_0146,
DP_003229,PRO_003229,SUP_0170,
DP_001938,PRO_001938,SUP_0141,
DP_006369,PRO_006369,SUP_0370,
DP_002888,PRO_002888,SUP_0162,
DP_003349,PRO_003349,SUP_0189,
DP_006270,PRO_006270,SUP_0370,
DP_003714,PRO_003714,SUP_0237,
DP_004131,PRO_004131,SUP_0267,
DP_000340,PRO_000340,SUP_0036,
DP_003475,PRO_003475,SUP_0217,
DP_000508,PRO_000508,SUP_0036,
DP_004025,PRO_004025,SUP_0266,
DP_005229,PRO_005229,SUP_0322,
DP_001446,PRO_001446,SUP_0109,
DP_001877,PRO_001877,SUP_0141,
DP_002945,PRO_002945,SUP_0166,
DP_004725,PRO_004725,SUP_0299,
DP_004450,PRO_004450,SUP_0288,
DP_001479,PRO_001479,SUP_0111,
DP_005996,PRO_005996,SUP_0358,
DP_005860,PRO_005860,SUP_0358,
DP_003230,PRO_003230,SUP_0170,
DP_000676,PRO_000676,SUP_0040,
DP_002408,PRO_002408,SUP_0141,
DP_006384,PRO_006384,SUP_0370,
DP_003353,PRO_003353,SUP_0189,
DP_004513,PRO_004513,SUP_0291,
DP_003739,PRO_003739,SUP_0237,
DP_006541,PRO_006541,SUP_0370,
DP_004138,PRO_004138,SUP_0267,
DP_003476,PRO_003476,SUP_0217,
DP_000194,PRO_000194,SUP_0036,
DP_000507,PRO_000507,SUP_0036,
DP_004017,PRO_004017,SUP_0266,
DP_005301,PRO_005301,SUP_0322,
DP_001451,PRO_001451,SUP_0109,
DP_001870,PRO_001870,SUP_0141,
DP_002949,PRO_002949,SUP_0166,
DP_004721,PRO_004721,SUP_0299,
DP_004453,PRO_004453,SUP_0288,
DP_001472,PRO_001472,SUP_0111,
DP_005851,PRO_005851,SUP_0358,
DP_005902,PRO_005902,SUP_0358,
DP_003253,PRO_003253,SUP_0170,
DP_002767,PRO_002767,SUP_0146,
DP_002606,PRO_002606,SUP_0141,
DP_006389,PRO_006389,SUP_0370,
DP_003351,PRO_003351,SUP_0189,
DP_003175,PRO_003175,SUP_0169,
DP_003721,PRO_003721,SUP_0237,
DP_006601,PRO_006601,SUP_0370,
DP_004136,PRO_004136,SUP_0267,
DP_000333,PRO_000333,SUP_0036,
DP_003477,PRO_003477,SUP_0217,
DP_004019,PRO_004019,SUP_0266,
DP_000506,PRO_000506,SUP_0036,
DP_005293,PRO_005293,SUP_0322,
DP_001449,PRO_001449,SUP_0109,
DP_002955,PRO_002955,SUP_0166,
DP_001869,PRO_001869,SUP_0141,
DP_004724,PRO_004724,SUP_0299,
DP_004454,PRO_004454,SUP_0288,
DP_000767,PRO_000767,SUP_0064,
DP_005831,PRO_005831,SUP_0358,
DP_003255,PRO_003255,SUP_0170,
DP_005983,PRO_005983,SUP_0358,
DP_002765,PRO_002765,SUP_0146,
DP_002484,PRO_002484,SUP_0141,
DP_006517,PRO_006517,SUP_0370,
DP_003352,PRO_003352,SUP_0189,
DP_001833,PRO_001833,SUP_0134,
DP_006271,PRO_006271,SUP_0370,
DP_003724,PRO_003724,SUP_0237,
DP_004137,PRO_004137,SUP_0267,
DP_000545,PRO_000545,SUP_0036,
DP_004887,PRO_004887,SUP_0303,
DP_004022,PRO_004022,SUP_0266,
DP_000505,PRO_000505,SUP_0036,
DP_005296,PRO_005296,SUP_0322,
DP_001448,PRO_001448,SUP_0109,
DP_002956,PRO_002956,SUP_0166,
DP_001886,PRO_001886,SUP_0141,
DP_004794,PRO_004794,SUP_0299,
DP_004447,PRO_004447,SUP_0288,
DP_000768,PRO_000768,SUP_0064,
DP_005956,PRO_005956,SUP_0358,
DP_003252,PRO_003252,SUP_0170,
DP_006063,PRO_006063,SUP_0358,
DP_002766,PRO_002766,SUP_0146,
DP_002500,PRO_002500,SUP_0141,
DP_003350,PRO_003350,SUP_0189,
DP_006392,PRO_006392,SUP_0370,
DP_001835,PRO_001835,SUP_0134,
DP_003710,PRO_003710,SUP_0237,
DP_006542,PRO_006542,SUP_0370,
DP_004130,PRO_004130,SUP_0267,
DP_000611,PRO_000611,SUP_0036,
DP_004002,PRO_004002,SUP_0266,
DP_001480,PRO_001480,SUP_0112,
DP_000382,PRO_000382,SUP_0036,
DP_005230,PRO_005230,SUP_0322,
DP_001450,PRO_001450,SUP_0109,
DP_001879,PRO_001879,SUP_0141,
DP_002867,PRO_002867,SUP_0161,
DP_005165,PRO_005165,SUP_0314,
DP_004795,PRO_004795,SUP_0299,
DP_005458,PRO_005458,SUP_0328,
DP_006036,PRO_006036,SUP_0358,
DP_003257,PRO_003257,SUP_0170,
DP_005862,PRO_005862,SUP_0358,
DP_002768,PRO_002768,SUP_0146,
DP_002429,PRO_002429,SUP_0141,
DP_003457,PRO_003457,SUP_0211,
DP_006380,PRO_006380,SUP_0370,
DP_001831,PRO_001831,SUP_0134,
DP_006602,PRO_006602,SUP_0370,
DP_001722,PRO_001722,SUP_0124,
DP_003764,PRO_003764,SUP_0237,
DP_000500,PRO_000500,SUP_0036,
DP_004021,PRO_004021,SUP_0266,
DP_006098,PRO_006098,SUP_0366,
DP_005177,PRO_005177,SUP_0316,
DP_005273,PRO_005273,SUP_0322,
DP_001409,PRO_001409,SUP_0109,
DP_001871,PRO_001871,SUP_0141,
DP_002863,PRO_002863,SUP_0161,
DP_004806,PRO_004806,SUP_0299,
DP_004491,PRO_004491,SUP_0288,
DP_004504,PRO_004504,SUP_0289,
DP_005792,PRO_005792,SUP_0358,
DP_003258,PRO_003258,SUP_0170,
DP_005910,PRO_005910,SUP_0358,
DP_002769,PRO_002769,SUP_0146,
DP_002661,PRO_002661,SUP_0141,
DP_003458,PRO_003458,SUP_0211,
DP_006475,PRO_006475,SUP_0370,
DP_001838,PRO_001838,SUP_0134,
DP_006290,PRO_006290,SUP_0370,
DP_003674,PRO_003674,SUP_0237,
DP_001720,PRO_001720,SUP_0124,
DP_004030,PRO_004030,SUP_0266,
DP_000242,PRO_000242,SUP_0036,
DP_000715,PRO_000715,SUP_0046,
DP_000609,PRO_000609,SUP_0036,
DP_005336,PRO_005336,SUP_0322,
DP_001408,PRO_001408,SUP_0109,
DP_001878,PRO_001878,SUP_0141,
DP_004755,PRO_004755,SUP_0299,
DP_004416,PRO_004416,SUP_0288,
DP_004503,PRO_004503,SUP_0289,
DP_002864,PRO_002864,SUP_0161,
DP_005793,PRO_005793,SUP_0358,
DP_003254,PRO_003254,SUP_0170,
DP_005991,PRO_005991,SUP_0358,
DP_002771,PRO_002771,SUP_0146,
DP_002140,PRO_002140,SUP_0141,
DP_003455,PRO_003455,SUP_0211,
DP_006357,PRO_006357,SUP_0370,
DP_001828,PRO_001828,SUP_0134,
DP_006561,PRO_006561,SUP_0370,
DP_003679,PRO_003679,SUP_0237,
DP_001723,PRO_001723,SUP_0124,
DP_004024,PRO_004024,SUP_0266,
DP_000313,PRO_000313,SUP_0036,
DP_000441,PRO_000441,SUP_0036,
DP_000716,PRO_000716,SUP_0046,
DP_005251,PRO_005251,SUP_0322,
DP_001467,PRO_001467,SUP_0109,
DP_001866,PRO_001866,SUP_0141,
DP_004769,PRO_004769,SUP_0299,
DP_004438,PRO_004438,SUP_0288,
DP_004511,PRO_004511,SUP_0289,
DP_002865,PRO_002865,SUP_0161,
DP_005917,PRO_005917,SUP_0358,
DP_003256,PRO_003256,SUP_0170,
DP_006071,PRO_006071,SUP_0358,
DP_002770,PRO_002770,SUP_0146,
DP_002653,PRO_002653,SUP_0141,
DP_003456,PRO_003456,SUP_0211,
DP_006402,PRO_006402,SUP_0370,
DP_001834,PRO_001834,SUP_0134,
DP_006621,PRO_006621,SUP_0370,
DP_003680,PRO_003680,SUP_0237,
DP_001721,PRO_001721,SUP_0124,
DP_004016,PRO_004016,SUP_0266,
DP_000314,PRO_000314,SUP_0036,
DP_000714,PRO_000714,SUP_0046,
DP_000442,PRO_000442,SUP_0036,
DP_005347,PRO_005347,SUP_0322,
DP_001434,PRO_001434,SUP_0109,
DP_001872,PRO_001872,SUP_0141,
DP_004793,PRO_004793,SUP_0299,
DP_004469,PRO_004469,SUP_0288,
DP_004509,PRO_004509,SUP_0289,
DP_002869,PRO_002869,SUP_0161,
DP_005998,PRO_005998,SUP_0358,
DP_003251,PRO_003251,SUP_0170,
DP_005872,PRO_005872,SUP_0358,
DP_002803,PRO_002803,SUP_0146,
DP_003459,PRO_003459,SUP_0211,
DP_002482,PRO_002482,SUP_0141,
DP_006429,PRO_006429,SUP_0370,
DP_001830,PRO_001830,SUP_0134,
DP_006291,PRO_006291,SUP_0370,
DP_004023,PRO_004023,SUP_0266,
DP_001719,PRO_001719,SUP_0124,
DP_006675,PRO_006675,SUP_0379,
DP_003461,PRO_003461,SUP_0213,
DP_000443,PRO_000443,SUP_0036,
DP_005405,PRO_005405,SUP_0322,
DP_001858,PRO_001858,SUP_0138,
DP_001874,PRO_001874,SUP_0141,
DP_001430,PRO_001430,SUP_0109,
DP_004797,PRO_004797,SUP_0299,
DP_004433,PRO_004433,SUP_0288,
DP_002870,PRO_002870,SUP_0161,
DP_004510,PRO_004510,SUP_0289,
DP_005756,PRO_005756,SUP_0358,
DP_003239,PRO_003239,SUP_0170,
DP_005909,PRO_005909,SUP_0358,
DP_002802,PRO_002802,SUP_0146,
DP_004167,PRO_004167,SUP_0271,
DP_002481,PRO_002481,SUP_0141,
DP_006400,PRO_006400,SUP_0370,
DP_001837,PRO_001837,SUP_0134,
DP_006562,PRO_006562,SUP_0370,
DP_004031,PRO_004031,SUP_0266,
DP_000697,PRO_000697,SUP_0042,
DP_003673,PRO_003673,SUP_0237,
DP_000259,PRO_000259,SUP_0036,
DP_000388,PRO_000388,SUP_0036,
DP_005413,PRO_005413,SUP_0322,
DP_001856,PRO_001856,SUP_0138,
DP_001452,PRO_001452,SUP_0109,
DP_001884,PRO_001884,SUP_0141,
DP_004791,PRO_004791,SUP_0299,
DP_004430,PRO_004430,SUP_0288,
DP_002871,PRO_002871,SUP_0161,
DP_004507,PRO_004507,SUP_0289,
DP_001758,PRO_001758,SUP_0127,
DP_003236,PRO_003236,SUP_0170,
DP_005990,PRO_005990,SUP_0358,
DP_002804,PRO_002804,SUP_0146,
DP_004168,PRO_004168,SUP_0271,
DP_002014,PRO_002014,SUP_0141,
DP_006331,PRO_006331,SUP_0370,
DP_001826,PRO_001826,SUP_0134,
DP_006622,PRO_006622,SUP_0370,
DP_004028,PRO_004028,SUP_0266,
DP_003675,PRO_003675,SUP_0237,
DP_001253,PRO_001253,SUP_0091,
DP_000290,PRO_000290,SUP_0036,
DP_000436,PRO_000436,SUP_0036,
DP_005418,PRO_005418,SUP_0322,
DP_001857,PRO_001857,SUP_0138,
DP_001867,PRO_001867,SUP_0141,
DP_001402,PRO_001402,SUP_0109,
DP_004437,PRO_004437,SUP_0288,
DP_004772,PRO_004772,SUP_0299,
DP_002879,PRO_002879,SUP_0161,
DP_004502,PRO_004502,SUP_0289,
DP_005828,PRO_005828,SUP_0358,
DP_003237,PRO_003237,SUP_0170,
DP_006070,PRO_006070,SUP_0358,
DP_000679,PRO_000679,SUP_0040,
DP_002667,PRO_002667,SUP_0141,
DP_001694,PRO_001694,SUP_0120,
DP_006335,PRO_006335,SUP_0370,
DP_001829,PRO_001829,SUP_0134,
DP_006286,PRO_006286,SUP_0370,
DP_004029,PRO_004029,SUP_0266,
DP_003676,PRO_003676,SUP_0237,
DP_001252,PRO_001252,SUP_0091,
DP_000291,PRO_000291,SUP_0036,
DP_000434,PRO_000434,SUP_0036,
DP_004888,PRO_004888,SUP_0303,
DP_005373,PRO_005373,SUP_0322,
DP_001389,PRO_001389,SUP_0109,
DP_001873,PRO_001873,SUP_0141,
DP_004436,PRO_004436,SUP_0288,
DP_004792,PRO_004792,SUP_0299,
DP_004508,PRO_004508,SUP_0289,
DP_002876,PRO_002876,SUP_0161,
DP_005952,PRO_005952,SUP_0358,
DP_003240,PRO_003240,SUP_0170,
DP_005871,PRO_005871,SUP_0358,
DP_002805,PRO_002805,SUP_0146,
DP_002668,PRO_002668,SUP_0141,
DP_000726,PRO_000726,SUP_0050,
DP_006313,PRO_006313,SUP_0370,
DP_001836,PRO_001836,SUP_0134,
DP_006557,PRO_006557,SUP_0370,
DP_004027,PRO_004027,SUP_0266,
DP_003681,PRO_003681,SUP_0237,
DP_000248,PRO_000248,SUP_0036,
DP_001373,PRO_001373,SUP_0106,
DP_000435,PRO_000435,SUP_0036,
DP_005406,PRO_005406,SUP_0322,
DP_004930,PRO_004930,SUP_0307,
DP_001885,PRO_001885,SUP_0141,
DP_001392,PRO_001392,SUP_0109,
DP_004471,PRO_004471,SUP_0288,
DP_004853,PRO_004853,SUP_0299,
DP_002873,PRO_002873,SUP_0161,
DP_004505,PRO_004505,SUP_0289,
DP_006033,PRO_006033,SUP_0358,
DP_003238,PRO_003238,SUP_0170,
DP_005911,PRO_005911,SUP_0358,
DP_002807,PRO_002807,SUP_0146,
DP_003896,PRO_003896,SUP_0253,
DP_002461,PRO_002461,SUP_0141,
DP_006498,PRO_006498,SUP_0370,
DP_001832,PRO_001832,SUP_0134,
DP_004026,PRO_004026,SUP_0266,
DP_006617,PRO_006617,SUP_0370,
DP_003677,PRO_003677,SUP_0237,
DP_000312,PRO_000312,SUP_0036,
DP_001351,PRO_001351,SUP_0106,
DP_000467,PRO_000467,SUP_0036,
DP_005414,PRO_005414,SUP_0322,
DP_004928,PRO_004928,SUP_0307,
DP_001882,PRO_001882,SUP_0141,
DP_001388,PRO_001388,SUP_0109,
DP_004431,PRO_004431,SUP_0288,
DP_004753,PRO_004753,SUP_0299,
DP_004506,PRO_004506,SUP_0289,
DP_002874,PRO_002874,SUP_0161,
DP_005791,PRO_005791,SUP_0358,
DP_003294,PRO_003294,SUP_0170,
DP_005992,PRO_005992,SUP_0358,
DP_002806,PRO_002806,SUP_0146,
DP_000779,PRO_000779,SUP_0068,
DP_002532,PRO_002532,SUP_0141,
DP_006372,PRO_006372,SUP_0370,
DP_001825,PRO_001825,SUP_0134,
DP_005723,PRO_005723,SUP_0353,
DP_006287,PRO_006287,SUP_0370,
DP_003678,PRO_003678,SUP_0237,
DP_001374,PRO_001374,SUP_0106,
DP_000305,PRO_000305,SUP_0036,
DP_000487,PRO_000487,SUP_0036,
DP_005419,PRO_005419,SUP_0322,
DP_004929,PRO_004929,SUP_0307,
DP_001868,PRO_001868,SUP_0141,
DP_001394,PRO_001394,SUP_0109,
DP_005163,PRO_005163,SUP_0314,
DP_004799,PRO_004799,SUP_0299,
DP_002886,PRO_002886,SUP_0161,
DP_000712,PRO_000712,SUP_0045,
DP_005827,PRO_005827,SUP_0358,
DP_003290,PRO_003290,SUP_0170,
DP_006072,PRO_006072,SUP_0358,
DP_002808,PRO_002808,SUP_0146,
DP_000778,PRO_000778,SUP_0068,
DP_002005,PRO_002005,SUP_0141,
DP_006359,PRO_006359,SUP_0370,
DP_005722,PRO_005722,SUP_0353,
DP_001827,PRO_001827,SUP_0134,
DP_006558,PRO_006558,SUP_0370,
DP_003683,PRO_003683,SUP_0237,
DP_000306,PRO_000306,SUP_0036,
DP_001372,PRO_001372,SUP_0106,
DP_005173,PRO_005173,SUP_0316,
DP_005375,PRO_005375,SUP_0322,
DP_004899,PRO_004899,SUP_0307,
DP_001391,PRO_001391,SUP_0109,
DP_001883,PRO_001883,SUP_0141,
DP_004442,PRO_004442,SUP_0288,
DP_004748,PRO_004748,SUP_0299,
DP_000713,PRO_000713,SUP_0045,
DP_005951,PRO_005951,SUP_0358,
DP_001271,PRO_001271,SUP_0091,
DP_003188,PRO_003188,SUP_0170,
DP_005873,PRO_005873,SUP_0358,
DP_002809,PRO_002809,SUP_0146,
DP_003517,PRO_003517,SUP_0224,
DP_002004,PRO_002004,SUP_0141,
DP_006489,PRO_006489,SUP_0370,
DP_005724,PRO_005724,SUP_0353,
DP_003914,PRO_003914,SUP_0259,
DP_006618,PRO_006618,SUP_0370,
DP_003711,PRO_003711,SUP_0237,
DP_000284,PRO_000284,SUP_0036,
DP_001375,PRO_001375,SUP_0106,
DP_000212,PRO_000212,SUP_0036,
DP_005353,PRO_005353,SUP_0322,
DP_001390,PRO_001390,SUP_0109,
DP_004898,PRO_004898,SUP_0307,
DP_001876,PRO_001876,SUP_0141,
DP_004501,PRO_004501,SUP_0288,
DP_004860,PRO_004860,SUP_0299,
DP_006032,PRO_006032,SUP_0358,
DP_001270,PRO_001270,SUP_0091,
DP_003219,PRO_003219,SUP_0170,
DP_006099,PRO_006099,SUP_0367,
DP_005907,PRO_005907,SUP_0358,
DP_002816,PRO_002816,SUP_0146,
DP_003419,PRO_003419,SUP_0198,
DP_002669,PRO_002669,SUP_0141,
DP_006355,PRO_006355,SUP_0370,
DP_005725,PRO_005725,SUP_0353,
DP_003915,PRO_003915,SUP_0259,
DP_005451,PRO_005451,SUP_0323,
DP_003750,PRO_003750,SUP_0237,
DP_000253,PRO_000253,SUP_0036,
DP_001353,PRO_001353,SUP_0106,
DP_000642,PRO_000642,SUP_0036,
DP_005392,PRO_005392,SUP_0322,
DP_001393,PRO_001393,SUP_0109,
DP_004500,PRO_004500,SUP_0288,
DP_004932,PRO_004932,SUP_0307,
DP_001880,PRO_001880,SUP_0141,
DP_004759,PRO_004759,SUP_0299,
DP_005790,PRO_005790,SUP_0358,
DP_001274,PRO_001274,SUP_0091,
DP_003195,PRO_003195,SUP_0170,
DP_000418,PRO_000418,SUP_0036,
DP_005988,PRO_005988,SUP_0358,
DP_002814,PRO_002814,SUP_0146,
DP_003423,PRO_003423,SUP_0201,
DP_006511,PRO_006511,SUP_0370,
DP_005731,PRO_005731,SUP_0353,
DP_002534,PRO_002534,SUP_0141,
DP_003846,PRO_003846,SUP_0248,
DP_006265,PRO_006265,SUP_0370,
DP_003749,PRO_003749,SUP_0237,
DP_000244,PRO_000244,SUP_0036,
DP_001376,PRO_001376,SUP_0106,
DP_000641,PRO_000641,SUP_0036,
DP_005359,PRO_005359,SUP_0322,
DP_001465,PRO_001465,SUP_0109,
DP_004487,PRO_004487,SUP_0288,
DP_005686,PRO_005686,SUP_0344,
DP_001881,PRO_001881,SUP_0141,
DP_004745,PRO_004745,SUP_0299,
DP_005806,PRO_005806,SUP_0358,
DP_003267,PRO_003267,SUP_0170,
DP_001246,PRO_001246,SUP_0091,
DP_004517,PRO_004517,SUP_0294,
DP_006068,PRO_006068,SUP_0358,
DP_004889,PRO_004889,SUP_0304,
DP_002810,PRO_002810,SUP_0146,
DP_006317,PRO_006317,SUP_0370,
DP_001854,PRO_001854,SUP_0137,
DP_005729,PRO_005729,SUP_0353,
DP_002683,PRO_002683,SUP_0141,
DP_006536,PRO_006536,SUP_0370,
DP_003855,PRO_003855,SUP_0248,
DP_006674,PRO_006674,SUP_0379,
DP_003465,PRO_003465,SUP_0213,
DP_001356,PRO_001356,SUP_0106,
DP_000635,PRO_000635,SUP_0036,
DP_005309,PRO_005309,SUP_0322,
DP_001464,PRO_001464,SUP_0109,
DP_002823,PRO_002823,SUP_0148,
DP_004486,PRO_004486,SUP_0288,
DP_002243,PRO_002243,SUP_0141,
DP_006082,PRO_006082,SUP_0360,
DP_003271,PRO_003271,SUP_0170,
DP_005930,PRO_005930,SUP_0358,
DP_001248,PRO_001248,SUP_0091,
DP_004518,PRO_004518,SUP_0294,
DP_005869,PRO_005869,SUP_0358,
DP_002812,PRO_002812,SUP_0146,
DP_003417,PRO_003417,SUP_0197,
DP_006480,PRO_006480,SUP_0370,
DP_004020,PRO_004020,SUP_0266,
DP_002694,PRO_002694,SUP_0141,
DP_006596,PRO_006596,SUP_0370,
DP_003854,PRO_003854,SUP_0248,
DP_003662,PRO_003662,SUP_0237,
DP_000270,PRO_000270,SUP_0036,
DP_001363,PRO_001363,SUP_0106,
DP_000634,PRO_000634,SUP_0036,
DP_005354,PRO_005354,SUP_0322,
DP_001406,PRO_001406,SUP_0109,
DP_004490,PRO_004490,SUP_0288,
DP_005697,PRO_005697,SUP_0347,
DP_002372,PRO_002372,SUP_0141,
DP_003220,PRO_003220,SUP_0170,
DP_004738,PRO_004738,SUP_0299,
DP_001275,PRO_001275,SUP_0091,
DP_001761,PRO_001761,SUP_0127,
DP_004268,PRO_004268,SUP_0287,
DP_005906,PRO_005906,SUP_0358,
DP_002811,PRO_002811,SUP_0146,
DP_000786,PRO_000786,SUP_0071,
DP_006329,PRO_006329,SUP_0370,
DP_004003,PRO_004003,SUP_0266,
DP_002681,PRO_002681,SUP_0141,
DP_003882,PRO_003882,SUP_0248,
DP_006266,PRO_006266,SUP_0370,
DP_003767,PRO_003767,SUP_0237,
DP_000576,PRO_000576,SUP_0036,
DP_001358,PRO_001358,SUP_0106,
DP_000463,PRO_000463,SUP_0036,
DP_005364,PRO_005364,SUP_0322,
DP_001405,PRO_001405,SUP_0109,
DP_004489,PRO_004489,SUP_0288,
DP_002349,PRO_002349,SUP_0141,
DP_003260,PRO_003260,SUP_0170,
DP_005693,PRO_005693,SUP_0347,
DP_004805,PRO_004805,SUP_0299,
DP_006011,PRO_006011,SUP_0358,
DP_001247,PRO_001247,SUP_0091,
DP_004321,PRO_004321,SUP_0287,
DP_005987,PRO_005987,SUP_0358,
DP_000677,PRO_000677,SUP_0040,
DP_000785,PRO_000785,SUP_0071,
DP_006410,PRO_006410,SUP_0370,
DP_004069,PRO_004069,SUP_0266,
DP_002680,PRO_002680,SUP_0141,
DP_003641,PRO_003641,SUP_0237,
DP_006537,PRO_006537,SUP_0370,
DP_000183,PRO_000183,SUP_0036,
DP_001361,PRO_001361,SUP_0106,
DP_003883,PRO_003883,SUP_0248,
DP_000458,PRO_000458,SUP_0036,
DP_005310,PRO_005310,SUP_0322,
DP_001404,PRO_001404,SUP_0109,
DP_004484,PRO_004484,SUP_0288,
DP_003224,PRO_003224,SUP_0170,
DP_002347,PRO_002347,SUP_0141,
DP_005700,PRO_005700,SUP_0347,
DP_004735,PRO_004735,SUP_0299,
DP_001254,PRO_001254,SUP_0091,
DP_005769,PRO_005769,SUP_0358,
DP_004320,PRO_004320,SUP_0287,
DP_006067,PRO_006067,SUP_0358,
DP_002813,PRO_002813,SUP_0146,
DP_004890,PRO_004890,SUP_0305,
DP_005728,PRO_005728,SUP_0353,
DP_006484,PRO_006484,SUP_0370,
DP_002682,PRO_002682,SUP_0141,
DP_006597,PRO_006597,SUP_0370,
DP_003577,PRO_003577,SUP_0237,
DP_000188,PRO_000188,SUP_0036,
DP_001343,PRO_001343,SUP_0106,
DP_005422,PRO_005422,SUP_0322,
DP_003884,PRO_003884,SUP_0248,
DP_000459,PRO_000459,SUP_0036,
DP_001403,PRO_001403,SUP_0109,
DP_003241,PRO_003241,SUP_0170,
DP_004497,PRO_004497,SUP_0288,
DP_002350,PRO_002350,SUP_0141,
DP_005701,PRO_005701,SUP_0347,
DP_001262,PRO_001262,SUP_0091,
DP_001186,PRO_001186,SUP_0081,
DP_005796,PRO_005796,SUP_0358,
DP_004390,PRO_004390,SUP_0287,
DP_005868,PRO_005868,SUP_0358,
DP_002815,PRO_002815,SUP_0146,
DP_004244,PRO_004244,SUP_0283,
DP_005721,PRO_005721,SUP_0353,
DP_006418,PRO_006418,SUP_0370,
DP_002686,PRO_002686,SUP_0141,
DP_006260,PRO_006260,SUP_0370,
DP_003579,PRO_003579,SUP_0237,
DP_000189,PRO_000189,SUP_0036,
DP_001340,PRO_001340,SUP_0106,
DP_000325,PRO_000325,SUP_0036,
DP_005306,PRO_005306,SUP_0322,
DP_003840,PRO_003840,SUP_0248,
DP_001427,PRO_001427,SUP_0109,
DP_003266,PRO_003266,SUP_0170,
DP_004498,PRO_004498,SUP_0288,
DP_002348,PRO_002348,SUP_0141,
DP_005694,PRO_005694,SUP_0347,
DP_001245,PRO_001245,SUP_0091,
DP_006085,PRO_006085,SUP_0360,
DP_005920,PRO_005920,SUP_0358,
DP_004367,PRO_004367,SUP_0287,
DP_005908,PRO_005908,SUP_0358,
DP_002784,PRO_002784,SUP_0146,
DP_003341,PRO_003341,SUP_0183,
DP_004035,PRO_004035,SUP_0266,
DP_006343,PRO_006343,SUP_0370,
DP_002676,PRO_002676,SUP_0141,
DP_006531,PRO_006531,SUP_0370,
DP_000186,PRO_000186,SUP_0036,
DP_001362,PRO_001362,SUP_0106,
DP_000578,PRO_000578,SUP_0036,
DP_005338,PRO_005338,SUP_0322,
DP_001416,PRO_001416,SUP_0109,
DP_003843,PRO_003843,SUP_0248,
DP_003578,PRO_003578,SUP_0237,
DP_003268,PRO_003268,SUP_0170,
DP_005161,PRO_005161,SUP_0314,
DP_002346,PRO_002346,SUP_0141,
DP_005702,PRO_005702,SUP_0347,
DP_001276,PRO_001276,SUP_0091,
DP_006001,PRO_006001,SUP_0358,
DP_004275,PRO_004275,SUP_0287,
DP_006086,PRO_006086,SUP_0360,
DP_005989,PRO_005989,SUP_0358,
DP_002785,PRO_002785,SUP_0146,
DP_003999,PRO_003999,SUP_0266,
DP_006353,PRO_006353,SUP_0370,
DP_002696,PRO_002696,SUP_0141,
DP_006591,PRO_006591,SUP_0370,
DP_000187,PRO_000187,SUP_0036,
DP_001333,PRO_001333,SUP_0106,
DP_005176,PRO_005176,SUP_0316,
DP_005240,PRO_005240,SUP_0322,
DP_001415,PRO_001415,SUP_0109,
DP_003835,PRO_003835,SUP_0248,
DP_003265,PRO_003265,SUP_0170,
DP_003645,PRO_003645,SUP_0237,
DP_004479,PRO_004479,SUP_0288,
DP_002128,PRO_002128,SUP_0141,
DP_001251,PRO_001251,SUP_0091,
DP_003305,PRO_003305,SUP_0172,
DP_005759,PRO_005759,SUP_0358,
DP_002830,PRO_002830,SUP_0154,
DP_004296,PRO_004296,SUP_0287,
DP_006069,PRO_006069,SUP_0358,
DP_002782,PRO_002782,SUP_0146,
DP_004007,PRO_004007,SUP_0266,
DP_000770,PRO_000770,SUP_0066,
DP_006351,PRO_006351,SUP_0370,
DP_002685,PRO_002685,SUP_0141,
DP_006261,PRO_006261,SUP_0370,
DP_000485,PRO_000485,SUP_0036,
DP_001360,PRO_001360,SUP_0106,
DP_000579,PRO_000579,SUP_0036,
DP_005308,PRO_005308,SUP_0322,
DP_003293,PRO_003293,SUP_0170,
DP_003845,PRO_003845,SUP_0248,
DP_001424,PRO_001424,SUP_0109,
DP_003646,PRO_003646,SUP_0237,
DP_002127,PRO_002127,SUP_0141,
DP_004477,PRO_004477,SUP_0288,
DP_001244,PRO_001244,SUP_0091,
DP_003303,PRO_003303,SUP_0172,
DP_005804,PRO_005804,SUP_0358,
DP_002831,PRO_002831,SUP_0154,
DP_004381,PRO_004381,SUP_0287,
DP_005870,PRO_005870,SUP_0358,
DP_002780,PRO_002780,SUP_0146,
DP_004008,PRO_004008,SUP_0266,
DP_003343,PRO_003343,SUP_0184,
DP_002675,PRO_002675,SUP_0141,
DP_006345,PRO_006345,SUP_0370,
DP_005452,PRO_005452,SUP_0323,
DP_000347,PRO_000347,SUP_0036,
DP_001359,PRO_001359,SUP_0106,
DP_000581,PRO_000581,SUP_0036,
DP_005341,PRO_005341,SUP_0322,
DP_001440,PRO_001440,SUP_0109,
DP_003246,PRO_003246,SUP_0170,
DP_003847,PRO_003847,SUP_0248,
DP_003759,PRO_003759,SUP_0237,
DP_002129,PRO_002129,SUP_0141,
DP_004473,PRO_004473,SUP_0288,
DP_001257,PRO_001257,SUP_0091,
DP_003306,PRO_003306,SUP_0172,
DP_005928,PRO_005928,SUP_0358,
DP_000252,PRO_000252,SUP_0036,
DP_002836,PRO_002836,SUP_0154,
DP_005672,PRO_005672,SUP_0338,
DP_002781,PRO_002781,SUP_0146,
DP_003992,PRO_003992,SUP_0266,
DP_004243,PRO_004243,SUP_0282,
DP_002679,PRO_002679,SUP_0141,
DP_006382,PRO_006382,SUP_0370,
DP_006532,PRO_006532,SUP_0370,
DP_000348,PRO_000348,SUP_0036,
DP_001377,PRO_001377,SUP_0106,
DP_000582,PRO_000582,SUP_0036,
DP_005248,PRO_005248,SUP_0322,
DP_003281,PRO_003281,SUP_0170,
DP_001436,PRO_001436,SUP_0109,
DP_003839,PRO_003839,SUP_0248,
DP_002447,PRO_002447,SUP_0141,
DP_003760,PRO_003760,SUP_0237,
DP_004478,PRO_004478,SUP_0288,
DP_003307,PRO_003307,SUP_0172,
DP_001267,PRO_001267,SUP_0091,
DP_006009,PRO_006009,SUP_0358,
DP_002832,PRO_002832,SUP_0154,
DP_004386,PRO_004386,SUP_0287,
DP_005681,PRO_005681,SUP_0342,
DP_002779,PRO_002779,SUP_0146,
DP_004080,PRO_004080,SUP_0266,
DP_003514,PRO_003514,SUP_0223,
DP_002678,PRO_002678,SUP_0141,
DP_006315,PRO_006315,SUP_0370,
DP_001853,PRO_001853,SUP_0137,
DP_006592,PRO_006592,SUP_0370,
DP_003462,PRO_003462,SUP_0213,
DP_001352,PRO_001352,SUP_0106,
DP_000583,PRO_000583,SUP_0036,
DP_005340,PRO_005340,SUP_0322,
DP_003276,PRO_003276,SUP_0170,
DP_001437,PRO_001437,SUP_0109,
DP_003842,PRO_003842,SUP_0248,
DP_002446,PRO_002446,SUP_0141,
DP_006673,PRO_006673,SUP_0379,
DP_004474,PRO_004474,SUP_0288,
DP_001259,PRO_001259,SUP_0091,
DP_003304,PRO_003304,SUP_0172,
DP_005767,PRO_005767,SUP_0358,
DP_002834,PRO_002834,SUP_0154,
DP_004369,PRO_004369,SUP_0287,
DP_005684,PRO_005684,SUP_0342,
DP_002777,PRO_002777,SUP_0146,
DP_004064,PRO_004064,SUP_0266,
DP_003469,PRO_003469,SUP_0214,
DP_006500,PRO_006500,SUP_0370,
DP_002692,PRO_002692,SUP_0141,
DP_006292,PRO_006292,SUP_0370,
DP_000346,PRO_000346,SUP_0036,
DP_001371,PRO_001371,SUP_0106,
DP_000195,PRO_000195,SUP_0036,
DP_003275,PRO_003275,SUP_0170,
DP_005231,PRO_005231,SUP_0322,
DP_001439,PRO_001439,SUP_0109,
DP_003837,PRO_003837,SUP_0248,
DP_001900,PRO_001900,SUP_0141,
DP_003617,PRO_003617,SUP_0237,
DP_004476,PRO_004476,SUP_0288,
DP_006084,PRO_006084,SUP_0360,
DP_001784,PRO_001784,SUP_0127,
DP_001242,PRO_001242,SUP_0091,
DP_004317,PRO_004317,SUP_0287,
DP_002833,PRO_002833,SUP_0154,
DP_005683,PRO_005683,SUP_0342,
DP_004070,PRO_004070,SUP_0266,
DP_002778,PRO_002778,SUP_0146,
DP_001059,PRO_001059,SUP_0077,
DP_006349,PRO_006349,SUP_0370,
DP_002688,PRO_002688,SUP_0141,
DP_006563,PRO_006563,SUP_0370,
DP_000407,PRO_000407,SUP_0036,
DP_001370,PRO_001370,SUP_0106,
DP_000196,PRO_000196,SUP_0036,
DP_003284,PRO_003284,SUP_0170,
DP_005274,PRO_005274,SUP_0322,
DP_001438,PRO_001438,SUP_0109,
DP_003838,PRO_003838,SUP_0248,
DP_002345,PRO_002345,SUP_0141,
DP_003618,PRO_003618,SUP_0237,
DP_004475,PRO_004475,SUP_0288,
DP_006083,PRO_006083,SUP_0360,
DP_005816,PRO_005816,SUP_0358,
DP_001269,PRO_001269,SUP_0091,
DP_004346,PRO_004346,SUP_0287,
DP_002835,PRO_002835,SUP_0154,
DP_005680,PRO_005680,SUP_0342,
DP_003987,PRO_003987,SUP_0266,
DP_000668,PRO_000668,SUP_0040,
DP_003910,PRO_003910,SUP_0257,
DP_006347,PRO_006347,SUP_0370,
DP_002687,PRO_002687,SUP_0141,
DP_006623,PRO_006623,SUP_0370,
DP_000406,PRO_000406,SUP_0036,
DP_001329,PRO_001329,SUP_0106,
DP_003288,PRO_003288,SUP_0170,
DP_000181,PRO_000181,SUP_0036,
DP_001435,PRO_001435,SUP_0109,
DP_003834,PRO_003834,SUP_0248,
DP_002281,PRO_002281,SUP_0141,
DP_003731,PRO_003731,SUP_0237,
DP_005277,PRO_005277,SUP_0322,
DP_004483,PRO_004483,SUP_0288,
DP_006081,PRO_006081,SUP_0360,
DP_005940,PRO_005940,SUP_0358,
DP_001265,PRO_001265,SUP_0091,
DP_004274,PRO_004274,SUP_0287,
DP_002829,PRO_002829,SUP_0154,
DP_002854,PRO_002854,SUP_0157,
DP_004116,PRO_004116,SUP_0266,
DP_002787,PRO_002787,SUP_0146,
DP_003911,PRO_003911,SUP_0257,
DP_006339,PRO_006339,SUP_0370,
DP_002689,PRO_002689,SUP_0141,
DP_006293,PRO_006293,SUP_0370,
DP_000405,PRO_000405,SUP_0036,
DP_001331,PRO_001331,SUP_0106,
DP_003280,PRO_003280,SUP_0170,
DP_000182,PRO_000182,SUP_0036,
DP_001455,PRO_001455,SUP_0109,
DP_003831,PRO_003831,SUP_0248,
DP_002020,PRO_002020,SUP_0141,
DP_003581,PRO_003581,SUP_0237,
DP_005303,PRO_005303,SUP_0322,
DP_004480,PRO_004480,SUP_0288,
DP_002817,PRO_002817,SUP_0146,
DP_006021,PRO_006021,SUP_0358,
DP_001268,PRO_001268,SUP_0091,
DP_004811,PRO_004811,SUP_0299,
DP_004409,PRO_004409,SUP_0287,
DP_003820,PRO_003820,SUP_0245,
DP_003986,PRO_003986,SUP_0266,
DP_002788,PRO_002788,SUP_0146,
DP_003508,PRO_003508,SUP_0221,
DP_006337,PRO_006337,SUP_0370,
DP_002674,PRO_002674,SUP_0141,
DP_006564,PRO_006564,SUP_0370,
DP_000359,PRO_000359,SUP_0036,
DP_001342,PRO_001342,SUP_0106,
DP_003285,PRO_003285,SUP_0170,
DP_000496,PRO_000496,SUP_0036,
DP_001454,PRO_001454,SUP_0109,
DP_003836,PRO_003836,SUP_0248,
DP_002012,PRO_002012,SUP_0141,
DP_003772,PRO_003772,SUP_0237,
DP_005351,PRO_005351,SUP_0322,
DP_004481,PRO_004481,SUP_0288,
DP_005779,PRO_005779,SUP_0358,
DP_000088,PRO_000088,SUP_0034,
DP_004814,PRO_004814,SUP_0299,
DP_001249,PRO_001249,SUP_0091,
DP_004380,PRO_004380,SUP_0287,
DP_003821,PRO_003821,SUP_0245,
DP_004034,PRO_004034,SUP_0266,
DP_002786,PRO_002786,SUP_0146,
DP_006341,PRO_006341,SUP_0370,
DP_003507,PRO_003507,SUP_0221,
DP_002672,PRO_002672,SUP_0141,
DP_006624,PRO_006624,SUP_0370,
DP_000360,PRO_000360,SUP_0036,
DP_001341,PRO_001341,SUP_0106,
DP_003277,PRO_003277,SUP_0170,
DP_000616,PRO_000616,SUP_0036,
DP_004352,PRO_004352,SUP_0287,
DP_003841,PRO_003841,SUP_0248,
DP_001972,PRO_001972,SUP_0141,
DP_003718,PRO_003718,SUP_0237,
DP_005432,PRO_005432,SUP_0322,
DP_005152,PRO_005152,SUP_0314,
DP_005805,PRO_005805,SUP_0358,
DP_005455,PRO_005455,SUP_0325,
DP_003539,PRO_003539,SUP_0231,
DP_004260,PRO_004260,SUP_0287,
DP_001272,PRO_001272,SUP_0091,
DP_003822,PRO_003822,SUP_0245,
DP_004012,PRO_004012,SUP_0266,
DP_002790,PRO_002790,SUP_0146,
DP_006374,PRO_006374,SUP_0370,
DP_003510,PRO_003510,SUP_0221,
DP_002671,PRO_002671,SUP_0141,
DP_006248,PRO_006248,SUP_0370,
DP_000357,PRO_000357,SUP_0036,
DP_003282,PRO_003282,SUP_0170,
DP_001350,PRO_001350,SUP_0106,
DP_005178,PRO_005178,SUP_0316,
DP_001460,PRO_001460,SUP_0109,
DP_003844,PRO_003844,SUP_0248,
DP_001984,PRO_001984,SUP_0141,
DP_004493,PRO_004493,SUP_0288,
DP_005218,PRO_005218,SUP_0322,
DP_005929,PRO_005929,SUP_0358,
DP_003743,PRO_003743,SUP_0237,
DP_000736,PRO_000736,SUP_0054,
DP_005685,PRO_005685,SUP_0343,
DP_004373,PRO_004373,SUP_0287,
DP_001263,PRO_001263,SUP_0091,
DP_006669,PRO_006669,SUP_0378,
DP_004117,PRO_004117,SUP_0266,
DP_002791,PRO_002791,SUP_0146,
DP_006404,PRO_006404,SUP_0370,
DP_002673,PRO_002673,SUP_0141,
DP_003509,PRO_003509,SUP_0221,
DP_006519,PRO_006519,SUP_0370,
DP_000510,PRO_000510,SUP_0036,
DP_003278,PRO_003278,SUP_0170,
DP_001346,PRO_001346,SUP_0106,
DP_000615,PRO_000615,SUP_0036,
DP_001457,PRO_001457,SUP_0109,
DP_006681,PRO_006681,SUP_0381,
DP_001971,PRO_001971,SUP_0141,
DP_004439,PRO_004439,SUP_0288,
DP_005262,PRO_005262,SUP_0322,
DP_006010,PRO_006010,SUP_0358,
DP_003768,PRO_003768,SUP_0237,
DP_003532,PRO_003532,SUP_0228,
DP_001250,PRO_001250,SUP_0091,
DP_004374,PRO_004374,SUP_0287,
DP_004032,PRO_004032,SUP_0266,
DP_006671,PRO_006671,SUP_0378,
DP_003535,PRO_003535,SUP_0229,
DP_002789,PRO_002789,SUP_0146,
DP_006310,PRO_006310,SUP_0370,
DP_002677,PRO_002677,SUP_0141,
DP_003515,PRO_003515,SUP_0223,
DP_005449,PRO_005449,SUP_0323,
DP_000511,PRO_000511,SUP_0036,
DP_003274,PRO_003274,SUP_0170,
DP_001378,PRO_001378,SUP_0106,
DP_000571,PRO_000571,SUP_0036,
DP_001459,PRO_001459,SUP_0109,
DP_006678,PRO_006678,SUP_0381,
DP_001992,PRO_001992,SUP_0141,
DP_004482,PRO_004482,SUP_0288,
DP_005270,PRO_005270,SUP_0322,
DP_005768,PRO_005768,SUP_0358,
DP_003669,PRO_003669,SUP_0237,
DP_003533,PRO_003533,SUP_0228,
DP_004128,PRO_004128,SUP_0266,
DP_001264,PRO_001264,SUP_0091,
DP_000268,PRO_000268,SUP_0036,
DP_006668,PRO_006668,SUP_0378,
DP_002775,PRO_002775,SUP_0146,
DP_003479,PRO_003479,SUP_0218,
DP_006385,PRO_006385,SUP_0370,
DP_002691,PRO_002691,SUP_0141,
DP_002856,PRO_002856,SUP_0158,
DP_006579,PRO_006579,SUP_0370,
DP_000515,PRO_000515,SUP_0036,
DP_003279,PRO_003279,SUP_0170,
DP_001332,PRO_001332,SUP_0106,
DP_000572,PRO_000572,SUP_0036,
DP_001458,PRO_001458,SUP_0109,
DP_006680,PRO_006680,SUP_0381,
DP_001999,PRO_001999,SUP_0141,
DP_005299,PRO_005299,SUP_0322,
DP_004485,PRO_004485,SUP_0288,
DP_005817,PRO_005817,SUP_0358,
DP_003694,PRO_003694,SUP_0237,
DP_003534,PRO_003534,SUP_0228,
DP_004095,PRO_004095,SUP_0266,
DP_001243,PRO_001243,SUP_0091,
DP_004336,PRO_004336,SUP_0287,
DP_006670,PRO_006670,SUP_0378,
DP_002776,PRO_002776,SUP_0146,
DP_003537,PRO_003537,SUP_0231,
DP_006390,PRO_006390,SUP_0370,
DP_002684,PRO_002684,SUP_0141,
DP_003362,PRO_003362,SUP_0190,
DP_006249,PRO_006249,SUP_0370,
DP_003463,PRO_003463,SUP_0213,
DP_003273,PRO_003273,SUP_0170,
DP_001330,PRO_001330,SUP_0106,
DP_000386,PRO_000386,SUP_0036,
DP_001456,PRO_001456,SUP_0109,
DP_006679,PRO_006679,SUP_0381,
DP_001994,PRO_001994,SUP_0141,
DP_005346,PRO_005346,SUP_0322,
DP_004488,PRO_004488,SUP_0288,
DP_005941,PRO_005941,SUP_0358,
DP_004173,PRO_004173,SUP_0274,
DP_003888,PRO_003888,SUP_0249,
DP_004096,PRO_004096,SUP_0266,
DP_004384,PRO_004384,SUP_0287,
DP_001273,PRO_001273,SUP_0091,
DP_001221,PRO_001221,SUP_0089,
DP_002774,PRO_002774,SUP_0146,
DP_003538,PRO_003538,SUP_0231,
DP_006518,PRO_006518,SUP_0370,
DP_002519,PRO_002519,SUP_0141,
DP_003360,PRO_003360,SUP_0190,
DP_006520,PRO_006520,SUP_0370,
DP_000513,PRO_000513,SUP_0036,
DP_003287,PRO_003287,SUP_0170,
DP_001365,PRO_001365,SUP_0106,
DP_000385,PRO_000385,SUP_0036,
DP_001441,PRO_001441,SUP_0109,
DP_006677,PRO_006677,SUP_0381,
DP_001970,PRO_001970,SUP_0141,
DP_005255,PRO_005255,SUP_0322,
DP_004427,PRO_004427,SUP_0288,
DP_001785,PRO_001785,SUP_0127,
DP_003707,PRO_003707,SUP_0237,
DP_003887,PRO_003887,SUP_0249,
DP_004015,PRO_004015,SUP_0266,
DP_004371,PRO_004371,SUP_0287,
DP_001255,PRO_001255,SUP_0091,
DP_001209,PRO_001209,SUP_0088,
DP_002799,PRO_002799,SUP_0146,
DP_004157,PRO_004157,SUP_0270,
DP_006393,PRO_006393,SUP_0370,
DP_002039,PRO_002039,SUP_0141,
DP_003427,PRO_003427,SUP_0204,
DP_006580,PRO_006580,SUP_0370,
DP_000514,PRO_000514,SUP_0036,
DP_003286,PRO_003286,SUP_0170,
DP_001339,PRO_001339,SUP_0106,
DP_001428,PRO_001428,SUP_0109,
DP_000383,PRO_000383,SUP_0036,
DP_003556,PRO_003556,SUP_0234,
DP_002009,PRO_002009,SUP_0141,
DP_005256,PRO_005256,SUP_0322,
DP_004420,PRO_004420,SUP_0288,
DP_006022,PRO_006022,SUP_0358,
DP_003732,PRO_003732,SUP_0237,
DP_003886,PRO_003886,SUP_0249,
DP_004010,PRO_004010,SUP_0266,
DP_004389,PRO_004389,SUP_0287,
DP_001260,PRO_001260,SUP_0091,
DP_001219,PRO_001219,SUP_0089,
DP_000669,PRO_000669,SUP_0040,
DP_004162,PRO_004162,SUP_0270,
DP_006381,PRO_006381,SUP_0370,
DP_002038,PRO_002038,SUP_0141,
DP_003428,PRO_003428,SUP_0204,
DP_006304,PRO_006304,SUP_0370,
DP_003283,PRO_003283,SUP_0170,
DP_000512,PRO_000512,SUP_0036,
DP_001357,PRO_001357,SUP_0106,
DP_001462,PRO_001462,SUP_0109,
DP_000384,PRO_000384,SUP_0036,
DP_003547,PRO_003547,SUP_0234,
DP_002432,PRO_002432,SUP_0141,
DP_005278,PRO_005278,SUP_0322,
DP_004428,PRO_004428,SUP_0288,
DP_005780,PRO_005780,SUP_0358,
DP_003737,PRO_003737,SUP_0237,
DP_003885,PRO_003885,SUP_0249,
DP_004013,PRO_004013,SUP_0266,
DP_004271,PRO_004271,SUP_0287,
DP_001266,PRO_001266,SUP_0091,
DP_001212,PRO_001212,SUP_0089,
DP_002800,PRO_002800,SUP_0146,
DP_004161,PRO_004161,SUP_0270,
DP_006476,PRO_006476,SUP_0370,
DP_002031,PRO_002031,SUP_0141,
DP_003506,PRO_003506,SUP_0221,
DP_006575,PRO_006575,SUP_0370,
DP_003211,PRO_003211,SUP_0170,
DP_000509,PRO_000509,SUP_0036,
DP_001328,PRO_001328,SUP_0106,
DP_001442,PRO_001442,SUP_0109,
DP_000327,PRO_000327,SUP_0036,
DP_003557,PRO_003557,SUP_0234,
DP_001937,PRO_001937,SUP_0141,
DP_005300,PRO_005300,SUP_0322,
DP_004426,PRO_004426,SUP_0288,
DP_005795,PRO_005795,SUP_0358,
DP_003775,PRO_003775,SUP_0237,
DP_004111,PRO_004111,SUP_0266,
DP_003925,PRO_003925,SUP_0261,
DP_004393,PRO_004393,SUP_0287,
DP_001261,PRO_001261,SUP_0091,
DP_001223,PRO_001223,SUP_0089,
DP_004160,PRO_004160,SUP_0270,
DP_002798,PRO_002798,SUP_0146,
DP_006358,PRO_006358,SUP_0370,
DP_002032,PRO_002032,SUP_0141,
DP_000784,PRO_000784,SUP_0070,
DP_006635,PRO_006635,SUP_0370,
DP_003209,PRO_003209,SUP_0170,
DP_000367,PRO_000367,SUP_0036,
DP_001355,PRO_001355,SUP_0106,
DP_001396,PRO_001396,SUP_0109,
DP_000326,PRO_000326,SUP_0036,
DP_003555,PRO_003555,SUP_0234,
DP_002080,PRO_002080,SUP_0141,
DP_005162,PRO_005162,SUP_0314,
DP_005919,PRO_005919,SUP_0358,
DP_003625,PRO_003625,SUP_0237,
DP_004078,PRO_004078,SUP_0266,
DP_005348,PRO_005348,SUP_0322,
DP_003921,PRO_003921,SUP_0261,
DP_004329,PRO_004329,SUP_0287,
DP_001258,PRO_001258,SUP_0091,
DP_001222,PRO_001222,SUP_0089,
DP_004159,PRO_004159,SUP_0270,
DP_002795,PRO_002795,SUP_0146,
DP_006403,PRO_006403,SUP_0370,
DP_002046,PRO_002046,SUP_0141,
DP_000782,PRO_000782,SUP_0070,
DP_006305,PRO_006305,SUP_0370,
DP_003218,PRO_003218,SUP_0170,
DP_000440,PRO_000440,SUP_0036,
DP_001354,PRO_001354,SUP_0106,
DP_000437,PRO_000437,SUP_0036,
DP_003558,PRO_003558,SUP_0234,
DP_002649,PRO_002649,SUP_0141,
DP_004357,PRO_004357,SUP_0287,
DP_004466,PRO_004466,SUP_0288,
DP_006000,PRO_006000,SUP_0358,
DP_003670,PRO_003670,SUP_0237,
DP_004109,PRO_004109,SUP_0266,
DP_005429,PRO_005429,SUP_0322,
DP_003919,PRO_003919,SUP_0261,
DP_004337,PRO_004337,SUP_0287,
DP_001256,PRO_001256,SUP_0091,
DP_001211,PRO_001211,SUP_0089,
DP_004164,PRO_004164,SUP_0270,
DP_002796,PRO_002796,SUP_0146,
DP_006430,PRO_006430,SUP_0370,
DP_002045,PRO_002045,SUP_0141,
DP_000781,PRO_000781,SUP_0070,
DP_006576,PRO_006576,SUP_0370,
DP_003212,PRO_003212,SUP_0170,
DP_000391,PRO_000391,SUP_0036,
DP_001368,PRO_001368,SUP_0106,
DP_005174,PRO_005174,SUP_0316,
DP_003548,PRO_003548,SUP_0234,
DP_002168,PRO_002168,SUP_0141,
DP_001429,PRO_001429,SUP_0109,
DP_004465,PRO_004465,SUP_0288,
DP_005758,PRO_005758,SUP_0358,
DP_003690,PRO_003690,SUP_0237,
DP_004108,PRO_004108,SUP_0266,
DP_005272,PRO_005272,SUP_0322,
DP_003923,PRO_003923,SUP_0261,
DP_004338,PRO_004338,SUP_0287,
DP_002907,PRO_002907,SUP_0164,
DP_001217,PRO_001217,SUP_0089,
DP_004165,PRO_004165,SUP_0270,
DP_002794,PRO_002794,SUP_0146,
DP_002044,PRO_002044,SUP_0141,
DP_006401,PRO_006401,SUP_0370,
DP_000783,PRO_000783,SUP_0070,
DP_006636,PRO_006636,SUP_0370,
DP_003216,PRO_003216,SUP_0170,
DP_000389,PRO_000389,SUP_0036,
DP_001334,PRO_001334,SUP_0106,
DP_000451,PRO_000451,SUP_0036,
DP_002650,PRO_002650,SUP_0141,
DP_003546,PRO_003546,SUP_0234,
DP_001395,PRO_001395,SUP_0109,
DP_004492,PRO_004492,SUP_0288,
DP_005808,PRO_005808,SUP_0358,
DP_004052,PRO_004052,SUP_0266,
DP_003692,PRO_003692,SUP_0237,
DP_003924,PRO_003924,SUP_0261,
DP_005304,PRO_005304,SUP_0322,
DP_004370,PRO_004370,SUP_0287,
DP_002896,PRO_002896,SUP_0164,
DP_001215,PRO_001215,SUP_0089,
DP_004163,PRO_004163,SUP_0270,
DP_002793,PRO_002793,SUP_0146,
DP_002043,PRO_002043,SUP_0141,
DP_006332,PRO_006332,SUP_0370,
DP_003346,PRO_003346,SUP_0186,
DP_005450,PRO_005450,SUP_0323,
DP_003207,PRO_003207,SUP_0170,
DP_000392,PRO_000392,SUP_0036,
DP_001364,PRO_001364,SUP_0106,
DP_000448,PRO_000448,SUP_0036,
DP_003545,PRO_003545,SUP_0234,
DP_002157,PRO_002157,SUP_0141,
DP_001443,PRO_001443,SUP_0109,
DP_004435,PRO_004435,SUP_0288,
DP_005932,PRO_005932,SUP_0358,
DP_004063,PRO_004063,SUP_0266,
DP_003693,PRO_003693,SUP_0237,
DP_005350,PRO_005350,SUP_0322,
DP_003920,PRO_003920,SUP_0261,
DP_000289,PRO_000289,SUP_0036,
DP_002894,PRO_002894,SUP_0164,
DP_001208,PRO_001208,SUP_0088,
DP_004158,PRO_004158,SUP_0270,
DP_002801,PRO_002801,SUP_0146,
DP_002042,PRO_002042,SUP_0141,
DP_004177,PRO_004177,SUP_0275,
DP_006336,PRO_006336,SUP_0370,
DP_006274,PRO_006274,SUP_0370,
DP_003210,PRO_003210,SUP_0170,
DP_000387,PRO_000387,SUP_0036,
DP_001366,PRO_001366,SUP_0106,
DP_000450,PRO_000450,SUP_0036,
DP_002098,PRO_002098,SUP_0141,
DP_003818,PRO_003818,SUP_0243,
DP_004422,PRO_004422,SUP_0288,
DP_004122,PRO_004122,SUP_0266,
DP_006013,PRO_006013,SUP_0358,
DP_001407,PRO_001407,SUP_0109,
DP_003611,PRO_003611,SUP_0237,
DP_005431,PRO_005431,SUP_0322,
DP_003918,PRO_003918,SUP_0261,
DP_004263,PRO_004263,SUP_0287,
DP_002906,PRO_002906,SUP_0164,
DP_001214,PRO_001214,SUP_0089,
DP_004156,PRO_004156,SUP_0270,
DP_002797,PRO_002797,SUP_0146,
DP_002041,PRO_002041,SUP_0141,
DP_003340,PRO_003340,SUP_0182,
DP_006314,PRO_006314,SUP_0370,
DP_006545,PRO_006545,SUP_0370,
DP_003217,PRO_003217,SUP_0170,
DP_003467,PRO_003467,SUP_0213,
DP_001367,PRO_001367,SUP_0106,
DP_000592,PRO_000592,SUP_0036,
DP_002064,PRO_002064,SUP_0141,
DP_002505,PRO_002505,SUP_0141,
DP_004421,PRO_004421,SUP_0288,
DP_004120,PRO_004120,SUP_0266,
DP_005771,PRO_005771,SUP_0358,
DP_004174,PRO_004174,SUP_0274,
DP_001468,PRO_001468,SUP_0109,
DP_005433,PRO_005433,SUP_0322,
DP_003922,PRO_003922,SUP_0261,
DP_002900,PRO_002900,SUP_0164,
DP_004264,PRO_004264,SUP_0287,
DP_001324,PRO_001324,SUP_0104,
DP_002792,PRO_002792,SUP_0146,
DP_004519,PRO_004519,SUP_0295,
DP_002040,PRO_002040,SUP_0141,
DP_005200,PRO_005200,SUP_0318,
DP_006499,PRO_006499,SUP_0370,
DP_006605,PRO_006605,SUP_0370,
DP_003270,PRO_003270,SUP_0170,
DP_000390,PRO_000390,SUP_0036,
DP_001345,PRO_001345,SUP_0106,
DP_000498,PRO_000498,SUP_0036,
DP_002443,PRO_002443,SUP_0141,
DP_002506,PRO_002506,SUP_0141,
DP_004119,PRO_004119,SUP_0266,
DP_004423,PRO_004423,SUP_0288,
DP_001751,PRO_001751,SUP_0127,
DP_003608,PRO_003608,SUP_0237,
DP_001417,PRO_001417,SUP_0109,
DP_005217,PRO_005217,SUP_0322,
DP_006088,PRO_006088,SUP_0362,
DP_002905,PRO_002905,SUP_0164,
DP_004265,PRO_004265,SUP_0287,
DP_000696,PRO_000696,SUP_0041,
DP_006079,PRO_006079,SUP_0360,
DP_002749,PRO_002749,SUP_0146,
DP_002036,PRO_002036,SUP_0141,
DP_003471,PRO_003471,SUP_0216,
DP_006373,PRO_006373,SUP_0370,
DP_006275,PRO_006275,SUP_0370,
DP_003272,PRO_003272,SUP_0170,
DP_000607,PRO_000607,SUP_0036,
DP_001344,PRO_001344,SUP_0106,
DP_000499,PRO_000499,SUP_0036,
DP_002611,PRO_002611,SUP_0141,
DP_002507,PRO_002507,SUP_0141,
DP_004424,PRO_004424,SUP_0288,
DP_004121,PRO_004121,SUP_0266,
DP_005799,PRO_005799,SUP_0358,
DP_003597,PRO_003597,SUP_0237,
DP_001461,PRO_001461,SUP_0109,
DP_005219,PRO_005219,SUP_0322,
DP_005456,PRO_005456,SUP_0326,
DP_004646,PRO_004646,SUP_0298,
DP_004303,PRO_004303,SUP_0287,
DP_002824,PRO_002824,SUP_0149,
DP_003908,PRO_003908,SUP_0255,
DP_000688,PRO_000688,SUP_0040,
DP_002035,PRO_002035,SUP_0141,
DP_003429,PRO_003429,SUP_0204,
DP_006360,PRO_006360,SUP_0370,
DP_006546,PRO_006546,SUP_0370,
DP_003264,PRO_003264,SUP_0170,
DP_000608,PRO_000608,SUP_0036,
DP_001336,PRO_001336,SUP_0106,
DP_000612,PRO_000612,SUP_0036,
DP_002620,PRO_002620,SUP_0141,
DP_002508,PRO_002508,SUP_0141,
DP_004089,PRO_004089,SUP_0266,
DP_004425,PRO_004425,SUP_0288,
DP_005923,PRO_005923,SUP_0358,
DP_003590,PRO_003590,SUP_0237,
DP_001400,PRO_001400,SUP_0109,
DP_005252,PRO_005252,SUP_0322,
DP_004621,PRO_004621,SUP_0298,
DP_001469,PRO_001469,SUP_0110,
DP_004297,PRO_004297,SUP_0287,
DP_000692,PRO_000692,SUP_0040,
DP_001203,PRO_001203,SUP_0087,
DP_002750,PRO_002750,SUP_0146,
DP_002034,PRO_002034,SUP_0141,
DP_006490,PRO_006490,SUP_0370,
DP_003388,PRO_003388,SUP_0194,
DP_003200,PRO_003200,SUP_0170,
DP_006606,PRO_006606,SUP_0370,
DP_000493,PRO_000493,SUP_0036,
DP_001369,PRO_001369,SUP_0106,
DP_000373,PRO_000373,SUP_0036,
DP_002054,PRO_002054,SUP_0141,
DP_002509,PRO_002509,SUP_0141,
DP_004047,PRO_004047,SUP_0266,
DP_004418,PRO_004418,SUP_0288,
DP_006004,PRO_006004,SUP_0358,
DP_003077,PRO_003077,SUP_0168,
DP_001463,PRO_001463,SUP_0109,
DP_005276,PRO_005276,SUP_0322,
DP_004747,PRO_004747,SUP_0299,
DP_000811,PRO_000811,SUP_0073,
DP_004342,PRO_004342,SUP_0287,
DP_000685,PRO_000685,SUP_0040,
DP_002748,PRO_002748,SUP_0146,
DP_001201,PRO_001201,SUP_0087,
DP_002033,PRO_002033,SUP_0141,
DP_006356,PRO_006356,SUP_0370,
DP_003201,PRO_003201,SUP_0170,
DP_003474,PRO_003474,SUP_0216,
DP_006288,PRO_006288,SUP_0370,
DP_000627,PRO_000627,SUP_0036,
DP_000372,PRO_000372,SUP_0036,
DP_005735,PRO_005735,SUP_0356,
DP_002060,PRO_002060,SUP_0141,
DP_002100,PRO_002100,SUP_0141,
DP_004090,PRO_004090,SUP_0266,
DP_005762,PRO_005762,SUP_0358,
DP_003078,PRO_003078,SUP_0168,
DP_005170,PRO_005170,SUP_0314,
DP_005315,PRO_005315,SUP_0322,
DP_003819,PRO_003819,SUP_0244,
DP_000842,PRO_000842,SUP_0073,
DP_001401,PRO_001401,SUP_0109,
DP_004266,PRO_004266,SUP_0287,
DP_000694,PRO_000694,SUP_0040,
DP_002751,PRO_002751,SUP_0146,
DP_001204,PRO_001204,SUP_0087,
DP_002030,PRO_002030,SUP_0141,
DP_006512,PRO_006512,SUP_0370,
DP_003199,PRO_003199,SUP_0170,
DP_006559,PRO_006559,SUP_0370,
DP_003384,PRO_003384,SUP_0194,
DP_000410,PRO_000410,SUP_0036,
DP_000208,PRO_000208,SUP_0036,
DP_001335,PRO_001335,SUP_0106,
DP_001950,PRO_001950,SUP_0141,
DP_001931,PRO_001931,SUP_0141,
DP_004042,PRO_004042,SUP_0266,
DP_005811,PRO_005811,SUP_0358,
DP_003063,PRO_003063,SUP_0168,
DP_004419,PRO_004419,SUP_0288,
DP_005352,PRO_005352,SUP_0322,
DP_003783,PRO_003783,SUP_0239,
DP_000813,PRO_000813,SUP_0073,
DP_004396,PRO_004396,SUP_0287,
DP_004355,PRO_004355,SUP_0287,
DP_001216,PRO_001216,SUP_0089,
DP_002746,PRO_002746,SUP_0146,
DP_001205,PRO_001205,SUP_0087,
DP_002141,PRO_002141,SUP_0141,
DP_003289,PRO_003289,SUP_0170,
DP_006318,PRO_006318,SUP_0370,
DP_006619,PRO_006619,SUP_0370,
DP_003376,PRO_003376,SUP_0194,
DP_000411,PRO_000411,SUP_0036,
DP_005175,PRO_005175,SUP_0316,
DP_001337,PRO_001337,SUP_0106,
DP_002007,PRO_002007,SUP_0141,
DP_004124,PRO_004124,SUP_0266,
DP_002516,PRO_002516,SUP_0141,
DP_005935,PRO_005935,SUP_0358,
DP_003070,PRO_003070,SUP_0168,
DP_004434,PRO_004434,SUP_0288,
DP_005469,PRO_005469,SUP_0330,
DP_006676,PRO_006676,SUP_0380,
DP_000858,PRO_000858,SUP_0073,
DP_004339,PRO_004339,SUP_0287,
DP_001213,PRO_001213,SUP_0089,
DP_001433,PRO_001433,SUP_0109,
DP_002745,PRO_002745,SUP_0146,
DP_001206,PRO_001206,SUP_0087,
DP_002596,PRO_002596,SUP_0141,
DP_003269,PRO_003269,SUP_0170,
DP_006481,PRO_006481,SUP_0370,
DP_006289,PRO_006289,SUP_0370,
DP_003377,PRO_003377,SUP_0194,
DP_000456,PRO_000456,SUP_0036,
DP_000210,PRO_000210,SUP_0036,
DP_001338,PRO_001338,SUP_0106,
DP_001956,PRO_001956,SUP_0141,
DP_004088,PRO_004088,SUP_0266,
DP_002517,PRO_002517,SUP_0141,
DP_006016,PRO_006016,SUP_0358,
DP_003060,PRO_003060,SUP_0168,
DP_004457,PRO_004457,SUP_0288,
DP_004764,PRO_004764,SUP_0299,
DP_001050,PRO_001050,SUP_0076,
DP_000857,PRO_000857,SUP_0073,
DP_004395,PRO_004395,SUP_0287,
DP_001398,PRO_001398,SUP_0109,
DP_001220,PRO_001220,SUP_0089,
DP_002747,PRO_002747,SUP_0146,
DP_000723,PRO_000723,SUP_0049,
DP_002571,PRO_002571,SUP_0141,
DP_003196,PRO_003196,SUP_0170,
DP_006330,PRO_006330,SUP_0370,
DP_005448,PRO_005448,SUP_0323,
DP_003413,PRO_003413,SUP_0194,
DP_000461,PRO_000461,SUP_0036,
DP_000211,PRO_000211,SUP_0036,
DP_001347,PRO_001347,SUP_0106,
DP_004101,PRO_004101,SUP_0266,
DP_001957,PRO_001957,SUP_0141,
DP_002522,PRO_002522,SUP_0141,
DP_005774,PRO_005774,SUP_0358,
DP_003090,PRO_003090,SUP_0168,
DP_004456,PRO_004456,SUP_0288,
DP_004855,PRO_004855,SUP_0299,
DP_001058,PRO_001058,SUP_0076,
DP_000812,PRO_000812,SUP_0073,
DP_000287,PRO_000287,SUP_0036,
DP_001210,PRO_001210,SUP_0088,
DP_001397,PRO_001397,SUP_0109,
DP_002743,PRO_002743,SUP_0146,
DP_001207,PRO_001207,SUP_0087,
DP_002569,PRO_002569,SUP_0141,
DP_003242,PRO_003242,SUP_0170,
DP_006411,PRO_006411,SUP_0370,
DP_006560,PRO_006560,SUP_0370,
DP_003398,PRO_003398,SUP_0194,
DP_000464,PRO_000464,SUP_0036,
DP_000480,PRO_000480,SUP_0036,
DP_001349,PRO_001349,SUP_0106,
DP_004123,PRO_004123,SUP_0266,
DP_002138,PRO_002138,SUP_0141,
DP_002107,PRO_002107,SUP_0141,
DP_005797,PRO_005797,SUP_0358,
DP_003103,PRO_003103,SUP_0168,
DP_004499,PRO_004499,SUP_0288,
DP_004767,PRO_004767,SUP_0299,
DP_000820,PRO_000820,SUP_0073,
DP_001052,PRO_001052,SUP_0076,
DP_004413,PRO_004413,SUP_0287,
DP_001218,PRO_001218,SUP_0089,
DP_001426,PRO_001426,SUP_0109,
DP_002742,PRO_002742,SUP_0146,
DP_001202,PRO_001202,SUP_0087,
DP_002588,PRO_002588,SUP_0141,
DP_003181,PRO_003181,SUP_0170,
DP_006485,PRO_006485,SUP_0370,
DP_006620,PRO_006620,SUP_0370,
DP_003378,PRO_003378,SUP_0194,
DP_003468,PRO_003468,SUP_0213,
DP_000481,PRO_000481,SUP_0036,
DP_001348,PRO_001348,SUP_0106,
DP_003991,PRO_003991,SUP_0266,
DP_002139,PRO_002139,SUP_0141,
DP_001933,PRO_001933,SUP_0141,
DP_004176,PRO_004176,SUP_0274,
DP_005921,PRO_005921,SUP_0358,
DP_004468,PRO_004468,SUP_0288,
DP_004803,PRO_004803,SUP_0299,
DP_000825,PRO_000825,SUP_0073,
DP_000871,PRO_000871,SUP_0076,
DP_004295,PRO_004295,SUP_0287,
DP_004983,PRO_004983,SUP_0310,
DP_004358,PRO_004358,SUP_0287,
DP_002741,PRO_002741,SUP_0146,
DP_005675,PRO_005675,SUP_0339,
DP_002595,PRO_002595,SUP_0141,
DP_003182,PRO_003182,SUP_0170,
DP_006419,PRO_006419,SUP_0370,
DP_006294,PRO_006294,SUP_0370,
DP_003382,PRO_003382,SUP_0194,
DP_000584,PRO_000584,SUP_0036,
DP_000573,PRO_000573,SUP_0036,
DP_005734,PRO_005734,SUP_0356,
DP_001724,PRO_001724,SUP_0125,
DP_002037,PRO_002037,SUP_0141,
DP_002017,PRO_002017,SUP_0141,
DP_003099,PRO_003099,SUP_0168,
DP_001750,PRO_001750,SUP_0127,
DP_004440,PRO_004440,SUP_0288,
DP_004876,PRO_004876,SUP_0299,
DP_000823,PRO_000823,SUP_0073,
DP_000872,PRO_000872,SUP_0076,
DP_004405,PRO_004405,SUP_0287,
DP_004989,PRO_004989,SUP_0310,
DP_001413,PRO_001413,SUP_0109,
DP_002740,PRO_002740,SUP_0146,
DP_002586,PRO_002586,SUP_0141,
DP_005674,PRO_005674,SUP_0339,
DP_003178,PRO_003178,SUP_0170,
DP_006344,PRO_006344,SUP_0370,
DP_006565,PRO_006565,SUP_0370,
DP_003401,PRO_003401,SUP_0194,
DP_000580,PRO_000580,SUP_0036,
DP_000574,PRO_000574,SUP_0036,
DP_002912,PRO_002912,SUP_0166,
DP_000734,PRO_000734,SUP_0053,
DP_002173,PRO_002173,SUP_0141,
DP_002255,PRO_002255,SUP_0141,
DP_003101,PRO_003101,SUP_0168,
DP_006002,PRO_006002,SUP_0358,
DP_004443,PRO_004443,SUP_0288,
DP_004854,PRO_004854,SUP_0299,
DP_000821,PRO_000821,SUP_0073,
DP_004397,PRO_004397,SUP_0287,
DP_001056,PRO_001056,SUP_0076,
DP_002828,PRO_002828,SUP_0153,
DP_001414,PRO_001414,SUP_0109,
DP_000695,PRO_000695,SUP_0040,
DP_005676,PRO_005676,SUP_0339,
DP_006663,PRO_006663,SUP_0375,
DP_002584,PRO_002584,SUP_0141,
DP_006354,PRO_006354,SUP_0370,
DP_006625,PRO_006625,SUP_0370,
DP_000610,PRO_000610,SUP_0036,
DP_003368,PRO_003368,SUP_0194,
DP_000575,PRO_000575,SUP_0036,
DP_002964,PRO_002964,SUP_0166,
DP_000732,PRO_000732,SUP_0053,
DP_002666,PRO_002666,SUP_0141,
DP_002498,PRO_002498,SUP_0141,
DP_003100,PRO_003100,SUP_0168,
DP_005760,PRO_005760,SUP_0358,
DP_004444,PRO_004444,SUP_0288,
DP_003540,PRO_003540,SUP_0231,
DP_000822,PRO_000822,SUP_0073,
DP_004410,PRO_004410,SUP_0287,
DP_000878,PRO_000878,SUP_0076,
DP_001773,PRO_001773,SUP_0127,
DP_001411,PRO_001411,SUP_0109,
DP_002738,PRO_002738,SUP_0146,
DP_003226,PRO_003226,SUP_0170,
DP_005677,PRO_005677,SUP_0339,
DP_002583,PRO_002583,SUP_0141,
DP_006352,PRO_006352,SUP_0370,
DP_006295,PRO_006295,SUP_0370,
DP_003406,PRO_003406,SUP_0194,
DP_000180,PRO_000180,SUP_0036,
DP_000733,PRO_000733,SUP_0053,
DP_002979,PRO_002979,SUP_0166,
DP_000190,PRO_000190,SUP_0036,
DP_002418,PRO_002418,SUP_0141,
DP_002327,PRO_002327,SUP_0141,
DP_005809,PRO_005809,SUP_0358,
DP_003079,PRO_003079,SUP_0168,
DP_004451,PRO_004451,SUP_0288,
DP_000826,PRO_000826,SUP_0073,
DP_005720,PRO_005720,SUP_0352,
DP_004398,PRO_004398,SUP_0287,
DP_001055,PRO_001055,SUP_0076,
DP_004987,PRO_004987,SUP_0310,
DP_001410,PRO_001410,SUP_0109,
DP_002739,PRO_002739,SUP_0146,
DP_003180,PRO_003180,SUP_0170,
DP_005673,PRO_005673,SUP_0339,
DP_002580,PRO_002580,SUP_0141,
DP_006346,PRO_006346,SUP_0370,
DP_006566,PRO_006566,SUP_0370,
DP_003473,PRO_003473,SUP_0216,
DP_000495,PRO_000495,SUP_0036,
DP_000731,PRO_000731,SUP_0053,
DP_000192,PRO_000192,SUP_0036,
DP_002970,PRO_002970,SUP_0166,
DP_001930,PRO_001930,SUP_0141,
DP_001903,PRO_001903,SUP_0141,
DP_005933,PRO_005933,SUP_0358,
DP_003098,PRO_003098,SUP_0168,
DP_005156,PRO_005156,SUP_0314,
DP_000824,PRO_000824,SUP_0073,
DP_003827,PRO_003827,SUP_0247,
DP_004403,PRO_004403,SUP_0287,
DP_000877,PRO_000877,SUP_0076,
DP_002837,PRO_002837,SUP_0155,
DP_001412,PRO_001412,SUP_0109,
DP_003186,PRO_003186,SUP_0170,
DP_002744,PRO_002744,SUP_0146,
DP_002581,PRO_002581,SUP_0141,
DP_000721,PRO_000721,SUP_0049,
DP_006383,PRO_006383,SUP_0370,
DP_003399,PRO_003399,SUP_0194,
DP_006626,PRO_006626,SUP_0370,
DP_000636,PRO_000636,SUP_0036,
DP_002820,PRO_002820,SUP_0147,
DP_000193,PRO_000193,SUP_0036,
DP_002982,PRO_002982,SUP_0166,
DP_002535,PRO_002535,SUP_0141,
DP_002200,PRO_002200,SUP_0141,
DP_006014,PRO_006014,SUP_0358,
DP_003106,PRO_003106,SUP_0168,
DP_004452,PRO_004452,SUP_0288,
DP_000803,PRO_000803,SUP_0073,
DP_002845,PRO_002845,SUP_0155,
DP_004404,PRO_004404,SUP_0287,
DP_001054,PRO_001054,SUP_0076,
DP_002783,PRO_002783,SUP_0146,
DP_001432,PRO_001432,SUP_0109,
DP_003176,PRO_003176,SUP_0170,
DP_002752,PRO_002752,SUP_0146,
DP_002585,PRO_002585,SUP_0141,
DP_001515,PRO_001515,SUP_0114,
DP_006316,PRO_006316,SUP_0370,
DP_003379,PRO_003379,SUP_0194,
DP_006263,PRO_006263,SUP_0370,
DP_000395,PRO_000395,SUP_0036,
DP_001787,PRO_001787,SUP_0128,
DP_000602,PRO_000602,SUP_0036,
DP_005737,PRO_005737,SUP_0356,
DP_002561,PRO_002561,SUP_0141,
DP_002652,PRO_002652,SUP_0141,
DP_005772,PRO_005772,SUP_0358,
DP_003064,PRO_003064,SUP_0168,
DP_004432,PRO_004432,SUP_0288,
DP_000808,PRO_000808,SUP_0073,
DP_004363,PRO_004363,SUP_0287,
DP_000086,PRO_000086,SUP_0033,
DP_001051,PRO_001051,SUP_0076,
DP_001322,PRO_001322,SUP_0104,
DP_001431,PRO_001431,SUP_0109,
DP_003177,PRO_003177,SUP_0170,
DP_002575,PRO_002575,SUP_0141,
DP_001525,PRO_001525,SUP_0114,
DP_002753,PRO_002753,SUP_0146,
DP_006501,PRO_006501,SUP_0370,
DP_003472,PRO_003472,SUP_0216,
DP_006534,PRO_006534,SUP_0370,
DP_000402,PRO_000402,SUP_0036,
DP_001788,PRO_001788,SUP_0128,
DP_000603,PRO_000603,SUP_0036,
DP_002947,PRO_002947,SUP_0166,
DP_002317,PRO_002317,SUP_0141,
DP_002018,PRO_002018,SUP_0141,
DP_003065,PRO_003065,SUP_0168,
DP_005800,PRO_005800,SUP_0358,
DP_004467,PRO_004467,SUP_0288,
DP_000806,PRO_000806,SUP_0073,
DP_004362,PRO_004362,SUP_0287,
DP_000087,PRO_000087,SUP_0033,
DP_000875,PRO_000875,SUP_0076,
DP_004988,PRO_004988,SUP_0310,
DP_003292,PRO_003292,SUP_0170,
DP_001399,PRO_001399,SUP_0109,
DP_002602,PRO_002602,SUP_0141,
DP_002754,PRO_002754,SUP_0146,
DP_006350,PRO_006350,SUP_0370,
DP_001603,PRO_001603,SUP_0114,
DP_006103,PRO_006103,SUP_0369,
DP_006594,PRO_006594,SUP_0370,
DP_000328,PRO_000328,SUP_0036,
DP_001789,PRO_001789,SUP_0128,
DP_000604,PRO_000604,SUP_0036,
DP_002968,PRO_002968,SUP_0166,
DP_002238,PRO_002238,SUP_0141,
DP_001929,PRO_001929,SUP_0141,
DP_005924,PRO_005924,SUP_0358,
DP_003066,PRO_003066,SUP_0168,
DP_004470,PRO_004470,SUP_0288,
DP_000804,PRO_000804,SUP_0073,
DP_000272,PRO_000272,SUP_0036,
DP_000085,PRO_000085,SUP_0033,
DP_000876,PRO_000876,SUP_0076,
DP_003179,PRO_003179,SUP_0170,
DP_004995,PRO_004995,SUP_0310,
DP_001422,PRO_001422,SUP_0109,
DP_002601,PRO_002601,SUP_0141,
DP_002755,PRO_002755,SUP_0146,
DP_006348,PRO_006348,SUP_0370,
DP_006101,PRO_006101,SUP_0369,
DP_006264,PRO_006264,SUP_0370,
DP_000447,PRO_000447,SUP_0036,
DP_001575,PRO_001575,SUP_0114,
DP_001487,PRO_001487,SUP_0114,
DP_001592,PRO_001592,SUP_0114,
DP_001593,PRO_001593,SUP_0114,
DP_001594,PRO_001594,SUP_0114,
DP_001576,PRO_001576,SUP_0114,
DP_001527,PRO_001527,SUP_0114,
DP_001524,PRO_001524,SUP_0114,
DP_001495,PRO_001495,SUP_0114,
DP_001488,PRO_001488,SUP_0114,
DP_001545,PRO_001545,SUP_0114,
DP_001547,PRO_001547,SUP_0114,
DP_001548,PRO_001548,SUP_0114,
DP_001550,PRO_001550,SUP_0114,
DP_001623,PRO_001623,SUP_0114,
DP_001624,PRO_001624,SUP_0114,
DP_001625,PRO_001625,SUP_0114,
DP_001544,PRO_001544,SUP_0114,
DP_001492,PRO_001492,SUP_0114,
DP_001552,PRO_001552,SUP_0114,
DP_002859,PRO_002859,SUP_0159,
DP_001551,PRO_001551,SUP_0114,
DP_001580,PRO_001580,SUP_0114,
DP_001573,PRO_001573,SUP_0114,
DP_001500,PRO_001500,SUP_0114,
DP_001597,PRO_001597,SUP_0114,
DP_000605,PRO_000605,SUP_0036,
DP_001520,PRO_001520,SUP_0114,
DP_001559,PRO_001559,SUP_0114,
DP_001522,PRO_001522,SUP_0114,
DP_001569,PRO_001569,SUP_0114,
DP_002911,PRO_002911,SUP_0166,
DP_001596,PRO_001596,SUP_0114,
DP_002239,PRO_002239,SUP_0141,
DP_001568,PRO_001568,SUP_0114,
DP_002172,PRO_002172,SUP_0141,
DP_001599,PRO_001599,SUP_0114,
DP_001493,PRO_001493,SUP_0114,
DP_001546,PRO_001546,SUP_0114,
DP_001549,PRO_001549,SUP_0114,
DP_001519,PRO_001519,SUP_0114,
DP_001591,PRO_001591,SUP_0114,
DP_001496,PRO_001496,SUP_0114,
DP_001512,PRO_001512,SUP_0114,
DP_001489,PRO_001489,SUP_0114,
DP_006005,PRO_006005,SUP_0358,
DP_003067,PRO_003067,SUP_0168,
DP_004429,PRO_004429,SUP_0288,
DP_000805,PRO_000805,SUP_0073,
DP_004255,PRO_004255,SUP_0287,
DP_004372,PRO_004372,SUP_0287,
DP_000874,PRO_000874,SUP_0076,
DP_003183,PRO_003183,SUP_0170,
DP_004348,PRO_004348,SUP_0287,
DP_001087,PRO_001087,SUP_0078,
DP_002600,PRO_002600,SUP_0141,
DP_002762,PRO_002762,SUP_0146,
DP_003339,PRO_003339,SUP_0182,
DP_006535,PRO_006535,SUP_0370,
DP_000449,PRO_000449,SUP_0036,
DP_006340,PRO_006340,SUP_0370,
DP_006100,PRO_006100,SUP_0368,
DP_000465,PRO_000465,SUP_0036,
DP_002967,PRO_002967,SUP_0166,
DP_002510,PRO_002510,SUP_0141,
DP_002698,PRO_002698,SUP_0141,
DP_005763,PRO_005763,SUP_0358,
DP_004175,PRO_004175,SUP_0274,
DP_004415,PRO_004415,SUP_0288,
DP_000809,PRO_000809,SUP_0073,
DP_004330,PRO_004330,SUP_0287,
DP_004294,PRO_004294,SUP_0287,
DP_003263,PRO_003263,SUP_0170,
DP_000873,PRO_000873,SUP_0076,
DP_001453,PRO_001453,SUP_0109,
DP_004984,PRO_004984,SUP_0310,
DP_002578,PRO_002578,SUP_0141,
DP_002761,PRO_002761,SUP_0146,
DP_006102,PRO_006102,SUP_0369,
DP_006595,PRO_006595,SUP_0370,
DP_000455,PRO_000455,SUP_0036,
DP_006338,PRO_006338,SUP_0370,
DP_001641,PRO_001641,SUP_0117,
DP_000466,PRO_000466,SUP_0036,
DP_002998,PRO_002998,SUP_0166,
DP_002436,PRO_002436,SUP_0141,
DP_002697,PRO_002697,SUP_0141,
DP_001567,PRO_001567,SUP_0114,
DP_001771,PRO_001771,SUP_0127,
DP_003089,PRO_003089,SUP_0168,
DP_004441,PRO_004441,SUP_0288,
DP_000807,PRO_000807,SUP_0073,
DP_004347,PRO_004347,SUP_0287,
DP_003192,PRO_003192,SUP_0170,
DP_004293,PRO_004293,SUP_0287,
DP_001057,PRO_001057,SUP_0076,
DP_001466,PRO_001466,SUP_0109,
DP_003907,PRO_003907,SUP_0255,
DP_002576,PRO_002576,SUP_0141,
DP_002757,PRO_002757,SUP_0146,
DP_003344,PRO_003344,SUP_0185,
DP_006262,PRO_006262,SUP_0370,
DP_000594,PRO_000594,SUP_0036,
DP_006342,PRO_006342,SUP_0370,
DP_001642,PRO_001642,SUP_0117,
DP_005689,PRO_005689,SUP_0346,
DP_002980,PRO_002980,SUP_0166,
DP_002501,PRO_002501,SUP_0141,
DP_002541,PRO_002541,SUP_0141,
DP_001498,PRO_001498,SUP_0114,
DP_005812,PRO_005812,SUP_0358,
DP_003093,PRO_003093,SUP_0168,
DP_004417,PRO_004417,SUP_0288,
DP_000827,PRO_000827,SUP_0073,
DP_004376,PRO_004376,SUP_0287,
DP_003301,PRO_003301,SUP_0170,
DP_004300,PRO_004300,SUP_0287,
DP_001053,PRO_001053,SUP_0076,
DP_004351,PRO_004351,SUP_0287,
DP_004985,PRO_004985,SUP_0310,
DP_002589,PRO_002589,SUP_0141,
DP_000689,PRO_000689,SUP_0040,
DP_001317,PRO_001317,SUP_0102,
DP_006533,PRO_006533,SUP_0370,
DP_000593,PRO_000593,SUP_0036,
DP_006375,PRO_006375,SUP_0370,
DP_004172,PRO_004172,SUP_0273,
DP_001659,PRO_001659,SUP_0117,
DP_002983,PRO_002983,SUP_0166,
DP_002247,PRO_002247,SUP_0141,
DP_002471,PRO_002471,SUP_0141,
DP_001583,PRO_001583,SUP_0114,
DP_003059,PRO_003059,SUP_0168,
DP_005936,PRO_005936,SUP_0358,
DP_004446,PRO_004446,SUP_0288,
DP_000861,PRO_000861,SUP_0073,
DP_004400,PRO_004400,SUP_0287,
DP_003189,PRO_003189,SUP_0170,
DP_004383,PRO_004383,SUP_0287,
DP_001028,PRO_001028,SUP_0076,
DP_003518,PRO_003518,SUP_0225,
DP_004982,PRO_004982,SUP_0310,
DP_002593,PRO_002593,SUP_0141,
DP_002756,PRO_002756,SUP_0146,
DP_003345,PRO_003345,SUP_0185,
DP_006593,PRO_006593,SUP_0370,
DP_000613,PRO_000613,SUP_0036,
DP_006405,PRO_006405,SUP_0370,
DP_001643,PRO_001643,SUP_0117,
DP_004996,PRO_004996,SUP_0310,
DP_002971,PRO_002971,SUP_0166,
DP_002512,PRO_002512,SUP_0141,
DP_001584,PRO_001584,SUP_0114,
DP_002088,PRO_002088,SUP_0141,
DP_003094,PRO_003094,SUP_0168,
DP_006017,PRO_006017,SUP_0358,
DP_004494,PRO_004494,SUP_0288,
DP_000860,PRO_000860,SUP_0073,
DP_004407,PRO_004407,SUP_0287,
DP_003225,PRO_003225,SUP_0170,
DP_003829,PRO_003829,SUP_0247,
DP_001031,PRO_001031,SUP_0076,
DP_003520,PRO_003520,SUP_0225,
DP_004986,PRO_004986,SUP_0310,
DP_005707,PRO_005707,SUP_0349,
DP_002568,PRO_002568,SUP_0141,
DP_003426,PRO_003426,SUP_0204,
DP_000762,PRO_000762,SUP_0064,
DP_006311,PRO_006311,SUP_0370,
DP_000209,PRO_000209,SUP_0036,
DP_005741,PRO_005741,SUP_0357,
DP_001654,PRO_001654,SUP_0117,
DP_002981,PRO_002981,SUP_0166,
DP_001939,PRO_001939,SUP_0141,
DP_002533,PRO_002533,SUP_0141,
DP_001604,PRO_001604,SUP_0114,
DP_003095,PRO_003095,SUP_0168,
DP_005775,PRO_005775,SUP_0358,
DP_005155,PRO_005155,SUP_0314,
DP_000818,PRO_000818,SUP_0073,
DP_004375,PRO_004375,SUP_0287,
DP_003187,PRO_003187,SUP_0170,
DP_004385,PRO_004385,SUP_0287,
DP_001025,PRO_001025,SUP_0076,
DP_003519,PRO_003519,SUP_0225,
DP_002736,PRO_002736,SUP_0146,
DP_002572,PRO_002572,SUP_0141,
DP_005705,PRO_005705,SUP_0349,
DP_000772,PRO_000772,SUP_0067,
DP_001815,PRO_001815,SUP_0130,
DP_006386,PRO_006386,SUP_0370,
DP_000482,PRO_000482,SUP_0036,
DP_005479,PRO_005479,SUP_0336,
DP_001649,PRO_001649,SUP_0117,
DP_002984,PRO_002984,SUP_0166,
DP_002660,PRO_002660,SUP_0141,
DP_002544,PRO_002544,SUP_0141,
DP_001598,PRO_001598,SUP_0114,
DP_003071,PRO_003071,SUP_0168,
DP_005801,PRO_005801,SUP_0358,
DP_004495,PRO_004495,SUP_0288,
DP_000794,PRO_000794,SUP_0073,
DP_004279,PRO_004279,SUP_0287,
DP_000044,PRO_000044,SUP_0017,
DP_004291,PRO_004291,SUP_0287,
DP_001019,PRO_001019,SUP_0076,
DP_004354,PRO_004354,SUP_0287,
DP_002737,PRO_002737,SUP_0146,
DP_005706,PRO_005706,SUP_0349,
DP_002582,PRO_002582,SUP_0141,
DP_002857,PRO_002857,SUP_0158,
DP_006416,PRO_006416,SUP_0370,
DP_000191,PRO_000191,SUP_0036,
DP_001816,PRO_001816,SUP_0130,
DP_005004,PRO_005004,SUP_0312,
DP_001650,PRO_001650,SUP_0117,
DP_005736,PRO_005736,SUP_0356,
DP_002428,PRO_002428,SUP_0141,
DP_002695,PRO_002695,SUP_0141,
DP_000722,PRO_000722,SUP_0049,
DP_005925,PRO_005925,SUP_0358,
DP_003075,PRO_003075,SUP_0168,
DP_004460,PRO_004460,SUP_0288,
DP_000799,PRO_000799,SUP_0073,
DP_004277,PRO_004277,SUP_0287,
DP_000043,PRO_000043,SUP_0017,
DP_004368,PRO_004368,SUP_0287,
DP_001022,PRO_001022,SUP_0076,
DP_003521,PRO_003521,SUP_0225,
DP_002846,PRO_002846,SUP_0155,
DP_005713,PRO_005713,SUP_0349,
DP_002574,PRO_002574,SUP_0141,
DP_003367,PRO_003367,SUP_0194,
DP_006417,PRO_006417,SUP_0370,
DP_000601,PRO_000601,SUP_0036,
DP_006080,PRO_006080,SUP_0360,
DP_005727,PRO_005727,SUP_0353,
DP_001637,PRO_001637,SUP_0117,
DP_002972,PRO_002972,SUP_0166,
DP_002430,PRO_002430,SUP_0141,
DP_002670,PRO_002670,SUP_0141,
DP_001565,PRO_001565,SUP_0114,
DP_006006,PRO_006006,SUP_0358,
DP_004459,PRO_004459,SUP_0288,
DP_003072,PRO_003072,SUP_0168,
DP_000797,PRO_000797,SUP_0073,
DP_004257,PRO_004257,SUP_0287,
DP_000045,PRO_000045,SUP_0017,
DP_004379,PRO_004379,SUP_0287,
DP_001034,PRO_001034,SUP_0076,
DP_004353,PRO_004353,SUP_0287,
DP_005732,PRO_005732,SUP_0354,
DP_005712,PRO_005712,SUP_0349,
DP_002594,PRO_002594,SUP_0141,
DP_003380,PRO_003380,SUP_0194,
DP_006378,PRO_006378,SUP_0370,
DP_000587,PRO_000587,SUP_0036,
DP_004965,PRO_004965,SUP_0308,
DP_006087,PRO_006087,SUP_0361,
DP_001656,PRO_001656,SUP_0117,
DP_002963,PRO_002963,SUP_0166,
DP_002530,PRO_002530,SUP_0141,
DP_002690,PRO_002690,SUP_0141,
DP_001499,PRO_001499,SUP_0114,
DP_005764,PRO_005764,SUP_0358,
DP_004464,PRO_004464,SUP_0288,
DP_003073,PRO_003073,SUP_0168,
DP_000795,PRO_000795,SUP_0073,
DP_000368,PRO_000368,SUP_0036,
DP_000001,PRO_000001,SUP_0001,
DP_004388,PRO_004388,SUP_0287,
DP_000962,PRO_000962,SUP_0076,
DP_004356,PRO_004356,SUP_0287,
DP_005704,PRO_005704,SUP_0349,
DP_003757,PRO_003757,SUP_0237,
DP_002573,PRO_002573,SUP_0141,
DP_001855,PRO_001855,SUP_0137,
DP_006379,PRO_006379,SUP_0370,
DP_000354,PRO_000354,SUP_0036,
DP_004955,PRO_004955,SUP_0308,
DP_005473,PRO_005473,SUP_0331,
DP_002975,PRO_002975,SUP_0166,
DP_002662,PRO_002662,SUP_0141,
DP_001639,PRO_001639,SUP_0117,
DP_001494,PRO_001494,SUP_0114,
DP_002087,PRO_002087,SUP_0141,
DP_005813,PRO_005813,SUP_0358,
DP_004461,PRO_004461,SUP_0288,
DP_003074,PRO_003074,SUP_0168,
DP_000796,PRO_000796,SUP_0073,
DP_000028,PRO_000028,SUP_0008,
DP_004304,PRO_004304,SUP_0287,
DP_000965,PRO_000965,SUP_0076,
DP_004349,PRO_004349,SUP_0287,
DP_004258,PRO_004258,SUP_0287,
DP_005716,PRO_005716,SUP_0349,
DP_003589,PRO_003589,SUP_0237,
DP_002599,PRO_002599,SUP_0141,
DP_003400,PRO_003400,SUP_0194,
DP_006406,PRO_006406,SUP_0370,
DP_000469,PRO_000469,SUP_0036,
DP_004975,PRO_004975,SUP_0308,
DP_004998,PRO_004998,SUP_0311,
DP_002990,PRO_002990,SUP_0166,
DP_002523,PRO_002523,SUP_0141,
DP_001640,PRO_001640,SUP_0117,
DP_001555,PRO_001555,SUP_0114,
DP_002085,PRO_002085,SUP_0141,
DP_005937,PRO_005937,SUP_0358,
DP_004462,PRO_004462,SUP_0288,
DP_003451,PRO_003451,SUP_0209,
DP_000800,PRO_000800,SUP_0073,
DP_004378,PRO_004378,SUP_0287,
DP_000959,PRO_000959,SUP_0076,
DP_004350,PRO_004350,SUP_0287,
DP_005715,PRO_005715,SUP_0349,
DP_002597,PRO_002597,SUP_0141,
DP_004259,PRO_004259,SUP_0287,
DP_005183,PRO_005183,SUP_0316,
DP_003389,PRO_003389,SUP_0194,
DP_006407,PRO_006407,SUP_0370,
DP_000349,PRO_000349,SUP_0036,
DP_004956,PRO_004956,SUP_0308,
DP_005001,PRO_005001,SUP_0311,
DP_001660,PRO_001660,SUP_0117,
DP_002986,PRO_002986,SUP_0166,
DP_002513,PRO_002513,SUP_0141,
DP_001561,PRO_001561,SUP_0114,
DP_002086,PRO_002086,SUP_0141,
DP_001770,PRO_001770,SUP_0127,
DP_004458,PRO_004458,SUP_0288,
DP_003076,PRO_003076,SUP_0168,
DP_000798,PRO_000798,SUP_0073,
DP_004261,PRO_004261,SUP_0287,
DP_000953,PRO_000953,SUP_0076,
DP_000745,PRO_000745,SUP_0057,
DP_005708,PRO_005708,SUP_0349,
DP_002570,PRO_002570,SUP_0141,
DP_004343,PRO_004343,SUP_0287,
DP_003700,PRO_003700,SUP_0237,
DP_006396,PRO_006396,SUP_0370,
DP_000597,PRO_000597,SUP_0036,
DP_004957,PRO_004957,SUP_0308,
DP_005003,PRO_005003,SUP_0311,
DP_001646,PRO_001646,SUP_0117,
DP_002528,PRO_002528,SUP_0141,
DP_003013,PRO_003013,SUP_0167,
DP_001562,PRO_001562,SUP_0114,
DP_002084,PRO_002084,SUP_0141,
DP_006018,PRO_006018,SUP_0358,
DP_004463,PRO_004463,SUP_0288,
DP_003102,PRO_003102,SUP_0168,
DP_000801,PRO_000801,SUP_0073,
DP_004331,PRO_004331,SUP_0287,
DP_000956,PRO_000956,SUP_0076,
DP_000746,PRO_000746,SUP_0057,
DP_000682,PRO_000682,SUP_0040,
DP_002598,PRO_002598,SUP_0141,
DP_004377,PRO_004377,SUP_0287,
DP_003667,PRO_003667,SUP_0237,
DP_003385,PRO_003385,SUP_0194,
DP_006397,PRO_006397,SUP_0370,
DP_000596,PRO_000596,SUP_0036,
DP_004959,PRO_004959,SUP_0308,
DP_004997,PRO_004997,SUP_0311,
DP_001658,PRO_001658,SUP_0117,
DP_003004,PRO_003004,SUP_0166,
DP_002529,PRO_002529,SUP_0141,
DP_001566,PRO_001566,SUP_0114,
DP_002117,PRO_002117,SUP_0141,
DP_005776,PRO_005776,SUP_0358,
DP_003105,PRO_003105,SUP_0168,
DP_000788,PRO_000788,SUP_0073,
DP_004328,PRO_004328,SUP_0287,
DP_000968,PRO_000968,SUP_0076,
DP_000744,PRO_000744,SUP_0057,
DP_002592,PRO_002592,SUP_0141,
DP_005714,PRO_005714,SUP_0349,
DP_004253,PRO_004253,SUP_0287,
DP_003615,PRO_003615,SUP_0237,
DP_001852,PRO_001852,SUP_0137,
DP_006482,PRO_006482,SUP_0370,
DP_000589,PRO_000589,SUP_0036,
DP_004960,PRO_004960,SUP_0308,
DP_004999,PRO_004999,SUP_0311,
DP_001657,PRO_001657,SUP_0117,
DP_003001,PRO_003001,SUP_0166,
DP_002065,PRO_002065,SUP_0141,
DP_001517,PRO_001517,SUP_0114,
DP_002316,PRO_002316,SUP_0141,
DP_005802,PRO_005802,SUP_0358,
DP_000791,PRO_000791,SUP_0073,
DP_003088,PRO_003088,SUP_0168,
DP_003830,PRO_003830,SUP_0247,
DP_000749,PRO_000749,SUP_0057,
DP_000995,PRO_000995,SUP_0076,
DP_005717,PRO_005717,SUP_0349,
DP_002590,PRO_002590,SUP_0141,
DP_004365,PRO_004365,SUP_0287,
DP_003603,PRO_003603,SUP_0237,
DP_004171,PRO_004171,SUP_0272,
DP_006483,PRO_006483,SUP_0370,
DP_000236,PRO_000236,SUP_0036,
DP_004978,PRO_004978,SUP_0308,
DP_005002,PRO_005002,SUP_0311,
DP_001653,PRO_001653,SUP_0117,
DP_003006,PRO_003006,SUP_0166,
DP_002514,PRO_002514,SUP_0141,
DP_001541,PRO_001541,SUP_0114,
DP_002366,PRO_002366,SUP_0141,
DP_005926,PRO_005926,SUP_0358,
DP_005153,PRO_005153,SUP_0314,
DP_003081,PRO_003081,SUP_0168,
DP_000789,PRO_000789,SUP_0073,
DP_004359,PRO_004359,SUP_0287,
DP_000998,PRO_000998,SUP_0076,
DP_000748,PRO_000748,SUP_0057,
DP_001690,PRO_001690,SUP_0119,
DP_005710,PRO_005710,SUP_0349,
DP_002577,PRO_002577,SUP_0141,
DP_004382,PRO_004382,SUP_0287,
DP_003726,PRO_003726,SUP_0237,
DP_006661,PRO_006661,SUP_0373,
DP_006387,PRO_006387,SUP_0370,
DP_000235,PRO_000235,SUP_0036,
DP_004977,PRO_004977,SUP_0308,
DP_005730,PRO_005730,SUP_0353,
DP_001648,PRO_001648,SUP_0117,
DP_001896,PRO_001896,SUP_0141,
DP_003002,PRO_003002,SUP_0166,
DP_002367,PRO_002367,SUP_0141,
DP_001516,PRO_001516,SUP_0114,
DP_006007,PRO_006007,SUP_0358,
DP_000790,PRO_000790,SUP_0073,
DP_003080,PRO_003080,SUP_0168,
DP_001200,PRO_001200,SUP_0086,
DP_000992,PRO_000992,SUP_0076,
DP_000747,PRO_000747,SUP_0057,
DP_005711,PRO_005711,SUP_0349,
DP_002579,PRO_002579,SUP_0141,
DP_004267,PRO_004267,SUP_0287,
DP_003592,PRO_003592,SUP_0237,
DP_004169,PRO_004169,SUP_0272,
DP_006388,PRO_006388,SUP_0370,
DP_000234,PRO_000234,SUP_0036,
DP_004979,PRO_004979,SUP_0308,
DP_005000,PRO_005000,SUP_0311,
DP_001651,PRO_001651,SUP_0117,
DP_001897,PRO_001897,SUP_0141,
DP_005740,PRO_005740,SUP_0356,
DP_002494,PRO_002494,SUP_0141,
DP_000724,PRO_000724,SUP_0049,
DP_005765,PRO_005765,SUP_0358,
DP_000793,PRO_000793,SUP_0073,
DP_003087,PRO_003087,SUP_0168,
DP_005520,PRO_005520,SUP_0337,
DP_000986,PRO_000986,SUP_0076,
DP_000750,PRO_000750,SUP_0057,
DP_002587,PRO_002587,SUP_0141,
DP_005709,PRO_005709,SUP_0349,
DP_004391,PRO_004391,SUP_0287,
DP_003665,PRO_003665,SUP_0237,
DP_006326,PRO_006326,SUP_0370,
DP_000237,PRO_000237,SUP_0036,
DP_004976,PRO_004976,SUP_0308,
DP_005718,PRO_005718,SUP_0350,
DP_001645,PRO_001645,SUP_0117,
DP_001898,PRO_001898,SUP_0141,
DP_003007,PRO_003007,SUP_0166,
DP_002204,PRO_002204,SUP_0141,
DP_001518,PRO_001518,SUP_0114,
DP_005814,PRO_005814,SUP_0358,
DP_003083,PRO_003083,SUP_0168,
DP_000792,PRO_000792,SUP_0073,
DP_005519,PRO_005519,SUP_0337,
DP_000989,PRO_000989,SUP_0076,
DP_001227,PRO_001227,SUP_0090,
DP_002603,PRO_002603,SUP_0141,
DP_002843,PRO_002843,SUP_0155,
DP_004387,PRO_004387,SUP_0287,
DP_003668,PRO_003668,SUP_0237,
DP_006662,PRO_006662,SUP_0373,
DP_006327,PRO_006327,SUP_0370,
DP_004181,PRO_004181,SUP_0276,
DP_004968,PRO_004968,SUP_0308,
DP_005733,PRO_005733,SUP_0355,
DP_001652,PRO_001652,SUP_0117,
DP_003009,PRO_003009,SUP_0166,
DP_002342,PRO_002342,SUP_0141,
DP_002048,PRO_002048,SUP_0141,
DP_001578,PRO_001578,SUP_0114,
DP_005938,PRO_005938,SUP_0358,
DP_003082,PRO_003082,SUP_0168,
DP_005518,PRO_005518,SUP_0337,
DP_000844,PRO_000844,SUP_0073,
DP_001001,PRO_001001,SUP_0076,
DP_001225,PRO_001225,SUP_0090,
DP_002591,PRO_002591,SUP_0141,
DP_002844,PRO_002844,SUP_0155,
DP_000371,PRO_000371,SUP_0036,
DP_003705,PRO_003705,SUP_0237,
DP_006413,PRO_006413,SUP_0370,
DP_000222,PRO_000222,SUP_0036,
DP_004969,PRO_004969,SUP_0308,
DP_005475,PRO_005475,SUP_0333,
DP_001638,PRO_001638,SUP_0117,
DP_003011,PRO_003011,SUP_0166,
DP_002496,PRO_002496,SUP_0141,
DP_001582,PRO_001582,SUP_0114,
DP_002400,PRO_002400,SUP_0141,
DP_006019,PRO_006019,SUP_0358,
DP_003086,PRO_003086,SUP_0168,
DP_005637,PRO_005637,SUP_0337,
DP_000849,PRO_000849,SUP_0073,
DP_001037,PRO_001037,SUP_0076,
DP_001228,PRO_001228,SUP_0090,
DP_002562,PRO_002562,SUP_0141,
DP_002842,PRO_002842,SUP_0155,
DP_004360,PRO_004360,SUP_0287,
DP_003588,PRO_003588,SUP_0237,
DP_004246,PRO_004246,SUP_0285,
DP_006414,PRO_006414,SUP_0370,
DP_000223,PRO_000223,SUP_0036,
DP_004970,PRO_004970,SUP_0308,
DP_005726,PRO_005726,SUP_0353,
DP_001647,PRO_001647,SUP_0117,
DP_003010,PRO_003010,SUP_0166,
DP_002207,PRO_002207,SUP_0141,
DP_002158,PRO_002158,SUP_0141,
DP_001581,PRO_001581,SUP_0114,
DP_005777,PRO_005777,SUP_0358,
DP_003452,PRO_003452,SUP_0209,
DP_005492,PRO_005492,SUP_0337,
DP_000847,PRO_000847,SUP_0073,
DP_001043,PRO_001043,SUP_0076,
DP_001226,PRO_001226,SUP_0090,
DP_002563,PRO_002563,SUP_0141,
DP_002841,PRO_002841,SUP_0155,
DP_004298,PRO_004298,SUP_0287,
DP_005186,PRO_005186,SUP_0316,
DP_004247,PRO_004247,SUP_0285,
DP_006487,PRO_006487,SUP_0370,
DP_000225,PRO_000225,SUP_0036,
DP_004954,PRO_004954,SUP_0308,
DP_001644,PRO_001644,SUP_0117,
DP_001728,PRO_001728,SUP_0126,
DP_002920,PRO_002920,SUP_0166,
DP_002206,PRO_002206,SUP_0141,
DP_001490,PRO_001490,SUP_0114,
DP_002319,PRO_002319,SUP_0141,
DP_001783,PRO_001783,SUP_0127,
DP_003084,PRO_003084,SUP_0168,
DP_005531,PRO_005531,SUP_0337,
DP_000845,PRO_000845,SUP_0073,
DP_002709,PRO_002709,SUP_0143,
DP_001040,PRO_001040,SUP_0076,
DP_002399,PRO_002399,SUP_0141,
DP_002839,PRO_002839,SUP_0155,
DP_004299,PRO_004299,SUP_0287,
DP_003591,PRO_003591,SUP_0237,
DP_004249,PRO_004249,SUP_0285,
DP_006488,PRO_006488,SUP_0370,
DP_000224,PRO_000224,SUP_0036,
DP_004980,PRO_004980,SUP_0308,
DP_001655,PRO_001655,SUP_0117,
DP_001729,PRO_001729,SUP_0126,
DP_002989,PRO_002989,SUP_0166,
DP_002224,PRO_002224,SUP_0141,
DP_001543,PRO_001543,SUP_0114,
DP_002320,PRO_002320,SUP_0141,
DP_005798,PRO_005798,SUP_0358,
DP_003085,PRO_003085,SUP_0168,
DP_005533,PRO_005533,SUP_0337,
DP_000846,PRO_000846,SUP_0073,
DP_002708,PRO_002708,SUP_0143,
DP_001046,PRO_001046,SUP_0076,
DP_002393,PRO_002393,SUP_0141,
DP_000681,PRO_000681,SUP_0040,
DP_004256,PRO_004256,SUP_0287,
DP_003666,PRO_003666,SUP_0237,
DP_004170,PRO_004170,SUP_0272,
DP_006427,PRO_006427,SUP_0370,
DP_000226,PRO_000226,SUP_0036,
DP_004963,PRO_004963,SUP_0308,
DP_000870,PRO_000870,SUP_0075,
DP_001730,PRO_001730,SUP_0126,
DP_002992,PRO_002992,SUP_0166,
DP_002218,PRO_002218,SUP_0141,
DP_001560,PRO_001560,SUP_0114,
DP_002321,PRO_002321,SUP_0141,
DP_005922,PRO_005922,SUP_0358,
DP_003096,PRO_003096,SUP_0168,
DP_005500,PRO_005500,SUP_0337,
DP_000850,PRO_000850,SUP_0073,
DP_001049,PRO_001049,SUP_0076,
DP_002707,PRO_002707,SUP_0143,
DP_002118,PRO_002118,SUP_0141,
DP_002840,PRO_002840,SUP_0155,
DP_004254,PRO_004254,SUP_0287,
DP_003593,PRO_003593,SUP_0237,
DP_003432,PRO_003432,SUP_0207,
DP_006428,PRO_006428,SUP_0370,
DP_000227,PRO_000227,SUP_0036,
DP_004973,PRO_004973,SUP_0308,
DP_006683,PRO_006683,SUP_0382,
DP_003329,PRO_003329,SUP_0177,
DP_002987,PRO_002987,SUP_0166,
DP_002215,PRO_002215,SUP_0141,
DP_001558,PRO_001558,SUP_0114,
DP_002546,PRO_002546,SUP_0141,
DP_006003,PRO_006003,SUP_0358,
DP_003097,PRO_003097,SUP_0168,
DP_005481,PRO_005481,SUP_0337,
DP_000848,PRO_000848,SUP_0073,
DP_002710,PRO_002710,SUP_0143,
DP_000971,PRO_000971,SUP_0076,
DP_002394,PRO_002394,SUP_0141,
DP_002848,PRO_002848,SUP_0155,
DP_004251,PRO_004251,SUP_0285,
DP_004877,PRO_004877,SUP_0300,
DP_000228,PRO_000228,SUP_0036,
DP_006508,PRO_006508,SUP_0370,
DP_004301,PRO_004301,SUP_0287,
DP_004972,PRO_004972,SUP_0308,
DP_006684,PRO_006684,SUP_0382,
DP_003318,PRO_003318,SUP_0177,
DP_002993,PRO_002993,SUP_0166,
DP_002213,PRO_002213,SUP_0141,
DP_001554,PRO_001554,SUP_0114,
DP_002547,PRO_002547,SUP_0141,
DP_005761,PRO_005761,SUP_0358,
DP_003068,PRO_003068,SUP_0168,
DP_005164,PRO_005164,SUP_0314,
DP_005482,PRO_005482,SUP_0337,
DP_000854,PRO_000854,SUP_0073,
DP_001239,PRO_001239,SUP_0090,
DP_001675,PRO_001675,SUP_0119,
DP_000977,PRO_000977,SUP_0076,
DP_002250,PRO_002250,SUP_0141,
DP_002847,PRO_002847,SUP_0155,
DP_004250,PRO_004250,SUP_0285,
DP_003671,PRO_003671,SUP_0237,
DP_006509,PRO_006509,SUP_0370,
DP_000231,PRO_000231,SUP_0036,
DP_004366,PRO_004366,SUP_0287,
DP_004971,PRO_004971,SUP_0308,
DP_006682,PRO_006682,SUP_0382,
DP_003327,PRO_003327,SUP_0177,
DP_002988,PRO_002988,SUP_0166,
DP_002212,PRO_002212,SUP_0141,
DP_001595,PRO_001595,SUP_0114,
DP_002477,PRO_002477,SUP_0141,
DP_005810,PRO_005810,SUP_0358,
DP_003069,PRO_003069,SUP_0168,
DP_005501,PRO_005501,SUP_0337,
DP_000851,PRO_000851,SUP_0073,
DP_001237,PRO_001237,SUP_0090,
DP_000974,PRO_000974,SUP_0076,
DP_002253,PRO_002253,SUP_0141,
DP_002838,PRO_002838,SUP_0155,
DP_004248,PRO_004248,SUP_0285,
DP_004883,PRO_004883,SUP_0301,
DP_006367,PRO_006367,SUP_0370,
DP_000229,PRO_000229,SUP_0036,
DP_004394,PRO_004394,SUP_0287,
DP_004966,PRO_004966,SUP_0308,
DP_003312,PRO_003312,SUP_0175,
DP_003320,PRO_003320,SUP_0177,
DP_005739,PRO_005739,SUP_0356,
DP_002211,PRO_002211,SUP_0141,
DP_000725,PRO_000725,SUP_0049,
DP_002638,PRO_002638,SUP_0141,
DP_005934,PRO_005934,SUP_0358,
DP_003091,PRO_003091,SUP_0168,
DP_005510,PRO_005510,SUP_0337,
DP_000830,PRO_000830,SUP_0073,
DP_001234,PRO_001234,SUP_0090,
DP_000980,PRO_000980,SUP_0076,
DP_002254,PRO_002254,SUP_0141,
DP_002851,PRO_002851,SUP_0155,
DP_003364,PRO_003364,SUP_0192,
DP_004879,PRO_004879,SUP_0301,
DP_006368,PRO_006368,SUP_0370,
DP_000232,PRO_000232,SUP_0036,
DP_004958,PRO_004958,SUP_0308,
DP_004408,PRO_004408,SUP_0287,
DP_002728,PRO_002728,SUP_0145,
DP_003317,PRO_003317,SUP_0177,
DP_002930,PRO_002930,SUP_0166,
DP_001521,PRO_001521,SUP_0114,
DP_002210,PRO_002210,SUP_0141,
DP_001921,PRO_001921,SUP_0141,
DP_006015,PRO_006015,SUP_0358,
DP_005508,PRO_005508,SUP_0337,
DP_000831,PRO_000831,SUP_0073,
DP_001235,PRO_001235,SUP_0090,
DP_000983,PRO_000983,SUP_0076,
DP_002398,PRO_002398,SUP_0141,
DP_002850,PRO_002850,SUP_0155,
DP_003446,PRO_003446,SUP_0208,
DP_004882,PRO_004882,SUP_0301,
DP_006473,PRO_006473,SUP_0370,
DP_004179,PRO_004179,SUP_0276,
DP_004967,PRO_004967,SUP_0308,
DP_004399,PRO_004399,SUP_0287,
DP_003909,PRO_003909,SUP_0256,
DP_003326,PRO_003326,SUP_0177,
DP_002934,PRO_002934,SUP_0166,
DP_001602,PRO_001602,SUP_0114,
DP_002223,PRO_002223,SUP_0141,
DP_001918,PRO_001918,SUP_0141,
DP_005773,PRO_005773,SUP_0358,
DP_005627,PRO_005627,SUP_0337,
DP_001233,PRO_001233,SUP_0090,
DP_000817,PRO_000817,SUP_0073,
DP_001004,PRO_001004,SUP_0076,
DP_002849,PRO_002849,SUP_0155,
DP_003445,PRO_003445,SUP_0208,
DP_004878,PRO_004878,SUP_0301,
DP_002390,PRO_002390,SUP_0141,
DP_006474,PRO_006474,SUP_0370,
DP_000230,PRO_000230,SUP_0036,
DP_004952,PRO_004952,SUP_0308,
DP_000254,PRO_000254,SUP_0036,
DP_001839,PRO_001839,SUP_0135,
DP_003316,PRO_003316,SUP_0177,
DP_002950,PRO_002950,SUP_0166,
DP_001589,PRO_001589,SUP_0114,
DP_002216,PRO_002216,SUP_0141,
DP_001916,PRO_001916,SUP_0141,
DP_005803,PRO_005803,SUP_0358,
DP_005605,PRO_005605,SUP_0337,
DP_000855,PRO_000855,SUP_0073,
DP_000706,PRO_000706,SUP_0043,
DP_001010,PRO_001010,SUP_0076,
DP_002852,PRO_002852,SUP_0155,
DP_000759,PRO_000759,SUP_0062,
DP_004880,PRO_004880,SUP_0301,
DP_002389,PRO_002389,SUP_0141,
DP_000221,PRO_000221,SUP_0036,
DP_006363,PRO_006363,SUP_0370,
DP_004953,PRO_004953,SUP_0308,
DP_004412,PRO_004412,SUP_0287,
DP_003448,PRO_003448,SUP_0209,
DP_003322,PRO_003322,SUP_0177,
DP_002933,PRO_002933,SUP_0166,
DP_001600,PRO_001600,SUP_0114,
DP_002217,PRO_002217,SUP_0141,
DP_002337,PRO_002337,SUP_0141,
DP_003449,PRO_003449,SUP_0209,
DP_005927,PRO_005927,SUP_0358,
DP_005601,PRO_005601,SUP_0337,
DP_000701,PRO_000701,SUP_0043,
DP_000815,PRO_000815,SUP_0073,
DP_001007,PRO_001007,SUP_0076,
DP_001808,PRO_001808,SUP_0129,
DP_003460,PRO_003460,SUP_0212,
DP_004881,PRO_004881,SUP_0301,
DP_002397,PRO_002397,SUP_0141,
DP_000220,PRO_000220,SUP_0036,
DP_006364,PRO_006364,SUP_0370,
DP_004951,PRO_004951,SUP_0308,
DP_004411,PRO_004411,SUP_0287,
DP_001717,PRO_001717,SUP_0123,
DP_003325,PRO_003325,SUP_0177,
DP_002929,PRO_002929,SUP_0166,
DP_001590,PRO_001590,SUP_0114,
DP_002214,PRO_002214,SUP_0141,
DP_002634,PRO_002634,SUP_0141,
DP_001756,PRO_001756,SUP_0127,
DP_005623,PRO_005623,SUP_0337,
DP_000700,PRO_000700,SUP_0043,
DP_000828,PRO_000828,SUP_0073,
DP_001013,PRO_001013,SUP_0076,
DP_001814,PRO_001814,SUP_0129,
DP_003421,PRO_003421,SUP_0199,
DP_004884,PRO_004884,SUP_0301,
DP_002392,PRO_002392,SUP_0141,
DP_006455,PRO_006455,SUP_0370,
DP_000218,PRO_000218,SUP_0036,
DP_004939,PRO_004939,SUP_0308,
DP_004406,PRO_004406,SUP_0287,
DP_003895,PRO_003895,SUP_0252,
DP_003319,PRO_003319,SUP_0177,
DP_002973,PRO_002973,SUP_0166,
DP_001542,PRO_001542,SUP_0114,
DP_002221,PRO_002221,SUP_0141,
DP_002635,PRO_002635,SUP_0141,
DP_006008,PRO_006008,SUP_0358,
DP_005671,PRO_005671,SUP_0337,
DP_000702,PRO_000702,SUP_0043,
DP_000829,PRO_000829,SUP_0073,
DP_001016,PRO_001016,SUP_0076,
DP_000691,PRO_000691,SUP_0040,
DP_003420,PRO_003420,SUP_0199,
DP_004885,PRO_004885,SUP_0301,
DP_002388,PRO_002388,SUP_0141,
DP_006457,PRO_006457,SUP_0370,
DP_000219,PRO_000219,SUP_0036,
DP_004940,PRO_004940,SUP_0308,
DP_004341,PRO_004341,SUP_0287,
DP_001718,PRO_001718,SUP_0123,
DP_001731,PRO_001731,SUP_0126,
DP_002999,PRO_002999,SUP_0166,
DP_001491,PRO_001491,SUP_0114,
DP_002209,PRO_002209,SUP_0141,
DP_002636,PRO_002636,SUP_0141,
DP_005766,PRO_005766,SUP_0358,
DP_005526,PRO_005526,SUP_0337,
DP_000704,PRO_000704,SUP_0043,
DP_000856,PRO_000856,SUP_0073,
DP_001026,PRO_001026,SUP_0076,
DP_001684,PRO_001684,SUP_0119,
DP_003363,PRO_003363,SUP_0191,
DP_001813,PRO_001813,SUP_0129,
DP_003826,PRO_003826,SUP_0247,
DP_002391,PRO_002391,SUP_0141,
DP_000394,PRO_000394,SUP_0036,
DP_006458,PRO_006458,SUP_0370,
DP_004948,PRO_004948,SUP_0308,
DP_004340,PRO_004340,SUP_0287,
DP_001849,PRO_001849,SUP_0135,
DP_003315,PRO_003315,SUP_0177,
DP_002952,PRO_002952,SUP_0166,
DP_001509,PRO_001509,SUP_0114,
DP_002227,PRO_002227,SUP_0141,
DP_002199,PRO_002199,SUP_0141,
DP_005815,PRO_005815,SUP_0358,
DP_005595,PRO_005595,SUP_0337,
DP_000698,PRO_000698,SUP_0043,
DP_000859,PRO_000859,SUP_0073,
DP_001029,PRO_001029,SUP_0076,
DP_002858,PRO_002858,SUP_0158,
DP_001806,PRO_001806,SUP_0129,
DP_005679,PRO_005679,SUP_0341,
DP_002387,PRO_002387,SUP_0141,
DP_000444,PRO_000444,SUP_0036,
DP_006459,PRO_006459,SUP_0370,
DP_004944,PRO_004944,SUP_0308,
DP_004334,PRO_004334,SUP_0287,
DP_001725,PRO_001725,SUP_0125,
DP_003323,PRO_003323,SUP_0177,
DP_003012,PRO_003012,SUP_0166,
DP_001504,PRO_001504,SUP_0114,
DP_002225,PRO_002225,SUP_0141,
DP_002419,PRO_002419,SUP_0141,
DP_005939,PRO_005939,SUP_0358,
DP_005504,PRO_005504,SUP_0337,
DP_005168,PRO_005168,SUP_0314,
DP_000705,PRO_000705,SUP_0043,
DP_001023,PRO_001023,SUP_0076,
DP_000814,PRO_000814,SUP_0073,
DP_000771,PRO_000771,SUP_0066,
DP_001807,PRO_001807,SUP_0129,
DP_002385,PRO_002385,SUP_0141,
DP_004622,PRO_004622,SUP_0298,
DP_004945,PRO_004945,SUP_0308,
DP_006460,PRO_006460,SUP_0370,
DP_004335,PRO_004335,SUP_0287,
DP_000755,PRO_000755,SUP_0059,
DP_000445,PRO_000445,SUP_0036,
DP_003321,PRO_003321,SUP_0177,
DP_002932,PRO_002932,SUP_0166,
DP_001503,PRO_001503,SUP_0114,
DP_002226,PRO_002226,SUP_0141,
DP_002420,PRO_002420,SUP_0141,
DP_006020,PRO_006020,SUP_0358,
DP_005524,PRO_005524,SUP_0337,
DP_000703,PRO_000703,SUP_0043,
DP_001017,PRO_001017,SUP_0076,
DP_000852,PRO_000852,SUP_0073,
DP_000776,PRO_000776,SUP_0067,
DP_002396,PRO_002396,SUP_0141,
DP_004949,PRO_004949,SUP_0308,
DP_006461,PRO_006461,SUP_0370,
DP_004332,PRO_004332,SUP_0287,
DP_004152,PRO_004152,SUP_0268,
DP_000494,PRO_000494,SUP_0036,
DP_003324,PRO_003324,SUP_0177,
DP_005738,PRO_005738,SUP_0356,
DP_001505,PRO_001505,SUP_0114,
DP_002228,PRO_002228,SUP_0141,
DP_002205,PRO_002205,SUP_0141,
DP_005778,PRO_005778,SUP_0358,
DP_005513,PRO_005513,SUP_0337,
DP_000699,PRO_000699,SUP_0043,
DP_001020,PRO_001020,SUP_0076,
DP_000819,PRO_000819,SUP_0073,
DP_003386,PRO_003386,SUP_0194,
DP_002375,PRO_002375,SUP_0141,
DP_004692,PRO_004692,SUP_0298,
DP_004950,PRO_004950,SUP_0308,
DP_003913,PRO_003913,SUP_0258,
DP_006435,PRO_006435,SUP_0370,
DP_004333,PRO_004333,SUP_0287,
DP_000341,PRO_000341,SUP_0036,
DP_003328,PRO_003328,SUP_0177,
DP_002938,PRO_002938,SUP_0166,
DP_001506,PRO_001506,SUP_0114,
DP_002609,PRO_002609,SUP_0141,
DP_002402,PRO_002402,SUP_0141,
DP_005794,PRO_005794,SUP_0358,
DP_005509,PRO_005509,SUP_0337,
DP_002895,PRO_002895,SUP_0164,
DP_000816,PRO_000816,SUP_0073,
DP_003348,PRO_003348,SUP_0188,
DP_002384,PRO_002384,SUP_0141,
DP_001032,PRO_001032,SUP_0076,
DP_004693,PRO_004693,SUP_0298,
DP_004941,PRO_004941,SUP_0308,
DP_003912,PRO_003912,SUP_0258,
DP_004302,PRO_004302,SUP_0287,
DP_006437,PRO_006437,SUP_0370,
DP_004178,PRO_004178,SUP_0276,
DP_005320,PRO_005320,SUP_0322,
DP_002943,PRO_002943,SUP_0166,
DP_001507,PRO_001507,SUP_0114,
DP_002618,PRO_002618,SUP_0141,
DP_002160,PRO_002160,SUP_0141,
DP_005918,PRO_005918,SUP_0358,
DP_005511,PRO_005511,SUP_0337,
DP_000802,PRO_000802,SUP_0073,
DP_003422,PRO_003422,SUP_0200,
DP_002395,PRO_002395,SUP_0141,
DP_004691,PRO_004691,SUP_0298,
DP_000960,PRO_000960,SUP_0076,
DP_004946,PRO_004946,SUP_0308,
DP_004154,PRO_004154,SUP_0268,
DP_006438,PRO_006438,SUP_0370,
DP_000462,PRO_000462,SUP_0036,
DP_000343,PRO_000343,SUP_0036,
DP_005318,PRO_005318,SUP_0322,
DP_002927,PRO_002927,SUP_0166,
DP_001502,PRO_001502,SUP_0114,
DP_002623,PRO_002623,SUP_0141,
DP_002291,PRO_002291,SUP_0141,
DP_005999,PRO_005999,SUP_0358,
DP_005535,PRO_005535,SUP_0337,
DP_000774,PRO_000774,SUP_0067,
DP_000853,PRO_000853,SUP_0073,
DP_002386,PRO_002386,SUP_0141,
DP_004697,PRO_004697,SUP_0298,
DP_000963,PRO_000963,SUP_0076,
DP_004947,PRO_004947,SUP_0308,
DP_004153,PRO_004153,SUP_0268,
DP_006439,PRO_006439,SUP_0370,
DP_004326,PRO_004326,SUP_0287,
DP_000342,PRO_000342,SUP_0036,
DP_005227,PRO_005227,SUP_0322,
DP_002931,PRO_002931,SUP_0166,
DP_001497,PRO_001497,SUP_0114,
DP_002622,PRO_002622,SUP_0141,
DP_001907,PRO_001907,SUP_0141,
DP_003450,PRO_003450,SUP_0209,
DP_005591,PRO_005591,SUP_0337,
DP_005757,PRO_005757,SUP_0358,
DP_000775,PRO_000775,SUP_0067,
DP_000832,PRO_000832,SUP_0073,
DP_002374,PRO_002374,SUP_0141,
DP_004698,PRO_004698,SUP_0298,
DP_000957,PRO_000957,SUP_0076,
DP_001698,PRO_001698,SUP_0122,
DP_004974,PRO_004974,SUP_0308,
DP_004327,PRO_004327,SUP_0287,
DP_006440,PRO_006440,SUP_0370,
DP_000408,PRO_000408,SUP_0036,
DP_005445,PRO_005445,SUP_0322,
DP_001577,PRO_001577,SUP_0114,
DP_002608,PRO_002608,SUP_0141,
DP_002079,PRO_002079,SUP_0141,
DP_005638,PRO_005638,SUP_0337,
DP_001757,PRO_001757,SUP_0127,
DP_000810,PRO_000810,SUP_0073,
DP_002382,PRO_002382,SUP_0141,
DP_000951,PRO_000951,SUP_0076,
DP_004696,PRO_004696,SUP_0298,
DP_001710,PRO_001710,SUP_0122,
DP_004937,PRO_004937,SUP_0308,
DP_004324,PRO_004324,SUP_0287,
DP_006441,PRO_006441,SUP_0370,
DP_000216,PRO_000216,SUP_0036,
DP_005424,PRO_005424,SUP_0322,
DP_001523,PRO_001523,SUP_0114,
DP_002705,PRO_002705,SUP_0141,
DP_002617,PRO_002617,SUP_0141,
DP_005807,PRO_005807,SUP_0358,
DP_003366,PRO_003366,SUP_0193,
DP_000836,PRO_000836,SUP_0073,
DP_002380,PRO_002380,SUP_0141,
DP_001709,PRO_001709,SUP_0122,
DP_000954,PRO_000954,SUP_0076,
DP_004938,PRO_004938,SUP_0308,
DP_006442,PRO_006442,SUP_0370,
DP_000477,PRO_000477,SUP_0036,
DP_001733,PRO_001733,SUP_0126,
DP_001628,PRO_001628,SUP_0114,
DP_002069,PRO_002069,SUP_0141,
DP_002633,PRO_002633,SUP_0141,
DP_005931,PRO_005931,SUP_0358,
DP_003387,PRO_003387,SUP_0194,
DP_000841,PRO_000841,SUP_0073,
DP_001669,PRO_001669,SUP_0119,
DP_002381,PRO_002381,SUP_0141,
DP_001714,PRO_001714,SUP_0122,
DP_004701,PRO_004701,SUP_0298,
DP_000966,PRO_000966,SUP_0076,
DP_004961,PRO_004961,SUP_0308,
DP_006444,PRO_006444,SUP_0370,
DP_000479,PRO_000479,SUP_0036,
DP_005329,PRO_005329,SUP_0322,
DP_001564,PRO_001564,SUP_0114,
DP_002103,PRO_002103,SUP_0141,
DP_002612,PRO_002612,SUP_0141,
DP_006012,PRO_006012,SUP_0358,
DP_005154,PRO_005154,SUP_0314,
DP_000838,PRO_000838,SUP_0073,
DP_000773,PRO_000773,SUP_0067,
DP_002383,PRO_002383,SUP_0141,
DP_001716,PRO_001716,SUP_0122,
DP_000993,PRO_000993,SUP_0076,
DP_004699,PRO_004699,SUP_0298,
DP_004962,PRO_004962,SUP_0308,
DP_006445,PRO_006445,SUP_0370,
DP_000438,PRO_000438,SUP_0036,
DP_005328,PRO_005328,SUP_0322,
DP_002476,PRO_002476,SUP_0141,
DP_005770,PRO_005770,SUP_0358,
DP_005167,PRO_005167,SUP_0314,
DP_000833,PRO_000833,SUP_0073,
DP_003383,PRO_003383,SUP_0194,
DP_001712,PRO_001712,SUP_0122,
DP_004704,PRO_004704,SUP_0298,
DP_000996,PRO_000996,SUP_0076,
DP_004942,PRO_004942,SUP_0308,
DP_006446,PRO_006446,SUP_0370,
DP_000336,PRO_000336,SUP_0036,
DP_005326,PRO_005326,SUP_0322,
DP_005826,PRO_005826,SUP_0358,
DP_005148,PRO_005148,SUP_0314,
DP_000835,PRO_000835,SUP_0073,
DP_003390,PRO_003390,SUP_0194,
DP_001711,PRO_001711,SUP_0122,
DP_000990,PRO_000990,SUP_0076,
DP_004943,PRO_004943,SUP_0308,
DP_004705,PRO_004705,SUP_0298,
DP_006447,PRO_006447,SUP_0370,
DP_000337,PRO_000337,SUP_0036,
DP_005426,PRO_005426,SUP_0322,
DP_005950,PRO_005950,SUP_0358,
DP_005150,PRO_005150,SUP_0314,
DP_001713,PRO_001713,SUP_0122,
DP_000984,PRO_000984,SUP_0076,
DP_004703,PRO_004703,SUP_0298,
DP_004964,PRO_004964,SUP_0308,
DP_000626,PRO_000626,SUP_0036,
DP_005434,PRO_005434,SUP_0322,
DP_006031,PRO_006031,SUP_0358,
DP_005149,PRO_005149,SUP_0314,
DP_001715,PRO_001715,SUP_0122,
DP_000987,PRO_000987,SUP_0076,
DP_001662,PRO_001662,SUP_0118,
DP_004180,PRO_004180,SUP_0276,
DP_005259,PRO_005259,SUP_0322,
DP_005789,PRO_005789,SUP_0358,
DP_005146,PRO_005146,SUP_0314,
DP_002716,PRO_002716,SUP_0144,
DP_000999,PRO_000999,SUP_0076,
DP_004708,PRO_004708,SUP_0298,
DP_000472,PRO_000472,SUP_0036,
DP_005446,PRO_005446,SUP_0322,
DP_005825,PRO_005825,SUP_0358,
DP_003392,PRO_003392,SUP_0194,
DP_002725,PRO_002725,SUP_0144,
DP_001035,PRO_001035,SUP_0076,
DP_004709,PRO_004709,SUP_0298,
DP_005245,PRO_005245,SUP_0322,
DP_000645,PRO_000645,SUP_0036,
DP_004512,PRO_004512,SUP_0290,
DP_002717,PRO_002717,SUP_0144,
DP_003405,PRO_003405,SUP_0194,
DP_001041,PRO_001041,SUP_0076,
DP_005343,PRO_005343,SUP_0322,
DP_000644,PRO_000644,SUP_0036,
DP_002718,PRO_002718,SUP_0144,
DP_003404,PRO_003404,SUP_0194,
DP_001038,PRO_001038,SUP_0076,
DP_002719,PRO_002719,SUP_0144,
DP_001044,PRO_001044,SUP_0076,
DP_002720,PRO_002720,SUP_0144,
DP_002721,PRO_002721,SUP_0144,
DP_002722,PRO_002722,SUP_0144,
DP_002723,PRO_002723,SUP_0144,
DP_003369,PRO_003369,SUP_0194,
DP_002724,PRO_002724,SUP_0144,
DP_003412,PRO_003412,SUP_0194,
DP_001766,PRO_001766,SUP_0127,
DP_003391,PRO_003391,SUP_0194,
DP_001323,PRO_001323,SUP_0104,
DP_003393,PRO_003393,SUP_0194,
DP_001768,PRO_001768,SUP_0127,
DP_003381,PRO_003381,SUP_0194,
DP_001743,PRO_001743,SUP_0127,
DP_003372,PRO_003372,SUP_0194,
DP_002715,PRO_002715,SUP_0144,
DP_003394,PRO_003394,SUP_0194,
DP_001744,PRO_001744,SUP_0127,
DP_002714,PRO_002714,SUP_0144,
DP_002713,PRO_002713,SUP_0144,
DP_003408,PRO_003408,SUP_0194,
DP_002712,PRO_002712,SUP_0144,
DP_003411,PRO_003411,SUP_0194,
DP_002711,PRO_002711,SUP_0144,
DP_003407,PRO_003407,SUP_0194,
DP_001817,PRO_001817,SUP_0131,
DP_003409,PRO_003409,SUP_0194,
DP_001742,PRO_001742,SUP_0127,
DP_003395,PRO_003395,SUP_0194,
DP_001747,PRO_001747,SUP_0127,
DP_001748,PRO_001748,SUP_0127,
DP_003410,PRO_003410,SUP_0194,
DP_001746,PRO_001746,SUP_0127,
DP_003403,PRO_003403,SUP_0194,
DP_001762,PRO_001762,SUP_0127,
DP_003402,PRO_003402,SUP_0194,
DP_003371,PRO_003371,SUP_0194,
DP_003373,PRO_003373,SUP_0194,
DP_001764,PRO_001764,SUP_0127,
DP_003374,PRO_003374,SUP_0194,
DP_003370,PRO_003370,SUP_0194,
DP_001482,PRO_001482,SUP_0113,
DP_001483,PRO_001483,SUP_0113,
DP_003396,PRO_003396,SUP_0194,
DP_000667,PRO_000667,SUP_0039,
DP_002729,PRO_002729,SUP_0145,
DP_003365,PRO_003365,SUP_0193,
DP_002730,PRO_002730,SUP_0145,
DP_003397,PRO_003397,SUP_0194,
DP_002732,PRO_002732,SUP_0145,
DP_003375,PRO_003375,SUP_0194,
DP_002731,PRO_002731,SUP_0145,
DP_000728,PRO_000728,SUP_0052,
DP_002727,PRO_002727,SUP_0145,
DP_003425,PRO_003425,SUP_0203,
DP_001481,PRO_001481,SUP_0113,
DP_001297,PRO_001297,SUP_0098,
DP_001090,PRO_001090,SUP_0078,
DP_000862,PRO_000862,SUP_0074,
DP_004576,PRO_004576,SUP_0298,
DP_000867,PRO_000867,SUP_0074,
DP_004627,PRO_004627,SUP_0298,
DP_000866,PRO_000866,SUP_0074,
DP_001701,PRO_001701,SUP_0122,
DP_003356,PRO_003356,SUP_0189,
DP_004538,PRO_004538,SUP_0298,
DP_003354,PRO_003354,SUP_0189,
DP_004593,PRO_004593,SUP_0298,
DP_003355,PRO_003355,SUP_0189,
DP_004573,PRO_004573,SUP_0298,
DP_003441,PRO_003441,SUP_0208,
DP_004609,PRO_004609,SUP_0298,
DP_003433,PRO_003433,SUP_0208,
DP_004555,PRO_004555,SUP_0298,
DP_003443,PRO_003443,SUP_0208,
DP_001633,PRO_001633,SUP_0115,
DP_003438,PRO_003438,SUP_0208,
DP_001697,PRO_001697,SUP_0121,
DP_003434,PRO_003434,SUP_0208,
DP_001695,PRO_001695,SUP_0121,
DP_003440,PRO_003440,SUP_0208,
DP_001696,PRO_001696,SUP_0121,
DP_003439,PRO_003439,SUP_0208,
DP_000653,PRO_000653,SUP_0038,
DP_003442,PRO_003442,SUP_0208,
DP_004606,PRO_004606,SUP_0298,
DP_003436,PRO_003436,SUP_0208,
DP_003435,PRO_003435,SUP_0208,
DP_004677,PRO_004677,SUP_0298,
DP_003444,PRO_003444,SUP_0208,
DP_004656,PRO_004656,SUP_0298,
DP_003437,PRO_003437,SUP_0208,
DP_004548,PRO_004548,SUP_0298,
DP_003424,PRO_003424,SUP_0202,
DP_004546,PRO_004546,SUP_0298,
DP_004710,PRO_004710,SUP_0298,
DP_004624,PRO_004624,SUP_0298,
DP_004638,PRO_004638,SUP_0298,
DP_004551,PRO_004551,SUP_0298,
DP_004641,PRO_004641,SUP_0298,
DP_004650,PRO_004650,SUP_0298,
DP_004667,PRO_004667,SUP_0298,
DP_004529,PRO_004529,SUP_0298,
DP_004571,PRO_004571,SUP_0298,
DP_004631,PRO_004631,SUP_0298,
DP_004702,PRO_004702,SUP_0298,
DP_004567,PRO_004567,SUP_0298,
DP_004561,PRO_004561,SUP_0298,
DP_004578,PRO_004578,SUP_0298,
DP_004583,PRO_004583,SUP_0298,
DP_004669,PRO_004669,SUP_0298,
DP_004619,PRO_004619,SUP_0298,
DP_004712,PRO_004712,SUP_0298,
DP_004535,PRO_004535,SUP_0298,
DP_004659,PRO_004659,SUP_0298,
DP_004665,PRO_004665,SUP_0298,
DP_004598,PRO_004598,SUP_0298,
DP_004661,PRO_004661,SUP_0298,
DP_004569,PRO_004569,SUP_0298,
