dp_id,app_name
DP_004695,银行金融服务
DP_004643,银行金融服务
DP_004671,银行金融服务
DP_001805,银行金融服务
DP_004611,银行金融服务
DP_001803,银行金融服务
DP_004580,银行金融服务
DP_004613,银行金融服务
DP_002924,银行金融服务
DP_001802,银行金融服务
DP_004608,银行金融服务
DP_004690,银行金融服务
DP_001798,银行金融服务
DP_004566,银行金融服务
DP_001801,银行金融服务
DP_002925,银行金融服务
DP_001563,银行金融服务
DP_004565,银行金融服务
DP_004700,银行金融服务
DP_001799,银行金融服务
DP_002926,银行金融服务
DP_001585,银行金融服务
DP_004540,银行金融服务
DP_001800,银行金融服务
DP_000655,银行金融服务
DP_001812,银行金融服务
DP_000661,银行金融服务
DP_002144,银行金融服务
DP_006448,银行金融服务
DP_001791,银行金融服务
DP_001634,银行金融服务
DP_001556,银行金融服务
DP_001794,银行金融服务
DP_003092,银行金融服务
DP_001627,银行金融服务
DP_000412,银行金融服务
DP_006450,银行金融服务
DP_002273,银行金融服务
DP_001793,银行金融服务
DP_003061,银行金融服务
DP_001636,银行金融服务
DP_000659,银行金融服务
DP_000843,银行金融服务
DP_005949,银行金融服务
DP_000652,银行金融服务
DP_004707,银行金融服务
DP_002279,银行金融服务
DP_001811,银行金融服务
DP_006140,银行金融服务
DP_003104,银行金融服务
DP_001752,银行金融服务
DP_003890,银行金融服务
DP_004716,银行金融服务
DP_002280,银行金融服务
DP_002283,银行金融服务
DP_000741,银行金融服务
DP_006139,银行金融服务
DP_001809,银行金融服务
DP_003043,银行金融服务
DP_006030,银行金融服务
DP_000198,银行金融服务
DP_003889,银行金融服务
DP_005437,银行金融服务
DP_004714,银行金融服务
DP_001912,银行金融服务
DP_006464,银行金融服务
DP_001810,银行金融服务
DP_006121,银行金融服务
DP_003044,银行金融服务
DP_005788,银行金融服务
DP_000204,银行金融服务
DP_000660,银行金融服务
DP_000737,银行金融服务
DP_004715,银行金融服务
DP_002194,银行金融服务
DP_006120,银行金融服务
DP_001668,银行金融服务
DP_005818,银行金融服务
DP_000206,银行金融服务
DP_005363,银行金融服务
DP_004717,银行金融服务
DP_002263,银行金融服务
DP_006466,银行金融服务
DP_001230,银行金融服务
DP_001796,银行金融服务
DP_002991,银行金融服务
DP_006144,银行金融服务
DP_003041,银行金融服务
DP_005942,银行金融服务
DP_001285,银行金融服务
DP_004718,银行金融服务
DP_005225,银行金融服务
DP_000663,银行金融服务
DP_001231,银行金融服务
DP_001792,银行金融服务
DP_006141,银行金融服务
DP_003042,银行金融服务
DP_005314,银行金融服务
DP_004719,银行金融服务
DP_003142,银行金融服务
DP_002134,银行金融服务
DP_000070,银行金融服务
DP_001795,银行金融服务
DP_003049,银行金融服务
DP_005781,银行金融服务
DP_005307,银行金融服务
DP_001289,银行金融服务
DP_002094,银行金融服务
DP_003152,银行金融服务
DP_000067,银行金融服务
DP_001224,银行金融服务
DP_005086,银行金融服务
DP_003050,银行金融服务
DP_005820,银行金融服务
DP_005312,银行金融服务
DP_002229,银行金融服务
DP_000658,银行金融服务
DP_003150,银行金融服务
DP_000068,银行金融服务
DP_006433,银行金融服务
DP_003040,银行金融服务
DP_005944,银行金融服务
DP_005077,银行金融服务
DP_005222,银行金融服务
DP_001961,银行金融服务
DP_004560,银行金融服务
DP_004539,银行金融服务
DP_006471,银行金融服务
DP_003151,银行金融服务
DP_003051,银行金融服务
DP_006126,银行金融服务
DP_006025,银行金融服务
DP_004553,银行金融服务
DP_001988,银行金融服务
DP_004577,银行金融服务
DP_001232,银行金融服务
DP_003048,银行金融服务
DP_005783,银行金融服务
DP_001286,银行金融服务
DP_005083,银行金融服务
DP_000197,银行金融服务
DP_005220,银行金融服务
DP_004596,银行金融服务
DP_002130,银行金融服务
DP_004594,银行金融服务
DP_006456,银行金融服务
DP_003143,银行金融服务
DP_001236,银行金融服务
DP_003047,银行金融服务
DP_006514,银行金融服务
DP_005124,银行金融服务
DP_004187,银行金融服务
DP_005224,银行金融服务
DP_003045,银行金融服务
DP_001112,银行金融服务
DP_006513,银行金融服务
DP_005819,银行金融服务
DP_004186,银行金融服务
DP_005094,银行金融服务
DP_005384,银行金融服务
DP_004610,银行金融服务
DP_003146,银行金融服务
DP_003046,银行金融服务
DP_001109,银行金融服务
DP_002627,银行金融服务
DP_005943,银行金融服务
DP_004188,银行金融服务
DP_001292,银行金融服务
DP_006443,银行金融服务
DP_003149,银行金融服务
DP_001089,银行金融服务
DP_001667,银行金融服务
DP_006215,银行金融服务
DP_002483,银行金融服务
DP_006024,银行金融服务
DP_000419,银行金融服务
DP_005367,银行金融服务
DP_004684,银行金融服务
DP_004575,银行金融服务
DP_003148,银行金融服务
DP_001117,银行金融服务
DP_006138,银行金融服务
DP_002605,银行金融服务
DP_005782,银行金融服务
DP_005090,银行金融服务
DP_000415,银行金融服务
DP_006104,银行金融服务
DP_003141,银行金融服务
DP_001140,银行金融服务
DP_003134,银行金融服务
DP_006145,银行金融服务
DP_000053,银行金融服务
DP_005095,银行金融服务
DP_000416,银行金融服务
DP_004675,银行金融服务
DP_004649,银行金融服务
DP_006454,银行金融服务
DP_006107,银行金融服务
DP_000047,银行金融服务
DP_000417,银行金融服务
DP_005079,银行金融服务
DP_006434,银行金融服务
DP_001126,银行金融服务
DP_006241,银行金融服务
DP_000329,银行金融服务
DP_003567,银行金融服务
DP_000710,银行金融服务
DP_003901,银行金融服务
DP_003109,银行金融服务
DP_001060,银行金融服务
DP_002270,银行金融服务
DP_000050,银行金融服务
DP_005081,银行金融服务
DP_005129,银行金融服务
DP_000711,银行金融服务
DP_001861,银行金融服务
DP_006115,银行金融服务
DP_003155,银行金融服务
DP_006370,银行金融服务
DP_001152,银行金融服务
DP_005091,银行金融服务
DP_005344,银行金融服务
DP_000708,银行金融服务
DP_001704,银行金融服务
DP_006210,银行金融服务
DP_004554,银行金融服务
DP_003156,银行金融服务
DP_006399,银行金融服务
DP_001705,银行金融服务
DP_000332,银行金融服务
DP_001175,银行金融服务
DP_000707,银行金融服务
DP_006641,银行金融服务
DP_004579,银行金融服务
DP_003157,银行金融服务
DP_006398,银行金融服务
DP_001706,银行金融服务
DP_000049,银行金融服务
DP_001749,银行金融服务
DP_005282,银行金融服务
DP_005119,银行金融服务
DP_001138,银行金融服务
DP_006642,银行金融服务
DP_004562,银行金融服务
DP_003153,银行金融服务
DP_005096,银行金融服务
DP_001074,银行金融服务
DP_006224,银行金融服务
DP_004584,银行金融服务
DP_003154,银行金融服务
DP_006515,银行金融服务
DP_000072,银行金融服务
DP_005093,银行金融服务
DP_000564,银行金融服务
DP_001737,银行金融服务
DP_001166,银行金融服务
DP_006643,银行金融服务
DP_004568,银行金融服务
DP_006334,银行金融服务
DP_000071,银行金融服务
DP_001673,银行金融服务
DP_005349,银行金融服务
DP_001170,银行金融服务
DP_006114,银行金融服务
DP_001700,银行金融服务
DP_006333,银行金融服务
DP_005069,银行金融服务
DP_005947,银行金融服务
DP_005232,银行金融服务
DP_004892,银行金融服务
DP_006108,银行金融服务
DP_004612,银行金融服务
DP_004993,银行金融服务
DP_003023,银行金融服务
DP_006028,银行金融服务
DP_000562,银行金融服务
DP_006110,银行金融服务
DP_004570,银行金融服务
DP_004990,银行金融服务
DP_001699,银行金融服务
DP_000036,银行金融服务
DP_006361,银行金融服务
DP_001064,银行金融服务
DP_001312,银行金融服务
DP_006111,银行金融服务
DP_004662,银行金融服务
DP_004991,银行金融服务
DP_003018,银行金融服务
DP_001191,银行金融服务
DP_006409,银行金融服务
DP_005070,银行金融服务
DP_000560,银行金融服务
DP_005337,银行金融服务
DP_001304,银行金融服务
DP_001157,银行金融服务
DP_006109,银行金融服务
DP_004992,银行金融服务
DP_001192,银行金融服务
DP_006408,银行金融服务
DP_005071,银行金融服务
DP_006112,银行金融服务
DP_004994,银行金融服务
DP_003111,银行金融服务
DP_001190,银行金融服务
DP_006230,银行金融服务
DP_005072,银行金融服务
DP_005294,银行金融服务
DP_003605,银行金融服务
DP_003928,银行金融服务
DP_001181,银行金融服务
DP_001305,银行金融服务
DP_006106,银行金融服务
DP_006653,银行金融服务
DP_001188,银行金融服务
DP_001189,银行金融服务
DP_006231,银行金融服务
DP_005073,银行金融服务
DP_000362,银行金融服务
DP_005275,银行金融服务
DP_001178,银行金融服务
DP_003543,银行金融服务
DP_006242,银行金融服务
DP_004674,银行金融服务
DP_001196,银行金融服务
DP_006232,银行金融服务
DP_000361,银行金融服务
DP_005295,银行金融服务
DP_005123,银行金融服务
DP_003927,银行金融服务
DP_006244,银行金融服务
DP_004663,银行金融服务
DP_006233,银行金融服务
DP_005087,银行金融服务
DP_005325,银行金融服务
DP_003600,银行金融服务
DP_001306,银行金融服务
DP_001153,银行金融服务
DP_004541,银行金融服务
DP_006245,银行金融服务
DP_004543,银行金融服务
DP_006234,银行金融服务
DP_005092,银行金融服务
DP_000366,银行金融服务
DP_004858,银行金融服务
DP_001308,银行金融服务
DP_001169,银行金融服务
DP_000109,银行金融服务
DP_006243,银行金融服务
DP_004604,银行金融服务
DP_001193,银行金融服务
DP_006235,银行金融服务
DP_001666,银行金融服务
DP_000670,银行金融服务
DP_005331,银行金融服务
DP_004857,银行金融服务
DP_000108,银行金融服务
DP_006246,银行金融服务
DP_004636,银行金融服务
DP_006236,银行金融服务
DP_005080,银行金融服务
DP_005319,银行金融服务
DP_003598,银行金融服务
DP_001303,银行金融服务
DP_001067,银行金融服务
DP_000098,银行金融服务
DP_006239,银行金融服务
DP_004678,银行金融服务
DP_004673,银行金融服务
DP_006237,银行金融服务
DP_003563,银行金融服务
DP_000152,银行金融服务
DP_006143,银行金融服务
DP_004657,银行金融服务
DP_001945,银行金融服务
DP_004602,银行金融服务
DP_006238,银行金融服务
DP_005064,银行金融服务
DP_000491,银行金融服务
DP_005228,银行金融服务
DP_001299,银行金融服务
DP_003562,银行金融服务
DP_001173,银行金融服务
DP_000169,银行金融服务
DP_006142,银行金融服务
DP_001964,银行金融服务
DP_004647,银行金融服务
DP_006227,银行金融服务
DP_005075,银行金融服务
DP_006035,银行金融服务
DP_005226,银行金融服务
DP_004834,银行金融服务
DP_001300,银行金融服务
DP_001155,银行金融服务
DP_000092,银行金融服务
DP_006130,银行金融服务
DP_001974,银行金融服务
DP_006228,银行金融服务
DP_005065,银行金融服务
DP_000492,银行金融服务
DP_005257,银行金融服务
DP_002114,银行金融服务
DP_001301,银行金融服务
DP_001091,银行金融服务
DP_006131,银行金融服务
DP_004557,银行金融服务
DP_006229,银行金融服务
DP_005067,银行金融服务
DP_000396,银行金融服务
DP_005243,银行金融服务
DP_004727,银行金融服务
DP_003599,银行金融服务
DP_001073,银行金融服务
DP_006132,银行金融服务
DP_004533,银行金融服务
DP_006648,银行金融服务
DP_003172,银行金融服务
DP_006212,银行金融服务
DP_005010,银行金融服务
DP_004770,银行金融服务
DP_001122,银行金融服务
DP_006113,银行金融服务
DP_004688,银行金融服务
DP_003027,银行金融服务
DP_005018,银行金融服务
DP_004810,银行金融服务
DP_006640,银行金融服务
DP_004558,银行金融服务
DP_004617,银行金融服务
DP_003025,银行金融服务
DP_006211,银行金融服务
DP_000629,银行金融服务
DP_004744,银行金融服务
DP_003361,银行金融服务
DP_001151,银行金融服务
DP_006133,银行金融服务
DP_004711,银行金融服务
DP_005017,银行金融服务
DP_004760,银行金融服务
DP_000158,银行金融服务
DP_003610,银行金融服务
DP_006119,银行金融服务
DP_000056,银行金融服务
DP_003113,银行金融服务
DP_006506,银行金融服务
DP_001664,银行金融服务
DP_000544,银行金融服务
DP_004774,银行金融服务
DP_004184,银行金融服务
DP_006118,银行金融服务
DP_000057,银行金融服务
DP_003115,银行金融服务
DP_006504,银行金融服务
DP_005005,银行金融服务
DP_005244,银行金融服务
DP_004754,银行金融服务
DP_003414,银行金融服务
DP_001077,银行金融服务
DP_000095,银行金融服务
DP_006117,银行金融服务
DP_004713,银行金融服务
DP_003114,银行金融服务
DP_005008,银行金融服务
DP_005292,银行金融服务
DP_004851,银行金融服务
DP_003415,银行金融服务
DP_006216,银行金融服务
DP_000078,银行金融服务
DP_005009,银行金融服务
DP_005291,银行金融服务
DP_003516,银行金融服务
DP_000147,银行金融服务
DP_006134,银行金融服务
DP_003015,银行金融服务
DP_006505,银行金融服务
DP_005006,银行金融服务
DP_000614,银行金融服务
DP_005302,银行金融服务
DP_003334,银行金融服务
DP_001147,银行金融服务
DP_006217,银行金融服务
DP_003165,银行金融服务
DP_006412,银行金融服务
DP_005011,银行金融服务
DP_000549,银行金融服务
DP_005266,银行金融服务
DP_004536,银行金融服务
DP_000038,银行金融服务
DP_006415,银行金融服务
DP_005012,银行金融服务
DP_000550,银行金融服务
DP_005267,银行金融服务
DP_004776,银行金融服务
DP_001161,银行金融服务
DP_006116,银行金融服务
DP_004632,银行金融服务
DP_006654,银行金融服务
DP_005014,银行金融服务
DP_005280,银行金融服务
DP_004777,银行金融服务
DP_001096,银行金融服务
DP_000171,银行金融服务
DP_006240,银行金融服务
DP_003110,银行金融服务
DP_005015,银行金融服务
DP_005322,银行金融服务
DP_004782,银行金融服务
DP_000170,银行金融服务
DP_005128,银行金融服务
DP_006124,银行金融服务
DP_003168,银行金融服务
DP_000037,银行金融服务
DP_006453,银行金融服务
DP_005013,银行金融服务
DP_005264,银行金融服务
DP_004796,银行金融服务
DP_006122,银行金融服务
DP_004644,银行金融服务
DP_003169,银行金融服务
DP_006223,银行金融服务
DP_005016,银行金融服务
DP_000144,银行金融服务
DP_006127,银行金融服务
DP_003164,银行金融服务
DP_000280,银行金融服务
DP_006479,银行金融服务
DP_000684,银行金融服务
DP_001665,银行金融服务
DP_005279,银行金融服务
DP_004781,银行金融服务
DP_001102,银行金融服务
DP_000163,银行金融服务
DP_006125,银行金融服务
DP_003167,银行金融服务
DP_006478,银行金融服务
DP_005045,银行金融服务
DP_005234,银行金融服务
DP_004784,银行金融服务
DP_001098,银行金融服务
DP_004597,银行金融服务
DP_004053,银行金融服务
DP_003170,银行金融服务
DP_006269,银行金融服务
DP_005102,银行金融服务
DP_005233,银行金融服务
DP_004779,银行金融服务
DP_006128,银行金融服务
DP_004592,银行金融服务
DP_003028,银行金融服务
DP_006540,银行金融服务
DP_005324,银行金融服务
DP_001062,银行金融服务
DP_006129,银行金融服务
DP_000665,银行金融服务
DP_003174,银行金融服务
DP_006600,银行金融服务
DP_005044,银行金融服务
DP_005339,银行金融服务
DP_004780,银行金融服务
DP_002995,银行金融服务
DP_001061,银行金融服务
DP_006219,银行金融服务
DP_003117,银行金融服务
DP_006639,银行金融服务
DP_005022,银行金融服务
DP_005268,银行金融服务
DP_001063,银行金融服务
DP_000127,银行金融服务
DP_006220,银行金融服务
DP_000727,银行金融服务
DP_003135,银行金融服务
DP_000003,银行金融服务
DP_006247,银行金融服务
DP_005323,银行金融服务
DP_006218,银行金融服务
DP_006652,银行金融服务
DP_006105,银行金融服务
DP_001078,银行金融服务
DP_000130,银行金融服务
DP_006221,银行金融服务
DP_002821,银行金融服务
DP_006298,银行金融服务
DP_005025,银行金融服务
DP_005206,银行金融服务
DP_001079,银行金融服务
DP_000133,银行金融服务
DP_006149,银行金融服务
DP_000647,银行金融服务
DP_006569,银行金融服务
DP_000540,银行金融服务
DP_005335,银行金融服务
DP_001111,银行金融服务
DP_006152,银行金融服务
DP_003139,银行金融服务
DP_006629,银行金融服务
DP_005101,银行金融服务
DP_000217,银行金融服务
DP_000864,银行金融服务
DP_001105,银行金融服务
DP_006162,银行金融服务
DP_000646,银行金融服务
DP_004544,银行金融服务
DP_000054,银行金融服务
DP_006299,银行金融服务
DP_001692,银行金融服务
DP_005332,银行金融服务
DP_000863,银行金融服务
DP_005207,银行金融服务
DP_001081,银行金融服务
DP_000099,银行金融服务
DP_006156,银行金融服务
DP_000648,银行金融服务
DP_004549,银行金融服务
DP_003163,银行金融服务
DP_005058,银行金融服务
DP_005333,银行金融服务
DP_001082,银行金融服务
DP_000096,银行金融服务
DP_006148,银行金融服务
DP_000649,银行金融服务
DP_004547,银行金融服务
DP_006630,银行金融服务
DP_006173,银行金融服务
DP_001123,银行金融服务
DP_001840,银行金融服务
DP_006150,银行金融服务
DP_001763,银行金融服务
DP_004642,银行金融服务
DP_003166,银行金融服务
DP_005105,银行金融服务
DP_000473,银行金融服务
DP_003347,银行金融服务
DP_003769,银行金融服务
DP_000124,银行金融服务
DP_006177,银行金融服务
DP_000622,银行金融服务
DP_005435,银行金融服务
DP_000126,银行金融服务
DP_006146,银行金融服务
DP_004654,银行金融服务
DP_005104,银行金融服务
DP_000547,银行金融服务
DP_004756,银行金融服务
DP_000100,银行金融服务
DP_006160,银行金融服务
DP_004625,银行金融服务
DP_001116,银行金融服务
DP_003026,银行金融服务
DP_006649,银行金融服务
DP_000339,银行金融服务
DP_005439,银行金融服务
DP_004757,银行金融服务
DP_000134,银行金融服务
DP_006164,银行金融服务
DP_001069,银行金融服务
DP_003107,银行金融服务
DP_000623,银行金融服务
DP_005260,银行金融服务
DP_004800,银行金融服务
DP_005465,银行金融服务
DP_000103,银行金融服务
DP_006154,银行金融服务
DP_005125,银行金融服务
DP_004582,银行金融服务
DP_000039,银行金融服务
DP_006250,银行金融服务
DP_005117,银行金融服务
DP_000251,银行金融服务
DP_005447,银行金融服务
DP_004788,银行金融服务
DP_004658,银行金融服务
DP_000624,银行金融服务
DP_006521,银行金融服务
DP_000255,银行金融服务
DP_001727,银行金融服务
DP_004761,银行金融服务
DP_002368,银行金融服务
DP_001778,银行金融服务
DP_000112,银行金融服务
DP_006161,银行金融服务
DP_004545,银行金融服务
DP_001165,银行金融服务
DP_000619,银行金融服务
DP_006581,银行金融服务
DP_000672,银行金融服务
DP_001693,银行金融服务
DP_005242,银行金融服务
DP_001779,银行金融服务
DP_006155,银行金融服务
DP_004626,银行金融服务
DP_001164,银行金融服务
DP_003030,银行金融服务
DP_000621,银行金融服务
DP_006251,银行金融服务
DP_004528,银行金融服务
DP_004763,银行金融服务
DP_001780,银行金融服务
DP_000114,银行金融服务
DP_006163,银行金融服务
DP_001144,银行金融服务
DP_003031,银行金融服务
DP_006657,银行金融服务
DP_005254,银行金融服务
DP_001911,银行金融服务
DP_004802,银行金融服务
DP_006166,银行金融服务
DP_004563,银行金融服务
DP_001163,银行金融服务
DP_003033,银行金融服务
DP_002759,银行金融服务
DP_006582,银行金融服务
DP_005250,银行金融服务
DP_001776,银行金融服务
DP_000118,银行金融服务
DP_006167,银行金融服务
DP_001143,银行金融服务
DP_003032,银行金融服务
DP_000316,银行金融服务
DP_005223,银行金融服务
DP_003781,银行金融服务
DP_004816,银行金融服务
DP_000116,银行金融服务
DP_006157,银行金融服务
DP_003903,银行金融服务
DP_001141,银行金融服务
DP_003034,银行金融服务
DP_005719,银行金融服务
DP_006549,银行金融服务
DP_000262,银行金融服务
DP_005269,银行金融服务
DP_002621,银行金融服务
DP_004846,银行金融服务
DP_006092,银行金融服务
DP_006158,银行金融服务
DP_003112,银行金融服务
DP_001156,银行金融服务
DP_006609,银行金融服务
DP_005249,银行金融服务
DP_003782,银行金融服务
DP_002339,银行金融服务
DP_004804,银行金融服务
DP_000111,银行金融服务
DP_006165,银行金融服务
DP_004564,银行金融服务
DP_003039,银行金融服务
DP_001182,银行金融服务
DP_006279,银行金融服务
DP_005056,银行金融服务
DP_005221,银行金融服务
DP_003780,银行金融服务
DP_002340,银行金融服务
DP_004845,银行金融服务
DP_001850,银行金融服务
DP_006174,银行金融服务
DP_001113,银行金融服务
DP_003017,银行金融服务
DP_001118,银行金融服务
DP_006550,银行金融服务
DP_005055,银行金融服务
DP_000297,银行金融服务
DP_005241,银行金融服务
DP_004743,银行金融服务
DP_001843,银行金融服务
DP_006151,银行金融服务
DP_003138,银行金融服务
DP_005126,银行金融服务
DP_001174,银行金融服务
DP_006610,银行金融服务
DP_000298,银行金融服务
DP_003779,银行金融服务
DP_005389,银行金融服务
DP_002453,银行金融服务
DP_004844,银行金融服务
DP_001845,银行金融服务
DP_006172,银行金融服务
DP_004640,银行金融服务
DP_003035,银行金融服务
DP_001065,银行金融服务
DP_006306,银行金融服务
DP_003513,银行金融服务
DP_005288,银行金融服务
DP_002566,银行金融服务
DP_004831,银行金融服务
DP_003959,银行金融服务
DP_006147,银行金融服务
DP_004595,银行金融服务
DP_006650,银行金融服务
DP_006577,银行金融服务
DP_001678,银行金融服务
DP_000245,银行金融服务
DP_005311,银行金融服务
DP_002626,银行金融服务
DP_004830,银行金融服务
DP_000148,银行金融服务
DP_006171,银行金融服务
DP_004655,银行金融服务
DP_004520,银行金融服务
DP_004706,银行金融服务
DP_006637,银行金融服务
DP_000303,银行金融服务
DP_005265,银行金融服务
DP_001844,银行金融服务
DP_004827,银行金融服务
DP_000146,银行金融服务
DP_006175,银行金融服务
DP_004550,银行金融服务
DP_002919,银行金融服务
DP_004694,银行金融服务
DP_006307,银行金融服务
DP_005110,银行金融服务
DP_000304,银行金融服务
DP_005382,银行金融服务
DP_001846,银行金融服务
DP_002275,银行金融服务
DP_004826,银行金融服务
DP_000150,银行金融服务
DP_006168,银行金融服务
DP_001066,银行金融服务
DP_002913,银行金融服务
DP_004589,银行金融服务
DP_000286,银行金融服务
DP_005371,银行金融服务
DP_001842,银行金融服务
DP_002607,银行金融服务
DP_006176,银行金融服务
DP_002951,银行金融服务
DP_004623,银行金融服务
DP_005051,银行金融服务
DP_000257,银行金融服务
DP_001848,银行金融服务
DP_005365,银行金融服务
DP_004828,银行金融服务
DP_000149,银行金融服务
DP_006153,银行金融服务
DP_002969,银行金融服务
DP_006302,银行金融服务
DP_000258,银行金融服务
DP_005390,银行金融服务
DP_004829,银行金融服务
DP_000173,银行金融服务
DP_006159,银行金融服务
DP_001139,银行金融服务
DP_003000,银行金融服务
DP_006573,银行金融服务
DP_000292,银行金融服务
DP_005372,银行金融服务
DP_004856,银行金融服务
DP_003956,银行金融服务
DP_000178,银行金融服务
DP_006170,银行金融服务
DP_001093,银行金融服务
DP_003005,银行金融服务
DP_003900,银行金融服务
DP_006633,银行金融服务
DP_000293,银行金融服务
DP_005388,银行金融服务
DP_006181,银行金融服务
DP_001103,银行金融服务
DP_002997,银行金融服务
DP_004645,银行金融服务
DP_005047,银行金融服务
DP_000269,银行金融服务
DP_005286,银行金融服务
DP_004870,银行金融服务
DP_003963,银行金融服务
DP_006184,银行金融服务
DP_001080,银行金融服务
DP_002953,银行金融服务
DP_004587,银行金融服务
DP_006574,银行金融服务
DP_004104,银行金融服务
DP_000249,银行金融服务
DP_005396,银行金融服务
DP_006194,银行金融服务
DP_001741,银行金融服务
DP_004633,银行金融服务
DP_006634,银行金融服务
DP_005050,银行金融服务
DP_004048,银行金融服务
DP_000250,银行金融服务
DP_005402,银行金融服务
DP_004861,银行金融服务
DP_000161,银行金融服务
DP_006188,银行金融服务
DP_001745,银行金融服务
DP_006651,银行金融服务
DP_001820,银行金融服务
DP_004049,银行金融服务
DP_001663,银行金融服务
DP_002195,银行金融服务
DP_006180,银行金融服务
DP_004532,银行金融服务
DP_005029,银行金融服务
DP_005393,银行金融服务
DP_000151,银行金融服务
DP_001137,银行金融服务
DP_006205,银行金融服务
DP_004720,银行金融服务
DP_000263,银行金融服务
DP_005285,银行金融服务
DP_004752,银行金融服务
DP_000175,银行金融服务
DP_006182,银行金融服务
DP_001782,银行金融服务
DP_004590,银行金融服务
DP_005115,银行金融服务
DP_000307,银行金融服务
DP_005287,银行金融服务
DP_001923,银行金融服务
DP_006209,银行金融服务
DP_004537,银行金融服务
DP_006548,银行金融服务
DP_005116,银行金融服务
DP_000310,银行金融服务
DP_005407,银行金融服务
DP_004749,银行金融服务
DP_006178,银行金融服务
DP_001132,银行金融服务
DP_001769,银行金融服务
DP_004616,银行金融服务
DP_005097,银行金融服务
DP_005180,银行金融服务
DP_005408,银行金融服务
DP_004874,银行金融服务
DP_006192,银行金融服务
DP_001129,银行金融服务
DP_004615,银行金融服务
DP_000309,银行金融服务
DP_005415,银行金融服务
DP_000167,银行金融服务
DP_006196,银行金融服务
DP_000588,银行金融服务
DP_004871,银行金融服务
DP_004242,银行金融服务
DP_006186,银行金融服务
DP_001526,银行金融服务
DP_005699,银行金融服务
DP_006613,银行金融服务
DP_000365,银行金融服务
DP_005100,银行金融服务
DP_005377,银行金融服务
DP_004872,银行金融服务
DP_006201,银行金融服务
DP_005130,银行金融服务
DP_005695,银行金融服务
DP_000631,银行金融服务
DP_005383,银行金融服务
DP_004728,银行金融服务
DP_006193,银行金融服务
DP_001557,银行金融服务
DP_005020,银行金融服务
DP_000302,银行金融服务
DP_004726,银行金融服务
DP_006187,银行金融服务
DP_006656,银行金融服务
DP_005021,银行金融服务
DP_001679,银行金融服务
DP_005374,银行金融服务
DP_004734,银行金融服务
DP_000177,银行金融服务
DP_006195,银行金融服务
DP_001150,银行金融服务
DP_005692,银行金融服务
DP_006272,银行金融服务
DP_005031,银行金融服务
DP_000266,银行金融服务
DP_005381,银行金融服务
DP_004843,银行金融服务
DP_006198,银行金融服务
DP_001159,银行金融服务
DP_001571,银行金融服务
DP_006543,银行金融服务
DP_005032,银行金融服务
DP_005386,银行金融服务
DP_000719,银行金融服务
DP_006199,银行金融服务
DP_001158,银行金融服务
DP_005698,银行金融服务
DP_006603,银行金融服务
DP_005033,银行金融服务
DP_005385,银行金融服务
DP_004731,银行金融服务
DP_006189,银行金融服务
DP_001553,银行金融服务
DP_005696,银行金融服务
DP_006273,银行金融服务
DP_000501,银行金融服务
DP_003454,银行金融服务
DP_005034,银行金融服务
DP_005387,银行金融服务
DP_004733,银行金融服务
DP_006190,银行金融服务
DP_001513,银行金融服务
DP_001075,银行金融服务
DP_002764,银行金融服务
DP_006544,银行金融服务
DP_004014,银行金融服务
DP_000474,银行金融服务
DP_005035,银行金融服务
DP_005370,银行金融服务
DP_004729,银行金融服务
DP_000094,银行金融服务
DP_006197,银行金融服务
DP_001572,银行金融服务
DP_001076,银行金融服务
DP_002763,银行金融服务
DP_006604,银行金融服务
DP_000404,银行金融服务
DP_005030,银行金融服务
DP_000241,银行金融服务
DP_005380,银行金融服务
DP_006206,银行金融服务
DP_001622,银行金融服务
DP_002758,银行金融服务
DP_000628,银行金融服务
DP_005036,银行金融服务
DP_005316,银行金融服务
DP_003968,银行金融服务
DP_001072,银行金融服务
DP_001612,银行金融服务
DP_002493,银行金融服务
DP_006538,银行金融服务
DP_005037,银行金融服务
DP_000308,银行金融服务
DP_005239,银行金融服务
DP_001110,银行金融服务
DP_001586,银行金融服务
DP_006655,银行金融服务
DP_001940,银行金融服务
DP_005038,银行金融服务
DP_000294,银行金融服务
DP_005313,银行金融服务
DP_006179,银行金融服务
DP_002822,银行金融服务
DP_002488,银行金融服务
DP_005039,银行金融服务
DP_000271,银行金融服务
DP_005430,银行金融服务
DP_006203,银行金融服务
DP_001179,银行金融服务
DP_006659,银行金融服务
DP_002491,银行金融服务
DP_000548,银行金融服务
DP_005041,银行金融服务
DP_005236,银行金融服务
DP_006207,银行金融服务
DP_001176,银行金融服务
DP_001511,银行金融服务
DP_002492,银行金融服务
DP_000598,银行金融服务
DP_005040,银行金融服务
DP_005237,银行金融服务
DP_002567,银行金融服务
DP_006200,银行金融服务
DP_001171,银行金融服务
DP_001587,银行金融服务
DP_005913,银行金融服务
DP_005042,银行金融服务
DP_000369,银行金融服务
DP_005404,银行金融服务
DP_000137,银行金融服务
DP_006208,银行金融服务
DP_002081,银行金融服务
DP_006567,银行金融服务
DP_005994,银行金融服务
DP_005043,银行金融服务
DP_000370,银行金融服务
DP_005412,银行金融服务
DP_000138,银行金融服务
DP_006185,银行金融服务
DP_001618,银行金融服务
DP_001987,银行金融服务
DP_006627,银行金融服务
DP_006074,银行金融服务
DP_000475,银行金融服务
DP_005369,银行金融服务
DP_000139,银行金融服务
DP_006191,银行金融服务
DP_001621,银行金融服务
DP_002495,银行金融服务
DP_005875,银行金融服务
DP_000409,银行金融服务
DP_003975,银行金融服务
DP_005181,银行金融服务
DP_006202,银行金融服务
DP_001865,银行金融服务
DP_001615,银行金融服务
DP_001963,银行金融服务
DP_006568,银行金融服务
DP_005912,银行金融服务
DP_000486,银行金融服务
DP_005409,银行金融服务
DP_006137,银行金融服务
DP_001863,银行金融服务
DP_001617,银行金融服务
DP_002003,银行金融服务
DP_006628,银行金融服务
DP_005993,银行金融服务
DP_000633,银行金融服务
DP_000468,银行金融服务
DP_005416,银行金融服务
DP_001682,银行金融服务
DP_004823,银行金融服务
DP_003833,银行金融服务
DP_001864,银行金融服务
DP_001620,银行金融服务
DP_002008,银行金融服务
DP_006136,银行金融服务
DP_006284,银行金融服务
DP_006073,银行金融服务
DP_000238,银行金融服务
DP_005378,银行金融服务
DP_004771,银行金融服务
DP_001614,银行金融服务
DP_002111,银行金融服务
DP_006135,银行金融服务
DP_005127,银行金融服务
DP_005874,银行金融服务
DP_000471,银行金融服务
DP_000577,银行金融服务
DP_005400,银行金融服务
DP_001616,银行金融服务
DP_002113,银行金融服务
DP_006431,银行金融服务
DP_002818,银行金融服务
DP_005914,银行金融服务
DP_003528,银行金融服务
DP_000606,银行金融服务
DP_005401,银行金融服务
DP_002112,银行金融服务
DP_006324,银行金融服务
DP_006285,银行金融服务
DP_005995,银行金融服务
DP_000413,银行金融服务
DP_000184,银行金融服务
DP_005394,银行金融服务
DP_001680,银行金融服务
DP_004824,银行金融服务
DP_003867,银行金融服务
DP_001619,银行金融服务
DP_002145,银行金融服务
DP_006496,银行金融服务
DP_000414,银行金融服务
DP_005391,银行金融服务
DP_001683,银行金融服务
DP_004819,银行金融服务
DP_001613,银行金融服务
DP_006616,银行金融服务
DP_005876,银行金融服务
DP_001672,银行金融服务
DP_004820,银行金融服务
DP_004148,银行金融服务
DP_006644,银行金融服务
DP_006325,银行金融服务
DP_005420,银行金融服务
DP_004821,银行金融服务
DP_004150,银行金融服务
DP_006497,银行金融服务
DP_001936,银行金融服务
DP_006551,银行金融服务
DP_001774,银行金融服务
DP_004149,银行金融服务
DP_006426,银行金融服务
DP_002452,银行金融服务
DP_006611,银行金融服务
DP_004773,银行金融服务
DP_004151,银行金融服务
DP_001941,银行金融服务
DP_006423,银行金融服务
DP_003569,银行金融服务
DP_005289,银行金融服务
DP_002875,银行金融服务
DP_002055,银行金融服务
DP_006320,银行金融服务
DP_005358,银行金融服务
DP_001685,银行金融服务
DP_004859,银行金融服务
DP_001996,银行金融服务
DP_003849,银行金融服务
DP_003500,银行金融服务
DP_002056,银行金融服务
DP_006492,银行金融服务
DP_000868,银行金融服务
DP_005362,银行金融服务
DP_001688,银行金融服务
DP_004817,银行金融服务
DP_002877,银行金融服务
DP_006254,银行金融服务
DP_006424,银行金融服务
DP_005134,银行金融服务
DP_000865,银行金融服务
DP_001321,银行金融服务
DP_005238,银行金融服务
DP_001687,银行金融服务
DP_004815,银行金融服务
DP_002050,银行金融服务
DP_006321,银行金融服务
DP_002872,银行金融服务
DP_005283,银行金融服务
DP_001689,银行金融服务
DP_001983,银行金融服务
DP_003873,银行金融服务
DP_002052,银行金融服务
DP_006585,银行金融服务
DP_006493,银行金融服务
DP_002866,银行金融服务
DP_000504,银行金融服务
DP_003881,银行金融服务
DP_002051,银行金融服务
DP_003607,银行金融服务
DP_006495,银行金融服务
DP_006255,银行金融服务
DP_002862,银行金融服务
DP_000569,银行金融服务
DP_005361,银行金融服务
DP_002437,银行金融服务
DP_005750,银行金融服务
DP_003712,银行金融服务
DP_006323,银行金融服务
DP_006526,银行金融服务
DP_002868,银行金融服务
DP_005397,银行金融服务
DP_002133,银行金融服务
DP_002061,银行金融服务
DP_003706,银行金融服务
DP_006395,银行金融服务
DP_006586,银行金融服务
DP_000335,银行金融服务
DP_002053,银行金融服务
DP_003745,银行金融服务
DP_006394,银行金融服务
DP_002883,银行金融服务
DP_000334,银行金融服务
DP_000403,银行金融服务
DP_005410,银行金融服务
DP_005145,银行金融服务
DP_005204,银行金融服务
DP_003583,银行金融服务
DP_006377,银行金融服务
DP_001851,银行金融服务
DP_003977,银行金融服务
DP_005356,银行金融服务
DP_005137,银行金融服务
DP_005751,银行金融服务
DP_002057,银行金融服务
DP_003628,银行金融服务
DP_006376,银行金融服务
DP_006587,银行金融服务
DP_000470,银行金融服务
DP_005398,银行金融服务
DP_005141,银行金融服务
DP_002614,银行金融服务
DP_006391,银行金融服务
DP_003981,银行金融服务
DP_004867,银行金融服务
DP_000761,银行金融服务
DP_002615,银行金融服务
DP_003672,银行金融服务
DP_006312,银行金融服务
DP_003983,银行金融服务
DP_005411,银行金融服务
DP_002613,银行金融服务
DP_005135,银行金融服务
DP_006510,银行金融服务
DP_004139,银行金融服务
DP_006588,银行金融服务
DP_003466,银行金融服务
DP_003978,银行金融服务
DP_005357,银行金融服务
DP_004864,银行金融服务
DP_002733,银行金融服务
DP_002610,银行金融服务
DP_004140,银行金融服务
DP_006366,银行金融服务
DP_006258,银行金融服务
DP_000215,银行金融服务
DP_005360,银行金融服务
DP_002735,银行金融服务
DP_002619,银行金融服务
DP_003863,银行金融服务
DP_003736,银行金融服务
DP_004132,银行金融服务
DP_006319,银行金融服务
DP_006529,银行金融服务
DP_002734,银行金融服务
DP_002616,银行金融服务
DP_006491,银行金融服务
DP_003735,银行金融服务
DP_004146,银行金融服务
DP_006589,银行金融服务
DP_000214,银行金融服务
DP_005454,银行金融服务
DP_005298,银行金融服务
DP_004865,银行金融服务
DP_000763,银行金融服务
DP_002624,银行金融服务
DP_006425,银行金融服务
DP_004147,银行金融服务
DP_003758,银行金融服务
DP_005453,银行金融服务
DP_005443,银行金融服务
DP_004825,银行金融服务
DP_000765,银行金融服务
DP_002625,银行金融服务
DP_003856,银行金融服务
DP_006322,银行金融服务
DP_004135,银行金融服务
DP_006530,银行金融服务
DP_001313,银行金融服务
DP_004682,银行金融服务
DP_000353,银行金融服务
DP_005345,银行金融服务
DP_005132,银行金融服务
DP_001475,银行金融服务
DP_005953,银行金融服务
DP_002097,银行金融服务
DP_003872,银行金融服务
DP_006494,银行金融服务
DP_000423,银行金融服务
DP_005297,银行金融服务
DP_004868,银行金融服务
DP_001471,银行金融服务
DP_006076,银行金融服务
DP_006420,银行金融服务
DP_003684,银行金融服务
DP_006300,银行金融服务
DP_005856,银行金融服务
DP_001913,银行金融服务
DP_004141,银行金融服务
DP_003747,银行金融服务
DP_005342,银行金融服务
DP_004866,银行金融服务
DP_004472,银行金融服务
DP_003490,银行金融服务
DP_006365,银行金融服务
DP_004143,银行金融服务
DP_003727,银行金融服务
DP_006631,银行金融服务
DP_000538,银行金融服务
DP_005281,银行金融服务
DP_002954,银行金融服务
DP_004848,银行金融服务
DP_004448,银行金融服务
DP_006309,银行金融服务
DP_003580,银行金融服务
DP_000527,银行金融服务
DP_000358,银行金融服务
DP_005330,银行金融服务
DP_004496,银行金融服务
DP_001477,银行金融服务
DP_006328,银行金融服务
DP_003358,银行金融服务
DP_006672,银行金融服务
DP_004144,银行金融服务
DP_000355,银行金融服务
DP_005317,银行金融服务
DP_002921,银行金融服务
DP_004455,银行金融服务
DP_005915,银行金融服务
DP_002772,银行金融服务
DP_006421,银行金融服务
DP_003359,银行金融服务
DP_006632,银行金融服务
DP_003689,银行金融服务
DP_004145,银行金融服务
DP_000539,银行金融服务
DP_000356,银行金融服务
DP_005235,银行金融服务
DP_002937,银行金融服务
DP_005678,银行金融服务
DP_004449,银行金融服务
DP_000766,银行金融服务
DP_002773,银行金融服务
DP_006369,银行金融服务
DP_003714,银行金融服务
DP_000340,银行金融服务
DP_003475,银行金融服务
DP_005229,银行金融服务
DP_002945,银行金融服务
DP_004725,银行金融服务
DP_004450,银行金融服务
DP_001479,银行金融服务
DP_002408,银行金融服务
DP_003739,银行金融服务
DP_006541,银行金融服务
DP_000194,银行金融服务
DP_005301,银行金融服务
DP_004453,银行金融服务
DP_005851,银行金融服务
DP_002767,银行金融服务
DP_002606,银行金融服务
DP_006389,银行金融服务
DP_003721,银行金融服务
DP_006601,银行金融服务
DP_004136,银行金融服务
DP_000333,银行金融服务
DP_005293,银行金融服务
DP_002955,银行金融服务
DP_004454,银行金融服务
DP_000767,银行金融服务
DP_002765,银行金融服务
DP_002484,银行金融服务
DP_006517,银行金融服务
DP_006271,银行金融服务
DP_003724,银行金融服务
DP_000545,银行金融服务
DP_004887,银行金融服务
DP_005296,银行金融服务
DP_002956,银行金融服务
DP_004447,银行金融服务
DP_003710,银行金融服务
DP_004002,银行金融服务
DP_001480,银行金融服务
DP_000382,银行金融服务
DP_005230,银行金融服务
DP_002867,银行金融服务
DP_005458,银行金融服务
DP_006036,银行金融服务
DP_002768,银行金融服务
DP_006602,银行金融服务
DP_001722,银行金融服务
DP_004021,银行金融服务
DP_005177,银行金融服务
DP_005273,银行金融服务
DP_002863,银行金融服务
DP_004806,银行金融服务
DP_004491,银行金融服务
DP_002769,银行金融服务
DP_003674,银行金融服务
DP_001720,银行金融服务
DP_004030,银行金融服务
DP_004755,银行金融服务
DP_004416,银行金融服务
DP_004503,银行金融服务
DP_002864,银行金融服务
DP_005793,银行金融服务
DP_002771,银行金融服务
DP_003679,银行金融服务
DP_004024,银行金融服务
DP_000716,银行金融服务
DP_005251,银行金融服务
DP_004769,银行金融服务
DP_004438,银行金融服务
DP_004511,银行金融服务
DP_002770,银行金融服务
DP_002653,银行金融服务
DP_003680,银行金融服务
DP_004469,银行金融服务
DP_004509,银行金融服务
DP_005998,银行金融服务
DP_002803,银行金融服务
DP_002482,银行金融服务
DP_006291,银行金融服务
DP_001719,银行金融服务
DP_006675,银行金融服务
DP_004797,银行金融服务
DP_004433,银行金融服务
DP_004510,银行金融服务
DP_005756,银行金融服务
DP_002802,银行金融服务
DP_002481,银行金融服务
DP_006562,银行金融服务
DP_004031,银行金融服务
DP_000697,银行金融服务
DP_003673,银行金融服务
DP_000259,银行金融服务
DP_002871,银行金融服务
DP_004507,银行金融服务
DP_002804,银行金融服务
DP_002014,银行金融服务
DP_006622,银行金融服务
DP_004028,银行金融服务
DP_000290,银行金融服务
DP_004437,银行金融服务
DP_004772,银行金融服务
DP_004502,银行金融服务
DP_005828,银行金融服务
DP_006286,银行金融服务
DP_003676,银行金融服务
DP_000291,银行金融服务
DP_000434,银行金融服务
DP_005373,银行金融服务
DP_004436,银行金融服务
DP_002805,银行金融服务
DP_006557,银行金融服务
DP_003681,银行金融服务
DP_000248,银行金融服务
DP_004471,银行金融服务
DP_004853,银行金融服务
DP_004505,银行金融服务
DP_006033,银行金融服务
DP_002807,银行金融服务
DP_006617,银行金融服务
DP_003677,银行金融服务
DP_000312,银行金融服务
DP_004431,银行金融服务
DP_004753,银行金融服务
DP_004506,银行金融服务
DP_002806,银行金融服务
DP_005723,银行金融服务
DP_006287,银行金融服务
DP_003678,银行金融服务
DP_000305,银行金融服务
DP_005419,银行金融服务
DP_004799,银行金融服务
DP_002886,银行金融服务
DP_005827,银行金融服务
DP_002808,银行金融服务
DP_000778,银行金融服务
DP_006359,银行金融服务
DP_005722,银行金融服务
DP_006558,银行金融服务
DP_003683,银行金融服务
DP_000306,银行金融服务
DP_005173,银行金融服务
DP_005375,银行金融服务
DP_004442,银行金融服务
DP_005951,银行金融服务
DP_001271,银行金融服务
DP_002809,银行金融服务
DP_003517,银行金融服务
DP_005724,银行金融服务
DP_006618,银行金融服务
DP_005353,银行金融服务
DP_004501,银行金融服务
DP_001270,银行金融服务
DP_003219,银行金融服务
DP_002816,银行金融服务
DP_006355,银行金融服务
DP_005451,银行金融服务
DP_003750,银行金融服务
DP_000253,银行金融服务
DP_000642,银行金融服务
DP_005392,银行金融服务
DP_004500,银行金融服务
DP_001274,银行金融服务
DP_000418,银行金融服务
DP_002814,银行金融服务
DP_003846,银行金融服务
DP_006265,银行金融服务
DP_003749,银行金融服务
DP_000244,银行金融服务
DP_000641,银行金融服务
DP_005359,银行金融服务
DP_004487,银行金融服务
DP_001246,银行金融服务
DP_002810,银行金融服务
DP_003855,银行金融服务
DP_000635,银行金融服务
DP_005309,银行金融服务
DP_004486,银行金融服务
DP_005930,银行金融服务
DP_001248,银行金融服务
DP_004518,银行金融服务
DP_002812,银行金融服务
DP_006480,银行金融服务
DP_004020,银行金融服务
DP_006596,银行金融服务
DP_003662,银行金融服务
DP_000270,银行金融服务
DP_000634,银行金融服务
DP_004490,银行金融服务
DP_005697,银行金融服务
DP_004738,银行金融服务
DP_001275,银行金融服务
DP_002811,银行金融服务
DP_006329,银行金融服务
DP_006266,银行金融服务
DP_003767,银行金融服务
DP_005364,银行金融服务
DP_004489,银行金融服务
DP_005693,银行金融服务
DP_004805,银行金融服务
DP_001247,银行金融服务
DP_000785,银行金融服务
DP_003641,银行金融服务
DP_006537,银行金融服务
DP_000183,银行金融服务
DP_004484,银行金融服务
DP_001254,银行金融服务
DP_002813,银行金融服务
DP_000459,银行金融服务
DP_004497,银行金融服务
DP_005701,银行金融服务
DP_001262,银行金融服务
DP_004390,银行金融服务
DP_002815,银行金融服务
DP_004244,银行金融服务
DP_006260,银行金融服务
DP_003579,银行金融服务
DP_000325,银行金融服务
DP_003840,银行金融服务
DP_004498,银行金融服务
DP_004367,银行金融服务
DP_002784,银行金融服务
DP_006343,银行金融服务
DP_006531,银行金融服务
DP_000578,银行金融服务
DP_005702,银行金融服务
DP_002785,银行金融服务
DP_006353,银行金融服务
DP_006591,银行金融服务
DP_005176,银行金融服务
DP_005240,银行金融服务
DP_004479,银行金融服务
DP_003305,银行金融服务
DP_002782,银行金融服务
DP_000485,银行金融服务
DP_005308,银行金融服务
DP_004477,银行金融服务
DP_003303,银行金融服务
DP_005804,银行金融服务
DP_002780,银行金融服务
DP_004008,银行金融服务
DP_006345,银行金融服务
DP_005452,银行金融服务
DP_000347,银行金融服务
DP_003847,银行金融服务
DP_004473,银行金融服务
DP_005928,银行金融服务
DP_000252,银行金融服务
DP_002836,银行金融服务
DP_006382,银行金融服务
DP_006532,银行金融服务
DP_003839,银行金融服务
DP_004478,银行金融服务
DP_003307,银行金融服务
DP_006009,银行金融服务
DP_002832,银行金融服务
DP_002779,银行金融服务
DP_004080,银行金融服务
DP_006315,银行金融服务
DP_005340,银行金融服务
DP_001259,银行金融服务
DP_005767,银行金融服务
DP_002834,银行金融服务
DP_002777,银行金融服务
DP_006292,银行金融服务
DP_000195,银行金融服务
DP_005231,银行金融服务
DP_004476,银行金融服务
DP_006084,银行金融服务
DP_001784,银行金融服务
DP_001242,银行金融服务
DP_002833,银行金融服务
DP_002778,银行金融服务
DP_006563,银行金融服务
DP_000407,银行金融服务
DP_000196,银行金融服务
DP_005274,银行金融服务
DP_004475,银行金融服务
DP_005816,银行金融服务
DP_001269,银行金融服务
DP_006347,银行金融服务
DP_006623,银行金融服务
DP_000406,银行金融服务
DP_000181,银行金融服务
DP_003834,银行金融服务
DP_005277,银行金融服务
DP_004483,银行金融服务
DP_005940,银行金融服务
DP_001265,银行金融服务
DP_002829,银行金融服务
DP_002787,银行金融服务
DP_000405,银行金融服务
DP_000182,银行金融服务
DP_003831,银行金融服务
DP_003581,银行金融服务
DP_005303,银行金融服务
DP_004480,银行金融服务
DP_002817,银行金融服务
DP_006021,银行金融服务
DP_004811,银行金融服务
DP_002788,银行金融服务
DP_006337,银行金融服务
DP_000359,银行金融服务
DP_000496,银行金融服务
DP_003836,银行金融服务
DP_002012,银行金融服务
DP_003772,银行金融服务
DP_005351,银行金融服务
DP_004481,银行金融服务
DP_005779,银行金融服务
DP_001249,银行金融服务
DP_000360,银行金融服务
DP_000616,银行金融服务
DP_003841,银行金融服务
DP_001972,银行金融服务
DP_003718,银行金融服务
DP_005432,银行金融服务
DP_005805,银行金融服务
DP_001272,银行金融服务
DP_002790,银行金融服务
DP_000357,银行金融服务
DP_005218,银行金融服务
DP_005929,银行金融服务
DP_003743,银行金融服务
DP_000736,银行金融服务
DP_006404,银行金融服务
DP_000615,银行金融服务
DP_004439,银行金融服务
DP_005262,银行金融服务
DP_006010,银行金融服务
DP_003768,银行金融服务
DP_002789,银行金融服务
DP_005449,银行金融服务
DP_000571,银行金融服务
DP_004482,银行金融服务
DP_005270,银行金融服务
DP_005768,银行金融服务
DP_003669,银行金融服务
DP_001264,银行金融服务
DP_003479,银行金融服务
DP_001458,银行金融服务
DP_005299,银行金融服务
DP_004485,银行金融服务
DP_005817,银行金融服务
DP_001243,银行金融服务
DP_001330,银行金融服务
DP_005346,银行金融服务
DP_004488,银行金融服务
DP_005941,银行金融服务
DP_003888,银行金融服务
DP_006518,银行金融服务
DP_006520,银行金融服务
DP_005255,银行金融服务
DP_004427,银行金融服务
DP_001785,银行金融服务
DP_003707,银行金融服务
DP_003887,银行金融服务
DP_002799,银行金融服务
DP_003427,银行金融服务
DP_001428,银行金融服务
DP_005256,银行金融服务
DP_004420,银行金融服务
DP_006022,银行金融服务
DP_001260,银行金融服务
DP_003428,银行金融服务
DP_006304,银行金融服务
DP_001357,银行金融服务
DP_005278,银行金融服务
DP_004428,银行金融服务
DP_005780,银行金融服务
DP_001266,银行金融服务
DP_006575,银行金融服务
DP_005300,银行金融服务
DP_004426,银行金融服务
DP_005795,银行金融服务
DP_003925,银行金融服务
DP_002798,银行金融服务
DP_006358,银行金融服务
DP_006635,银行金融服务
DP_000326,银行金融服务
DP_005919,银行金融服务
DP_003625,银行金融服务
DP_005348,银行金融服务
DP_004329,银行金融服务
DP_001258,银行金融服务
DP_001222,银行金融服务
DP_002795,银行金融服务
DP_006305,银行金融服务
DP_004357,银行金融服务
DP_004466,银行金融服务
DP_005429,银行金融服务
DP_003919,银行金融服务
DP_002796,银行金融服务
DP_006430,银行金融服务
DP_006576,银行金融服务
DP_005174,银行金融服务
DP_004465,银行金融服务
DP_005758,银行金融服务
DP_003690,银行金融服务
DP_004108,银行金融服务
DP_005272,银行金融服务
DP_003923,银行金融服务
DP_002794,银行金融服务
DP_004052,银行金融服务
DP_002793,银行金融服务
DP_005450,银行金融服务
DP_001364,银行金融服务
DP_003545,银行金融服务
DP_004435,银行金融服务
DP_005932,银行金融服务
DP_003693,银行金融服务
DP_005350,银行金融服务
DP_000289,银行金融服务
DP_006336,银行金融服务
DP_001366,银行金融服务
DP_004422,银行金融服务
DP_005431,银行金融服务
DP_003340,银行金融服务
DP_006545,银行金融服务
DP_004421,银行金融服务
DP_005771,银行金融服务
DP_005433,银行金融服务
DP_002792,银行金融服务
DP_006499,银行金融服务
DP_000498,银行金融服务
DP_001751,银行金融服务
DP_002749,银行金融服务
DP_003471,银行金融服务
DP_006275,银行金融服务
DP_004424,银行金融服务
DP_005799,银行金融服务
DP_003597,银行金融服务
DP_005219,银行金融服务
DP_004646,银行金融服务
DP_006360,银行金融服务
DP_006546,银行金融服务
DP_000608,银行金融服务
DP_000612,银行金融服务
DP_004425,银行金融服务
DP_005923,银行金融服务
DP_005252,银行金融服务
DP_004621,银行金融服务
DP_002750,银行金融服务
DP_006490,银行金融服务
DP_006606,银行金融服务
DP_000493,银行金融服务
DP_004418,银行金融服务
DP_006004,银行金融服务
DP_003077,银行金融服务
DP_002748,银行金融服务
DP_006356,银行金融服务
DP_003474,银行金融服务
DP_006288,银行金融服务
DP_000627,银行金融服务
DP_005762,银行金融服务
DP_003078,银行金融服务
DP_005315,银行金融服务
DP_002751,银行金融服务
DP_001204,银行金融服务
DP_006512,银行金融服务
DP_000410,银行金融服务
DP_000208,银行金融服务
DP_005811,银行金融服务
DP_003063,银行金融服务
DP_004419,银行金融服务
DP_005352,银行金融服务
DP_004355,银行金融服务
DP_002746,银行金融服务
DP_000411,银行金融服务
DP_004124,银行金融服务
DP_005935,银行金融服务
DP_003070,银行金融服务
DP_004434,银行金融服务
DP_002745,银行金融服务
DP_006481,银行金融服务
DP_000210,银行金融服务
DP_001956,银行金融服务
DP_006016,银行金融服务
DP_003060,银行金融服务
DP_004457,银行金融服务
DP_004764,银行金融服务
DP_000723,银行金融服务
DP_006330,银行金融服务
DP_000211,银行金融服务
DP_001957,银行金融服务
DP_005774,银行金融服务
DP_003090,银行金融服务
DP_004456,银行金融服务
DP_002743,银行金融服务
DP_000480,银行金融服务
DP_005797,银行金融服务
DP_003103,银行金融服务
DP_004499,银行金融服务
DP_000481,银行金融服务
DP_002139,银行金融服务
DP_005921,银行金融服务
DP_004468,银行金融服务
DP_004803,银行金融服务
DP_004983,银行金融服务
DP_004358,银行金融服务
DP_006419,银行金融服务
DP_006294,银行金融服务
DP_003099,银行金融服务
DP_001750,银行金融服务
DP_004440,银行金融服务
DP_006344,银行金融服务
DP_000580,银行金融服务
DP_000734,银行金融服务
DP_003101,银行金融服务
DP_006002,银行金融服务
DP_004443,银行金融服务
DP_004854,银行金融服务
DP_002828,银行金融服务
DP_006354,银行金融服务
DP_006625,银行金融服务
DP_000732,银行金融服务
DP_003100,银行金融服务
DP_005760,银行金融服务
DP_004444,银行金融服务
DP_000733,银行金融服务
DP_002979,银行金融服务
DP_005809,银行金融服务
DP_003079,银行金融服务
DP_004451,银行金融服务
DP_004987,银行金融服务
DP_005673,银行金融服务
DP_006346,银行金融服务
DP_003473,银行金融服务
DP_000495,银行金融服务
DP_000731,银行金融服务
DP_005933,银行金融服务
DP_003098,银行金融服务
DP_003827,银行金融服务
DP_000636,银行金融服务
DP_002820,银行金融服务
DP_006014,银行金融服务
DP_004452,银行金融服务
DP_002783,银行金融服务
DP_002752,银行金融服务
DP_001515,银行金融服务
DP_006316,银行金融服务
DP_006263,银行金融服务
DP_000602,银行金融服务
DP_005772,银行金融服务
DP_003064,银行金融服务
DP_001322,银行金融服务
DP_001431,银行金融服务
DP_002753,银行金融服务
DP_006501,银行金融服务
DP_006534,银行金融服务
DP_000603,银行金融服务
DP_003065,银行金融服务
DP_004467,银行金融服务
DP_001399,银行金融服务
DP_006350,银行金融服务
DP_000604,银行金融服务
DP_002968,银行金融服务
DP_003066,银行金融服务
DP_004470,银行金融服务
DP_000272,银行金融服务
DP_004995,银行金融服务
DP_002755,银行金融服务
DP_006348,银行金融服务
DP_006264,银行金融服务
DP_002911,银行金融服务
DP_003067,银行金融服务
DP_004429,银行金融服务
DP_004348,银行金融服务
DP_001087,银行金融服务
DP_002762,银行金融服务
DP_006340,银行金融服务
DP_006100,银行金融服务
DP_000465,银行金融服务
DP_004415,银行金融服务
DP_004294,银行金融服务
DP_004984,银行金融服务
DP_002761,银行金融服务
DP_006595,银行金融服务
DP_000455,银行金融服务
DP_006338,银行金融服务
DP_003089,银行金融服务
DP_004293,银行金融服务
DP_002757,银行金融服务
DP_006342,银行金融服务
DP_002980,银行金融服务
DP_002501,银行金融服务
DP_003093,银行金融服务
DP_004417,银行金融服务
DP_004351,银行金融服务
DP_004985,银行金融服务
DP_001317,银行金融服务
DP_006533,银行金融服务
DP_006375,银行金融服务
DP_001583,银行金融服务
DP_003059,银行金融服务
DP_004982,银行金融服务
DP_002756,银行金融服务
DP_000613,银行金融服务
DP_004996,银行金融服务
DP_002512,银行金融服务
DP_001584,银行金融服务
DP_003094,银行金融服务
DP_004494,银行金融服务
DP_003829,银行金融服务
DP_004986,银行金融服务
DP_005707,银行金融服务
DP_006311,银行金融服务
DP_000209,银行金融服务
DP_002981,银行金融服务
DP_003095,银行金融服务
DP_003519,银行金融服务
DP_002736,银行金融服务
DP_005705,银行金融服务
DP_001815,银行金融服务
DP_006386,银行金融服务
DP_002984,银行金融服务
DP_004495,银行金融服务
DP_000044,银行金融服务
DP_004354,银行金融服务
DP_005706,银行金融服务
DP_001816,银行金融服务
DP_003075,银行金融服务
DP_002846,银行金融服务
DP_005713,银行金融服务
DP_006417,银行金融服务
DP_000601,银行金融服务
DP_006080,银行金融服务
DP_004459,银行金融服务
DP_003072,银行金融服务
DP_004353,银行金融服务
DP_006378,银行金融服务
DP_000587,银行金融服务
DP_002963,银行金融服务
DP_004464,银行金融服务
DP_003073,银行金融服务
DP_000001,银行金融服务
DP_004356,银行金融服务
DP_005704,银行金融服务
DP_000354,银行金融服务
DP_002975,银行金融服务
DP_003074,银行金融服务
DP_004349,银行金融服务
DP_005716,银行金融服务
DP_006406,银行金融服务
DP_002990,银行金融服务
DP_004462,银行金融服务
DP_004378,银行金融服务
DP_004350,银行金融服务
DP_005715,银行金融服务
DP_006407,银行金融服务
DP_001660,银行金融服务
DP_002986,银行金融服务
DP_004458,银行金融服务
DP_003076,银行金融服务
DP_005708,银行金融服务
DP_000597,银行金融服务
DP_003013,银行金融服务
DP_003102,银行金融服务
DP_000596,银行金融服务
DP_003004,银行金融服务
DP_003105,银行金融服务
DP_003615,银行金融服务
DP_003001,银行金融服务
DP_003088,银行金融服务
DP_005717,银行金融服务
DP_003006,银行金融服务
DP_005153,银行金融服务
DP_003081,银行金融服务
DP_001690,银行金融服务
DP_005710,银行金融服务
DP_003002,银行金融服务
DP_003080,银行金融服务
DP_001200,银行金融服务
DP_005711,银行金融服务
DP_003087,银行金融服务
DP_005709,银行金融服务
DP_003007,银行金融服务
DP_003083,银行金融服务
DP_001227,银行金融服务
DP_002843,银行金融服务
DP_004181,银行金融服务
DP_003009,银行金融服务
DP_002844,银行金融服务
DP_000371,银行金融服务
DP_000222,银行金融服务
DP_003011,银行金融服务
DP_003086,银行金融服务
DP_001228,银行金融服务
DP_006414,银行金融服务
DP_003010,银行金融服务
DP_001226,银行金融服务
DP_002841,银行金融服务
DP_006487,银行金融服务
DP_000225,银行金融服务
DP_002920,银行金融服务
DP_001783,银行金融服务
DP_003084,银行金融服务
DP_002839,银行金融服务
DP_006488,银行金融服务
DP_000224,银行金融服务
DP_002989,银行金融服务
DP_005798,银行金融服务
DP_003085,银行金融服务
DP_002708,银行金融服务
DP_006427,银行金融服务
DP_000226,银行金融服务
DP_002992,银行金融服务
DP_002840,银行金融服务
DP_006428,银行金融服务
DP_002987,银行金融服务
DP_003097,银行金融服务
DP_002710,银行金融服务
DP_006508,银行金融服务
DP_001554,银行金融服务
DP_005761,银行金融服务
DP_003068,银行金融服务
DP_001239,银行金融服务
DP_001675,银行金融服务
DP_002847,银行金融服务
DP_003671,银行金融服务
DP_006509,银行金融服务
DP_002988,银行金融服务
DP_003069,银行金融服务
DP_001237,银行金融服务
DP_002838,银行金融服务
DP_006367,银行金融服务
DP_003312,银行金融服务
DP_002211,银行金融服务
DP_000725,银行金融服务
DP_005934,银行金融服务
DP_003091,银行金融服务
DP_001234,银行金融服务
DP_006368,银行金融服务
DP_003317,银行金融服务
DP_002930,银行金融服务
DP_001521,银行金融服务
DP_001235,银行金融服务
DP_002850,银行金融服务
DP_002934,银行金融服务
DP_005773,银行金融服务
DP_002849,银行金融服务
DP_003445,银行金融服务
DP_006474,银行金融服务
DP_000254,银行金融服务
DP_001839,银行金融服务
DP_001589,银行金融服务
DP_002852,银行金融服务
DP_002933,银行金融服务
DP_001808,银行金融服务
DP_000220,银行金融服务
DP_006364,银行金融服务
DP_001717,银行金融服务
DP_002929,银行金融服务
DP_000700,银行金融服务
DP_001814,银行金融服务
DP_001542,银行金融服务
DP_002221,银行金融服务
DP_000702,银行金融服务
DP_003420,银行金融服务
DP_000219,银行金融服务
DP_001718,银行金融服务
DP_002999,银行金融服务
DP_001491,银行金融服务
DP_001684,银行金融服务
DP_001813,银行金融服务
DP_001849,银行金融服务
DP_001509,银行金融服务
DP_000444,银行金融服务
DP_006459,银行金融服务
DP_002225,银行金融服务
DP_001807,银行金融服务
DP_004622,银行金融服务
DP_006460,银行金融服务
DP_000445,银行金融服务
DP_000776,银行金融服务
DP_006461,银行金融服务
DP_004692,银行金融服务
DP_000341,银行金融服务
DP_002609,银行金融服务
DP_004178,银行金融服务
DP_005320,银行金融服务
DP_001507,银行金融服务
DP_003422,银行金融服务
DP_004691,银行金融服务
DP_004154,银行金融服务
DP_000343,银行金融服务
DP_005318,银行金融服务
DP_002927,银行金融服务
DP_002623,银行金融服务
DP_004697,银行金融服务
DP_006439,银行金融服务
DP_000342,银行金融服务
DP_002931,银行金融服务
DP_002622,银行金融服务
DP_004698,银行金融服务
DP_001698,银行金融服务
DP_005445,银行金融服务
DP_001577,银行金融服务
DP_001757,银行金融服务
DP_004696,银行金融服务
DP_001710,银行金融服务
DP_000216,银行金融服务
DP_002617,银行金融服务
DP_001709,银行金融服务
DP_001733,银行金融服务
DP_001669,银行金融服务
DP_001714,银行金融服务
DP_006444,银行金融服务
DP_000479,银行金融服务
DP_001564,银行金融服务
DP_002612,银行金融服务
DP_004699,银行金融服务
DP_005328,银行金融服务
DP_004704,银行金融服务
DP_006446,银行金融服务
DP_000336,银行金融服务
DP_005326,银行金融服务
DP_005826,银行金融服务
DP_001711,银行金融服务
DP_004705,银行金融服务
DP_000337,银行金融服务
DP_005426,银行金融服务
DP_005950,银行金融服务
DP_001713,银行金融服务
DP_004703,银行金融服务
DP_005434,银行金融服务
DP_006031,银行金融服务
DP_001715,银行金融服务
DP_005259,银行金融服务
DP_005789,银行金融服务
DP_004708,银行金融服务
DP_000472,银行金融服务
DP_005446,银行金融服务
DP_005825,银行金融服务
DP_002725,银行金融服务
DP_004709,银行金融服务
DP_005245,银行金融服务
DP_005343,银行金融服务
DP_002719,银行金融服务
DP_002720,银行金融服务
DP_002723,银行金融服务
DP_001766,银行金融服务
DP_001323,银行金融服务
DP_001768,银行金融服务
DP_002715,银行金融服务
DP_002714,银行金融服务
DP_002713,银行金融服务
DP_002712,银行金融服务
DP_001742,银行金融服务
DP_001747,银行金融服务
DP_001748,银行金融服务
DP_001746,银行金融服务
DP_001762,银行金融服务
DP_001764,银行金融服务
DP_001482,银行金融服务
DP_001483,银行金融服务
DP_002729,银行金融服务
DP_002730,银行金融服务
DP_002727,银行金融服务
DP_003425,银行金融服务
DP_001481,银行金融服务
DP_001297,银行金融服务
DP_001090,银行金融服务
DP_004576,银行金融服务
DP_000867,银行金融服务
DP_004627,银行金融服务
DP_001701,银行金融服务
DP_004538,银行金融服务
DP_004593,银行金融服务
DP_004609,银行金融服务
DP_003433,银行金融服务
DP_003438,银行金融服务
DP_001697,银行金融服务
DP_003434,银行金融服务
DP_003440,银行金融服务
DP_001696,银行金融服务
DP_000653,银行金融服务
DP_003442,银行金融服务
DP_004606,银行金融服务
DP_003436,银行金融服务
DP_003435,银行金融服务
DP_004677,银行金融服务
DP_003444,银行金融服务
DP_003437,银行金融服务
DP_004548,银行金融服务
DP_004546,银行金融服务
DP_004710,银行金融服务
DP_004638,银行金融服务
DP_004551,银行金融服务
DP_004641,银行金融服务
DP_004667,银行金融服务
DP_004631,银行金融服务
DP_004702,银行金融服务
DP_004567,银行金融服务
DP_004561,银行金融服务
DP_004578,银行金融服务
DP_004583,银行金融服务
DP_004619,银行金融服务
DP_004712,银行金融服务
DP_004535,银行金融服务
DP_004665,银行金融服务
DP_004598,银行金融服务
DP_004661,银行金融服务
DP_004569,银行金融服务
DP_004695,数字社会
DP_004608,数字社会
DP_004690,数字社会
DP_004566,数字社会
DP_004700,数字社会
DP_004716,数字社会
DP_004718,数字社会
DP_004560,数字社会
DP_004634,数字社会
DP_004575,数字社会
DP_002965,数字社会
DP_004585,数字社会
DP_004636,数字社会
DP_004673,数字社会
DP_004591,数字社会
DP_004558,数字社会
DP_004617,数字社会
DP_000038,数字社会
DP_001386,数字社会
DP_001385,数字社会
DP_004654,数字社会
DP_004559,数字社会
DP_004564,数字社会
DP_001184,数字社会
DP_003204,数字社会
DP_000769,数字社会
DP_002887,数字社会
DP_003258,数字社会
DP_000726,数字社会
DP_001059,数字社会
DP_003910,数字社会
DP_003911,数字社会
DP_003382,数字社会
DP_001855,数字社会
DP_005183,数字社会
DP_004170,数字社会
DP_003364,数字社会
DP_004538,数字社会
DP_004593,数字社会
DP_004573,数字社会
DP_004609,数字社会
DP_004555,数字社会
DP_004656,数字社会
DP_004548,数字社会
DP_004624,数字社会
DP_004650,数字社会
DP_004631,数字社会
DP_004702,数字社会
DP_004561,数字社会
DP_004578,数字社会
DP_004669,数字社会
DP_004535,数字社会
DP_004661,数字社会
DP_004569,数字社会
DP_004643,网上税务办理
DP_003146,网上税务办理
DP_002131,网上税务办理
DP_001706,网上税务办理
DP_001708,网上税务办理
DP_005444,网上税务办理
DP_001149,网上税务办理
DP_003027,网上税务办理
DP_005246,网上税务办理
DP_003116,网上税务办理
DP_005425,网上税务办理
DP_005441,网上税务办理
DP_005427,网上税务办理
DP_000546,网上税务办理
DP_003026,网上税务办理
DP_002274,网上税务办理
DP_002362,网上税务办理
DP_000142,网上税务办理
DP_001148,网上税务办理
DP_004981,网上税务办理
DP_004084,网上税务办理
DP_004072,网上税务办理
DP_004085,网上税务办理
DP_004086,网上税务办理
DP_004091,网上税务办理
DP_001978,网上税务办理
DP_002949,网上税务办理
DP_003764,网上税务办理
DP_005731,网上税务办理
DP_003417,网上税务办理
DP_005306,网上税务办理
DP_001330,网上税务办理
DP_002950,网上税务办理
DP_000886,其他谷物种植
DP_001037,其他谷物种植
DP_000886,航空客货运输
DP_002378,航空客货运输
DP_000739,航空客货运输
DP_000969,航空客货运输
DP_000891,航空客货运输
DP_003809,航空客货运输
DP_000961,航空客货运输
DP_003807,航空客货运输
DP_005824,航空客货运输
DP_003793,航空客货运输
DP_005948,航空客货运输
DP_006029,航空客货运输
DP_005787,航空客货运输
DP_001904,航空客货运输
DP_001048,航空客货运输
DP_000970,航空客货运输
DP_003798,航空客货运输
DP_003787,航空客货运输
DP_003817,航空客货运输
DP_001012,航空客货运输
DP_001015,航空客货运输
DP_003791,航空客货运输
DP_002083,航空客货运输
DP_000934,航空客货运输
DP_000892,航空客货运输
DP_000884,航空客货运输
DP_003937,航空客货运输
DP_000029,航空客货运输
DP_003954,航空客货运输
DP_003951,航空客货运输
DP_003942,航空客货运输
DP_006301,航空客货运输
DP_006572,航空客货运输
DP_006489,航空客货运输
DP_003855,航空客货运输
DP_003820,航空客货运输
DP_003376,航空客货运输
DP_001058,航空客货运输
DP_000871,航空客货运输
DP_001051,航空客货运输
DP_000873,航空客货运输
DP_003367,航空客货运输
DP_003380,航空客货运输
DP_000953,航空客货运输
DP_000745,航空客货运输
DP_000986,航空客货运输
DP_001043,航空客货运输
DP_002118,航空客货运输
DP_000977,航空客货运输
DP_002250,航空客货运输
DP_000980,航空客货运输
DP_001004,航空客货运输
DP_002390,航空客货运输
DP_005803,航空客货运输
DP_002389,航空客货运输
DP_005927,航空客货运输
DP_003460,航空客货运输
DP_001013,航空客货运输
DP_006008,航空客货运输
DP_005766,航空客货运输
DP_003363,航空客货运输
DP_002391,航空客货运输
DP_005815,航空客货运输
DP_002387,航空客货运输
DP_005939,航空客货运输
DP_006020,航空客货运输
DP_005778,航空客货运输
DP_002375,航空客货运输
DP_000960,航空客货运输
DP_002386,航空客货运输
DP_003387,航空客货运输
DP_001035,航空客货运输
DP_001044,航空客货运输
DP_003403,航空客货运输
DP_004671,数字金融
DP_004600,数字金融
DP_002899,数字金融
DP_001790,数字金融
DP_004540,数字金融
DP_003917,数字金融
DP_006451,数字金融
DP_005159,数字金融
DP_005160,数字金融
DP_003041,数字金融
DP_000205,数字金融
DP_000069,数字金融
DP_004560,数字金融
DP_001290,数字金融
DP_006472,数字金融
DP_001293,数字金融
DP_004634,数字金融
DP_005084,数字金融
DP_003729,数字金融
DP_005395,数字金融
DP_004581,数字金融
DP_005321,数字金融
DP_000052,数字金融
DP_000048,数字金融
DP_005082,数字金融
DP_003470,数字金融
DP_003742,数字金融
DP_004585,数字金融
DP_004603,数字金融
DP_004637,数字金融
DP_005954,数字金融
DP_003614,数字金融
DP_003613,数字金融
DP_003562,数字金融
DP_003596,数字金融
DP_004591,数字金融
DP_003595,数字金融
DP_003599,数字金融
DP_003687,数字金融
DP_003014,数字金融
DP_000033,数字金融
DP_003542,数字金融
DP_001386,数字金融
DP_001385,数字金融
DP_000002,数字金融
DP_000666,数字金融
DP_005046,数字金融
DP_003174,数字金融
DP_005023,数字金融
DP_005334,数字金融
DP_006570,数字金融
DP_005106,数字金融
DP_000022,数字金融
DP_002860,数字金融
DP_002861,数字金融
DP_003031,数字金融
DP_004559,数字金融
DP_000261,数字金融
DP_001107,数字金融
DP_003037,数字金融
DP_003960,数字金融
DP_006638,数字金融
DP_001136,数字金融
DP_004750,数字金融
DP_002312,数字金融
DP_005407,数字金融
DP_000165,数字金融
DP_005379,数字金融
DP_003947,数字金融
DP_002819,数字金融
DP_000720,数字金融
DP_003430,数字金融
DP_003688,数字金融
DP_001681,数字金融
DP_005122,数字金融
DP_006598,数字金融
DP_000256,数字金融
DP_000735,数字金融
DP_002082,数字金融
DP_005399,数字金融
DP_005476,数字金融
DP_001860,数字金融
DP_004758,数字金融
DP_006281,数字金融
DP_002373,数字金融
DP_003544,数字金融
DP_005355,数字金融
DP_003712,数字金融
DP_005203,数字金融
DP_002059,数字金融
DP_006527,数字金融
DP_005403,数字金融
DP_005140,数字金融
DP_006528,数字金融
DP_006308,数字金融
DP_006571,数字金融
DP_000352,数字金融
DP_003724,数字金融
DP_003457,数字金融
DP_003458,数字金融
DP_006475,数字金融
DP_005917,数字金融
DP_005347,数字金融
DP_004793,数字金融
DP_003459,数字金融
DP_005413,数字金融
DP_004168,数字金融
DP_001694,数字金融
DP_006498,数字金融
DP_005414,数字金融
DP_006372,数字金融
DP_006484,数字金融
DP_006597,数字金融
DP_002686,数字金融
DP_000770,数字金融
DP_002678,数字金融
DP_003910,数字金融
DP_003911,数字金融
DP_006339,数字金融
DP_006293,数字金融
DP_003510,数字金融
DP_000736,数字金融
DP_002776,数字金融
DP_001970,数字金融
DP_003885,数字金融
DP_006476,数字金融
DP_005162,数字金融
DP_004492,数字金融
DP_003597,数字金融
DP_002747,数字金融
DP_004855,数字金融
DP_006102,数字金融
DP_003093,数字金融
DP_001855,数字金融
DP_006379,数字金融
DP_005183,数字金融
DP_004463,数字金融
DP_001852,数字金融
DP_003603,数字金融
DP_000724,数字金融
DP_000223,数字金融
DP_004256,数字金融
DP_000227,数字金融
DP_004877,数字金融
DP_006363,数字金融
DP_003826,数字金融
DP_001502,数字金融
DP_002716,数字金融
DP_002721,数字金融
DP_001744,数字金融
DP_004573,数字金融
DP_004555,数字金融
DP_004656,数字金融
DP_004624,数字金融
DP_004650,数字金融
DP_004669,数字金融
DP_004659,数字金融
DP_004671,数字政府
DP_004600,数字政府
DP_004611,数字政府
DP_004613,数字政府
DP_000740,数字政府
DP_004166,数字政府
DP_001289,数字政府
DP_001290,数字政府
DP_004553,数字政府
DP_001293,数字政府
DP_001291,数字政府
DP_003729,数字政府
DP_004189,数字政府
DP_003651,数字政府
DP_004675,数字政府
DP_003585,数字政府
DP_001166,数字政府
DP_001168,数字政府
DP_004663,数字政府
DP_004604,数字政府
DP_000757,数字政府
DP_004602,数字政府
DP_004688,数字政府
DP_000585,数字政府
DP_003165,数字政府
DP_003335,数字政府
DP_001385,数字政府
DP_003169,数字政府
DP_003164,数字政府
DP_003167,数字政府
DP_005208,数字政府
DP_000008,数字政府
DP_005214,数字政府
DP_003993,数字政府
DP_003347,数字政府
DP_003038,数字政府
DP_000032,数字政府
DP_003697,数字政府
DP_004528,数字政府
DP_003699,数字政府
DP_004155,数字政府
DP_000017,数字政府
DP_003715,数字政府
DP_000018,数字政府
DP_003513,数字政府
DP_001199,数字政府
DP_001184,数字政府
DP_003784,数字政府
DP_004239,数字政府
DP_003549,数字政府
DP_004208,数字政府
DP_003185,数字政府
DP_005476,数字政府
DP_006645,数字政府
DP_001936,数字政府
DP_006667,数字政府
DP_003488,数字政府
DP_003858,数字政府
DP_000769,数字政府
DP_003481,数字政府
DP_003243,数字政府
DP_005118,数字政府
DP_003234,数字政府
DP_003202,数字政府
DP_003229,数字政府
DP_003351,数字政府
DP_003352,数字政府
DP_003350,数字政府
DP_003257,数字政府
DP_003239,数字政府
DP_004167,数字政府
DP_004168,数字政府
DP_000726,数字政府
DP_003290,数字政府
DP_000778,数字政府
DP_004889,数字政府
DP_003855,数字政府
DP_006410,数字政府
DP_004890,数字政府
DP_003246,数字政府
DP_004243,数字政府
DP_003838,数字政府
DP_003510,数字政府
DP_003535,数字政府
DP_000572,数字政府
DP_003273,数字政府
DP_001221,数字政府
DP_001223,数字政府
DP_003207,数字政府
DP_003201,数字政府
DP_001204,数字政府
DP_006559,数字政府
DP_006289,数字政府
DP_001210,数字政府
DP_001397,数字政府
DP_006620,数字政府
DP_003382,数字政府
DP_003180,数字政府
DP_003379,数字政府
DP_006103,数字政府
DP_003339,数字政府
DP_005004,数字政府
DP_001855,数字政府
DP_005183,数字政府
DP_001852,数字政府
DP_002992,数字政府
DP_000394,数字政府
DP_002858,数字政府
DP_004622,数字政府
DP_000775,数字政府
DP_000773,数字政府
DP_000645,数字政府
DP_003396,数字政府
DP_004627,数字政府
DP_004606,数字政府
DP_004546,数字政府
DP_004710,数字政府
DP_004551,数字政府
DP_004641,数字政府
DP_004667,数字政府
DP_004571,数字政府
DP_004567,数字政府
DP_004583,数字政府
DP_004619,数字政府
DP_004712,数字政府
DP_004659,数字政府
DP_000903,稻谷种植
DP_000908,稻谷种植
DP_001736,稻谷种植
DP_000891,稻谷种植
DP_000917,稻谷种植
DP_001018,稻谷种植
DP_000932,稻谷种植
DP_004191,稻谷种植
DP_000976,稻谷种植
DP_000973,稻谷种植
DP_000894,稻谷种植
DP_000925,稻谷种植
DP_004194,稻谷种植
DP_004224,稻谷种植
DP_003250,稻谷种植
DP_003208,稻谷种植
DP_001833,稻谷种植
DP_000212,稻谷种植
DP_003377,稻谷种植
DP_003413,稻谷种植
DP_001058,稻谷种植
DP_003398,稻谷种植
DP_000872,稻谷种植
DP_001054,稻谷种植
DP_001028,稻谷种植
DP_003367,稻谷种植
DP_001034,稻谷种植
DP_000965,稻谷种植
DP_000986,稻谷种植
DP_001001,稻谷种植
DP_001043,稻谷种植
DP_001730,稻谷种植
DP_001007,稻谷种植
DP_001029,稻谷种植
DP_000957,稻谷种植
DP_003375,稻谷种植
DP_000898,水资源管理
DP_000916,水资源管理
DP_001033,水资源管理
DP_000967,水资源管理
DP_000933,水资源管理
DP_001000,水资源管理
DP_000945,水资源管理
DP_000937,水资源管理
DP_000926,水资源管理
DP_003247,水资源管理
DP_003221,水资源管理
DP_003524,水资源管理
DP_003527,水资源管理
DP_003525,水资源管理
DP_003206,水资源管理
DP_003526,水资源管理
DP_003531,水资源管理
DP_001325,水资源管理
DP_003249,水资源管理
DP_003262,水资源管理
DP_003498,水资源管理
DP_001835,水资源管理
DP_001826,水资源管理
DP_003384,水资源管理
DP_003401,水资源管理
DP_000968,水资源管理
DP_001001,水资源管理
DP_004249,水资源管理
DP_000966,水资源管理
DP_000999,水资源管理
DP_003392,水资源管理
DP_003404,水资源管理
DP_003412,水资源管理
DP_003391,水资源管理
DP_003395,水资源管理
DP_000906,智慧农业
DP_000899,智慧农业
DP_000921,智慧农业
DP_000911,智慧农业
DP_001047,智慧农业
DP_000975,智慧农业
DP_000978,智慧农业
DP_004313,智慧农业
DP_001008,智慧农业
DP_000890,智慧农业
DP_004308,智慧农业
DP_001024,智慧农业
DP_001021,智慧农业
DP_000930,智慧农业
DP_000964,智慧农业
DP_000939,智慧农业
DP_000936,智慧农业
DP_000927,智慧农业
DP_000991,智慧农业
DP_001045,智慧农业
DP_001006,智慧农业
DP_000944,智慧农业
DP_000946,智慧农业
DP_000924,智慧农业
DP_003334,智慧农业
DP_000943,智慧农业
DP_003110,智慧农业
DP_000942,智慧农业
DP_003701,智慧农业
DP_000893,智慧农业
DP_003627,智慧农业
DP_003626,智慧农业
DP_003660,智慧农业
DP_000880,智慧农业
DP_004232,智慧农业
DP_004195,智慧农业
DP_004224,智慧农业
DP_004235,智慧农业
DP_004239,智慧农业
DP_001821,智慧农业
DP_000030,智慧农业
DP_000031,智慧农业
DP_000735,智慧农业
DP_000730,智慧农业
DP_000679,智慧农业
DP_000677,智慧农业
DP_001059,智慧农业
DP_006677,智慧农业
DP_003211,智慧农业
DP_003209,智慧农业
DP_003218,智慧农业
DP_003217,智慧农业
DP_003376,智慧农业
DP_003382,智慧农业
DP_000878,智慧农业
DP_001055,智慧农业
DP_000877,智慧农业
DP_003399,智慧农业
DP_000875,智慧农业
DP_000876,智慧农业
DP_000874,智慧农业
DP_001019,智慧农业
DP_003400,智慧农业
DP_000959,智慧农业
DP_000995,智慧农业
DP_000998,智慧农业
DP_000992,智慧农业
DP_001728,智慧农业
DP_001543,智慧农业
DP_000977,智慧农业
DP_000974,智慧农业
DP_001010,智慧农业
DP_001023,智慧农业
DP_000954,智慧农业
DP_000990,智慧农业
DP_001038,智慧农业
DP_003372,智慧农业
DP_003396,智慧农业
DP_003365,智慧农业
DP_002897,互联网零售
DP_002898,互联网零售
DP_002902,互联网零售
DP_002903,互联网零售
DP_002904,互联网零售
DP_002908,互联网零售
DP_003916,互联网零售
DP_001812,互联网零售
DP_006449,互联网零售
DP_000742,互联网零售
DP_002286,互联网零售
DP_001285,互联网零售
DP_006468,互联网零售
DP_006222,互联网零售
DP_001772,互联网零售
DP_002338,互联网零售
DP_002290,互联网零售
DP_001951,互联网零售
DP_001292,互联网零售
DP_001946,互联网零售
DP_003336,互联网零售
DP_001965,互联网零售
DP_002413,互联网零售
DP_002965,互联网零售
DP_002363,互联网零售
DP_002985,互联网零售
DP_002001,互联网零售
DP_001060,互联网零售
DP_001969,互联网零售
DP_001949,互联网零售
DP_001953,互联网零售
DP_001959,互联网零售
DP_002353,互联网零售
DP_002164,互联网零售
DP_001278,互联网零售
DP_002966,互联网零售
DP_003003,互联网零售
DP_003008,互联网零售
DP_002092,互联网零售
DP_002066,互联网零售
DP_001943,互联网零售
DP_001932,互联网零售
DP_002343,互联网零售
DP_002659,互联网零售
DP_002162,互联网零售
DP_000058,互联网零售
DP_002264,互联网零售
DP_003932,互联网零售
DP_001925,互联网零售
DP_003929,互联网零售
DP_001998,互联网零售
DP_002663,互联网零售
DP_001280,互联网零售
DP_001991,互联网零售
DP_001944,互联网零售
DP_002156,互联网零售
DP_001099,互联网零售
DP_002197,互联网零售
DP_002067,互联网零售
DP_003660,互联网零售
DP_002439,互联网零售
DP_001281,互联网零售
DP_002560,互联网零售
DP_002135,互联网零售
DP_004839,互联网零售
DP_002641,互联网零售
DP_002096,互联网零售
DP_002292,互联网零售
DP_002242,互联网零售
DP_001282,互联网零售
DP_001894,互联网零售
DP_002070,互联网零售
DP_002370,互联网零售
DP_001780,互联网零售
DP_001283,互联网零售
DP_002334,互联网零售
DP_002628,互联网零售
DP_002630,互联网零售
DP_002632,互联网零售
DP_003036,互联网零售
DP_002648,互联网零售
DP_002486,互联网零售
DP_002487,互联网零售
DP_001284,互联网零售
DP_001119,互联网零售
DP_002485,互联网零售
DP_002234,互联网零售
DP_002235,互联网零售
DP_004652,互联网零售
DP_002287,互联网零售
DP_004653,互联网零售
DP_002417,互联网零售
DP_002232,互联网零售
DP_001741,互联网零售
DP_002361,互联网零售
DP_002497,互联网零售
DP_002445,互联网零售
DP_002115,互联网零售
DP_002071,互联网零售
DP_002109,互联网零售
DP_001901,互联网零售
DP_002110,互联网零售
DP_001902,互联网零售
DP_001909,互联网零售
DP_002219,互联网零售
DP_002414,互联网零售
DP_002208,互联网零售
DP_002542,互联网零售
DP_002464,互联网零售
DP_004732,互联网零售
DP_002550,互联网零售
DP_006204,互联网零售
DP_002665,互联网零售
DP_002524,互联网零售
DP_002502,互联网零售
DP_002272,互联网零售
DP_004807,互联网零售
DP_002335,互联网零售
DP_002356,互联网零售
DP_001975,互联网零售
DP_002165,互联网零售
DP_001968,互联网零售
DP_001958,互联网零售
DP_002651,互联网零售
DP_002002,互联网零售
DP_002145,互联网零售
DP_001960,互联网零售
DP_001948,互联网零售
DP_005743,互联网零售
DP_001997,互联网零售
DP_002437,互联网零售
DP_002108,互联网零售
DP_005145,互联网零售
DP_005185,互联网零售
DP_005137,互联网零售
DP_002249,互联网零售
DP_001899,互联网零售
DP_003313,互联网零售
DP_002565,互联网零售
DP_001760,互联网零售
DP_002063,互联网零售
DP_002062,互联网零售
DP_000697,互联网零售
DP_005907,互联网零售
DP_005988,互联网零售
DP_006068,互联网零售
DP_006082,互联网零售
DP_005869,互联网零售
DP_005987,互联网零售
DP_006067,互联网零售
DP_005868,互联网零售
DP_002348,互联网零售
DP_005908,互联网零售
DP_003341,互联网零售
DP_005989,互联网零售
DP_006069,互联网零售
DP_005870,互联网零售
DP_001992,互联网零售
DP_002009,互联网零售
DP_001937,互联网零售
DP_001261,互联网零售
DP_002894,互联网零售
DP_002906,互联网零售
DP_003340,互联网零售
DP_002900,互联网零售
DP_002443,互联网零售
DP_001417,互联网零售
DP_002905,互联网零售
DP_002611,互联网零售
DP_002620,互联网零售
DP_000692,互联网零售
DP_002054,互联网零售
DP_000685,互联网零售
DP_002060,互联网零售
DP_001205,互联网零售
DP_002007,互联网零售
DP_002138,互联网零售
DP_002428,互联网零售
DP_002695,互联网零售
DP_002993,互联网零售
DP_002477,互联网零售
DP_001921,互联网零售
DP_003316,互联网零售
DP_006455,互联网零售
DP_002636,互联网零售
DP_006458,互联网零售
DP_002199,互联网零售
DP_000216,互联网零售
DP_002705,互联网零售
DP_006442,互联网零售
DP_000835,互联网零售
DP_004180,互联网零售
DP_001323,互联网零售
DP_004580,法律服务
DP_002946,法律服务
DP_002935,法律服务
DP_002928,法律服务
DP_003129,法律服务
DP_003132,法律服务
DP_001229,法律服务
DP_000199,法律服务
DP_000200,法律服务
DP_003125,法律服务
DP_004572,法律服务
DP_001074,法律服务
DP_004614,法律服务
DP_000364,法律服务
DP_001154,法律服务
DP_000432,法律服务
DP_003117,法律服务
DP_002355,法律服务
DP_002193,法律服务
DP_003024,法律服务
DP_000433,法律服务
DP_002288,法律服务
DP_005062,法律服务
DP_002095,法律服务
DP_001130,法律服务
DP_005125,法律服务
DP_001142,法律服务
DP_000251,法律服务
DP_004105,法律服务
DP_004060,法律服务
DP_004073,法律服务
DP_005057,法律服务
DP_004115,法律服务
DP_002364,法律服务
DP_005048,法律服务
DP_004037,法律服务
DP_005049,法律服务
DP_004082,法律服务
DP_004875,法律服务
DP_000174,法律服务
DP_004083,法律服务
DP_005131,法律服务
DP_005052,法律服务
DP_000161,法律服务
DP_004092,法律服务
DP_004038,法律服务
DP_000128,法律服务
DP_004039,法律服务
DP_000129,法律服务
DP_004106,法律服务
DP_004107,法律服务
DP_004040,法律服务
DP_005019,法律服务
DP_001071,法律服务
DP_000431,法律服务
DP_004729,法律服务
DP_000241,法律服务
DP_004041,法律服务
DP_000141,法律服务
DP_003977,法律服务
DP_003982,法律服务
DP_003981,法律服务
DP_003222,法律服务
DP_003197,法律服务
DP_004868,法律服务
DP_004869,法律服务
DP_001915,法律服务
DP_000358,法律服务
DP_004076,法律服务
DP_004130,法律服务
DP_000609,法律服务
DP_004016,法律服务
DP_004023,法律服务
DP_004508,法律服务
DP_003683,法律服务
DP_003711,法律服务
DP_003750,法律服务
DP_003260,法律服务
DP_003641,法律服务
DP_003224,法律服务
DP_005338,法律服务
DP_003578,法律服务
DP_003645,法律服务
DP_003646,法律服务
DP_003718,法律服务
DP_001984,法律服务
DP_000499,法律服务
DP_003242,法律服务
DP_004767,法律服务
DP_002753,法律服务
DP_003059,法律服务
DP_003187,法律服务
DP_003071,法律服务
DP_003521,法律服务
DP_003072,法律服务
DP_003073,法律服务
DP_003589,法律服务
DP_003076,法律服务
DP_005726,法律服务
DP_000846,法律服务
DP_001602,法律服务
DP_001808,法律服务
DP_000698,法律服务
DP_002938,法律服务
DP_002927,法律服务
DP_001523,法律服务
DP_000477,法律服务
DP_003439,法律服务
DP_001804,金融信息服务
DP_000650,金融信息服务
DP_002940,金融信息服务
DP_000657,金融信息服务
DP_002441,金融信息服务
DP_003104,金融信息服务
DP_000656,金融信息服务
DP_000651,金融信息服务
DP_002915,金融信息服务
DP_000664,金融信息服务
DP_001954,金融信息服务
DP_000662,金融信息服务
DP_003049,金融信息服务
DP_004574,金融信息服务
DP_003046,金融信息服务
DP_004649,金融信息服务
DP_003144,金融信息服务
DP_001115,金融信息服务
DP_004572,金融信息服务
DP_003157,金融信息服务
DP_000563,金融信息服务
DP_003616,金融信息服务
DP_005085,金融信息服务
DP_003926,金融信息服务
DP_004605,金融信息服务
DP_004607,金融信息服务
DP_005066,金融信息服务
DP_000143,金融信息服务
DP_005247,金融信息服务
DP_001070,金融信息服务
DP_003025,金融信息服务
DP_000131,金融信息服务
DP_003582,金融信息服务
DP_000172,金融信息服务
DP_001979,金融信息服务
DP_000155,金融信息服务
DP_000110,金融信息服务
DP_003720,金融信息服务
DP_004778,金融信息服务
DP_004672,金融信息服务
DP_002067,金融信息服务
DP_000123,金融信息服务
DP_000101,金融信息服务
DP_003140,金融信息服务
DP_004618,金融信息服务
DP_005121,金融信息服务
DP_005063,金融信息服务
DP_004664,金融信息服务
DP_000140,金融信息服务
DP_003703,金融信息服务
DP_003704,金融信息服务
DP_003716,金融信息服务
DP_001114,金融信息服务
DP_003624,金融信息服务
DP_001130,金融信息服务
DP_005111,金融信息服务
DP_000062,金融信息服务
DP_001142,金融信息服务
DP_000120,金融信息服务
DP_006169,金融信息服务
DP_001131,金融信息服务
DP_003137,金融信息服务
DP_004762,金融信息服务
DP_002365,金融信息服务
DP_005060,金融信息服务
DP_000247,金融信息服务
DP_000113,金融信息服务
DP_000315,金融信息服务
DP_000115,金融信息服务
DP_001127,金融信息服务
DP_001128,金融信息服务
DP_003017,金融信息服务
DP_000102,金融信息服务
DP_003965,金融信息服务
DP_000122,金融信息服务
DP_000246,金融信息服务
DP_001120,金融信息服务
DP_003037,金融信息服务
DP_000093,金融信息服务
DP_005054,金融信息服务
DP_005049,金融信息服务
DP_000174,金融信息服务
DP_006303,金融信息服务
DP_000154,金融信息服务
DP_005131,金融信息服务
DP_005052,金融信息服务
DP_003958,金融信息服务
DP_000153,金融信息服务
DP_000160,金融信息服务
DP_004118,金融信息服务
DP_000264,金融信息服务
DP_003953,金融信息服务
DP_003950,金融信息服务
DP_005098,金融信息服务
DP_004097,金融信息服务
DP_005099,金融信息服务
DP_005376,金融信息服务
DP_000166,金融信息服务
DP_000162,金融信息服务
DP_000179,金融信息服务
DP_001071,金融信息服务
DP_003946,金融信息服务
DP_000164,金融信息服务
DP_001092,金融信息服务
DP_000091,金融信息服务
DP_000431,金融信息服务
DP_004730,金融信息服务
DP_003989,金融信息服务
DP_000541,金融信息服务
DP_000136,金融信息服务
DP_001160,金融信息服务
DP_003454,金融信息服务
DP_005179,金融信息服务
DP_006183,金融信息服务
DP_000595,金融信息服务
DP_003559,金融信息服务
DP_004808,金融信息服务
DP_006296,金融信息服务
DP_003976,金融信息服务
DP_006297,金融信息服务
DP_003647,金融信息服务
DP_000478,金融信息服务
DP_003979,金融信息服务
DP_005284,金融信息服务
DP_001674,金融信息服务
DP_000869,金融信息服务
DP_002881,金融信息服务
DP_003568,金融信息服务
DP_000868,金融信息服务
DP_006525,金融信息服务
DP_000567,金融信息服务
DP_000502,金融信息服务
DP_002058,金融信息服务
DP_003706,金融信息服务
DP_002884,金融信息服务
DP_004849,金融信息服务
DP_003733,金融信息服务
DP_005421,金融信息服务
DP_004847,金融信息服务
DP_005172,金融信息服务
DP_006259,金融信息服务
DP_004863,金融信息服务
DP_006590,金融信息服务
DP_003684,金融信息服务
DP_004869,金融信息服务
DP_003747,金融信息服务
DP_003580,金融信息服务
DP_004723,金融信息服务
DP_002241,金融信息服务
DP_004138,金融信息服务
DP_005831,金融信息服务
DP_004137,金融信息服务
DP_004794,金融信息服务
DP_006380,金融信息服务
DP_003764,金融信息服务
DP_000500,金融信息服务
DP_006621,金融信息服务
DP_005405,金融信息服务
DP_005418,金融信息服务
DP_004508,金融信息服务
DP_004026,金融信息服务
DP_003677,金融信息服务
DP_003678,金融信息服务
DP_004748,金融信息服务
DP_003517,金融信息服务
DP_003711,金融信息服务
DP_004860,金融信息服务
DP_005725,金融信息服务
DP_003750,金融信息服务
DP_004759,金融信息服务
DP_005790,金融信息服务
DP_005806,金融信息服务
DP_006011,金融信息服务
DP_003579,金融信息服务
DP_006351,金融信息服务
DP_000581,金融信息服务
DP_005341,金融信息服务
DP_005248,金融信息服务
DP_000583,金融信息服务
DP_003731,金融信息服务
DP_003772,金融信息服务
DP_002786,金融信息服务
DP_005178,金融信息服务
DP_003743,金融信息服务
DP_002791,金融信息服务
DP_001971,金融信息服务
DP_003768,金融信息服务
DP_004128,金融信息服务
DP_002775,金融信息服务
DP_006390,金融信息服务
DP_003886,金融信息服务
DP_002800,金融信息服务
DP_000367,金融信息服务
DP_001256,金融信息服务
DP_003692,金融信息服务
DP_002801,金融信息服务
DP_002797,金融信息服务
DP_001324,金融信息服务
DP_002824,金融信息服务
DP_004747,金融信息服务
DP_003060,金融信息服务
DP_001398,金融信息服务
DP_001397,金融信息服务
DP_000574,金融信息服务
DP_000734,金融信息服务
DP_001773,金融信息服务
DP_006383,金融信息服务
DP_001525,金融信息服务
DP_006594,金融信息服务
DP_000449,金融信息服务
DP_003071,金融信息服务
DP_004460,金融信息服务
DP_005727,金融信息服务
DP_002662,金融信息服务
DP_003589,金融信息服务
DP_006396,金融信息服务
DP_000589,金融信息服务
DP_003080,金融信息服务
DP_001582,金融信息服务
DP_002842,金融信息服务
DP_002218,金融信息服务
DP_003096,金融信息服务
DP_002215,金融信息服务
DP_002213,金融信息服务
DP_002212,金融信息服务
DP_003069,金融信息服务
DP_003320,金融信息服务
DP_002210,金融信息服务
DP_004882,金融信息服务
DP_002223,金融信息服务
DP_003445,金融信息服务
DP_004880,金融信息服务
DP_002217,金融信息服务
DP_002214,金融信息服务
DP_004884,金融信息服务
DP_002227,金融信息服务
DP_001806,金融信息服务
DP_002932,金融信息服务
DP_002228,金融信息服务
DP_002938,金融信息服务
DP_002943,金融信息服务
DP_002618,金融信息服务
DP_001497,金融信息服务
DP_002608,金融信息服务
DP_001297,金融信息服务
DP_004571,金融信息服务
DP_000902,农业科学研究和试验发展
DP_001005,农业科学研究和试验发展
DP_000913,农业科学研究和试验发展
DP_003336,农业科学研究和试验发展
DP_003338,农业科学研究和试验发展
DP_001033,农业科学研究和试验发展
DP_000896,农业科学研究和试验发展
DP_000958,农业科学研究和试验发展
DP_004191,农业科学研究和试验发展
DP_001042,农业科学研究和试验发展
DP_000947,农业科学研究和试验发展
DP_000929,农业科学研究和试验发展
DP_000918,农业科学研究和试验发展
DP_000884,农业科学研究和试验发展
DP_000881,农业科学研究和试验发展
DP_004231,农业科学研究和试验发展
DP_004235,农业科学研究和试验发展
DP_004236,农业科学研究和试验发展
DP_004202,农业科学研究和试验发展
DP_004217,农业科学研究和试验发展
DP_004208,农业科学研究和试验发展
DP_004201,农业科学研究和试验发展
DP_004199,农业科学研究和试验发展
DP_004214,农业科学研究和试验发展
DP_004221,农业科学研究和试验发展
DP_004219,农业科学研究和试验发展
DP_004226,农业科学研究和试验发展
DP_001052,农业科学研究和试验发展
DP_001051,农业科学研究和试验发展
DP_004247,农业科学研究和试验发展
DP_001040,农业科学研究和试验发展
DP_000971,农业科学研究和试验发展
DP_003393,农业科学研究和试验发展
DP_000902,环境与生态监测检测服务
DP_000900,环境与生态监测检测服务
DP_000909,环境与生态监测检测服务
DP_001002,环境与生态监测检测服务
DP_004905,环境与生态监测检测服务
DP_004910,环境与生态监测检测服务
DP_000918,环境与生态监测检测服务
DP_000032,环境与生态监测检测服务
DP_001825,环境与生态监测检测服务
DP_004320,环境与生态监测检测服务
DP_001056,环境与生态监测检测服务
DP_001057,环境与生态监测检测服务
DP_003367,环境与生态监测检测服务
DP_003389,环境与生态监测检测服务
DP_004246,环境与生态监测检测服务
DP_004251,环境与生态监测检测服务
DP_003404,环境与生态监测检测服务
DP_003393,环境与生态监测检测服务
DP_003394,环境与生态监测检测服务
DP_003371,环境与生态监测检测服务
DP_003374,环境与生态监测检测服务
DP_003365,环境与生态监测检测服务
DP_002946,货币银行服务
DP_006467,货币银行服务
DP_006023,货币银行服务
DP_001288,货币银行服务
DP_001291,货币银行服务
DP_005368,货币银行服务
DP_000709,货币银行服务
DP_003156,货币银行服务
DP_003899,货币银行服务
DP_001154,货币银行服务
DP_003598,货币银行服务
DP_001302,货币银行服务
DP_003906,货币银行服务
DP_004620,货币银行服务
DP_000035,货币银行服务
DP_004893,货币银行服务
DP_004894,货币银行服务
DP_004891,货币银行服务
DP_000620,货币银行服务
DP_003769,货币银行服务
DP_000617,货币银行服务
DP_000618,货币银行服务
DP_002994,货币银行服务
DP_005057,货币银行服务
DP_000680,货币银行服务
DP_001185,货币银行服务
DP_006075,货币银行服务
DP_003828,货币银行服务
DP_003825,货币银行服务
DP_004262,货币银行服务
DP_000869,货币银行服务
DP_003297,货币银行服务
DP_003859,货币银行服务
DP_001677,货币银行服务
DP_003874,货币银行服务
DP_003861,货币银行服务
DP_005144,货币银行服务
DP_003870,货币银行服务
DP_001310,货币银行服务
DP_001298,货币银行服务
DP_001915,货币银行服务
DP_003357,货币银行服务
DP_001473,货币银行服务
DP_001472,货币银行服务
DP_006290,货币银行服务
DP_000715,货币银行服务
DP_004735,货币银行服务
DP_003884,货币银行服务
DP_002831,货币银行服务
DP_003837,货币银行服务
DP_004352,货币银行服务
DP_003360,货币银行服务
DP_000669,货币银行服务
DP_006000,货币银行服务
DP_005808,货币银行服务
DP_006013,货币银行服务
DP_003429,货币银行服务
DP_001463,货币银行服务
DP_003078,货币银行服务
DP_005469,货币银行服务
DP_006566,货币银行服务
DP_001525,货币银行服务
DP_003472,货币银行服务
DP_003066,货币银行服务
DP_006101,货币银行服务
DP_002239,货币银行服务
DP_006535,货币银行服务
DP_004385,货币银行服务
DP_006661,货币银行服务
DP_006662,货币银行服务
DP_001225,货币银行服务
DP_005726,货币银行服务
DP_000870,货币银行服务
DP_001590,货币银行服务
DP_001716,货币银行服务
DP_000667,货币银行服务
DP_003356,货币银行服务
DP_003441,货币银行服务
DP_003439,货币银行服务
DP_005620,医疗诊断、监护及治疗设备制造
DP_005486,医疗诊断、监护及治疗设备制造
DP_005505,医疗诊断、监护及治疗设备制造
DP_005527,医疗诊断、监护及治疗设备制造
DP_005499,医疗诊断、监护及治疗设备制造
DP_005512,医疗诊断、监护及治疗设备制造
DP_005515,医疗诊断、监护及治疗设备制造
DP_005528,医疗诊断、监护及治疗设备制造
DP_005517,医疗诊断、监护及治疗设备制造
DP_005532,医疗诊断、监护及治疗设备制造
DP_005608,医疗诊断、监护及治疗设备制造
DP_005529,医疗诊断、监护及治疗设备制造
DP_005541,医疗诊断、监护及治疗设备制造
DP_005523,医疗诊断、监护及治疗设备制造
DP_005540,医疗诊断、监护及治疗设备制造
DP_003553,医疗诊断、监护及治疗设备制造
DP_005557,医疗诊断、监护及治疗设备制造
DP_001645,医疗诊断、监护及治疗设备制造
DP_005518,医疗诊断、监护及治疗设备制造
DP_004969,医疗诊断、监护及治疗设备制造
DP_005531,医疗诊断、监护及治疗设备制造
DP_005533,医疗诊断、监护及治疗设备制造
DP_005508,医疗诊断、监护及治疗设备制造
DP_005627,医疗诊断、监护及治疗设备制造
DP_005623,医疗诊断、监护及治疗设备制造
DP_005526,医疗诊断、监护及治疗设备制造
DP_005504,医疗诊断、监护及治疗设备制造
DP_005511,医疗诊断、监护及治疗设备制造
DP_000901,数字化设施种植
DP_000919,数字化设施种植
DP_000910,数字化设施种植
DP_000907,数字化设施种植
DP_000922,数字化设施种植
DP_000879,数字化设施种植
DP_000889,数字化设施种植
DP_000997,数字化设施种植
DP_001003,数字化设施种植
DP_000940,数字化设施种植
DP_000883,数字化设施种植
DP_001838,数字化设施种植
DP_001050,数字化设施种植
DP_001642,数字化设施种植
DP_001031,数字化设施种植
DP_004246,数字化设施种植
DP_001017,数字化设施种植
DP_004690,其他数字技术应用业
DP_003566,其他数字技术应用业
DP_004591,其他数字技术应用业
DP_003632,其他数字技术应用业
DP_003723,其他数字技术应用业
DP_006667,其他数字技术应用业
DP_003506,其他数字技术应用业
DP_004641,其他数字技术应用业
DP_005516,医疗仪器设备及器械制造
DP_005633,医疗仪器设备及器械制造
DP_005494,医疗仪器设备及器械制造
DP_003557,医疗仪器设备及器械制造
DP_005637,医疗仪器设备及器械制造
DP_005671,医疗仪器设备及器械制造
DP_005535,医疗仪器设备及器械制造
DP_005516,广告业
DP_003127,广告业
DP_000200,广告业
DP_003512,广告业
DP_001086,广告业
DP_000040,广告业
DP_006658,广告业
DP_003974,广告业
DP_003785,广告业
DP_000375,广告业
DP_000376,广告业
DP_002909,广告业
DP_003230,广告业
DP_001723,广告业
DP_000779,广告业
DP_003423,广告业
DP_001854,广告业
DP_003508,广告业
DP_003509,广告业
DP_003506,广告业
DP_000721,广告业
DP_004152,广告业
DP_004153,广告业
DP_004325,化学原料制造
DP_004325,电池制造
DP_000687,电池制造
DP_002901,数字化零售
DP_003916,数字化零售
DP_000743,数字化零售
DP_002177,数字化零售
DP_006462,数字化零售
DP_006469,数字化零售
DP_003904,数字化零售
DP_006470,数字化零售
DP_006436,数字化零售
DP_006463,数字化零售
DP_006422,数字化零售
DP_006454,数字化零售
DP_006647,数字化零售
DP_005129,数字化零售
DP_003585,数字化零售
DP_002504,数字化零售
DP_006516,数字化零售
DP_002166,数字化零售
DP_001279,数字化零售
DP_002699,数字化零售
DP_002480,数字化零售
DP_003897,数字化零售
DP_002000,数字化零售
DP_000666,数字化零售
DP_003898,数字化零售
DP_002278,数字化零售
DP_002421,数字化零售
DP_001892,数字化零售
DP_003902,数字化零售
DP_006522,数字化零售
DP_002621,数字化零售
DP_002629,数字化零售
DP_003036,数字化零售
DP_001085,数字化零售
DP_001134,数字化零售
DP_001199,数字化零售
DP_005417,数字化零售
DP_002090,数字化零售
DP_006205,数字化零售
DP_002646,数字化零售
DP_000061,数字化零售
DP_006544,数字化零售
DP_003430,数字化零售
DP_005897,数字化零售
DP_004765,数字化零售
DP_006432,数字化零售
DP_006644,数字化零售
DP_002133,数字化零售
DP_002318,数字化零售
DP_005454,数字化零售
DP_005856,数字化零售
DP_003253,数字化零售
DP_003175,数字化零售
DP_003350,数字化零售
DP_004167,数字化零售
DP_005906,数字化零售
DP_006484,数字化零售
DP_001244,数字化零售
DP_003275,数字化零售
DP_006339,数字化零售
DP_003280,数字化零售
DP_002817,数字化零售
DP_003277,数字化零售
DP_006519,数字化零售
DP_006310,数字化零售
DP_002856,数字化零售
DP_003273,数字化零售
DP_004371,数字化零售
DP_006580,数字化零售
DP_004162,数字化零售
DP_003283,数字化零售
DP_004393,数字化零售
DP_006314,数字化零售
DP_001201,数字化零售
DP_001950,数字化零售
DP_001956,数字化零售
DP_006485,数字化零售
DP_006294,数字化零售
DP_006565,数字化零售
DP_000085,数字化零售
DP_006102,数字化零售
DP_002857,数字化零售
DP_001650,数字化零售
DP_005713,数字化零售
DP_000045,数字化零售
DP_001855,数字化零售
DP_001852,数字化零售
DP_000235,数字化零售
DP_002950,数字化零售
DP_002858,数字化零售
DP_006459,数字化零售
DP_002419,数字化零售
DP_006461,数字化零售
DP_006435,数字化零售
DP_006437,数字化零售
DP_006438,数字化零售
DP_006440,数字化零售
DP_006441,数字化零售
DP_006445,数字化零售
DP_006447,数字化零售
DP_004566,数字技术研究和试验发展
DP_002922,数字技术研究和试验发展
DP_002923,数字技术研究和试验发展
DP_003565,数字技术研究和试验发展
DP_003746,数字技术研究和试验发展
DP_003651,数字技术研究和试验发展
DP_004675,数字技术研究和试验发展
DP_002985,数字技术研究和试验发展
DP_002966,数字技术研究和试验发展
DP_003609,数字技术研究和试验发展
DP_003003,数字技术研究和试验发展
DP_003008,数字技术研究和试验发展
DP_004636,数字技术研究和试验发展
DP_004558,数字技术研究和试验发展
DP_004617,数字技术研究和试验发展
DP_003723,数字技术研究和试验发展
DP_003173,数字技术研究和试验发展
DP_001824,数字技术研究和试验发展
DP_000523,数字技术研究和试验发展
DP_000520,数字技术研究和试验发展
DP_003016,数字技术研究和试验发展
DP_003058,数字技术研究和试验发展
DP_003513,数字技术研究和试验发展
DP_004239,数字技术研究和试验发展
DP_001068,数字技术研究和试验发展
DP_001910,数字技术研究和试验发展
DP_004127,数字技术研究和试验发展
DP_004742,数字技术研究和试验发展
DP_004739,数字技术研究和试验发展
DP_003994,数字技术研究和试验发展
DP_004516,数字技术研究和试验发展
DP_003577,数字技术研究和试验发展
DP_004243,数字技术研究和试验发展
DP_003537,数字技术研究和试验发展
DP_003538,数字技术研究和试验发展
DP_006079,数字技术研究和试验发展
DP_003819,数字技术研究和试验发展
DP_003199,数字技术研究和试验发展
DP_000287,数字技术研究和试验发展
DP_005734,数字技术研究和试验发展
DP_002820,数字技术研究和试验发展
DP_000193,数字技术研究和试验发展
DP_001503,数字技术研究和试验发展
DP_001505,数字技术研究和试验发展
DP_004593,数字技术研究和试验发展
DP_004638,数字技术研究和试验发展
DP_004631,数字技术研究和试验发展
DP_004578,数字技术研究和试验发展
DP_004535,数字技术研究和试验发展
DP_004569,数字技术研究和试验发展
DP_004322,智能化电力、热力、燃气及水生产和供应
DP_000985,智能化电力、热力、燃气及水生产和供应
DP_003115,智能化电力、热力、燃气及水生产和供应
DP_000020,智能化电力、热力、燃气及水生产和供应
DP_003551,智能化电力、热力、燃气及水生产和供应
DP_003208,智能化电力、热力、燃气及水生产和供应
DP_003457,智能化电力、热力、燃气及水生产和供应
DP_003455,智能化电力、热力、燃气及水生产和供应
DP_004243,智能化电力、热力、燃气及水生产和供应
DP_005680,智能化电力、热力、燃气及水生产和供应
DP_003555,智能化电力、热力、燃气及水生产和供应
DP_003924,智能化电力、热力、燃气及水生产和供应
DP_004264,智能化电力、热力、燃气及水生产和供应
DP_006088,智能化电力、热力、燃气及水生产和供应
DP_004265,智能化电力、热力、燃气及水生产和供应
DP_004297,智能化电力、热力、燃气及水生产和供应
DP_004266,智能化电力、热力、燃气及水生产和供应
DP_004295,智能化电力、热力、燃气及水生产和供应
DP_003382,智能化电力、热力、燃气及水生产和供应
DP_002859,智能化电力、热力、燃气及水生产和供应
DP_003426,智能化电力、热力、燃气及水生产和供应
DP_001654,智能化电力、热力、燃气及水生产和供应
DP_003400,智能化电力、热力、燃气及水生产和供应
DP_003385,智能化电力、热力、燃气及水生产和供应
DP_004365,智能化电力、热力、燃气及水生产和供应
DP_004169,智能化电力、热力、燃气及水生产和供应
DP_000989,智能化电力、热力、燃气及水生产和供应
DP_004298,智能化电力、热力、燃气及水生产和供应
DP_001049,智能化电力、热力、燃气及水生产和供应
DP_004366,智能化电力、热力、燃气及水生产和供应
DP_004942,智能化电力、热力、燃气及水生产和供应
DP_004943,智能化电力、热力、燃气及水生产和供应
DP_003354,智能化电力、热力、燃气及水生产和供应
DP_003355,智能化电力、热力、燃气及水生产和供应
DP_004565,行政办公自动化
DP_001287,行政办公自动化
DP_003109,行政办公自动化
DP_001175,行政办公自动化
DP_001167,行政办公自动化
DP_003111,行政办公自动化
DP_003928,行政办公自动化
DP_002995,行政办公自动化
DP_005026,行政办公自动化
DP_001780,行政办公自动化
DP_000016,行政办公自动化
DP_000042,行政办公自动化
DP_004102,行政办公自动化
DP_004065,行政办公自动化
DP_004103,行政办公自动化
DP_003299,行政办公自动化
DP_002543,行政办公自动化
DP_005204,行政办公自动化
DP_003748,行政办公自动化
DP_003259,行政办公自动化
DP_005133,行政办公自动化
DP_000213,行政办公自动化
DP_003233,行政办公自动化
DP_003255,行政办公自动化
DP_003710,行政办公自动化
DP_004504,行政办公自动化
DP_000786,行政办公自动化
DP_003831,行政办公自动化
DP_003836,行政办公自动化
DP_003718,行政办公自动化
DP_001330,行政办公自动化
DP_001462,行政办公自动化
DP_000782,行政办公自动化
DP_001211,行政办公自动化
DP_000781,行政办公自动化
DP_000783,行政办公自动化
DP_001214,行政办公自动化
DP_003242,行政办公自动化
DP_003186,行政办公自动化
DP_003292,行政办公自动化
DP_001567,行政办公自动化
DP_000844,行政办公自动化
DP_000847,行政办公自动化
DP_000845,行政办公自动化
DP_002989,行政办公自动化
DP_003096,行政办公自动化
DP_003068,行政办公自动化
DP_002847,行政办公自动化
DP_004878,行政办公自动化
DP_001715,行政办公自动化
DP_001323,行政办公自动化
DP_004638,行政办公自动化
DP_000693,智能道路运输
DP_002237,智能道路运输
DP_002176,智能道路运输
DP_001608,智能道路运输
DP_005157,智能道路运输
DP_001611,智能道路运输
DP_002433,智能道路运输
DP_005158,智能道路运输
DP_002435,智能道路运输
DP_005160,智能道路运输
DP_001632,智能道路运输
DP_002559,智能道路运输
DP_001631,智能道路运输
DP_002401,智能道路运输
DP_001534,智能道路运输
DP_005188,智能道路运输
DP_001626,智能道路运输
DP_005190,智能道路运输
DP_002639,智能道路运输
DP_001629,智能道路运输
DP_000073,智能道路运输
DP_005191,智能道路运输
DP_001540,智能道路运输
DP_001919,智能道路运输
DP_000074,智能道路运输
DP_005192,智能道路运输
DP_001536,智能道路运输
DP_001917,智能道路运输
DP_005199,智能道路运输
DP_001533,智能道路运输
DP_001539,智能道路运输
DP_000917,智能道路运输
DP_005198,智能道路运输
DP_001535,智能道路运输
DP_001485,智能道路运输
DP_002102,智能道路运输
DP_001514,智能道路运输
DP_002322,智能道路运输
DP_002323,智能道路运输
DP_001528,智能道路运输
DP_002324,智能道路运输
DP_001532,智能道路运输
DP_002549,智能道路运输
DP_002475,智能道路运输
DP_004927,智能道路运输
DP_001537,智能道路运输
DP_001601,智能道路运输
DP_002174,智能道路运输
DP_001607,智能道路运输
DP_002426,智能道路运输
DP_004919,智能道路运输
DP_002265,智能道路运输
DP_004909,智能道路运输
DP_002268,智能道路运输
DP_004920,智能道路运输
DP_004907,智能道路运输
DP_002180,智能道路运输
DP_000081,智能道路运输
DP_002178,智能道路运输
DP_000080,智能道路运输
DP_002325,智能道路运输
DP_004904,智能道路运输
DP_002132,智能道路运输
DP_002473,智能道路运输
DP_002474,智能道路运输
DP_002479,智能道路运输
DP_002136,智能道路运输
DP_002202,智能道路运输
DP_004906,智能道路运输
DP_002480,智能道路运输
DP_002251,智能道路运输
DP_002252,智能道路运输
DP_002149,智能道路运输
DP_002557,智能道路运输
DP_002150,智能道路运输
DP_004911,智能道路运输
DP_004910,智能道路运输
DP_002153,智能道路运输
DP_002297,智能道路运输
DP_002154,智能道路运输
DP_000940,智能道路运输
DP_002298,智能道路运输
DP_002299,智能道路运输
DP_002196,智能道路运输
DP_002303,智能道路运输
DP_002285,智能道路运输
DP_002703,智能道路运输
DP_001197,智能道路运输
DP_002171,智能道路运输
DP_000883,智能道路运输
DP_002352,智能道路运输
DP_001893,智能道路运输
DP_002454,智能道路运输
DP_001926,智能道路运输
DP_002422,智能道路运输
DP_000010,智能道路运输
DP_002693,智能道路运输
DP_000014,智能道路运输
DP_002425,智能道路运输
DP_000015,智能道路运输
DP_003969,智能道路运输
DP_000018,智能道路运输
DP_003971,智能道路运输
DP_003972,智能道路运输
DP_002075,智能道路运输
DP_002076,智能道路运输
DP_004687,智能道路运输
DP_002459,智能道路运输
DP_001199,智能道路运输
DP_002434,智能道路运输
DP_001888,智能道路运输
DP_002137,智能道路运输
DP_005859,智能道路运输
DP_002489,智能道路运输
DP_006097,智能道路运输
DP_002412,智能道路运输
DP_001942,智能道路运输
DP_003536,智能道路运输
DP_001379,智能道路运输
DP_001383,智能道路运输
DP_001382,智能道路运输
DP_001380,智能道路运输
DP_002910,智能道路运输
DP_003295,智能道路运输
DP_003501,智能道路运输
DP_005141,智能道路运输
DP_003296,智能道路运输
DP_005142,智能道路运输
DP_005151,智能道路运输
DP_005169,智能道路运输
DP_002889,智能道路运输
DP_002887,智能道路运输
DP_002500,智能道路运输
DP_000726,智能道路运输
DP_001351,智能道路运输
DP_004928,智能道路运输
DP_003294,智能道路运输
DP_005163,智能道路运输
DP_002005,智能道路运输
DP_001375,智能道路运输
DP_002534,智能道路运输
DP_001376,智能道路运输
DP_002683,智能道路运输
DP_002694,智能道路运输
DP_001358,智能道路运输
DP_001343,智能道路运输
DP_001340,智能道路运输
DP_002676,智能道路运输
DP_001362,智能道路运输
DP_002696,智能道路运输
DP_001333,智能道路运输
DP_002685,智能道路运输
DP_001360,智能道路运输
DP_002675,智能道路运输
DP_002692,智能道路运输
DP_002688,智能道路运输
DP_002687,智能道路运输
DP_001331,智能道路运输
DP_001342,智能道路运输
DP_001341,智能道路运输
DP_001350,智能道路运输
DP_004374,智能道路运输
DP_002677,智能道路运输
DP_002691,智能道路运输
DP_002038,智能道路运输
DP_002432,智能道路运输
DP_002032,智能道路运输
DP_001355,智能道路运输
DP_002046,智能道路运输
DP_002045,智能道路运输
DP_002044,智能道路运输
DP_003467,智能道路运输
DP_002036,智能道路运输
DP_001344,智能道路运输
DP_002034,智能道路运输
DP_002509,智能道路运输
DP_003384,智能道路运输
DP_001213,智能道路运输
DP_003377,智能道路运输
DP_001338,智能道路运输
DP_001220,智能道路运输
DP_001207,智能道路运输
DP_001218,智能道路运输
DP_001348,智能道路运输
DP_003382,智能道路运输
DP_005674,智能道路运输
DP_002255,智能道路运输
DP_005676,智能道路运输
DP_005677,智能道路运输
DP_002652,智能道路运输
DP_003179,智能道路运输
DP_001771,智能道路运输
DP_003345,智能道路运输
DP_004407,智能道路运输
DP_003426,智能道路运输
DP_001939,智能道路运输
DP_005155,智能道路运输
DP_000772,智能道路运输
DP_002660,智能道路运输
DP_004998,智能道路运输
DP_005001,智能道路运输
DP_005003,智能道路运输
DP_003385,智能道路运输
DP_004997,智能道路运输
DP_002529,智能道路运输
DP_004999,智能道路运输
DP_004171,智能道路运输
DP_005002,智能道路运输
DP_005153,智能道路运输
DP_004382,智能道路运输
DP_002204,智能道路运输
DP_002048,智能道路运输
DP_005475,智能道路运输
DP_002400,智能道路运输
DP_002562,智能道路运输
DP_002158,智能道路运输
DP_002563,智能道路运输
DP_002319,智能道路运输
DP_002989,智能道路运输
DP_002321,智能道路运输
DP_002546,智能道路运输
DP_002547,智能道路运输
DP_005164,智能道路运输
DP_002638,智能道路运输
DP_001918,智能道路运输
DP_001916,智能道路运输
DP_002337,智能道路运输
DP_002634,智能道路运输
DP_002635,智能道路运输
DP_005168,智能道路运输
DP_000705,智能道路运输
DP_000755,智能道路运输
DP_002420,智能道路运输
DP_000703,智能道路运输
DP_002205,智能道路运输
DP_002402,智能道路运输
DP_002291,智能道路运输
DP_003366,智能道路运输
DP_002103,智能道路运输
DP_005154,智能道路运输
DP_005150,智能道路运输
DP_005146,智能道路运输
DP_003371,智能道路运输
DP_000862,智能道路运输
DP_005622,医药及医疗器材批发
DP_005621,医药及医疗器材批发
DP_005599,医药及医疗器材批发
DP_005651,医药及医疗器材批发
DP_005626,医药及医疗器材批发
DP_005530,医药及医疗器材批发
DP_005602,医药及医疗器材批发
DP_005652,医药及医疗器材批发
DP_005493,医药及医疗器材批发
DP_005629,医药及医疗器材批发
DP_005536,医药及医疗器材批发
DP_005562,医药及医疗器材批发
DP_005540,医药及医疗器材批发
DP_005506,医药及医疗器材批发
DP_005655,医药及医疗器材批发
DP_005495,医药及医疗器材批发
DP_005584,医药及医疗器材批发
DP_005649,医药及医疗器材批发
DP_000142,医药及医疗器材批发
DP_005564,医药及医疗器材批发
DP_005593,医药及医疗器材批发
DP_005556,医药及医疗器材批发
DP_005582,医药及医疗器材批发
DP_003848,医药及医疗器材批发
DP_001575,医药及医疗器材批发
DP_001487,医药及医疗器材批发
DP_001592,医药及医疗器材批发
DP_001593,医药及医疗器材批发
DP_001594,医药及医疗器材批发
DP_001576,医药及医疗器材批发
DP_001527,医药及医疗器材批发
DP_001524,医药及医疗器材批发
DP_001495,医药及医疗器材批发
DP_001488,医药及医疗器材批发
DP_001545,医药及医疗器材批发
DP_001547,医药及医疗器材批发
DP_001548,医药及医疗器材批发
DP_001550,医药及医疗器材批发
DP_001623,医药及医疗器材批发
DP_001624,医药及医疗器材批发
DP_001625,医药及医疗器材批发
DP_001544,医药及医疗器材批发
DP_001492,医药及医疗器材批发
DP_001552,医药及医疗器材批发
DP_001551,医药及医疗器材批发
DP_004960,医药及医疗器材批发
DP_005509,医药及医疗器材批发
DP_002939,数字资本市场服务
DP_002918,数字资本市场服务
DP_003062,数字资本市场服务
DP_001811,数字资本市场服务
DP_002942,数字资本市场服务
DP_000643,数字资本市场服务
DP_000656,数字资本市场服务
DP_002914,数字资本市场服务
DP_002944,数字资本市场服务
DP_001792,数字资本市场服务
DP_002917,数字资本市场服务
DP_005314,数字资本市场服务
DP_002977,数字资本市场服务
DP_000068,数字资本市场服务
DP_003773,数字资本市场服务
DP_004186,数字资本市场服务
DP_004556,数字资本市场服务
DP_004530,数字资本市场服务
DP_003777,数字资本市场服务
DP_001126,数字资本市场服务
DP_003567,数字资本市场服务
DP_006371,数字资本市场服务
DP_000050,数字资本市场服务
DP_000331,数字资本市场服务
DP_005946,数字资本市场服务
DP_000564,数字资本市场服务
DP_003742,数字资本市场服务
DP_003020,数字资本市场服务
DP_000561,数字资本市场服务
DP_003019,数字资本市场服务
DP_003023,数字资本市场服务
DP_005271,数字资本市场服务
DP_003616,数字资本市场服务
DP_000559,数字资本市场服务
DP_003052,数字资本市场服务
DP_003053,数字资本市场服务
DP_003054,数字资本市场服务
DP_000363,数字资本市场服务
DP_003055,数字资本市场服务
DP_004543,数字资本市场服务
DP_003056,数字资本市场服务
DP_003057,数字资本市场服务
DP_002155,数字资本市场服务
DP_003158,数字资本市场服务
DP_003159,数字资本市场服务
DP_003160,数字资本市场服务
DP_003596,数字资本市场服务
DP_003161,数字资本市场服务
DP_003595,数字资本市场服务
DP_000145,数字资本市场服务
DP_003162,数字资本市场服务
DP_000106,数字资本市场服务
DP_000159,数字资本市场服务
DP_003610,数字资本市场服务
DP_004670,数字资本市场服务
DP_003774,数字资本市场服务
DP_001146,数字资本市场服务
DP_001145,数字资本市场服务
DP_003631,数字资本市场服务
DP_004850,数字资本市场服务
DP_001162,数字资本市场服务
DP_004666,数字资本市场服务
DP_000518,数字资本市场服务
DP_004782,数字资本市场服务
DP_001100,数字资本市场服务
DP_004599,数字资本市场服务
DP_000519,数字资本市场服务
DP_004796,数字资本市场服务
DP_004644,数字资本市场服务
DP_000517,数字资本市场服务
DP_001101,数字资本市场服务
DP_000089,数字资本市场服务
DP_003028,数字资本市场服务
DP_000526,数字资本市场服务
DP_004783,数字资本市场服务
DP_001124,数字资本市场服务
DP_005290,数字资本市场服务
DP_000217,数字资本市场服务
DP_000686,数字资本市场服务
DP_005327,数字资本市场服务
DP_000107,数字资本市场服务
DP_004668,数字资本市场服务
DP_000125,数字资本市场服务
DP_001083,数字资本市场服务
DP_003769,数字资本市场服务
DP_004813,数字资本市场服务
DP_003570,数字资本市场服务
DP_003636,数字资本市场服务
DP_004588,数字资本市场服务
DP_002369,数字资本市场服务
DP_003708,数字资本市场服务
DP_000260,数字资本市场服务
DP_004531,数字资本市场服务
DP_003576,数字资本市场服务
DP_003770,数字资本市场服务
DP_003575,数字资本市场服务
DP_003771,数字资本市场服务
DP_005241,数字资本市场服务
DP_005126,数字资本市场服务
DP_003574,数字资本市场服务
DP_000157,数字资本市场服务
DP_003659,数字资本市场服务
DP_003762,数字资本市场服务
DP_003640,数字资本市场服务
DP_003620,数字资本市场服务
DP_003756,数字资本市场服务
DP_003621,数字资本市场服务
DP_003754,数字资本市场服务
DP_003753,数字资本市场服务
DP_003755,数字资本市场服务
DP_004862,数字资本市场服务
DP_003642,数字资本市场服务
DP_003734,数字资本市场服务
DP_005028,数字资本市场服务
DP_004751,数字资本市场服务
DP_003776,数字资本市场服务
DP_003740,数字资本市场服务
DP_003741,数字资本市场服务
DP_003738,数字资本市场服务
DP_002019,数字资本市场服务
DP_004749,数字资本市场服务
DP_003765,数字资本市场服务
DP_003766,数字资本市场服务
DP_004873,数字资本市场服务
DP_003639,数字资本市场服务
DP_003751,数字资本市场服务
DP_003664,数字资本市场服务
DP_000630,数字资本市场服务
DP_003633,数字资本市场服务
DP_001387,数字资本市场服务
DP_003744,数字资本市场服务
DP_000632,数字资本市场服务
DP_003761,数字资本市场服务
DP_003682,数字资本市场服务
DP_003722,数字资本市场服务
DP_004098,数字资本市场服务
DP_001108,数字资本市场服务
DP_003688,数字资本市场服务
DP_004099,数字资本市场服务
DP_003658,数字资本市场服务
DP_001125,数字资本市场服务
DP_003657,数字资本市场服务
DP_002822,数字资本市场服务
DP_003653,数字资本市场服务
DP_003656,数字资本市场服务
DP_003655,数字资本市场服务
DP_000350,数字资本市场服务
DP_002415,数字资本市场服务
DP_003654,数字资本市场服务
DP_003571,数字资本市场服务
DP_000338,数字资本市场服务
DP_003594,数字资本市场服务
DP_000557,数字资本市场服务
DP_000558,数字资本市场服务
DP_003569,数字资本市场服务
DP_000556,数字资本市场服务
DP_003299,数字资本市场服务
DP_003635,数字资本市场服务
DP_000570,数字资本市场服务
DP_003568,数字资本市场服务
DP_000566,数字资本市场服务
DP_003572,数字资本市场服务
DP_000185,数字资本市场服务
DP_005905,数字资本市场服务
DP_003637,数字资本市场服务
DP_000565,数字资本市场服务
DP_005986,数字资本市场服务
DP_000569,数字资本市场服务
DP_000568,数字资本市场服务
DP_000401,数字资本市场服务
DP_000400,数字资本市场服务
DP_002371,数字资本市场服务
DP_002733,数字资本市场服务
DP_003733,数字资本市场服务
DP_000399,数字资本市场服务
DP_002734,数字资本市场服务
DP_003857,数字资本市场服务
DP_000453,数字资本市场服务
DP_002642,数字资本市场服务
DP_003860,数字资本市场服务
DP_004722,数字资本市场服务
DP_001875,数字资本市场服务
DP_003714,数字资本市场服务
DP_001877,数字资本市场服务
DP_003739,数字资本市场服务
DP_000507,数字资本市场服务
DP_001870,数字资本市场服务
DP_004721,数字资本市场服务
DP_003721,数字资本市场服务
DP_004019,数字资本市场服务
DP_000506,数字资本市场服务
DP_001869,数字资本市场服务
DP_004724,数字资本市场服务
DP_000505,数字资本市场服务
DP_001886,数字资本市场服务
DP_003710,数字资本市场服务
DP_000611,数字资本市场服务
DP_001879,数字资本市场服务
DP_001722,数字资本市场服务
DP_001871,数字资本市场服务
DP_001878,数字资本市场服务
DP_003679,数字资本市场服务
DP_000441,数字资本市场服务
DP_001866,数字资本市场服务
DP_000442,数字资本市场服务
DP_000443,数字资本市场服务
DP_001874,数字资本市场服务
DP_001884,数字资本市场服务
DP_003675,数字资本市场服务
DP_001867,数字资本市场服务
DP_001873,数字资本市场服务
DP_004027,数字资本市场服务
DP_005406,数字资本市场服务
DP_001885,数字资本市场服务
DP_001882,数字资本市场服务
DP_001868,数字资本市场服务
DP_001883,数字资本市场服务
DP_001876,数字资本市场服务
DP_001880,数字资本市场服务
DP_001881,数字资本市场服务
DP_002243,数字资本市场服务
DP_002372,数字资本市场服务
DP_000576,数字资本市场服务
DP_002349,数字资本市场服务
DP_002347,数字资本市场服务
DP_000188,数字资本市场服务
DP_002350,数字资本市场服务
DP_000189,数字资本市场服务
DP_000186,数字资本市场服务
DP_002128,数字资本市场服务
DP_004007,数字资本市场服务
DP_002127,数字资本市场服务
DP_002129,数字资本市场服务
DP_001257,数字资本市场服务
DP_000348,数字资本市场服务
DP_001267,数字资本市场服务
DP_004064,数字资本市场服务
DP_000346,数字资本市场服务
DP_001438,数字资本市场服务
DP_003838,数字资本市场服务
DP_003834,数字资本市场服务
DP_002281,数字资本市场服务
DP_002020,数字资本市场服务
DP_003986,数字资本市场服务
DP_003836,数字资本市场服务
DP_004814,数字资本市场服务
DP_003718,数字资本市场服务
DP_005432,数字资本市场服务
DP_004012,数字资本市场服务
DP_004117,数字资本市场服务
DP_000515,数字资本市场服务
DP_003694,数字资本市场服务
DP_004096,数字资本市场服务
DP_000513,数字资本市场服务
DP_004015,数字资本市场服务
DP_003732,数字资本市场服务
DP_004010,数字资本市场服务
DP_000512,数字资本市场服务
DP_003737,数字资本市场服务
DP_004013,数字资本市场服务
DP_000327,数字资本市场服务
DP_003775,数字资本市场服务
DP_004111,数字资本市场服务
DP_004078,数字资本市场服务
DP_000440,数字资本市场服务
DP_003670,数字资本市场服务
DP_004109,数字资本市场服务
DP_003692,数字资本市场服务
DP_003693,数字资本市场服务
DP_004090,数字资本市场服务
DP_006619,数字资本市场服务
DP_000456,数字资本市场服务
DP_000180,数字资本市场服务
DP_000402,数字资本市场服务
DP_000328,数字资本市场服务
DP_004995,数字资本市场服务
DP_001453,数字资本市场服务
DP_000466,数字资本市场服务
DP_000594,数字资本市场服务
DP_000593,数字资本市场服务
DP_001584,数字资本市场服务
DP_000482,数字资本市场服务
DP_005801,数字资本市场服务
DP_003072,数字资本市场服务
DP_000001,数字资本市场服务
DP_002990,数字资本市场服务
DP_001660,数字资本市场服务
DP_005802,数字资本市场服务
DP_003087,数字资本市场服务
DP_003086,数字资本市场服务
DP_005777,数字资本市场服务
DP_001558,数字资本市场服务
DP_001595,数字资本市场服务
DP_003913,数字资本市场服务
DP_003912,数字资本市场服务
DP_000408,数字资本市场服务
DP_001669,数字资本市场服务
DP_005329,数字资本市场服务
DP_004667,数字资本市场服务
DP_004529,数字资本市场服务
DP_000919,智能航空运输
DP_002376,智能航空运输
DP_002377,智能航空运输
DP_002379,智能航空运输
DP_001047,智能航空运输
DP_000978,智能航空运输
DP_003809,智能航空运输
DP_003808,智能航空运输
DP_003814,智能航空运输
DP_003811,智能航空运输
DP_003807,智能航空运输
DP_003810,智能航空运输
DP_003806,智能航空运输
DP_003804,智能航空运输
DP_000994,智能航空运输
DP_003813,智能航空运输
DP_003794,智能航空运输
DP_003803,智能航空运输
DP_003812,智能航空运输
DP_003805,智能航空运输
DP_003793,智能航空运输
DP_003801,智能航空运输
DP_003802,智能航空运输
DP_003795,智能航空运输
DP_003796,智能航空运输
DP_003797,智能航空运输
DP_003798,智能航空运输
DP_003799,智能航空运输
DP_003800,智能航空运输
DP_000979,智能航空运输
DP_003816,智能航空运输
DP_003815,智能航空运输
DP_001003,智能航空运输
DP_003787,智能航空运输
DP_003788,智能航空运输
DP_003817,智能航空运输
DP_003790,智能航空运输
DP_003789,智能航空运输
DP_002553,智能航空运输
DP_003791,智能航空运输
DP_003792,智能航空运输
DP_000950,智能航空运输
DP_000882,智能航空运输
DP_004528,智能航空运输
DP_003935,智能航空运输
DP_003936,智能航空运输
DP_003938,智能航空运输
DP_003964,智能航空运输
DP_003956,智能航空运输
DP_003955,智能航空运输
DP_003957,智能航空运输
DP_003941,智能航空运输
DP_003952,智能航空运输
DP_003940,智能航空运输
DP_003948,智能航空运输
DP_003944,智能航空运输
DP_005687,智能航空运输
DP_005688,智能航空运输
DP_003840,智能航空运输
DP_003843,智能航空运输
DP_003845,智能航空运输
DP_003821,智能航空运输
DP_003822,智能航空运输
DP_003340,智能航空运输
DP_005175,智能航空运输
DP_001050,智能航空运输
DP_000875,智能航空运输
DP_001028,智能航空运输
DP_000962,智能航空运输
DP_000746,智能航空运输
DP_000749,智能航空运输
DP_000747,智能航空运输
DP_000750,智能航空运输
DP_002399,智能航空运输
DP_002393,智能航空运输
DP_001049,智能航空运输
DP_002394,智能航空运输
DP_002253,智能航空运输
DP_002254,智能航空运输
DP_002398,智能航空运输
DP_002397,智能航空运输
DP_002392,智能航空运输
DP_002388,智能航空运输
DP_002385,智能航空运输
DP_001017,智能航空运输
DP_002396,智能航空运输
DP_002384,智能航空运输
DP_002395,智能航空运输
DP_002374,智能航空运输
DP_002382,智能航空运输
DP_003366,智能航空运输
DP_002380,智能航空运输
DP_002381,智能航空运输
DP_002383,智能航空运输
DP_000993,智能航空运输
DP_003371,智能航空运输
DP_003374,智能航空运输
DP_004323,燃气生产和供应业
DP_003114,燃气生产和供应业
DP_003458,燃气生产和供应业
DP_003456,燃气生产和供应业
DP_005684,燃气生产和供应业
DP_005683,燃气生产和供应业
DP_004686,互联网保险
DP_002143,互联网保险
DP_002144,互联网保险
DP_002379,互联网保险
DP_002308,互联网保险
DP_002448,互联网保险
DP_002444,互联网保险
DP_002283,互联网保险
DP_006139,互联网保险
DP_005166,互联网保险
DP_004683,互联网保险
DP_002404,互联网保险
DP_001231,互联网保险
DP_000067,互联网保险
DP_002336,互联网保险
DP_000068,互联网保险
DP_002637,互联网保险
DP_001238,互联网保险
DP_002654,互联网保险
DP_002655,互联网保险
DP_005089,互联网保险
DP_002627,互联网保险
DP_004684,互联网保险
DP_001486,互联网保险
DP_002413,互联网保险
DP_000047,互联网保险
DP_005088,互联网保险
DP_001175,互联网保险
DP_002148,互联网保险
DP_004927,互联网保险
DP_002147,互联网保险
DP_004923,互联网保险
DP_004895,互联网保险
DP_005078,互联网保险
DP_002531,互联网保险
DP_004896,互联网保险
DP_001609,互联网保险
DP_004921,互联网保险
DP_005072,互联网保险
DP_001305,互联网保险
DP_002540,互联网保险
DP_003802,互联网保险
DP_003797,互联网保险
DP_002276,互联网保险
DP_002326,互联网保险
DP_005075,互联网保险
DP_006660,互联网保险
DP_002545,互联网保险
DP_004183,互联网保险
DP_002701,互联网保险
DP_002700,互联网保险
DP_004897,互联网保险
DP_004916,互联网保险
DP_000038,互联网保险
DP_006486,互联网保险
DP_005128,互联网保险
DP_005101,互联网保险
DP_000054,互联网保险
DP_005573,互联网保险
DP_006252,互联网保险
DP_006523,互联网保险
DP_003347,互联网保险
DP_006253,互联网保险
DP_003136,互联网保险
DP_000672,互联网保险
DP_002462,互联网保险
DP_003969,互联网保险
DP_005056,互联网保险
DP_001174,互联网保险
DP_004856,互联网保险
DP_000027,互联网保险
DP_002536,互联网保险
DP_002431,互联网保险
DP_003961,互联网保险
DP_000288,互联网保险
DP_002137,互联网保险
DP_003949,互联网保险
DP_003943,互联网保险
DP_002539,互联网保险
DP_003944,互联网保险
DP_003945,互联网保险
DP_003966,互联网保险
DP_000735,互联网保险
DP_001172,互联网保险
DP_001183,互联网保险
DP_003833,互联网保险
DP_003492,互联网保险
DP_003495,互联网保险
DP_000504,互联网保险
DP_001691,互联网保险
DP_001384,互联网保险
DP_003488,互联网保险
DP_005961,互联网保险
DP_002878,互联网保险
DP_006041,互联网保险
DP_002880,互联网保险
DP_005836,互联网保险
DP_002885,互联网保险
DP_005960,互联网保险
DP_003466,互联网保险
DP_006040,互联网保险
DP_005835,互联网保险
DP_002734,互联网保险
DP_005882,互联网保险
DP_002257,互联网保险
DP_005962,互联网保险
DP_006042,互联网保险
DP_004682,互联网保险
DP_004685,互联网保险
DP_003464,互联网保险
DP_002772,互联网保险
DP_002429,互联网保险
DP_001722,互联网保险
DP_004503,互联网保险
DP_004168,互联网保险
DP_002879,互联网保险
DP_000778,互联网保险
DP_004932,互联网保险
DP_006317,互联网保险
DP_002681,互联网保险
DP_001245,互联网保险
DP_001276,互联网保险
DP_002782,互联网保险
DP_001370,互联网保险
DP_000359,互联网保险
DP_003718,互联网保险
DP_005152,互联网保险
DP_003533,互联网保险
DP_001365,互联网保险
DP_002039,互联网保险
DP_002032,互联网保险
DP_001334,互联网保险
DP_004370,互联网保险
DP_001364,互联网保险
DP_004158,互联网保险
DP_001344,互联网保险
DP_002507,互联网保险
DP_000688,互联网保险
DP_002100,互联网保险
DP_001931,互联网保险
DP_006318,互联网保险
DP_002522,互联网保险
DP_002173,互联网保险
DP_002498,互联网保险
DP_003540,互联网保险
DP_002327,互联网保险
DP_001930,互联网保险
DP_005156,互联网保险
DP_002200,互联网保险
DP_002652,互联网保险
DP_002753,互联网保险
DP_002018,互联网保险
DP_005800,互联网保险
DP_002238,互联网保险
DP_004372,互联网保险
DP_002436,互联网保险
DP_002501,互联网保险
DP_005812,互联网保险
DP_004300,互联网保险
DP_003059,互联网保险
DP_004982,互联网保险
DP_002512,互联网保险
DP_004986,互联网保险
DP_005155,互联网保险
DP_001815,互联网保险
DP_000044,互联网保险
DP_004291,互联网保险
DP_003072,互联网保险
DP_002530,互联网保险
DP_002662,互联网保险
DP_002087,互联网保险
DP_004304,互联网保险
DP_002990,互联网保险
DP_002523,互联网保险
DP_004378,互联网保险
DP_004261,互联网保险
DP_002528,互联网保险
DP_002084,互联网保险
DP_002065,互联网保险
DP_002316,互联网保险
DP_002514,互联网保险
DP_004359,互联网保险
DP_002494,互联网保险
DP_004360,互联网保险
DP_002207,互联网保险
DP_002224,互联网保险
DP_002218,互联网保险
DP_002213,互联网保险
DP_002212,互联网保险
DP_002211,互联网保险
DP_002210,互联网保险
DP_002223,互联网保险
DP_002216,互联网保险
DP_002214,互联网保险
DP_002221,互联网保险
DP_001491,互联网保险
DP_000704,互联网保险
DP_002225,互联网保险
DP_000755,互联网保险
DP_002226,互联网保险
DP_002609,互联网保险
DP_002618,互联网保险
DP_002623,互联网保险
DP_002608,互联网保险
DP_002617,互联网保险
DP_002103,互联网保险
DP_002612,互联网保险
DP_002476,互联网保险
DP_001323,互联网保险
DP_002631,人身保险
DP_002142,人身保险
DP_002449,人身保险
DP_002645,人身保险
DP_002403,人身保险
DP_002406,人身保险
DP_002126,人身保险
DP_002222,人身保险
DP_005821,人身保险
DP_004445,人身保险
DP_005945,人身保险
DP_006026,人身保险
DP_005784,人身保险
DP_001295,人身保险
DP_001154,人身保险
DP_004182,人身保险
DP_004893,人身保险
DP_006584,人身保险
DP_005057,人身保险
DP_005572,人身保险
DP_000869,人身保险
DP_000868,人身保险
DP_005881,人身保险
DP_005880,人身保险
DP_005837,人身保险
DP_001296,人身保险
DP_001468,人身保险
DP_003474,人身保险
DP_003468,人身保险
DP_002017,人身保险
DP_005924,人身保险
DP_006005,人身保险
DP_005763,人身保险
DP_005936,人身保险
DP_006017,人身保险
DP_005775,人身保险
DP_002206,人身保险
DP_000870,人身保险
DP_003909,人身保险
DP_002209,人身保险
DP_002227,人身保险
DP_002228,人身保险
DP_002622,人身保险
DP_002633,人身保险
DP_002711,人身保险
DP_001297,人身保险
DP_003443,人身保险
DP_002631,财产保险
DP_001605,财产保险
DP_002449,财产保险
DP_001501,财产保险
DP_000738,财产保险
DP_001610,财产保险
DP_002645,财产保险
DP_002406,财产保险
DP_006226,财产保险
DP_001232,财产保险
DP_002222,财产保险
DP_005784,财产保险
DP_002537,财产保险
DP_002490,财产保险
DP_001295,财产保险
DP_002230,财产保险
DP_002525,财产保险
DP_004924,财产保险
DP_002106,财产保险
DP_002411,财产保险
DP_004935,财产保险
DP_002515,财产保险
DP_002511,财产保险
DP_002295,财产保险
DP_000780,财产保险
DP_004912,财产保险
DP_000035,财产保险
DP_003333,财产保险
DP_004630,财产保险
DP_004893,财产保险
DP_004629,财产保险
DP_003970,财产保险
DP_003933,财产保险
DP_003934,财产保险
DP_002521,财产保险
DP_001895,财产保险
DP_002538,财产保险
DP_002101,财产保险
DP_002412,财产保险
DP_003880,财产保险
DP_000869,财产保险
DP_001676,财产保险
DP_002909,财产保险
DP_005141,财产保险
DP_005140,财产保险
DP_005139,财产保险
DP_000675,财产保险
DP_004681,财产保险
DP_002341,财产保险
DP_002358,财产保险
DP_001309,财产保险
DP_004680,财产保险
DP_001307,财产保险
DP_001311,财产保险
DP_005165,财产保险
DP_003461,财产保险
DP_002667,财产保险
DP_002668,财产保险
DP_004930,财产保险
DP_002461,财产保险
DP_004928,财产保险
DP_004929,财产保险
DP_005161,财产保险
DP_001359,财产保险
DP_001371,财产保险
DP_002689,财产保险
DP_001342,财产保险
DP_004493,财产保险
DP_000736,财产保险
DP_001378,财产保险
DP_003463,财产保险
DP_004157,财产保险
DP_004160,财产保险
DP_001368,财产保险
DP_002043,财产保险
DP_002042,财产保险
DP_001367,财产保险
DP_002035,财产保险
DP_002033,财产保险
DP_003474,财产保险
DP_002107,财产保险
DP_002666,财产保险
DP_002418,财产保险
DP_001903,财产保险
DP_002744,财产保险
DP_002535,财产保险
DP_002561,财产保险
DP_002317,财产保险
DP_001929,财产保险
DP_002239,财产保险
DP_002172,财产保险
DP_002510,财产保险
DP_002698,财产保险
DP_002697,财产保险
DP_003907,财产保险
DP_002541,财产保险
DP_000689,财产保险
DP_002247,财产保险
DP_002471,财产保险
DP_004383,财产保险
DP_002088,财产保险
DP_002533,财产保险
DP_004385,财产保险
DP_002544,财产保险
DP_004368,财产保险
DP_002430,财产保险
DP_004379,财产保险
DP_002690,财产保险
DP_004388,财产保险
DP_002085,财产保险
DP_001770,财产保险
DP_002117,财产保险
DP_004328,财产保险
DP_002366,财产保险
DP_002367,财产保险
DP_002206,财产保险
DP_000703,财产保险
DP_000699,财产保险
DP_002633,财产保险
DP_001297,财产保险
DP_003424,财产保险
DP_004608,数字化商务服务
DP_002926,数字化商务服务
DP_000837,数字化商务服务
DP_000840,数字化商务服务
DP_002940,数字化商务服务
DP_003128,数字化商务服务
DP_003891,数字化商务服务
DP_003130,数字化商务服务
DP_000201,数字化商务服务
DP_003142,数字化商务服务
DP_001287,数字化商务服务
DP_004628,数字化商务服务
DP_001290,数字化商务服务
DP_005423,数字化商务服务
DP_003145,数字化商务服务
DP_000207,数字化商务服务
DP_001112,数字化商务服务
DP_001291,数字化商务服务
DP_004575,数字化商务服务
DP_002407,数字化商务服务
DP_001966,数字化商务服务
DP_005438,数字化商务服务
DP_003584,数字化商务服务
DP_001166,数字化商务服务
DP_003022,数字化商务服务
DP_003612,数字化商务服务
DP_002167,数字化商务服务
DP_001304,数字化商务服务
DP_003021,数字化商务服务
DP_001924,数字化商务服务
DP_003605,数字化商务服务
DP_003928,数字化商务服务
DP_001995,数字化商务服务
DP_003926,数字化商务服务
DP_001977,数字化商务服务
DP_001194,数字化商务服务
DP_001989,数字化商务服务
DP_000108,数字化商务服务
DP_001986,数字化商务服务
DP_002344,数字化商务服务
DP_000076,数字化商务服务
DP_000543,数字化商务服务
DP_001084,数字化商务服务
DP_003582,数字化商务服务
DP_004660,数字化商务服务
DP_004648,数字化商务服务
DP_004852,数字化商务服务
DP_002244,数字化商务服务
DP_002104,数字化商务服务
DP_005102,数字化商务服务
DP_003998,数字化商务服务
DP_001692,数字化商务服务
DP_003643,数字化商务服务
DP_004005,数字化商务服务
DP_002416,数字化商务服务
DP_005440,数字化商务服务
DP_004006,数字化商务服务
DP_005103,数字化商务服务
DP_004000,数字化商务服务
DP_004036,数字化商务服务
DP_000117,数字化商务服务
DP_004011,数字化商务服务
DP_004062,数字化商务服务
DP_004155,数字化商务服务
DP_002163,数字化商务服务
DP_000118,数字化商务服务
DP_000015,数字化商务服务
DP_000132,数字化商务服务
DP_001121,数字化商务服务
DP_003513,数字化商务服务
DP_002275,数字化商务服务
DP_003905,数字化商务服务
DP_000178,数字化商务服务
DP_001822,数字化商务服务
DP_000296,数字化商务服务
DP_003784,数字化商务服务
DP_005027,数字化商务服务
DP_000295,数字化商务服务
DP_004728,数字化商务服务
DP_000301,数字化商务服务
DP_003549,数字化商务服务
DP_004093,数字化商务服务
DP_000300,数字化商务服务
DP_000719,数字化商务服务
DP_000311,数字化商务服务
DP_004075,数字化商务服务
DP_005035,数字化商务服务
DP_004801,数字化商务服务
DP_004809,数字化商务服务
DP_000452,数字化商务服务
DP_004066,数字化商务服务
DP_001990,数字化商务服务
DP_003622,数字化商务服务
DP_004786,数字化商务服务
DP_003823,数字化商务服务
DP_001617,数字化商务服务
DP_003649,数字化商务服务
DP_002825,数字化商务服务
DP_002120,数字化商务服务
DP_001962,数字化商务服务
DP_000374,数字化商务服务
DP_002558,数字化商务服务
DP_002091,数字化商务服务
DP_000379,数字化商务服务
DP_002442,数字化商务服务
DP_000381,数字化商务服务
DP_004740,数字化商务服务
DP_003881,数字化商务服务
DP_004766,数字化商务服务
DP_003235,数字化商务服务
DP_004798,数字化商务服务
DP_002664,数字化商务服务
DP_003748,数字化商务服务
DP_003672,数字化商务服务
DP_002099,数字化商务服务
DP_002258,数字化商务服务
DP_001661,数字化商务服务
DP_003758,数字化商务服务
DP_000351,数字化商务服务
DP_002451,数字化商务服务
DP_003860,数字化商务服务
DP_002450,数字化商务服务
DP_001982,数字化商务服务
DP_000542,数字化商务服务
DP_001973,数字化商务服务
DP_004025,数字化商务服务
DP_004017,数字化商务服务
DP_004002,数字化商务服务
DP_003674,数字化商务服务
DP_000313,数字化商务服务
DP_002865,数字化商务服务
DP_000314,数字化商务服务
DP_004791,数字化商务服务
DP_004029,数字化商务服务
DP_002876,数字化商务服务
DP_005723,数字化商务服务
DP_003914,数字化商务服务
DP_006099,数字化商务服务
DP_000244,数字化商务服务
DP_005686,数字化商务服务
DP_005697,数字化商务服务
DP_000785,数字化商务服务
DP_004069,数字化商务服务
DP_005694,数字化商务服务
DP_004035,数字化商务服务
DP_004275,数字化商务服务
DP_000770,数字化商务服务
DP_003847,数字化商务服务
DP_000582,数字化商务服务
DP_001437,数字化商务服务
DP_003842,数字化商务服务
DP_003304,数字化商务服务
DP_004070,数字化商务服务
DP_003535,数字化商务服务
DP_001994,数字化商务服务
DP_004389,数字化商务服务
DP_003775,数字化商务服务
DP_003546,数字化商务服务
DP_000448,数字化商务服务
DP_004063,数字化商务服务
DP_003611,数字化商务服务
DP_004174,数字化商务服务
DP_003608,数字化商务服务
DP_004121,数字化商务服务
DP_003590,数字化商务服务
DP_000373,数字化商务服务
DP_001204,数字化商务服务
DP_004042,数字化商务服务
DP_006676,数字化商务服务
DP_000858,数字化商务服务
DP_004088,数字化商务服务
DP_004123,数字化商务服务
DP_000825,数字化商务服务
DP_004876,数字化商务服务
DP_003106,数字化商务服务
DP_000086,数字化商务服务
DP_000806,数字化商务服务
DP_006103,数字化商务服务
DP_000804,数字化商务服务
DP_000605,数字化商务服务
DP_004175,数字化商务服务
DP_000809,数字化商务服务
DP_003089,数字化商务服务
DP_000807,数字化商务服务
DP_001498,数字化商务服务
DP_004982,数字化商务服务
DP_003095,数字化商务服务
DP_000794,数字化商务服务
DP_005736,数字化商务服务
DP_000797,数字化商务服务
DP_000795,数字化商务服务
DP_000796,数字化商务服务
DP_000469,数字化商务服务
DP_003451,数字化商务服务
DP_000800,数字化商务服务
DP_004959,数字化商务服务
DP_000791,数字化商务服务
DP_003830,数字化商务服务
DP_003081,数字化商务服务
DP_003726,数字化商务服务
DP_000790,数字化商务服务
DP_004391,数字化商务服务
DP_002342,数字化商务服务
DP_005186,数字化商务服务
DP_003084,数字化商务服务
DP_000854,数字化商务服务
DP_004883,数字化商务服务
DP_000817,数字化商务服务
DP_003448,数字化商务服务
DP_003322,数字化商务服务
DP_000815,数字化商务服务
DP_004881,数字化商务服务
DP_000828,数字化商务服务
DP_003319,数字化商务服务
DP_000829,数字化商务服务
DP_001718,数字化商务服务
DP_003323,数字化商务服务
DP_000814,数字化商务服务
DP_000771,数字化商务服务
DP_003324,数字化商务服务
DP_001506,数字化商务服务
DP_002895,数字化商务服务
DP_001628,数字化商务服务
DP_000838,数字化商务服务
DP_001297,数字化商务服务
DP_004414,新能源车整车制造
DP_004316,新能源车整车制造
DP_004310,新能源车整车制造
DP_003725,新能源车整车制造
DP_004287,新能源车整车制造
DP_000753,新能源车整车制造
DP_004289,新能源车整车制造
DP_004286,新能源车整车制造
DP_004922,新能源车整车制造
DP_002644,新能源车整车制造
DP_002203,新能源车整车制造
DP_004900,新能源车整车制造
DP_003686,新能源车整车制造
DP_004915,新能源车整车制造
DP_004917,新能源车整车制造
DP_004912,新能源车整车制造
DP_000005,新能源车整车制造
DP_003552,新能源车整车制造
DP_003866,新能源车整车制造
DP_003853,新能源车整车制造
DP_003849,新能源车整车制造
DP_003864,新能源车整车制造
DP_004913,新能源车整车制造
DP_003509,新能源车整车制造
DP_003556,新能源车整车制造
DP_005200,新能源车整车制造
DP_004265,新能源车整车制造
DP_004303,新能源车整车制造
DP_004404,新能源车整车制造
DP_001603,新能源车整车制造
DP_004279,新能源车整车制造
DP_004277,新能源车整车制造
DP_004257,新能源车整车制造
DP_004259,新能源车整车制造
DP_000682,新能源车整车制造
DP_004267,新能源车整车制造
DP_004340,新能源车整车制造
DP_004334,新能源车整车制造
DP_004335,新能源车整车制造
DP_004327,新能源车整车制造
DP_000920,气象服务
DP_000972,气象服务
DP_000914,气象服务
DP_004314,气象服务
DP_000905,气象服务
DP_001832,气象服务
DP_001825,气象服务
DP_003377,气象服务
DP_003367,气象服务
DP_003380,气象服务
DP_003386,气象服务
DP_003383,气象服务
DP_003412,气象服务
DP_003381,气象服务
DP_003394,气象服务
DP_005634,医疗、外科及兽医用器械制造
DP_005668,医疗、外科及兽医用器械制造
DP_005521,医疗、外科及兽医用器械制造
DP_005534,医疗、外科及兽医用器械制造
DP_005635,医疗、外科及兽医用器械制造
DP_005563,医疗、外科及兽医用器械制造
DP_005507,医疗、外科及兽医用器械制造
DP_005520,医疗、外科及兽医用器械制造
DP_005519,医疗、外科及兽医用器械制造
DP_005510,医疗、外科及兽医用器械制造
DP_005605,医疗、外科及兽医用器械制造
DP_005601,医疗、外科及兽医用器械制造
DP_005513,医疗、外科及兽医用器械制造
DP_005591,医疗、外科及兽医用器械制造
DP_005638,医疗、外科及兽医用器械制造
DP_003916,供应链管理服务
DP_001289,供应链管理服务
DP_003152,供应链管理服务
DP_003602,供应链管理服务
DP_003773,供应链管理服务
DP_001286,供应链管理服务
DP_003336,供应链管理服务
DP_003606,供应链管理服务
DP_005366,供应链管理服务
DP_003108,供应链管理服务
DP_003728,供应链管理服务
DP_003619,供应链管理服务
DP_003600,供应链管理服务
DP_003632,供应链管理服务
DP_001187,供应链管理服务
DP_000038,供应链管理服务
DP_003601,供应链管理服务
DP_000034,供应链管理服务
DP_000037,供应链管理服务
DP_006094,供应链管理服务
DP_003778,供应链管理服务
DP_003695,供应链管理服务
DP_003661,供应链管理服务
DP_003623,供应链管理服务
DP_003453,供应链管理服务
DP_000243,供应链管理服务
DP_002233,供应链管理服务
DP_000097,供应链管理服务
DP_002760,供应链管理服务
DP_003832,供应链管理服务
DP_000317,供应链管理服务
DP_004822,供应链管理服务
DP_001318,供应链管理服务
DP_001320,供应链管理服务
DP_001980,供应链管理服务
DP_002015,供应链管理服务
DP_001952,供应链管理服务
DP_000242,供应链管理服务
DP_005354,供应链管理服务
DP_000383,供应链管理服务
DP_001212,供应链管理服务
DP_000820,供应链管理服务
DP_000826,供应链管理服务
DP_000860,供应链管理服务
DP_000001,供应链管理服务
DP_003589,供应链管理服务
DP_000793,供应链管理服务
DP_003588,供应链管理服务
DP_000229,供应链管理服务
DP_000232,供应链管理服务
DP_004953,供应链管理服务
DP_003328,供应链管理服务
DP_000853,供应链管理服务
DP_000832,供应链管理服务
DP_000841,供应链管理服务
DP_000833,供应链管理服务
DP_002294,智能交通
DP_000897,智能交通
DP_000739,智能交通
DP_004292,智能交通
DP_002360,智能交通
DP_005159,智能交通
DP_001610,智能交通
DP_000671,智能交通
DP_005187,智能交通
DP_005195,智能交通
DP_005196,智能交通
DP_002159,智能交通
DP_003725,智能交通
DP_002478,智能交通
DP_001630,智能交通
DP_001240,智能交通
DP_005197,智能交通
DP_001922,智能交通
DP_001011,智能交通
DP_001530,智能交通
DP_005193,智能交通
DP_005194,智能交通
DP_002078,智能交通
DP_005189,智能交通
DP_002068,智能交通
DP_002499,智能交通
DP_002548,智能交通
DP_001508,智能交通
DP_003470,智能交通
DP_004542,智能交通
DP_002236,智能交通
DP_001538,智能交通
DP_003803,智能交通
DP_004252,智能交通
DP_002175,智能交通
DP_004921,智能交通
DP_002427,智能交通
DP_004936,智能交通
DP_002266,智能交通
DP_004273,智能交通
DP_004541,智能交通
DP_002179,智能交通
DP_004925,智能交通
DP_004922,智能交通
DP_000082,智能交通
DP_002472,智能交通
DP_003792,智能交通
DP_004905,智能交通
DP_000946,智能交通
DP_000586,智能交通
DP_000585,智能交通
DP_002151,智能交通
DP_003512,智能交通
DP_002284,智能交通
DP_000777,智能交通
DP_003416,智能交通
DP_005878,智能交通
DP_003894,智能交通
DP_005958,智能交通
DP_003332,智能交通
DP_006038,智能交通
DP_005833,智能交通
DP_005877,智能交通
DP_006037,智能交通
DP_005832,智能交通
DP_005879,智能交通
DP_005959,智能交通
DP_006039,智能交通
DP_005834,智能交通
DP_000011,智能交通
DP_000017,智能交通
DP_003939,智能交通
DP_000016,智能交通
DP_001920,智能交通
DP_005899,智能交通
DP_001198,智能交通
DP_002431,智能交通
DP_006059,智能交通
DP_005898,智能交通
DP_002503,智能交通
DP_001890,智能交通
DP_005857,智能交通
DP_002028,智能交通
DP_002029,智能交通
DP_002027,智能交通
DP_006060,智能交通
DP_001891,智能交通
DP_002010,智能交通
DP_000735,智能交通
DP_005746,智能交通
DP_004185,智能交通
DP_000769,智能交通
DP_003491,智能交通
DP_003481,智能交通
DP_003243,智能交通
DP_003244,智能交通
DP_003245,智能交通
DP_004914,智能交通
DP_002888,智能交通
DP_002661,智能交通
DP_000714,智能交通
DP_001837,智能交通
DP_001758,智能交通
DP_004168,智能交通
DP_001253,智能交通
DP_001252,智能交通
DP_000779,智能交通
DP_001374,智能交通
DP_002004,智能交通
DP_004898,智能交通
DP_002680,智能交通
DP_004890,智能交通
DP_002682,智能交通
DP_002686,智能交通
DP_004243,智能交通
DP_002679,智能交通
DP_001352,智能交通
DP_001371,智能交通
DP_001329,智能交通
DP_004274,智能交通
DP_002689,智能交通
DP_003508,智能交通
DP_003510,智能交通
DP_002671,智能交通
DP_000736,智能交通
DP_004373,智能交通
DP_001378,智能交通
DP_001332,智能交通
DP_002684,智能交通
DP_002519,智能交通
DP_004157,智能交通
DP_002031,智能交通
DP_001354,智能交通
DP_004338,智能交通
DP_001395,智能交通
DP_002041,智能交通
DP_001367,智能交通
DP_002505,智能交通
DP_002040,智能交通
DP_005200,智能交通
DP_001345,智能交通
DP_002506,智能交通
DP_002033,智能交通
DP_005170,智能交通
DP_000694,智能交通
DP_002030,智能交通
DP_001216,智能交通
DP_002141,智能交通
DP_003376,智能交通
DP_001210,智能交通
DP_001933,智能交通
DP_005675,智能交通
DP_003382,智能交通
DP_000695,智能交通
DP_006663,智能交通
DP_000878,智能交通
DP_003406,智能交通
DP_001410,智能交通
DP_002580,智能交通
DP_000877,智能交通
DP_003379,智能交通
DP_001787,智能交通
DP_001788,智能交通
DP_000875,智能交通
DP_001789,智能交通
DP_000874,智能交通
DP_003344,智能交通
DP_001019,智能交通
DP_003400,智能交通
DP_004169,智能交通
DP_005000,智能交通
DP_004387,智能交通
DP_002709,智能交通
DP_002320,智能交通
DP_004170,智能交通
DP_003364,智能交通
DP_003895,智能交通
DP_000691,智能交通
DP_000771,智能交通
DP_002160,智能交通
DP_001907,智能交通
DP_000775,智能交通
DP_002079,智能交通
DP_002069,智能交通
DP_000773,智能交通
DP_002476,智能交通
DP_005167,智能交通
DP_001038,智能交通
DP_003395,智能交通
DP_003374,智能交通
DP_003425,智能交通
DP_002294,智慧物流
DP_002354,智慧物流
DP_002360,智慧物流
DP_001610,智慧物流
DP_002286,智慧物流
DP_002401,智慧物流
DP_002078,智慧物流
DP_002704,智慧物流
DP_002413,智慧物流
DP_002102,智慧物流
DP_005143,智慧物流
DP_001514,智慧物流
DP_001529,智慧物流
DP_000318,智慧物流
DP_001508,智慧物流
DP_002293,智慧物流
DP_002236,智慧物流
DP_001538,智慧物流
DP_002359,智慧物流
DP_001606,智慧物流
DP_002179,智慧物流
DP_004925,智慧物流
DP_000080,智慧物流
DP_000082,智慧物流
DP_002554,智慧物流
DP_002551,智慧物流
DP_003632,智慧物流
DP_002555,智慧物流
DP_000585,智慧物流
DP_002256,智慧物流
DP_002296,智慧物流
DP_002152,智慧物流
DP_006093,智慧物流
DP_002300,智慧物流
DP_002198,智慧物流
DP_005046,智慧物流
DP_003717,智慧物流
DP_002302,智慧物流
DP_002853,智慧物流
DP_002284,智慧物流
DP_002328,智慧物流
DP_002329,智慧物流
DP_001197,智慧物流
DP_002552,智慧物流
DP_002333,智慧物流
DP_002467,智慧物流
DP_002468,智慧物流
DP_001892,智慧物流
DP_002470,智慧物流
DP_002454,智慧物流
DP_002262,智慧物流
DP_001927,智慧物流
DP_002423,智慧物流
DP_004528,智慧物流
DP_002424,智慧物流
DP_002460,智慧物流
DP_002006,智慧物流
DP_002456,智慧物流
DP_002457,智慧物流
DP_002458,智慧物流
DP_002072,智慧物流
DP_002073,智慧物流
DP_002074,智慧物流
DP_002021,智慧物流
DP_002022,智慧物流
DP_002023,智慧物流
DP_002024,智慧物流
DP_002025,智慧物流
DP_002305,智慧物流
DP_001184,智慧物流
DP_002010,智慧物流
DP_002410,智慧物流
DP_001887,智慧物流
DP_000735,智慧物流
DP_003648,智慧物流
DP_003604,智慧物流
DP_004768,智慧物流
DP_001319,智慧物流
DP_001381,智慧物流
DP_005137,智慧物流
DP_005140,智慧物流
DP_005144,智慧物流
DP_005142,智慧物流
DP_005132,智慧物流
DP_005682,智慧物流
DP_000714,智慧物流
DP_004168,智慧物流
DP_001373,智慧物流
DP_002532,智慧物流
DP_001372,智慧物流
DP_002669,智慧物流
DP_001353,智慧物流
DP_001361,智慧物流
DP_001360,智慧物流
DP_006081,智慧物流
DP_002674,智慧物流
DP_002672,智慧物流
DP_002671,智慧物流
DP_000736,智慧物流
DP_002673,智慧物流
DP_001354,智慧物流
DP_003818,智慧物流
DP_001336,智慧物流
DP_001335,智慧物流
DP_001337,智慧物流
DP_002670,智慧物流
DP_004979,智慧物流
DP_002048,智慧物流
DP_004360,智慧物流
DP_006683,智慧物流
DP_000228,智慧物流
DP_002638,智慧物流
DP_003326,智慧物流
DP_000802,智慧物流
DP_001907,智慧物流
DP_004974,智慧物流
DP_002069,智慧物流
DP_005167,智慧物流
DP_005148,智慧物流
DP_005149,智慧物流
DP_004282,汽车、摩托车等修理与维护
DP_004288,汽车、摩托车等修理与维护
DP_004402,汽车、摩托车等修理与维护
DP_004281,汽车、摩托车等修理与维护
DP_004280,汽车、摩托车等修理与维护
DP_004269,汽车、摩托车等修理与维护
DP_000690,汽车、摩托车等修理与维护
DP_002289,汽车、摩托车等修理与维护
DP_002315,汽车、摩托车等修理与维护
DP_004630,汽车、摩托车等修理与维护
DP_003512,汽车、摩托车等修理与维护
DP_006058,汽车、摩托车等修理与维护
DP_002026,汽车、摩托车等修理与维护
DP_005141,汽车、摩托车等修理与维护
DP_002277,汽车、摩托车等修理与维护
DP_002016,汽车、摩托车等修理与维护
DP_004929,汽车、摩托车等修理与维护
DP_004899,汽车、摩托车等修理与维护
DP_003341,汽车、摩托车等修理与维护
DP_004159,汽车、摩托车等修理与维护
DP_004156,汽车、摩托车等修理与维护
DP_001463,汽车、摩托车等修理与维护
DP_005673,汽车、摩托车等修理与维护
DP_002529,汽车、摩托车等修理与维护
DP_002367,汽车、摩托车等修理与维护
DP_005514,其他医疗设备及器械制造
DP_000915,地理遥感信息及测绘地理信息服务
DP_004364,地理遥感信息及测绘地理信息服务
DP_003511,地理遥感信息及测绘地理信息服务
DP_004004,地理遥感信息及测绘地理信息服务
DP_003507,地理遥感信息及测绘地理信息服务
DP_003506,地理遥感信息及测绘地理信息服务
DP_003388,地理遥感信息及测绘地理信息服务
DP_003368,地理遥感信息及测绘地理信息服务
DP_002738,地理遥感信息及测绘地理信息服务
DP_002859,地理遥感信息及测绘地理信息服务
DP_003344,地理遥感信息及测绘地理信息服务
DP_003400,地理遥感信息及测绘地理信息服务
DP_003372,地理遥感信息及测绘地理信息服务
DP_003402,地理遥感信息及测绘地理信息服务
DP_001574,其他数字政府
DP_003092,其他数字政府
DP_001286,其他数字政府
DP_001196,其他数字政府
DP_001195,其他数字政府
DP_004647,其他数字政府
DP_004601,其他数字政府
DP_000686,其他数字政府
DP_000010,其他数字政府
DP_003698,其他数字政府
DP_003715,其他数字政府
DP_004087,其他数字政府
DP_003650,其他数字政府
DP_003298,其他数字政府
DP_004219,其他数字政府
DP_004185,其他数字政府
DP_003198,其他数字政府
DP_003871,其他数字政府
DP_003497,其他数字政府
DP_003193,其他数字政府
DP_005136,其他数字政府
DP_005142,其他数字政府
DP_003856,其他数字政府
DP_003872,其他数字政府
DP_003478,其他数字政府
DP_003353,其他数字政府
DP_003258,其他数字政府
DP_001828,其他数字政府
DP_003256,其他数字政府
DP_000435,其他数字政府
DP_003846,其他数字政府
DP_000785,其他数字政府
DP_000770,其他数字政府
DP_001208,其他数字政府
DP_003590,其他数字政府
DP_003196,其他数字政府
DP_006411,其他数字政府
DP_006560,其他数字政府
DP_003182,其他数字政府
DP_002859,其他数字政府
DP_003263,其他数字政府
DP_000001,其他数字政府
DP_000793,其他数字政府
DP_000849,其他数字政府
DP_004878,其他数字政府
DP_000774,其他数字政府
DP_004512,其他数字政府
DP_003355,其他数字政府
DP_004305,汽车用发动机制造
DP_004332,汽车用发动机制造
DP_000834,数字化建筑业
DP_000839,数字化建筑业
DP_002960,数字化建筑业
DP_002959,数字化建筑业
DP_000420,数字化建筑业
DP_004557,数字化建筑业
DP_000430,数字化建筑业
DP_003447,数字化建筑业
DP_005466,数字化建筑业
DP_005467,数字化建筑业
DP_001976,数字化建筑业
DP_001104,数字化建筑业
DP_002855,数字化建筑业
DP_001819,数字化建筑业
DP_005472,数字化建筑业
DP_005460,数字化建筑业
DP_005470,数字化建筑业
DP_006665,数字化建筑业
DP_005468,数字化建筑业
DP_005457,数字化建筑业
DP_005461,数字化建筑业
DP_000421,数字化建筑业
DP_002190,数字化建筑业
DP_003763,数字化建筑业
DP_001316,数字化建筑业
DP_006667,数字化建筑业
DP_002182,数字化建筑业
DP_002188,数字化建筑业
DP_000590,数字化建筑业
DP_000428,数字化建筑业
DP_000427,数字化建筑业
DP_000425,数字化建筑业
DP_004058,数字化建筑业
DP_000424,数字化建筑业
DP_001424,数字化建筑业
DP_005672,数字化建筑业
DP_002854,数字化建筑业
DP_002080,数字化建筑业
DP_002157,数字化建筑业
DP_000450,数字化建筑业
DP_002064,数字化建筑业
DP_000607,数字化建筑业
DP_003196,数字化建筑业
DP_000822,数字化建筑业
DP_000861,数字化建筑业
DP_003426,数字化建筑业
DP_005741,数字化建筑业
DP_001649,数字化建筑业
DP_005473,数字化建筑业
DP_001494,数字化建筑业
DP_001555,数字化建筑业
DP_001561,数字化建筑业
DP_001562,数字化建筑业
DP_001517,数字化建筑业
DP_005718,数字化建筑业
DP_001518,数字化建筑业
DP_005733,数字化建筑业
DP_000830,数字化建筑业
DP_004878,数字化建筑业
DP_004885,数字化建筑业
DP_003450,数字化建筑业
DP_000739,城市公共交通运输
DP_003418,城市公共交通运输
DP_003896,城市公共交通运输
DP_001789,城市公共交通运输
DP_003386,城市公共交通运输
DP_005527,中成药生产
DP_005483,中成药生产
DP_005548,中成药生产
DP_005545,中成药生产
DP_005551,中成药生产
DP_005552,中成药生产
DP_005658,中成药生产
DP_005598,中成药生产
DP_005542,中成药生产
DP_005546,中成药生产
DP_005540,中成药生产
DP_005653,中成药生产
DP_005544,中成药生产
DP_005556,中成药生产
DP_005497,中成药生产
DP_005579,中成药生产
DP_005580,中成药生产
DP_005575,中成药生产
DP_001603,中成药生产
DP_000935,海洋服务
DP_004250,海洋服务
DP_003408,海洋服务
DP_001635,数据资源与产权交易
DP_000054,数据资源与产权交易
DP_003561,数据资源与产权交易
DP_003721,数据资源与产权交易
DP_001186,数据资源与产权交易
DP_000190,数据资源与产权交易
DP_003592,数据资源与产权交易
DP_005147,道路货物运输
DP_001531,道路货物运输
DP_002455,道路货物运输
DP_001928,道路货物运输
DP_002306,道路货物运输
DP_002564,道路货物运输
DP_002093,道路货物运输
DP_002010,道路货物运输
DP_003342,道路货物运输
DP_003879,道路货物运输
DP_001377,道路货物运输
DP_001346,道路货物运输
DP_001339,道路货物运输
DP_005149,道路货物运输
DP_003381,道路货物运输
DP_000740,游览景区管理
DP_000024,游览景区管理
DP_002892,游览景区管理
DP_006561,游览景区管理
DP_000779,游览景区管理
DP_006418,游览景区管理
DP_003272,游览景区管理
DP_003413,游览景区管理
DP_003378,游览景区管理
DP_003401,游览景区管理
DP_003379,游览景区管理
DP_000740,旅游饭店
DP_002083,旅游饭店
DP_003937,旅游饭店
DP_000748,旅游饭店
DP_003363,旅游饭店
DP_002948,互联网信息服务
DP_005830,互联网信息服务
DP_003704,互联网信息服务
DP_003564,互联网信息服务
DP_003227,互联网信息服务
DP_004888,互联网信息服务
DP_004890,互联网信息服务
DP_000770,互联网信息服务
DP_001219,互联网信息服务
DP_003474,互联网信息服务
DP_000461,互联网信息服务
DP_003445,互联网信息服务
DP_003126,知识产权服务
DP_003131,知识产权服务
DP_003128,知识产权服务
DP_003129,知识产权服务
DP_003127,知识产权服务
DP_003132,知识产权服务
DP_000203,知识产权服务
DP_000199,知识产权服务
DP_000202,知识产权服务
DP_003123,知识产权服务
DP_003122,知识产权服务
DP_003121,知识产权服务
DP_000516,知识产权服务
DP_004689,知识产权服务
DP_003024,知识产权服务
DP_003016,知识产权服务
DP_001133,知识产权服务
DP_000105,知识产权服务
DP_000240,知识产权服务
DP_000090,知识产权服务
DP_000176,知识产权服务
DP_000377,知识产权服务
DP_004081,知识产权服务
DP_000378,知识产权服务
DP_000380,知识产权服务
DP_003996,知识产权服务
DP_003997,知识产权服务
DP_004741,知识产权服务
DP_003995,知识产权服务
DP_004018,知识产权服务
DP_003188,知识产权服务
DP_003577,知识产权服务
DP_005721,知识产权服务
DP_003579,知识产权服务
DP_003578,知识产权服务
DP_003646,知识产权服务
DP_003760,知识产权服务
DP_003731,知识产权服务
DP_001581,知识产权服务
DP_001797,人力资源服务
DP_001241,人力资源服务
DP_003145,人力资源服务
DP_001707,人力资源服务
DP_004639,人力资源服务
DP_000077,人力资源服务
DP_005120,人力资源服务
DP_000075,人力资源服务
DP_003136,人力资源服务
DP_000672,人力资源服务
DP_005112,人力资源服务
DP_001106,人力资源服务
DP_005113,人力资源服务
DP_003630,人力资源服务
DP_004789,人力资源服务
DP_000121,人力资源服务
DP_004001,人力资源服务
DP_000504,人力资源服务
DP_001677,人力资源服务
DP_003494,人力资源服务
DP_006096,人力资源服务
DP_003691,人力资源服务
DP_001914,人力资源服务
DP_005916,人力资源服务
DP_005997,人力资源服务
DP_005852,人力资源服务
DP_004745,人力资源服务
DP_002831,人力资源服务
DP_001250,人力资源服务
DP_003189,人力资源服务
DP_006661,人力资源服务
DP_001717,人力资源服务
DP_001725,人力资源服务
DP_003439,人力资源服务
DP_005667,化学药品原料药制造
DP_005569,化学药品原料药制造
DP_005616,化学药品原料药制造
DP_005615,化学药品原料药制造
DP_005648,化学药品原料药制造
DP_005571,化学药品原料药制造
DP_005631,化学药品原料药制造
DP_005666,化学药品原料药制造
DP_005617,化学药品原料药制造
DP_005586,化学药品原料药制造
DP_005606,化学药品原料药制造
DP_005618,化学药品原料药制造
DP_005632,化学药品原料药制造
DP_005588,化学药品原料药制造
DP_005540,化学药品原料药制造
DP_005649,化学药品原料药制造
DP_005587,化学药品原料药制造
DP_005661,化学药品原料药制造
DP_005556,化学药品原料药制造
DP_005491,化学药品原料药制造
DP_005578,化学药品原料药制造
DP_005580,化学药品原料药制造
DP_004970,化学药品原料药制造
DP_005492,化学药品原料药制造
DP_001490,化学药品原料药制造
DP_004963,化学药品原料药制造
DP_005667,化学药品制剂制造
DP_005568,化学药品制剂制造
DP_005539,化学药品制剂制造
DP_005543,化学药品制剂制造
DP_005607,化学药品制剂制造
DP_005484,化学药品制剂制造
DP_005597,化学药品制剂制造
DP_005621,化学药品制剂制造
DP_005647,化学药品制剂制造
DP_005577,化学药品制剂制造
DP_005625,化学药品制剂制造
DP_005651,化学药品制剂制造
DP_005640,化学药品制剂制造
DP_005654,化学药品制剂制造
DP_005485,化学药品制剂制造
DP_005656,化学药品制剂制造
DP_005624,化学药品制剂制造
DP_005652,化学药品制剂制造
DP_005642,化学药品制剂制造
DP_005611,化学药品制剂制造
DP_005489,化学药品制剂制造
DP_005499,化学药品制剂制造
DP_005490,化学药品制剂制造
DP_005614,化学药品制剂制造
DP_005612,化学药品制剂制造
DP_005540,化学药品制剂制造
DP_005649,化学药品制剂制造
DP_005554,化学药品制剂制造
DP_005488,化学药品制剂制造
DP_005619,化学药品制剂制造
DP_005538,化学药品制剂制造
DP_005604,化学药品制剂制造
DP_005592,化学药品制剂制造
DP_005555,化学药品制剂制造
DP_005657,化学药品制剂制造
DP_005587,化学药品制剂制造
DP_005613,化学药品制剂制造
DP_005659,化学药品制剂制造
DP_005561,化学药品制剂制造
DP_005610,化学药品制剂制造
DP_005566,化学药品制剂制造
DP_005557,化学药品制剂制造
DP_005565,化学药品制剂制造
DP_005556,化学药品制剂制造
DP_005491,化学药品制剂制造
DP_005583,化学药品制剂制造
DP_003878,化学药品制剂制造
DP_004978,化学药品制剂制造
DP_005667,其他基础化学原料制造
DP_000282,其他基础化学原料制造
DP_000275,其他基础化学原料制造
DP_005497,其他基础化学原料制造
DP_003062,其他资本市场服务
DP_002941,其他资本市场服务
DP_003612,其他资本市场服务
DP_004851,其他资本市场服务
DP_001097,其他资本市场服务
DP_004894,其他资本市场服务
DP_003642,其他资本市场服务
DP_003629,其他资本市场服务
DP_002643,其他资本市场服务
DP_003882,其他资本市场服务
DP_003082,其他资本市场服务
DP_005474,应用软件开发
DP_003133,应用软件开发
DP_003984,应用软件开发
DP_000524,应用软件开发
DP_006058,应用软件开发
DP_004736,应用软件开发
DP_003973,应用软件开发
DP_004113,应用软件开发
DP_004818,应用软件开发
DP_003759,应用软件开发
DP_003760,应用软件开发
DP_003922,应用软件开发
DP_000191,应用软件开发
DP_005730,应用软件开发
DP_000836,应用软件开发
DP_004361,测绘地理信息服务
DP_003416,测绘地理信息服务
DP_003385,测绘地理信息服务
DP_006452,综合零售
DP_006466,综合零售
DP_003512,综合零售
DP_000023,综合零售
DP_000046,综合零售
DP_004886,综合零售
DP_003252,综合零售
DP_003254,综合零售
DP_003251,综合零售
DP_003896,综合零售
DP_003514,综合零售
DP_003276,综合零售
DP_006500,综合零售
DP_004173,综合零售
DP_001396,综合零售
DP_001463,综合零售
DP_006101,综合零售
DP_000667,综合零售
DP_005157,其他数字金融
DP_000654,其他数字金融
DP_000052,其他数字金融
DP_005823,其他数字金融
DP_003614,其他数字金融
DP_005428,其他数字金融
DP_002726,其他数字金融
DP_001840,其他数字金融
DP_005261,其他数字金融
DP_006608,其他数字金融
DP_006267,其他数字金融
DP_006268,其他数字金融
DP_006599,其他数字金融
DP_000765,其他数字金融
DP_006357,其他数字金融
DP_003675,其他数字金融
DP_006086,其他数字金融
DP_006261,其他数字金融
DP_004474,其他数字金融
DP_004369,其他数字金融
DP_005217,其他数字金融
DP_003474,其他数字金融
DP_004441,其他数字金融
DP_002986,其他数字金融
DP_001560,其他数字金融
DP_006003,其他数字金融
DP_005424,其他数字金融
DP_002718,其他数字金融
DP_002722,其他数字金融
DP_002724,其他数字金融
DP_001817,其他数字金融
DP_002732,其他数字金融
DP_002731,其他数字金融
DP_005568,基础化学原料制造
DP_000345,基础化学原料制造
DP_000553,基础化学原料制造
DP_000276,基础化学原料制造
DP_000278,基础化学原料制造
DP_000529,基础化学原料制造
DP_000533,基础化学原料制造
DP_000535,基础化学原料制造
DP_000536,基础化学原料制造
DP_003548,基础化学原料制造
DP_003890,智慧医疗
DP_003889,智慧医疗
DP_005609,智慧医疗
DP_005573,智慧医疗
DP_005108,智慧医疗
DP_005890,智慧医疗
DP_005970,智慧医疗
DP_006050,智慧医疗
DP_005846,智慧医疗
DP_005889,智慧医疗
DP_005969,智慧医疗
DP_006049,智慧医疗
DP_005845,智慧医疗
DP_002231,智慧医疗
DP_005891,智慧医疗
DP_005971,智慧医疗
DP_006051,智慧医疗
DP_005847,智慧医疗
DP_005525,智慧医疗
DP_002077,智慧医疗
DP_000060,智慧医疗
DP_003185,智慧医疗
DP_005703,智慧医疗
DP_005559,智慧医疗
DP_003291,智慧医疗
DP_006078,智慧医疗
DP_003191,智慧医疗
DP_006335,智慧医疗
DP_003910,智慧医疗
DP_003911,智慧医疗
DP_003532,智慧医疗
DP_004519,智慧医疗
DP_001204,智慧医疗
DP_003540,智慧医疗
DP_003177,智慧医疗
DP_003183,智慧医疗
DP_003192,智慧医疗
DP_003518,智慧医疗
DP_003426,智慧医疗
DP_004968,智慧医疗
DP_000771,智慧医疗
DP_005524,智慧医疗
DP_005794,智慧医疗
DP_005931,智慧医疗
DP_006012,智慧医疗
DP_005641,生物药品制造
DP_000625,生物药品制造
DP_005480,生物药品制造
DP_003686,生物药品制造
DP_005645,生物药品制造
DP_005636,生物药品制造
DP_005556,生物药品制造
DP_005491,生物药品制造
DP_005497,生物药品制造
DP_005580,生物药品制造
DP_003877,生物药品制造
DP_005500,生物药品制造
DP_004315,锂离子电池制造
DP_004345,锂离子电池制造
DP_004287,锂离子电池制造
DP_004284,锂离子电池制造
DP_004290,锂离子电池制造
DP_004318,锂离子电池制造
DP_004278,锂离子电池制造
DP_003730,锂离子电池制造
DP_004285,锂离子电池制造
DP_000460,锂离子电池制造
DP_004902,锂离子电池制造
DP_004903,锂离子电池制造
DP_004901,锂离子电池制造
DP_003853,锂离子电池制造
DP_004263,锂离子电池制造
DP_004347,锂离子电池制造
DP_004376,锂离子电池制造
DP_004343,锂离子电池制造
DP_004377,锂离子电池制造
DP_000742,数字广告
DP_000239,数字广告
DP_000013,数字广告
DP_003310,数字广告
DP_004737,数字广告
DP_001853,数字广告
DP_003510,数字广告
DP_003535,数字广告
DP_002856,数字广告
DP_002857,数字广告
DP_003321,数字广告
DP_005585,医学研究和试验发展
DP_005607,医学研究和试验发展
DP_005487,医学研究和试验发展
DP_005660,医学研究和试验发展
DP_006666,医学研究和试验发展
DP_005560,医学研究和试验发展
DP_005538,医学研究和试验发展
DP_005639,医学研究和试验发展
DP_005498,医学研究和试验发展
DP_005566,医学研究和试验发展
DP_005556,医学研究和试验发展
DP_005576,医学研究和试验发展
DP_005482,医学研究和试验发展
DP_005501,医学研究和试验发展
DP_005623,医学研究和试验发展
DP_005535,医学研究和试验发展
DP_000928,灌溉活动
DP_003214,灌溉活动
DP_003215,灌溉活动
DP_003261,灌溉活动
DP_003213,灌溉活动
DP_006465,咨询与调查
DP_000200,咨询与调查
DP_000709,咨询与调查
DP_000710,咨询与调查
DP_000711,咨询与调查
DP_003587,咨询与调查
DP_003644,咨询与调查
DP_003111,咨询与调查
DP_002201,咨询与调查
DP_000033,咨询与调查
DP_001386,咨询与调查
DP_001385,咨询与调查
DP_000083,咨询与调查
DP_005062,咨询与调查
DP_003990,咨询与调查
DP_004559,咨询与调查
DP_005131,咨询与调查
DP_001137,咨询与调查
DP_001818,咨询与调查
DP_003647,咨询与调查
DP_003979,咨询与调查
DP_003824,咨询与调查
DP_003223,咨询与调查
DP_002121,咨询与调查
DP_002267,咨询与调查
DP_003297,咨询与调查
DP_003859,咨询与调查
DP_000503,咨询与调查
DP_002011,咨询与调查
DP_001854,咨询与调查
DP_004003,咨询与调查
DP_003883,咨询与调查
DP_003884,咨询与调查
DP_000252,咨询与调查
DP_003992,咨询与调查
DP_003508,咨询与调查
DP_003718,咨询与调查
DP_003509,咨询与调查
DP_003506,咨询与调查
DP_004120,咨询与调查
DP_003242,咨询与调查
DP_003991,咨询与调查
DP_004176,咨询与调查
DP_001525,咨询与调查
DP_001641,咨询与调查
DP_005727,咨询与调查
DP_001657,咨询与调查
DP_003421,咨询与调查
DP_005738,咨询与调查
DP_001695,咨询与调查
DP_000055,医院
DP_005607,医院
DP_005621,医院
DP_005594,医院
DP_005599,医院
DP_000345,医院
DP_005630,医院
DP_005663,医院
DP_005600,医院
DP_005596,医院
DP_005547,医院
DP_005650,医院
DP_005644,医院
DP_005662,医院
DP_005574,医院
DP_005537,医院
DP_005528,医院
DP_005503,医院
DP_005502,医院
DP_006666,医院
DP_000059,医院
DP_005655,医院
DP_003184,医院
DP_005538,医院
DP_005572,医院
DP_005553,医院
DP_005496,医院
DP_005643,医院
DP_005593,医院
DP_005478,医院
DP_006530,医院
DP_001251,医院
DP_004177,医院
DP_001407,医院
DP_003389,医院
DP_004977,医院
DP_004976,医院
DP_005481,医院
DP_005671,医院
DP_005595,医院
DP_005918,医院
DP_005999,医院
DP_005757,医院
DP_005807,医院
DP_005770,医院
DP_000888,谷物种植
DP_004312,谷物种植
DP_004306,谷物种植
DP_001030,谷物种植
DP_000938,谷物种植
DP_000988,谷物种植
DP_001039,谷物种植
DP_001048,谷物种植
DP_001015,谷物种植
DP_000948,谷物种植
DP_000949,谷物种植
DP_000892,谷物种植
DP_000885,谷物种植
DP_000736,谷物种植
DP_003384,谷物种植
DP_003378,谷物种植
DP_000871,谷物种植
DP_000873,谷物种植
DP_001025,谷物种植
DP_003380,谷物种植
DP_000980,谷物种植
DP_001032,谷物种植
DP_000963,谷物种植
DP_000984,谷物种植
DP_001041,谷物种植
DP_003394,谷物种植
DP_003373,谷物种植
DP_004166,其他数字化效率提升业
DP_003565,其他数字化效率提升业
DP_001285,其他数字化效率提升业
DP_003634,其他数字化效率提升业
DP_003729,其他数字化效率提升业
DP_004649,其他数字化效率提升业
DP_003566,其他数字化效率提升业
DP_005436,其他数字化效率提升业
DP_003586,其他数字化效率提升业
DP_003709,其他数字化效率提升业
DP_000004,其他数字化效率提升业
DP_003649,其他数字化效率提升业
DP_005476,其他数字化效率提升业
DP_001859,其他数字化效率提升业
DP_000497,其他数字化效率提升业
DP_003745,其他数字化效率提升业
DP_000458,其他数字化效率提升业
DP_003910,其他数字化效率提升业
DP_003911,其他数字化效率提升业
DP_000857,其他数字化效率提升业
DP_000808,其他数字化效率提升业
DP_000368,其他数字化效率提升业
DP_000231,其他数字化效率提升业
DP_004966,其他数字化效率提升业
DP_003364,其他数字化效率提升业
DP_004166,数字商贸
DP_001293,数字商贸
DP_001906,数字商贸
DP_001955,数字商贸
DP_003470,数字商贸
DP_001985,数字商贸
DP_002359,数字商贸
DP_002269,数字商贸
DP_002161,数字商贸
DP_002047,数字商贸
DP_001967,数字商贸
DP_005691,数字商贸
DP_000720,数字商贸
DP_003604,数字商贸
DP_004933,数字商贸
DP_000769,数字商贸
DP_003314,数字商贸
DP_006673,数字商贸
DP_003510,数字商贸
DP_000372,数字商贸
DP_004877,数字商贸
DP_000773,数字商贸
DP_000066,信息技术咨询服务
DP_004307,信息技术咨询服务
DP_000708,信息技术咨询服务
DP_000525,信息技术咨询服务
DP_000124,信息技术咨询服务
DP_004523,信息技术咨询服务
DP_003980,信息技术咨询服务
DP_006667,信息技术咨询服务
DP_003608,信息技术咨询服务
DP_005737,信息技术咨询服务
DP_005740,信息技术咨询服务
DP_003132,互联网平台
DP_003631,互联网平台
DP_000083,互联网平台
DP_005211,互联网平台
DP_005212,互联网平台
DP_005138,互联网平台
DP_005140,互联网平台
DP_002733,互联网平台
DP_003341,互联网平台
DP_000088,互联网平台
DP_003510,互联网平台
DP_001209,互联网平台
DP_000811,互联网平台
DP_003592,互联网平台
DP_003012,互联网平台
DP_001504,互联网平台
DP_004309,其他电池制造
DP_004344,其他电池制造
DP_004276,其他电池制造
DP_004319,其他电池制造
DP_003730,其他电池制造
DP_004908,其他电池制造
DP_004346,其他电池制造
DP_004342,其他电池制造
DP_004333,其他电池制造
DP_001285,休闲观光活动
DP_005188,休闲观光活动
DP_000758,休闲观光活动
DP_000777,休闲观光活动
DP_004528,休闲观光活动
DP_000029,休闲观光活动
DP_002893,休闲观光活动
DP_000714,休闲观光活动
DP_000770,休闲观光活动
DP_001461,休闲观光活动
DP_001400,休闲观光活动
DP_003377,休闲观光活动
DP_003398,休闲观光活动
DP_003382,休闲观光活动
DP_006103,休闲观光活动
DP_000772,休闲观光活动
DP_006416,休闲观光活动
DP_003400,休闲观光活动
DP_003385,休闲观光活动
DP_000744,休闲观光活动
DP_003364,休闲观光活动
DP_005679,休闲观光活动
DP_001285,互联网资讯服务
DP_003644,互联网资讯服务
DP_003703,互联网资讯服务
DP_000591,互联网资讯服务
DP_003716,互联网资讯服务
DP_000021,互联网资讯服务
DP_003624,互联网资讯服务
DP_001470,互联网资讯服务
DP_000299,互联网资讯服务
DP_004068,互联网资讯服务
DP_003228,互联网资讯服务
DP_004795,互联网资讯服务
DP_000436,互联网资讯服务
DP_001854,互联网资讯服务
DP_000186,互联网资讯服务
DP_000579,互联网资讯服务
DP_003731,互联网资讯服务
DP_000813,互联网资讯服务
DP_000812,互联网资讯服务
DP_003472,互联网资讯服务
DP_005479,互联网资讯服务
DP_003757,互联网资讯服务
DP_000349,互联网资讯服务
DP_003705,互联网资讯服务
DP_000221,互联网资讯服务
DP_002405,其他保险活动
DP_004894,其他保险活动
DP_004891,其他保险活动
DP_006583,其他保险活动
DP_006524,其他保险活动
DP_002215,其他保险活动
DP_002217,其他保险活动
DP_005607,基层医疗卫生服务
DP_005596,基层医疗卫生服务
DP_005522,基层医疗卫生服务
DP_005999,基层医疗卫生服务
DP_003746,其他信息技术服务业
DP_003476,其他信息技术服务业
DP_003477,其他信息技术服务业
DP_002823,其他信息技术服务业
DP_001640,其他信息技术服务业
DP_004885,其他信息技术服务业
DP_002916,证券市场服务
DP_005822,证券市场服务
DP_006027,证券市场服务
DP_005785,证券市场服务
DP_003056,证券市场服务
DP_003057,证券市场服务
DP_004812,证券市场服务
DP_003769,证券市场服务
DP_003755,证券市场服务
DP_001818,证券市场服务
DP_003751,证券市场服务
DP_001185,证券市场服务
DP_004100,证券市场服务
DP_003571,证券市场服务
DP_005904,证券市场服务
DP_005985,证券市场服务
DP_006065,证券市场服务
DP_005866,证券市场服务
DP_005903,证券市场服务
DP_005984,证券市场服务
DP_006064,证券市场服务
DP_005865,证券市场服务
DP_003572,证券市场服务
DP_006066,证券市场服务
DP_005867,证券市场服务
DP_003862,证券市场服务
DP_003679,证券市场服务
DP_003680,证券市场服务
DP_001872,证券市场服务
DP_004517,证券市场服务
DP_001427,证券市场服务
DP_000187,证券市场服务
DP_002447,证券市场服务
DP_002446,证券市场服务
DP_003987,证券市场服务
DP_004116,证券市场服务
DP_001268,证券市场服务
DP_004034,证券市场服务
DP_004032,证券市场服务
DP_004095,证券市场服务
DP_003737,证券市场服务
DP_000592,证券市场服务
DP_005925,证券市场服务
DP_006006,证券市场服务
DP_005764,证券市场服务
DP_005813,证券市场服务
DP_005937,证券市场服务
DP_006018,证券市场服务
DP_005776,证券市场服务
DP_006019,证券市场服务
DP_006225,互联网房地产业
DP_003147,互联网房地产业
DP_006213,互联网房地产业
DP_003584,互联网房地产业
DP_004552,互联网房地产业
DP_005010,互联网房地产业
DP_005007,互联网房地产业
DP_001277,互联网房地产业
DP_003014,互联网房地产业
DP_003015,互联网房地产业
DP_004155,互联网房地产业
DP_001088,互联网房地产业
DP_002116,互联网房地产业
DP_005476,互联网房地产业
DP_004785,互联网房地产业
DP_003652,互联网房地产业
DP_003503,互联网房地产业
DP_003638,互联网房地产业
DP_001421,互联网房地产业
DP_001476,互联网房地产业
DP_001474,互联网房地产业
DP_005996,互联网房地产业
DP_001449,互联网房地产业
DP_001389,互联网房地产业
DP_001388,互联网房地产业
DP_001394,互联网房地产业
DP_001390,互联网房地产业
DP_001465,互联网房地产业
DP_001464,互联网房地产业
DP_001406,互联网房地产业
DP_001404,互联网房地产业
DP_001403,互联网房地产业
DP_001416,互联网房地产业
DP_001440,互联网房地产业
DP_001436,互联网房地产业
DP_001439,互联网房地产业
DP_001455,互联网房地产业
DP_000357,互联网房地产业
DP_001460,互联网房地产业
DP_000386,互联网房地产业
DP_001441,互联网房地产业
DP_001255,互联网房地产业
DP_000384,互联网房地产业
DP_001442,互联网房地产业
DP_001411,互联网房地产业
DP_001466,互联网房地产业
DP_004446,互联网房地产业
DP_003426,互联网房地产业
DP_001646,互联网房地产业
DP_002858,互联网房地产业
DP_000438,互联网房地产业
DP_004619,互联网房地产业
DP_003725,环境保护专用设备制造
DP_003730,环境保护专用设备制造
DP_000489,环境保护专用设备制造
DP_003686,环境保护专用设备制造
DP_002311,环境保护专用设备制造
DP_001823,环境保护专用设备制造
DP_001596,环境保护专用设备制造
DP_000981,风能原动设备制造
DP_001014,风能原动设备制造
DP_000904,风能原动设备制造
DP_000912,风能原动设备制造
DP_000887,风能原动设备制造
DP_000941,风能原动设备制造
DP_000955,风能原动设备制造
DP_003730,风能原动设备制造
DP_000982,风能原动设备制造
DP_001022,风能原动设备制造
DP_000953,风能原动设备制造
DP_000956,风能原动设备制造
DP_001046,风能原动设备制造
DP_000983,风能原动设备制造
DP_001020,风能原动设备制造
DP_000951,风能原动设备制造
DP_003719,其他智能制造
DP_004271,其他智能制造
DP_003212,其他智能制造
DP_004957,其他智能制造
DP_004980,其他智能制造
DP_004971,其他智能制造
DP_004952,其他智能制造
DP_004951,其他智能制造
DP_004948,其他智能制造
DP_004944,其他智能制造
DP_004938,其他智能制造
DP_004964,其他智能制造
DP_003904,数字化餐饮
DP_003931,数字化餐饮
DP_006638,数字化餐饮
DP_005184,数字化餐饮
DP_001201,数字化餐饮
DP_001639,数字化餐饮
DP_001288,国家行政机构
DP_003338,国家行政机构
DP_000756,国家行政机构
DP_004191,国家行政机构
DP_001735,国家行政机构
DP_005650,国家行政机构
DP_003660,国家行政机构
DP_004231,国家行政机构
DP_004194,国家行政机构
DP_000039,国家行政机构
DP_005107,国家行政机构
DP_004245,国家行政机构
DP_004211,国家行政机构
DP_004235,国家行政机构
DP_004236,国家行政机构
DP_002826,国家行政机构
DP_004206,国家行政机构
DP_004202,国家行政机构
DP_001818,国家行政机构
DP_003550,国家行政机构
DP_003553,国家行政机构
DP_003418,国家行政机构
DP_001185,国家行政机构
DP_005538,国家行政机构
DP_004215,国家行政机构
DP_004201,国家行政机构
DP_004199,国家行政机构
DP_004214,国家行政机构
DP_003867,国家行政机构
DP_003868,国家行政机构
DP_004221,国家行政机构
DP_004226,国家行政机构
DP_003852,国家行政机构
DP_003297,国家行政机构
DP_004094,国家行政机构
DP_003874,国家行政机构
DP_003875,国家行政机构
DP_003861,国家行政机构
DP_003862,国家行政机构
DP_004515,国家行政机构
DP_003870,国家行政机构
DP_004888,国家行政机构
DP_003896,国家行政机构
DP_001854,国家行政机构
DP_003220,国家行政机构
DP_003882,国家行政机构
DP_000463,国家行政机构
DP_003883,国家行政机构
DP_003224,国家行政机构
DP_003884,国家行政机构
DP_003341,国家行政机构
DP_003839,国家行政机构
DP_003837,国家行政机构
DP_003508,国家行政机构
DP_003509,国家行政机构
DP_003278,国家行政机构
DP_003506,国家行政机构
DP_000784,国家行政机构
DP_003429,国家行政机构
DP_004089,国家行政机构
DP_000584,国家行政机构
DP_005677,国家行政机构
DP_006101,国家行政机构
DP_003520,国家行政机构
DP_003385,国家行政机构
DP_002708,国家行政机构
DP_000218,国家行政机构
DP_003386,国家行政机构
DP_003348,国家行政机构
DP_003390,国家行政机构
DP_003381,国家行政机构
DP_003356,国家行政机构
DP_003424,国家行政机构
DP_001288,其他商务服务业
DP_000710,其他商务服务业
DP_000711,其他商务服务业
DP_003022,其他商务服务业
DP_000119,其他商务服务业
DP_003663,其他商务服务业
DP_000168,其他商务服务业
DP_002067,其他商务服务业
DP_002438,其他商务服务业
DP_004775,其他商务服务业
DP_003769,其他商务服务业
DP_003696,其他商务服务业
DP_000285,其他商务服务业
DP_003697,其他商务服务业
DP_001094,其他商务服务业
DP_003550,其他商务服务业
DP_003622,其他商务服务业
DP_004787,其他商务服务业
DP_004033,其他商务服务业
DP_003985,其他商务服务业
DP_005263,其他商务服务业
DP_004112,其他商务服务业
DP_003689,其他商务服务业
DP_001721,其他商务服务业
DP_004792,其他商务服务业
DP_003423,其他商务服务业
DP_003882,其他商务服务业
DP_003515,其他商务服务业
DP_000268,其他商务服务业
DP_001328,其他商务服务业
DP_003611,其他商务服务业
DP_000842,其他商务服务业
DP_000821,其他商务服务业
DP_003106,其他商务服务业
DP_003339,其他商务服务业
DP_001815,其他商务服务业
DP_000788,其他商务服务业
DP_000789,其他商务服务业
DP_000792,其他商务服务业
DP_001638,其他商务服务业
DP_002707,其他商务服务业
DP_003432,其他商务服务业
DP_003446,其他商务服务业
DP_003445,其他商务服务业
DP_000230,其他商务服务业
DP_000856,其他商务服务业
DP_002978,非公开募集证券投资基金
DP_002976,非公开募集证券投资基金
DP_003630,非公开募集证券投资基金
DP_003653,非公开募集证券投资基金
DP_000508,非公开募集证券投资基金
DP_002346,非公开募集证券投资基金
DP_001900,非公开募集证券投资基金
DP_002345,非公开募集证券投资基金
DP_000510,非公开募集证券投资基金
DP_000511,非公开募集证券投资基金
DP_000514,非公开募集证券投资基金
DP_000509,非公开募集证券投资基金
DP_000073,智慧配送
DP_000074,智慧配送
DP_001314,智慧配送
DP_002330,智慧配送
DP_002331,智慧配送
DP_002332,智慧配送
DP_002465,智慧配送
DP_002466,智慧配送
DP_002469,智慧配送
DP_002259,智慧配送
DP_002260,智慧配送
DP_002261,智慧配送
DP_001088,智慧配送
DP_001383,智慧配送
DP_005145,智慧配送
DP_003175,智慧配送
DP_001356,智慧配送
DP_003345,智慧配送
DP_002291,智慧配送
DP_005074,网上社会保障服务
DP_005076,网上社会保障服务
DP_005068,网上社会保障服务
DP_003029,网上社会保障服务
DP_003137,网上社会保障服务
DP_003489,网上社会保障服务
DP_003496,网上社会保障服务
DP_003493,网上社会保障服务
DP_002882,网上社会保障服务
DP_005172,网上社会保障服务
DP_005483,中药饮片加工
DP_005549,中药饮片加工
DP_005551,中药饮片加工
DP_005658,中药饮片加工
DP_005550,中药饮片加工
DP_005598,中药饮片加工
DP_005546,中药饮片加工
DP_005556,中药饮片加工
DP_002936,其他未列明建筑业
DP_003725,智能制造
DP_003719,智能制造
DP_004634,智能制造
DP_003685,智能制造
DP_003123,智能制造
DP_003585,智能制造
DP_004270,智能制造
DP_004585,智能制造
DP_003687,智能制造
DP_003686,智能制造
DP_003774,智能制造
DP_003632,智能制造
DP_005690,智能制造
DP_004243,智能制造
DP_006673,智能制造
DP_004274,智能制造
DP_006678,智能制造
DP_004336,智能制造
DP_003209,智能制造
DP_003218,智能制造
DP_000437,智能制造
DP_005304,智能制造
DP_003217,智能制造
DP_000085,智能制造
DP_004330,智能制造
DP_004965,智能制造
DP_004955,智能制造
DP_004975,智能制造
DP_004956,智能制造
DP_003667,智能制造
DP_004968,智能制造
DP_000228,智能制造
DP_003364,智能制造
DP_004939,智能制造
DP_004302,智能制造
DP_004947,智能制造
DP_004326,智能制造
DP_002307,食品、饮料及烟草制品批发
DP_003147,房地产开发经营
DP_000600,房地产开发经营
DP_001702,房地产开发经营
DP_004676,房地产开发经营
DP_005017,房地产开发经营
DP_004620,房地产开发经营
DP_000006,房地产开发经营
DP_000012,房地产开发经营
DP_003309,房地产开发经营
DP_003308,房地产开发经营
DP_000061,房地产开发经营
DP_000267,房地产开发经营
DP_004043,房地产开发经营
DP_003431,房地产开发经营
DP_004110,房地产开发经营
DP_002191,房地产开发经营
DP_005463,房地产开发经营
DP_002169,房地产开发经营
DP_002123,房地产开发经营
DP_006555,房地产开发经营
DP_002192,房地产开发经营
DP_006615,房地产开发经营
DP_003652,房地产开发经营
DP_006556,房地产开发经营
DP_002122,房地产开发经营
DP_000599,房地产开发经营
DP_002119,房地产开发经营
DP_002121,房地产开发经营
DP_003638,房地产开发经营
DP_002189,房地产开发经营
DP_002124,房地产开发经营
DP_001425,房地产开发经营
DP_002463,房地产开发经营
DP_002184,房地产开发经营
DP_000429,房地产开发经营
DP_000426,房地产开发经营
DP_003752,房地产开发经营
DP_001420,房地产开发经营
DP_001471,房地产开发经营
DP_001418,房地产开发经营
DP_003486,房地产开发经营
DP_001423,房地产开发经营
DP_001419,房地产开发经营
DP_003485,房地产开发经营
DP_001444,房地产开发经营
DP_001445,房地产开发经营
DP_001451,房地产开发经营
DP_001472,房地产开发经营
DP_001450,房地产开发经营
DP_006402,房地产开发经营
DP_000388,房地产开发经营
DP_001402,房地产开发经营
DP_001415,房地产开发经营
DP_003514,房地产开发经营
DP_001435,房地产开发经营
DP_001454,房地产开发经营
DP_000385,房地产开发经营
DP_001396,房地产开发经营
DP_000391,房地产开发经营
DP_000389,房地产开发经营
DP_000392,房地产开发经营
DP_000387,房地产开发经营
DP_001468,房地产开发经营
DP_000390,房地产开发经营
DP_003429,房地产开发经营
DP_001433,房地产开发经营
DP_001413,房地产开发经营
DP_000610,房地产开发经营
DP_001412,房地产开发经营
DP_001432,房地产开发经营
DP_001525,房地产开发经营
DP_001422,房地产开发经营
DP_001598,房地产开发经营
DP_000831,房地产开发经营
DP_000859,房地产开发经营
DP_004551,房地产开发经营
DP_005670,质检技术服务
DP_005681,质检技术服务
DP_004311,安全系统监控服务
DP_002627,安全系统监控服务
DP_004392,安全系统监控服务
DP_003185,安全系统监控服务
DP_003505,安全系统监控服务
DP_006667,安全系统监控服务
DP_004448,安全系统监控服务
DP_001832,安全系统监控服务
DP_001059,安全系统监控服务
DP_003377,安全系统监控服务
DP_003382,安全系统监控服务
DP_001750,安全系统监控服务
DP_002238,安全系统监控服务
DP_003426,安全系统监控服务
DP_004171,安全系统监控服务
DP_001647,安全系统监控服务
DP_002213,安全系统监控服务
DP_002212,安全系统监控服务
DP_003364,安全系统监控服务
DP_002210,安全系统监控服务
DP_002223,安全系统监控服务
DP_002214,安全系统监控服务
DP_002618,安全系统监控服务
DP_002622,安全系统监控服务
DP_002608,安全系统监控服务
DP_003402,安全系统监控服务
DP_003371,安全系统监控服务
DP_003396,安全系统监控服务
DP_001951,互联网批发
DP_001947,互联网批发
DP_002066,互联网批发
DP_001998,互联网批发
DP_002439,互联网批发
DP_002417,互联网批发
DP_002089,互联网批发
DP_001975,互联网批发
DP_002651,互联网批发
DP_002002,互联网批发
DP_001997,互联网批发
DP_005185,互联网批发
DP_003313,互联网批发
DP_000712,互联网批发
DP_000713,互联网批发
DP_005310,互联网批发
DP_006085,互联网批发
DP_002907,互联网批发
DP_002896,互联网批发
DP_002620,互联网批发
DP_001578,互联网批发
DP_003316,互联网批发
DP_001027,水上货物运输
DP_006686,水上货物运输
DP_000039,水上货物运输
DP_004245,水上货物运输
DP_001836,水上货物运输
DP_001051,水上货物运输
DP_003367,水上货物运输
DP_003380,水上货物运输
DP_006683,水上货物运输
DP_006682,水上货物运输
DP_000980,水上货物运输
DP_000960,水上货物运输
DP_003381,水上货物运输
DP_003403,水上货物运输
DP_002961,住宅房屋建筑
DP_003892,住宅房屋建筑
DP_001821,住宅房屋建筑
DP_004067,住宅房屋建筑
DP_000393,住宅房屋建筑
DP_005464,住宅房屋建筑
DP_001326,住宅房屋建筑
DP_004059,住宅房屋建筑
DP_004054,住宅房屋建筑
DP_004057,住宅房屋建筑
DP_004129,住宅房屋建筑
DP_003988,住宅房屋建筑
DP_001434,住宅房屋建筑
DP_003195,住宅房屋建筑
DP_005729,住宅房屋建筑
DP_005469,住宅房屋建筑
DP_000824,住宅房屋建筑
DP_000827,住宅房屋建筑
DP_001604,住宅房屋建筑
DP_000799,住宅房屋建筑
DP_003367,住宅房屋建筑
DP_000798,住宅房屋建筑
DP_001566,住宅房屋建筑
DP_000422,铁路、道路、隧道和桥梁工程建筑
DP_004558,铁路、道路、隧道和桥梁工程建筑
DP_001326,铁路、道路、隧道和桥梁工程建筑
DP_002187,铁路、道路、隧道和桥梁工程建筑
DP_002186,铁路、道路、隧道和桥梁工程建筑
DP_002909,铁路、道路、隧道和桥梁工程建筑
DP_005478,铁路、道路、隧道和桥梁工程建筑
DP_001831,铁路、道路、隧道和桥梁工程建筑
DP_002168,铁路、道路、隧道和桥梁工程建筑
DP_002650,铁路、道路、隧道和桥梁工程建筑
DP_005594,蔬菜种植
DP_004231,蔬菜种植
DP_004193,蔬菜种植
DP_003281,蔬菜种植
DP_001603,蔬菜种植
DP_001726,其他农业专业及辅助性活动
DP_003701,其他农业专业及辅助性活动
DP_003627,其他农业专业及辅助性活动
DP_004840,其他农业专业及辅助性活动
DP_004837,其他农业专业及辅助性活动
DP_004841,其他农业专业及辅助性活动
DP_004836,其他农业专业及辅助性活动
DP_004229,其他农业专业及辅助性活动
DP_000729,其他农业专业及辅助性活动
DP_000673,其他农业专业及辅助性活动
DP_003210,其他农业专业及辅助性活动
DP_003400,其他农业专业及辅助性活动
DP_001729,其他农业专业及辅助性活动
DP_003412,其他农业专业及辅助性活动
DP_004189,专业公共卫生服务
DP_004190,专业公共卫生服务
DP_005999,专业公共卫生服务
DP_002962,建筑装饰和装修业
DP_000156,建筑装饰和装修业
DP_001408,建筑装饰和装修业
DP_001434,建筑装饰和装修业
DP_000451,建筑装饰和装修业
DP_003452,建筑装饰和装修业
DP_003449,建筑装饰和装修业
DP_003336,柑橘类种植
DP_003337,柑橘类种植
DP_004210,柑橘类种植
DP_004205,柑橘类种植
DP_004204,柑橘类种植
DP_004203,柑橘类种植
DP_003336,农、林、牧、渔产品批发
DP_000046,农、林、牧、渔产品批发
DP_002826,农、林、牧、渔产品批发
DP_004240,农、林、牧、渔产品批发
DP_004215,农、林、牧、渔产品批发
DP_004201,农、林、牧、渔产品批发
DP_004214,农、林、牧、渔产品批发
DP_004218,农、林、牧、渔产品批发
DP_001493,农、林、牧、渔产品批发
DP_001546,农、林、牧、渔产品批发
DP_001549,农、林、牧、渔产品批发
DP_001519,农、林、牧、渔产品批发
DP_000028,农、林、牧、渔产品批发
DP_005570,化妆品制造
DP_005590,化妆品制造
DP_005665,化妆品制造
DP_004177,化妆品制造
DP_003133,基础软件开发
DP_003134,基础软件开发
DP_005305,基础软件开发
DP_004688,基础软件开发
DP_000522,基础软件开发
DP_003759,基础软件开发
DP_002957,其他房屋建筑业
DP_002958,其他房屋建筑业
DP_002185,其他房屋建筑业
DP_004050,其他房屋建筑业
DP_001829,其他房屋建筑业
DP_002649,其他房屋建筑业
DP_005469,其他房屋建筑业
DP_001499,其他房屋建筑业
DP_003338,仁果类和核果类水果种植
DP_004211,仁果类和核果类水果种植
DP_004197,仁果类和核果类水果种植
DP_004236,仁果类和核果类水果种植
DP_004228,仁果类和核果类水果种植
DP_004200,仁果类和核果类水果种植
DP_004206,仁果类和核果类水果种植
DP_004207,仁果类和核果类水果种植
DP_004240,仁果类和核果类水果种植
DP_004209,仁果类和核果类水果种植
DP_004212,仁果类和核果类水果种植
DP_004230,仁果类和核果类水果种植
DP_005646,药用辅料及包装材料制造
DP_005587,药用辅料及包装材料制造
DP_000931,数字林业
DP_000930,数字林业
DP_001642,数字林业
DP_003124,出版业
DP_003125,出版业
DP_004586,出版业
DP_004746,出版业
DP_004009,出版业
DP_000575,出版业
DP_000709,其他未列明服务业
DP_000708,其他未列明服务业
DP_001826,其他未列明服务业
DP_003386,其他未列明服务业
DP_005616,高等教育
DP_003542,高等教育
DP_005478,高等教育
DP_006679,高等教育
DP_003380,高等教育
DP_002965,电信
DP_002985,电信
DP_001861,电信
DP_001175,电信
DP_002966,电信
DP_003003,电信
DP_003008,电信
DP_005829,电信
DP_006034,电信
DP_004832,电信
DP_004835,电信
DP_005955,电信
DP_004651,电信
DP_005864,电信
DP_004833,电信
DP_001776,电信
DP_002827,电信
DP_001678,电信
DP_001745,电信
DP_001755,电信
DP_001765,电信
DP_001781,电信
DP_001753,电信
DP_001754,电信
DP_002220,电信
DP_002314,电信
DP_000265,电信
DP_001740,电信
DP_001672,电信
DP_001671,电信
DP_004079,电信
DP_005748,电信
DP_001786,电信
DP_005752,电信
DP_005747,电信
DP_002057,电信
DP_006077,电信
DP_005838,电信
DP_005477,电信
DP_005744,电信
DP_004134,电信
DP_002974,电信
DP_001759,电信
DP_000768,电信
DP_005792,电信
DP_005952,电信
DP_004471,电信
DP_005791,电信
DP_006032,电信
DP_001761,电信
DP_005728,电信
DP_005796,电信
DP_006001,电信
DP_005759,电信
DP_004296,电信
DP_003539,电信
DP_001263,电信
DP_002774,电信
DP_006481,电信
DP_004989,电信
DP_002964,电信
DP_002970,电信
DP_002982,电信
DP_002947,电信
DP_004988,电信
DP_004255,电信
DP_002600,电信
DP_002967,电信
DP_002998,电信
DP_002971,电信
DP_003426,电信
DP_000762,电信
DP_002737,电信
DP_002972,电信
DP_002952,电信
DP_000494,电信
DP_004701,电信
DP_000866,电信
DP_004401,电动机制造
DP_004409,电动机制造
DP_004339,电动机制造
DP_004395,电动机制造
DP_004413,电动机制造
DP_004408,电动机制造
DP_004406,电动机制造
DP_003108,建筑用木料及木材组件加工
DP_002183,建筑用木料及木材组件加工
DP_003125,软件开发
DP_003171,软件开发
DP_001198,软件开发
DP_000499,软件开发
DP_000051,物联网技术服务
DP_001316,物联网技术服务
DP_000051,可穿戴智能设备制造
DP_000051,互联网数据服务
DP_005863,互联网数据服务
DP_005209,互联网数据服务
DP_003696,互联网数据服务
DP_003699,互联网数据服务
DP_002125,互联网数据服务
DP_001739,互联网数据服务
DP_001862,互联网数据服务
DP_005769,互联网数据服务
DP_003306,互联网数据服务
DP_003731,互联网数据服务
DP_001217,互联网数据服务
DP_001215,互联网数据服务
DP_003783,互联网数据服务
DP_002741,互联网数据服务
DP_000823,互联网数据服务
DP_000695,互联网数据服务
DP_000575,互联网数据服务
DP_004362,互联网数据服务
DP_003700,互联网数据服务
DP_000801,互联网数据服务
DP_003460,互联网数据服务
DP_000462,互联网数据服务
DP_004608,汽车、摩托车、零配件和燃料及其他动力销售
DP_002270,汽车、摩托车、零配件和燃料及其他动力销售
DP_005201,汽车、摩托车、零配件和燃料及其他动力销售
DP_006214,汽车、摩托车、零配件和燃料及其他动力销售
DP_004679,汽车、摩托车、零配件和燃料及其他动力销售
DP_006095,汽车、摩托车、零配件和燃料及其他动力销售
DP_006089,汽车、摩托车、零配件和燃料及其他动力销售
DP_004629,汽车、摩托车、零配件和燃料及其他动力销售
DP_003970,汽车、摩托车、零配件和燃料及其他动力销售
DP_003933,汽车、摩托车、零配件和燃料及其他动力销售
DP_006090,汽车、摩托车、零配件和燃料及其他动力销售
DP_002245,汽车、摩托车、零配件和燃料及其他动力销售
DP_002526,汽车、摩托车、零配件和燃料及其他动力销售
DP_002521,汽车、摩托车、零配件和燃料及其他动力销售
DP_002520,汽车、摩托车、零配件和燃料及其他动力销售
DP_000026,汽车、摩托车、零配件和燃料及其他动力销售
DP_005896,汽车、摩托车、零配件和燃料及其他动力销售
DP_005976,汽车、摩托车、零配件和燃料及其他动力销售
DP_001895,汽车、摩托车、零配件和燃料及其他动力销售
DP_006056,汽车、摩托车、零配件和燃料及其他动力销售
DP_005854,汽车、摩托车、零配件和燃料及其他动力销售
DP_005895,汽车、摩托车、零配件和燃料及其他动力销售
DP_002101,汽车、摩托车、零配件和燃料及其他动力销售
DP_005975,汽车、摩托车、零配件和燃料及其他动力销售
DP_006055,汽车、摩托车、零配件和燃料及其他动力销售
DP_005853,汽车、摩托车、零配件和燃料及其他动力销售
DP_005977,汽车、摩托车、零配件和燃料及其他动力销售
DP_006057,汽车、摩托车、零配件和燃料及其他动力销售
DP_006644,汽车、摩托车、零配件和燃料及其他动力销售
DP_004681,汽车、摩托车、零配件和燃料及其他动力销售
DP_006270,汽车、摩托车、零配件和燃料及其他动力销售
DP_006542,汽车、摩托车、零配件和燃料及其他动力销售
DP_006429,汽车、摩托车、零配件和燃料及其他动力销售
DP_001858,汽车、摩托车、零配件和燃料及其他动力销售
DP_001857,汽车、摩托车、零配件和燃料及其他动力销售
DP_004386,汽车、摩托车、零配件和燃料及其他动力销售
DP_003462,汽车、摩托车、零配件和燃料及其他动力销售
DP_006623,汽车、摩托车、零配件和燃料及其他动力销售
DP_006564,汽车、摩托车、零配件和燃料及其他动力销售
DP_006624,汽车、摩托车、零配件和燃料及其他动力销售
DP_004260,汽车、摩托车、零配件和燃料及其他动力销售
DP_001273,汽车、摩托车、零配件和燃料及其他动力销售
DP_004427,汽车、摩托车、零配件和燃料及其他动力销售
DP_004157,汽车、摩托车、零配件和燃料及其他动力销售
DP_004161,汽车、摩托车、零配件和燃料及其他动力销售
DP_004159,汽车、摩托车、零配件和燃料及其他动力销售
DP_003558,汽车、摩托车、零配件和燃料及其他动力销售
DP_004165,汽车、摩托车、零配件和燃料及其他动力销售
DP_004492,汽车、摩托车、零配件和燃料及其他动力销售
DP_002042,汽车、摩托车、零配件和燃料及其他动力销售
DP_003908,汽车、摩托车、零配件和燃料及其他动力销售
DP_002508,汽车、摩托车、零配件和燃料及其他动力销售
DP_002516,汽车、摩托车、零配件和燃料及其他动力销售
DP_002517,汽车、摩托车、零配件和燃料及其他动力销售
DP_002037,汽车、摩托车、零配件和燃料及其他动力销售
DP_000689,汽车、摩托车、零配件和燃料及其他动力销售
DP_004385,汽车、摩托车、零配件和燃料及其他动力销售
DP_002513,汽车、摩托车、零配件和燃料及其他动力销售
DP_001896,汽车、摩托车、零配件和燃料及其他动力销售
DP_001897,汽车、摩托车、零配件和燃料及其他动力销售
DP_003665,汽车、摩托车、零配件和燃料及其他动力销售
DP_001898,汽车、摩托车、零配件和燃料及其他动力销售
DP_002496,汽车、摩托车、零配件和燃料及其他动力销售
DP_000330,其他数字化商务服务
DP_005599,医药及医疗器材专门零售
DP_005493,医药及医疗器材专门零售
DP_005629,医药及医疗器材专门零售
DP_005540,医药及医疗器材专门零售
DP_005538,医药及医疗器材专门零售
DP_005556,医药及医疗器材专门零售
DP_003293,医药及医疗器材专门零售
DP_001407,医药及医疗器材专门零售
DP_006263,医药及医疗器材专门零售
DP_003585,数字化批发
DP_002152,数字化批发
DP_003660,数字化批发
DP_003119,数字化批发
DP_003036,数字化批发
DP_005417,数字化批发
DP_004765,数字化批发
DP_000233,数字化批发
DP_003876,数字化批发
DP_002890,数字化批发
DP_005422,数字化批发
DP_003343,数字化批发
DP_003277,数字化批发
DP_001201,数字化批发
DP_000087,数字化批发
DP_006405,数字化批发
DP_002857,数字化批发
DP_001650,数字化批发
DP_000235,数字化批发
DP_003318,数字化批发
DP_000751,汽柴油车整车制造
DP_000752,汽柴油车整车制造
DP_004926,汽柴油车整车制造
DP_004931,汽柴油车整车制造
DP_006091,汽柴油车整车制造
DP_006093,汽柴油车整车制造
DP_002246,汽柴油车整车制造
DP_002181,汽柴油车整车制造
DP_002518,汽柴油车整车制造
DP_005855,汽柴油车整车制造
DP_003833,汽柴油车整车制造
DP_003880,汽柴油车整车制造
DP_003832,汽柴油车整车制造
DP_003867,汽柴油车整车制造
DP_003868,汽柴油车整车制造
DP_003866,汽柴油车整车制造
DP_003638,汽柴油车整车制造
DP_003849,汽柴油车整车制造
DP_003869,汽柴油车整车制造
DP_003865,汽柴油车整车制造
DP_005137,汽柴油车整车制造
DP_003864,汽柴油车整车制造
DP_003861,汽柴油车整车制造
DP_003870,汽柴油车整车制造
DP_003872,汽柴油车整车制造
DP_001856,汽柴油车整车制造
DP_004168,汽柴油车整车制造
DP_004381,汽柴油车整车制造
DP_004317,汽柴油车整车制造
DP_006671,汽柴油车整车制造
DP_006668,汽柴油车整车制造
DP_006670,汽柴油车整车制造
DP_004164,汽柴油车整车制造
DP_004158,汽柴油车整车制造
DP_004303,汽柴油车整车制造
DP_002035,汽柴油车整车制造
DP_003668,汽柴油车整车制造
DP_001490,汽柴油车整车制造
DP_003666,汽柴油车整车制造
DP_003425,汽柴油车整车制造
DP_000952,电力生产
DP_003730,电力生产
DP_001048,电力生产
DP_004900,电力生产
DP_005171,电力生产
DP_003250,电力生产
DP_003213,电力生产
DP_001326,电力生产
DP_003349,电力生产
DP_003459,电力生产
DP_003376,电力生产
DP_003378,电力生产
DP_003401,电力生产
DP_003389,电力生产
DP_001016,电力生产
DP_000987,电力生产
DP_003370,电力生产
DP_004283,汽车零部件及配件制造
DP_004272,汽车零部件及配件制造
DP_000717,汽车零部件及配件制造
DP_005979,汽车零部件及配件制造
DP_003832,汽车零部件及配件制造
DP_003852,汽车零部件及配件制造
DP_003849,汽车零部件及配件制造
DP_003871,汽车零部件及配件制造
DP_003864,汽车零部件及配件制造
DP_006669,汽车零部件及配件制造
DP_004163,汽车零部件及配件制造
DP_004396,汽车零部件及配件制造
DP_004395,汽车零部件及配件制造
DP_004405,汽车零部件及配件制造
DP_004410,汽车零部件及配件制造
DP_004398,汽车零部件及配件制造
DP_004403,汽车零部件及配件制造
DP_004400,汽车零部件及配件制造
DP_004258,汽车零部件及配件制造
DP_002086,汽车零部件及配件制造
DP_004377,汽车零部件及配件制造
DP_000234,汽车零部件及配件制造
DP_003591,汽车零部件及配件制造
DP_004973,汽车零部件及配件制造
DP_004301,汽车零部件及配件制造
DP_004394,汽车零部件及配件制造
DP_004408,汽车零部件及配件制造
DP_004399,汽车零部件及配件制造
DP_004412,汽车零部件及配件制造
DP_004341,汽车零部件及配件制造
DP_000063,网络借贷服务
DP_001673,网络借贷服务
DP_000064,网络借贷服务
DP_000065,网络借贷服务
DP_001775,网络借贷服务
DP_000079,网络借贷服务
DP_004528,网络借贷服务
DP_001841,网络借贷服务
DP_001847,网络借贷服务
DP_001848,网络借贷服务
DP_005053,网络借贷服务
DP_000765,网络借贷服务
DP_004131,网络借贷服务
DP_000767,网络借贷服务
DP_002869,网络借贷服务
DP_002870,网络借贷服务
DP_004430,网络借贷服务
DP_002873,网络借贷服务
DP_006674,网络借贷服务
DP_003417,网络借贷服务
DP_004477,网络借贷服务
DP_002833,网络借贷服务
DP_004420,网络借贷服务
DP_004423,网络借贷服务
DP_000696,网络借贷服务
DP_005448,网络借贷服务
DP_004432,网络借贷服务
DP_004172,网络借贷服务
DP_000043,网络借贷服务
DP_000045,网络借贷服务
DP_001233,网络借贷服务
DP_001717,网络借贷服务
DP_001756,网络借贷服务
DP_001849,网络借贷服务
DP_000754,电车制造
DP_004411,电车制造
DP_005669,其他未列明食品制造
DP_003600,其他未列明食品制造
DP_005061,其他未列明食品制造
DP_005109,其他未列明食品制造
DP_002658,其他未列明食品制造
DP_004125,其他未列明食品制造
DP_000639,其他未列明食品制造
DP_000640,其他未列明食品制造
DP_001993,互联网批发零售
DP_002013,互联网批发零售
DP_001905,互联网批发零售
DP_003930,互联网批发零售
DP_002640,互联网批发零售
DP_002105,互联网批发零售
DP_002440,互联网批发零售
DP_000083,互联网批发零售
DP_001928,互联网批发零售
DP_002604,互联网批发零售
DP_001934,互联网批发零售
DP_002409,互联网批发零售
DP_001981,互联网批发零售
DP_002657,互联网批发零售
DP_002309,互联网批发零售
DP_001908,互联网批发零售
DP_002248,互联网批发零售
DP_001980,互联网批发零售
DP_001999,互联网批发零售
DP_002139,互联网批发零售
DP_001090,互联网批发零售
DP_003470,智慧城市
DP_000994,智能水上运输
DP_006685,智能水上运输
DP_003717,智能水上运输
DP_001053,智能水上运输
DP_000962,智能水上运输
DP_006684,智能水上运输
DP_003366,智能水上运输
DP_000993,智能水上运输
DP_001703,基本保险
DP_003587,广播
DP_005210,广播
DP_005215,广播
DP_003231,广播
DP_000786,广播
DP_003301,广播
DP_005004,广播
DP_001652,广播
DP_005679,广播
DP_003020,资本投资服务
DP_003019,资本投资服务
DP_003021,资本投资服务
DP_001095,资本投资服务
DP_003643,资本投资服务
DP_004051,资本投资服务
DP_001818,资本投资服务
DP_003630,资本投资服务
DP_005603,资本投资服务
DP_003657,资本投资服务
DP_003573,资本投资服务
DP_003850,资本投资服务
DP_003875,资本投资服务
DP_003848,资本投资服务
DP_004022,资本投资服务
DP_003680,资本投资服务
DP_003999,资本投资服务
DP_004119,资本投资服务
DP_004101,资本投资服务
DP_003082,资本投资服务
DP_003586,其他互联网相关服务
DP_003686,其他互联网相关服务
DP_005745,其他互联网相关服务
DP_006098,其他互联网相关服务
DP_003918,其他互联网相关服务
DP_003471,其他互联网相关服务
DP_002973,其他互联网相关服务
DP_000626,其他互联网相关服务
DP_004892,金融信托与管理服务
DP_005571,专项化学用品制造
DP_000554,专项化学用品制造
DP_005786,非货币银行服务
DP_004893,非货币银行服务
DP_004891,非货币银行服务
DP_000680,非货币银行服务
DP_006539,非货币银行服务
DP_000715,非货币银行服务
DP_003427,非货币银行服务
DP_000722,非货币银行服务
DP_005922,非货币银行服务
DP_006015,非货币银行服务
DP_003441,非货币银行服务
DP_005253,计算机、软件及辅助设备批发
DP_000483,互联网海关服务
DP_000484,互联网海关服务
DP_003119,互联网海关服务
DP_003118,互联网海关服务
DP_000142,互联网海关服务
DP_000467,互联网海关服务
DP_005664,保健食品制造
DP_005558,保健食品制造
DP_005589,保健食品制造
DP_006686,水上旅客运输
DP_001836,水上旅客运输
DP_003379,水上旅客运输
DP_001180,非金融机构支付服务
DP_006646,非金融机构支付服务
DP_006123,非金融机构支付服务
DP_002702,非金融机构支付服务
DP_001182,非金融机构支付服务
DP_001198,非金融机构支付服务
DP_000787,非金融机构支付服务
DP_002145,非金融机构支付服务
DP_001686,非金融机构支付服务
DP_005453,非金融机构支付服务
DP_002806,非金融机构支付服务
DP_001784,非金融机构支付服务
DP_006101,非金融机构支付服务
DP_003004,非金融机构支付服务
DP_006686,水上运输辅助活动
DP_001738,水上运输辅助活动
DP_004245,水上运输辅助活动
DP_006682,水上运输辅助活动
DP_003408,水上运输辅助活动
DP_003407,水上运输辅助活动
DP_003409,水上运输辅助活动
DP_001036,通用航空服务
DP_003844,通用航空服务
DP_004635,其他未列明制造业
DP_003600,其他未列明制造业
DP_001185,其他未列明制造业
DP_000135,其他未列明制造业
DP_004321,其他未列明制造业
DP_005685,其他未列明制造业
DP_005739,其他未列明制造业
DP_003150,贸易经纪与代理
DP_000683,贸易经纪与代理
DP_003713,贸易经纪与代理
DP_001135,贸易经纪与代理
DP_004114,贸易经纪与代理
DP_004820,贸易经纪与代理
DP_004821,贸易经纪与代理
DP_005182,贸易经纪与代理
DP_000805,贸易经纪与代理
DP_003329,贸易经纪与代理
DP_003326,贸易经纪与代理
DP_000810,贸易经纪与代理
DP_003730,核燃料加工
DP_003730,光伏设备及元器件制造
DP_003730,原油加工及石油制品制造
DP_003730,生物质燃料加工
DP_003686,生物质燃料加工
DP_000344,塑料薄膜制造
DP_004273,智能车载设备制造
DP_003511,智能车载设备制造
DP_001199,智能车载设备制造
DP_005978,智能车载设备制造
DP_005980,智能车载设备制造
DP_004889,智能车载设备制造
DP_003507,智能车载设备制造
DP_003510,智能车载设备制造
DP_003506,智能车载设备制造
DP_002859,智能车载设备制造
DP_004376,智能车载设备制造
DP_004375,智能车载设备制造
DP_004934,其他智能交通
DP_005957,其他智能交通
DP_000019,其他智能交通
DP_001199,其他智能交通
DP_005459,其他智能交通
DP_003482,其他智能交通
DP_001177,互联网安全服务
DP_004858,互联网安全服务
DP_002996,互联网安全服务
DP_001767,互联网安全服务
DP_005695,互联网安全服务
DP_001935,互联网安全服务
DP_001672,互联网安全服务
DP_002146,互联网安全服务
DP_001936,互联网安全服务
DP_002049,互联网安全服务
DP_002053,互联网安全服务
DP_005202,互联网安全服务
DP_005205,互联网安全服务
DP_004133,互联网安全服务
DP_002282,互联网安全服务
DP_004142,互联网安全服务
DP_002647,互联网安全服务
DP_002766,互联网安全服务
DP_002781,互联网安全服务
DP_002835,互联网安全服务
DP_002742,互联网安全服务
DP_002740,互联网安全服务
DP_002912,互联网安全服务
DP_002739,互联网安全服务
DP_002837,互联网安全服务
DP_002968,互联网安全服务
DP_002983,互联网安全服务
DP_002846,互联网安全服务
DP_005712,互联网安全服务
DP_005714,互联网安全服务
DP_002218,互联网安全服务
DP_002851,互联网安全服务
DP_002221,互联网安全服务
DP_002227,互联网安全服务
DP_004693,互联网安全服务
DP_003600,其他建筑材料制造
DP_000476,汽车整车制造
DP_002240,汽车整车制造
DP_002495,汽车整车制造
DP_003852,汽车整车制造
DP_003638,汽车整车制造
DP_003851,汽车整车制造
DP_003876,汽车整车制造
DP_005145,汽车整车制造
DP_003871,汽车整车制造
DP_003874,汽车整车制造
DP_004516,汽车整车制造
DP_004268,汽车整车制造
DP_004380,汽车整车制造
DP_004384,汽车整车制造
DP_004337,汽车整车制造
DP_004163,汽车整车制造
DP_001469,汽车整车制造
DP_001369,汽车整车制造
DP_004397,汽车整车制造
DP_003593,汽车整车制造
DP_001734,村民自治组织
DP_000454,智慧教育
DP_005884,智慧教育
DP_006044,智慧教育
DP_005840,智慧教育
DP_005883,智慧教育
DP_005963,智慧教育
DP_006043,智慧教育
DP_005839,智慧教育
DP_005885,智慧教育
DP_005965,智慧教育
DP_005841,智慧教育
DP_005114,智慧教育
DP_001570,智慧教育
DP_000042,智慧教育
DP_003185,智慧教育
DP_003194,智慧教育
DP_005749,智慧教育
DP_003858,智慧教育
DP_006256,智慧教育
DP_006257,智慧教育
DP_005581,智慧教育
DP_002140,智慧教育
DP_006331,智慧教育
DP_000786,智慧教育
DP_000785,智慧教育
DP_002830,智慧教育
DP_002856,智慧教育
DP_001260,智慧教育
DP_001443,智慧教育
DP_001203,智慧教育
DP_001204,智慧教育
DP_003540,智慧教育
DP_003176,智慧教育
DP_003225,智慧教育
DP_002857,智慧教育
DP_006087,智慧教育
DP_001651,智慧教育
DP_006414,智慧教育
DP_002728,智慧教育
DP_000706,智慧教育
DP_003725,环境治理业
DP_000490,环境治理业
DP_000491,环境治理业
DP_000488,环境治理业
DP_003120,环境治理业
DP_001386,环境治理业
DP_001385,环境治理业
DP_000551,环境治理业
DP_002310,环境治理业
DP_004077,环境治理业
DP_000142,环境治理业
DP_000135,环境治理业
DP_001834,环境治理业
DP_001830,环境治理业
DP_003267,环境治理业
DP_003266,环境治理业
DP_003268,环境治理业
DP_003265,环境治理业
DP_003346,环境治理业
DP_003389,环境治理业
DP_001653,环境治理业
DP_004250,环境治理业
DP_004248,环境治理业
DP_003364,环境治理业
DP_003392,环境治理业
DP_003373,环境治理业
DP_005626,矿产品、建材及化工产品批发
DP_003342,矿产品、建材及化工产品批发
DP_000973,铁路旅客运输
DP_001821,铁路旅客运输
DP_006511,铁路旅客运输
DP_006636,铁路旅客运输
DP_002596,铁路旅客运输
DP_003413,铁路旅客运输
DP_002580,铁路旅客运输
DP_002585,铁路旅客运输
DP_002575,铁路旅客运输
DP_002600,铁路旅客运输
DP_002578,铁路旅客运输
DP_002572,铁路旅客运输
DP_002582,铁路旅客运输
DP_004461,铁路旅客运输
DP_002570,铁路旅客运输
DP_002592,铁路旅客运输
DP_002577,铁路旅客运输
DP_002603,铁路旅客运输
DP_003369,铁路旅客运输
DP_003370,铁路旅客运输
DP_003375,铁路旅客运输
DP_000439,通信终端设备制造
DP_001484,通信终端设备制造
DP_005753,通信终端设备制造
DP_005742,通信终端设备制造
DP_005754,通信终端设备制造
DP_000439,有机化学原料制造
DP_000555,有机化学原料制造
DP_000320,有机化学原料制造
DP_000322,有机化学原料制造
DP_000283,有机化学原料制造
DP_000274,有机化学原料制造
DP_000273,有机化学原料制造
DP_000279,有机化学原料制造
DP_000277,有机化学原料制造
DP_000281,有机化学原料制造
DP_000530,有机化学原料制造
DP_000531,有机化学原料制造
DP_003550,有机化学原料制造
DP_004324,有机化学原料制造
DP_005258,银行理财服务
DP_005024,银行理财服务
DP_005442,银行理财服务
DP_005336,银行理财服务
DP_005276,银行理财服务
DP_003071,银行理财服务
DP_005227,银行理财服务
DP_000457,无机酸制造
DP_000323,无机酸制造
DP_000324,无机酸制造
DP_000319,无机酸制造
DP_000321,无机酸制造
DP_000532,无机酸制造
DP_001315,其他批发业
DP_001591,其他批发业
DP_001496,其他批发业
DP_001512,其他批发业
DP_001489,其他批发业
DP_003327,其他批发业
DP_001009,其他智慧农业
DP_000041,其他智慧农业
DP_003212,其他智慧农业
DP_005887,互联网生活服务平台
DP_005967,互联网生活服务平台
DP_006047,互联网生活服务平台
DP_005843,互联网生活服务平台
DP_005886,互联网生活服务平台
DP_005966,互联网生活服务平台
DP_006046,互联网生活服务平台
DP_005842,互联网生活服务平台
DP_005888,互联网生活服务平台
DP_005968,互联网生活服务平台
DP_006048,互联网生活服务平台
DP_005844,互联网生活服务平台
DP_004528,互联网生活服务平台
DP_001678,互联网生活服务平台
DP_001199,互联网生活服务平台
DP_005858,互联网生活服务平台
DP_004918,互联网生活服务平台
DP_003507,互联网生活服务平台
DP_003506,互联网生活服务平台
DP_004179,互联网生活服务平台
DP_003460,互联网生活服务平台
DP_006648,互联网金融
DP_000021,互联网金融
DP_001777,互联网金融
DP_000680,互联网金融
DP_003962,互联网金融
DP_003941,互联网金融
DP_001510,互联网金融
DP_001579,互联网金融
DP_003967,互联网金融
DP_006391,互联网金融
DP_000764,互联网金融
DP_006592,互联网金融
DP_002993,互联网金融
DP_006457,互联网金融
DP_002717,互联网金融
DP_001743,互联网金融
DP_000397,基金会
DP_000398,基金会
DP_000780,海水养殖
DP_002826,海水养殖
DP_003285,海水养殖
DP_001317,海水养殖
DP_001026,海水养殖
DP_003369,海水养殖
DP_003409,海水养殖
DP_003410,海水养殖
DP_003686,其他合成材料制造
DP_003686,太阳能器具制造
DP_003686,工业机器人制造
DP_003686,互联网相关服务
DP_000525,互联网相关服务
DP_002357,互联网相关服务
DP_001753,互联网相关服务
DP_003560,互联网相关服务
DP_001670,互联网相关服务
DP_005145,互联网相关服务
DP_005137,互联网相关服务
DP_005700,互联网相关服务
DP_003645,互联网相关服务
DP_001751,互联网相关服务
DP_004363,互联网相关服务
DP_000447,互联网相关服务
DP_001815,互联网相关服务
DP_002848,互联网相关服务
DP_001662,互联网相关服务
DP_006502,纺织、服装及日用品专门零售
DP_006503,纺织、服装及日用品专门零售
DP_006341,纺织、服装及日用品专门零售
DP_000923,其他农业
DP_005059,其他农业
DP_002826,其他农业
DP_000678,其他农业
DP_000676,其他农业
DP_002098,其他农业
DP_003376,其他农业
DP_003398,其他农业
DP_003382,其他农业
DP_003401,其他农业
DP_003389,其他农业
DP_003385,其他农业
DP_001731,其他农业
DP_000996,其他农业
DP_003369,其他农业
DP_003370,其他农业
DP_000728,其他农业
DP_001633,其他农业
DP_003931,数字化住宿
DP_006278,数字化住宿
DP_006279,数字化住宿
DP_002891,数字化住宿
DP_003340,数字化住宿
DP_001201,数字化住宿
DP_001401,数字化住宿
DP_001639,数字化住宿
DP_003931,数字内容服务
DP_004534,数字内容服务
DP_000236,数字内容服务
DP_003931,互联网文体娱乐业
DP_003484,互联网文体娱乐业
DP_005992,互联网文体娱乐业
DP_006274,互联网文体娱乐业
DP_000759,互联网文体娱乐业
DP_006507,正餐服务
DP_000023,正餐服务
DP_003300,正餐服务
DP_000637,正餐服务
DP_004126,正餐服务
DP_001463,正餐服务
DP_003719,数字化技术研究和试验发展
DP_004514,动漫、游戏及其他数字内容服务
DP_003663,科技推广服务
DP_003120,数字化水利、环境和市政设施管理
DP_005213,数字化水利、环境和市政设施管理
DP_001184,数字化水利、环境和市政设施管理
DP_003248,数字化水利、环境和市政设施管理
DP_003530,数字化水利、环境和市政设施管理
DP_003529,数字化水利、环境和市政设施管理
DP_003523,数字化水利、环境和市政设施管理
DP_003203,数字化水利、环境和市政设施管理
DP_003522,数字化水利、环境和市政设施管理
DP_003295,数字化水利、环境和市政设施管理
DP_003480,数字化水利、环境和市政设施管理
DP_003483,数字化水利、环境和市政设施管理
DP_001059,数字化水利、环境和市政设施管理
DP_003216,数字化水利、环境和市政设施管理
DP_003181,数字化水利、环境和市政设施管理
DP_003178,数字化水利、环境和市政设施管理
DP_003400,数字化水利、环境和市政设施管理
DP_003366,数字化水利、环境和市政设施管理
DP_003405,数字化水利、环境和市政设施管理
DP_003372,数字化水利、环境和市政设施管理
DP_003396,数字化水利、环境和市政设施管理
DP_003542,体育组织
DP_006477,珠宝首饰及有关物品制造
DP_006295,珠宝首饰及有关物品制造
DP_006626,珠宝首饰及有关物品制造
DP_005893,宠物服务
DP_005973,宠物服务
DP_006053,宠物服务
DP_005849,宠物服务
DP_005892,宠物服务
DP_005972,宠物服务
DP_006052,宠物服务
DP_005848,宠物服务
DP_005894,宠物服务
DP_005974,宠物服务
DP_006054,宠物服务
DP_005850,宠物服务
DP_001732,宠物服务
DP_006276,宠物服务
DP_006547,宠物服务
DP_006607,宠物服务
DP_006277,宠物服务
DP_006385,宠物服务
DP_003124,数字内容出版
DP_003541,数字内容出版
DP_005216,数字内容出版
DP_003702,数字内容出版
DP_003564,数字内容出版
DP_003617,数字内容出版
DP_003618,数字内容出版
DP_001206,数字内容出版
DP_000464,数字内容出版
DP_000573,数字内容出版
DP_001386,技能培训、教育辅助及其他教育
DP_001385,技能培训、教育辅助及其他教育
DP_003419,技能培训、教育辅助及其他教育
DP_003241,技能培训、教育辅助及其他教育
DP_006413,技能培训、教育辅助及其他教育
DP_001385,新闻业
DP_003702,新闻业
DP_003232,新闻业
DP_003227,新闻业
DP_003339,新闻业
DP_003589,新闻业
DP_000279,石墨及碳素制品制造
DP_000532,石墨及碳素制品制造
DP_003511,互联网公共服务平台
DP_003170,互联网公共服务平台
DP_003038,互联网公共服务平台
DP_006667,互联网公共服务平台
DP_004889,互联网公共服务平台
DP_000718,橡胶制品业
DP_000718,塑料制品业
DP_005171,其他通用设备制造业
DP_002301,智能物流
DP_000104,其他互联网服务
DP_000852,其他互联网服务
DP_000007,电信(关联)
DP_000007,基础软件开发(关联)
DP_000007,信息技术服务(关联)
DP_000007,智能制造(关联)
DP_000007,其他数字技术应用业(关联)
DP_000521,互联网科技创新平台
DP_003330,农作物病虫害防治活动
DP_000009,烟煤和无烟煤开采洗选
DP_003638,烟煤和无烟煤开采洗选
DP_000777,社会公共安全设备及器材制造
DP_003400,社会公共安全设备及器材制造
DP_003387,社会公共安全设备及器材制造
DP_003402,社会公共安全设备及器材制造
DP_000895,水文服务
DP_003331,其他社会保障
DP_004838,种子种苗培育活动
DP_000534,初级形态塑料及合成树脂制造
DP_000537,初级形态塑料及合成树脂制造
DP_000528,技术推广服务
DP_003915,技术推广服务
DP_003200,技术推广服务
DP_001603,技术推广服务
DP_001732,牛的饲养
DP_004216,牛的饲养
DP_001827,牛的饲养
DP_001732,猪的饲养
DP_004221,猪的饲养
DP_004219,猪的饲养
DP_004213,其他水果种植
DP_004222,其他水果种植
DP_004198,其他水果种植
DP_004223,其他水果种植
DP_004202,其他水果种植
DP_004237,其他水果种植
DP_004192,其他水果种植
DP_004217,其他水果种植
DP_004234,其他水果种植
DP_004227,其他水果种植
DP_004199,其他水果种植
DP_004241,其他水果种植
DP_004214,其他水果种植
DP_004842,农业专业及辅助性活动
DP_005210,电视
DP_000786,电视
DP_006481,电视
DP_005004,电视
DP_000883,飞机制造
DP_000029,飞机制造
DP_001643,飞机制造
DP_000885,航空运输辅助活动
DP_003058,工程和技术研究和试验发展
DP_004522,工程和技术研究和试验发展
DP_004527,工程和技术研究和试验发展
DP_004521,工程和技术研究和试验发展
DP_004526,工程和技术研究和试验发展
DP_003979,工程和技术研究和试验发展
DP_003833,工程和技术研究和试验发展
DP_003867,工程和技术研究和试验发展
DP_003868,工程和技术研究和试验发展
DP_003852,工程和技术研究和试验发展
DP_003871,工程和技术研究和试验发展
DP_003883,工程和技术研究和试验发展
DP_003884,工程和技术研究和试验发展
DP_003360,工程和技术研究和试验发展
DP_000721,工程和技术研究和试验发展
DP_003392,工程和技术研究和试验发展
DP_000021,机械设备经营租赁
DP_002113,机械设备经营租赁
DP_000536,合成材料制造
DP_000552,生态保护
DP_001821,生态保护
DP_001826,生态保护
DP_003469,生态保护
DP_001653,生态保护
DP_005628,营养食品制造
DP_002860,其他未列明金融业
DP_003427,其他未列明金融业
DP_005810,其他未列明金融业
DP_003113,自来水生产和供应
DP_000760,自来水生产和供应
DP_003215,自来水生产和供应
DP_003264,自来水生产和供应
DP_004196,豆类种植
DP_004194,农产品批发
DP_000039,水泥制造
DP_000760,电力供应
DP_005456,电力供应
DP_003413,电力供应
DP_003398,电力供应
DP_004253,电力供应
DP_003397,电力供应
DP_005964,学前教育
DP_006045,学前教育
DP_003367,学前教育
DP_004528,其他金融业
DP_005956,其他金融业
DP_004528,互联网游戏服务
DP_005901,互联网游戏服务
DP_005982,互联网游戏服务
DP_006062,互联网游戏服务
DP_005861,互联网游戏服务
DP_005900,互联网游戏服务
DP_005981,互联网游戏服务
DP_006061,互联网游戏服务
DP_005860,互联网游戏服务
DP_005902,互联网游戏服务
DP_005983,互联网游戏服务
DP_006063,互联网游戏服务
DP_005862,互联网游戏服务
DP_004528,数字化租赁
DP_001850,数字化租赁
DP_001843,数字化租赁
DP_005454,数字化租赁
DP_005453,数字化租赁
DP_001465,数字化租赁
DP_001464,数字化租赁
DP_001405,数字化租赁
DP_001347,数字化租赁
DP_001349,数字化租赁
DP_003468,数字化租赁
DP_001348,数字化租赁
DP_002845,数字化租赁
DP_000043,数字化租赁
DP_000045,数字化租赁
DP_001839,数字化租赁
DP_004155,互联网居民生活服务
DP_002351,互联网居民生活服务
DP_002313,互联网居民生活服务
DP_003502,互联网居民生活服务
DP_005145,互联网居民生活服务
DP_005137,互联网居民生活服务
DP_001452,互联网居民生活服务
DP_006313,互联网居民生活服务
DP_005920,互联网居民生活服务
DP_006673,互联网居民生活服务
DP_003274,互联网居民生活服务
DP_003289,互联网居民生活服务
DP_003269,互联网居民生活服务
DP_004171,互联网居民生活服务
DP_006387,互联网居民生活服务
DP_001712,互联网居民生活服务
DP_004649,互联网搜索服务
DP_004071,互联网搜索服务
DP_004889,互联网搜索服务
DP_000395,互联网搜索服务
DP_001580,互联网搜索服务
DP_001573,互联网搜索服务
DP_001500,互联网搜索服务
DP_001597,互联网搜索服务
DP_003325,互联网搜索服务
DP_003315,互联网搜索服务
DP_000644,互联网搜索服务
DP_003686,节能环保工程施工
DP_003939,汽车保险
DP_005537,卫生材料及医药用品制造
DP_005556,卫生材料及医药用品制造
DP_000146,互联网金融服务
DP_003979,互联网金融服务
DP_006578,其他餐饮业
DP_003311,煤炭加工
DP_003311,涂料、油墨、颜料及类似产品制造
DP_003311,植物油加工
DP_003311,肥料制造
DP_003311,饲料加工
DP_003311,林木育种和育苗
DP_003311,纸浆制造
DP_003311,生物质燃料加工
DP_003311,金属废料和碎屑加工处理
DP_003417,金属废料和碎屑加工处理
DP_001202,金属废料和碎屑加工处理
DP_003311,家用电力器具制造
DP_004524,电力电子元器件制造
DP_004525,电力电子元器件制造
DP_003893,金属结构制造
DP_002304,智慧仓储
DP_003482,智慧仓储
DP_001356,智慧仓储
DP_001363,智慧仓储
DP_003343,智慧仓储
DP_004949,智慧仓储
DP_004950,智慧仓储
DP_004962,智慧仓储
DP_002826,其他未列明畜牧业
DP_002826,内陆养殖
DP_003410,内陆养殖
DP_002826,海水捕捞
DP_003379,海水捕捞
DP_003409,海水捕捞
DP_003410,海水捕捞
DP_003397,海水捕捞
DP_002826,内陆捕捞
DP_002826,其他中药材种植
DP_002826,食品、饮料及烟草制品专门零售
DP_004240,食品、饮料及烟草制品专门零售
DP_004126,食品、饮料及烟草制品专门零售
DP_001720,食品、饮料及烟草制品专门零售
DP_003284,食品、饮料及烟草制品专门零售
DP_003282,食品、饮料及烟草制品专门零售
DP_003279,食品、饮料及烟草制品专门零售
DP_003287,食品、饮料及烟草制品专门零售
DP_003286,食品、饮料及烟草制品专门零售
DP_001198,智能设备制造
DP_004513,智能设备制造
DP_001821,网络基础设施建设
DP_006282,不提供住宿社会工作
DP_006553,不提供住宿社会工作
DP_006554,不提供住宿社会工作
DP_006614,不提供住宿社会工作
DP_006400,不提供住宿社会工作
DP_006401,不提供住宿社会工作
DP_003397,不提供住宿社会工作
DP_004558,土木工程建筑
DP_001818,土木工程建筑
DP_002170,土木工程建筑
DP_004879,土木工程建筑
DP_001600,土木工程建筑
DP_006283,数字化社会工作
DP_003190,数字化社会工作
DP_003271,数字化社会工作
DP_003270,数字化社会工作
DP_001718,数字化社会工作
DP_003554,摩托车整车制造
DP_003558,摩托车整车制造
DP_003554,摩托车零部件及配件制造
DP_003558,摩托车零部件及配件制造
DP_001294,集成电路制造
DP_003549,集成电路制造
DP_003638,集成电路制造
DP_003547,集成电路制造
DP_001294,计算机制造
DP_001294,通信设备制造
DP_004044,土地登记服务
DP_003553,其他房地产业
DP_001478,其他房地产业
DP_006403,其他房地产业
DP_000142,银行监管服务
DP_000142,保险监管服务
DP_000142,其他行政机构
DP_001889,道路运输辅助活动
DP_002909,道路运输辅助活动
DP_001835,道路运输辅助活动
DP_003398,道路运输辅助活动
DP_003378,道路运输辅助活动
DP_003431,房地产中介服务
DP_003490,房地产中介服务
DP_003487,房地产中介服务
DP_001447,房地产中介服务
DP_001446,房地产中介服务
DP_001479,房地产中介服务
DP_001448,房地产中介服务
DP_001450,房地产中介服务
DP_001392,房地产中介服务
DP_001391,房地产中介服务
DP_001393,房地产中介服务
DP_000668,房地产中介服务
DP_006403,房地产中介服务
DP_001429,房地产中介服务
DP_001426,房地产中介服务
DP_001414,房地产中介服务
DP_001431,房地产中介服务
DP_000701,房地产中介服务
DP_001718,房地产中介服务
DP_003629,创业空间服务
DP_000284,创业空间服务
DP_003184,城乡市容管理
DP_000771,城乡市容管理
DP_003184,安全保护服务
DP_002909,安全保护服务
DP_001938,安全保护服务
DP_001826,安全保护服务
DP_003429,安全保护服务
DP_000772,安全保护服务
DP_000775,安全保护服务
DP_003394,安全保护服务
DP_003411,安全保护服务
DP_003395,安全保护服务
DP_003373,安全保护服务
DP_003374,安全保护服务
DP_003365,安全保护服务
DP_003184,初等教育
DP_006332,初等教育
DP_001185,自然科学研究和试验发展
DP_003469,自然科学研究和试验发展
DP_005735,自然科学研究和试验发展
DP_000192,自然科学研究和试验发展
DP_003367,自然科学研究和试验发展
DP_003380,自然科学研究和试验发展
DP_003405,自然科学研究和试验发展
DP_002656,食品及饲料添加剂制造
DP_000638,食品及饲料添加剂制造
DP_002527,汽车修理与维护
DP_000135,其他食品制造
DP_003342,其他仓储业
DP_003342,期货市场服务
DP_003214,其他制造业
DP_000446,建筑装饰及水暖管道零件制造
DP_002706,建筑装饰及水暖管道零件制造
DP_001565,建筑装饰及水暖管道零件制造
DP_004233,葡萄种植
DP_002271,组织管理服务
DP_003360,组织管理服务
DP_003205,防洪除涝设施管理
DP_003221,防洪除涝设施管理
DP_003302,防洪除涝设施管理
DP_001325,防洪除涝设施管理
DP_003249,防洪除涝设施管理
DP_003377,防洪除涝设施管理
DP_003398,防洪除涝设施管理
DP_003378,防洪除涝设施管理
DP_003401,防洪除涝设施管理
DP_003385,防洪除涝设施管理
DP_003386,防洪除涝设施管理
DP_003392,防洪除涝设施管理
DP_003404,防洪除涝设施管理
DP_003412,防洪除涝设施管理
DP_003391,防洪除涝设施管理
DP_003393,防洪除涝设施管理
DP_003408,防洪除涝设施管理
DP_003411,防洪除涝设施管理
DP_003409,防洪除涝设施管理
DP_003395,防洪除涝设施管理
DP_003403,防洪除涝设施管理
DP_003375,防洪除涝设施管理
DP_004208,水果种植
DP_001588,计算机整机制造
DP_004238,香蕉等亚热带水果种植
DP_004201,香蕉等亚热带水果种植
DP_005471,其他土木工程建筑
DP_005462,其他土木工程建筑
DP_004074,其他土木工程建筑
DP_004056,其他土木工程建筑
DP_004055,其他土木工程建筑
DP_001826,其他土木工程建筑
DP_000803,其他土木工程建筑
DP_000818,其他土木工程建筑
DP_005732,其他土木工程建筑
DP_001541,其他土木工程建筑
DP_001516,其他土木工程建筑
DP_000816,其他土木工程建筑
DP_004061,其他互联网平台
DP_003534,其他互联网平台
DP_002859,其他互联网平台
DP_004046,土地调查评估服务
DP_004045,土地调查评估服务
DP_006664,物业管理
DP_003786,物业管理
DP_003504,物业管理
DP_000487,物业管理
DP_001457,物业管理
DP_001459,物业管理
DP_006680,物业管理
DP_001456,物业管理
DP_005732,物业管理
DP_001655,物业管理
DP_003879,公路旅客运输
DP_003389,公路旅客运输
DP_003397,公路旅客运输
DP_003648,房地产租赁经营
DP_006403,房地产租赁经营
DP_000855,房地产租赁经营
DP_003524,市政设施管理
DP_003401,市政设施管理
DP_003380,市政设施管理
DP_003389,市政设施管理
DP_003393,市政设施管理
DP_003395,市政设施管理
DP_003403,市政设施管理
DP_003402,市政设施管理
DP_003370,市政设施管理
DP_003365,市政设施管理
DP_003397,市政设施管理
DP_004220,糖料种植
DP_000674,农业机械活动
DP_003389,农业机械活动
DP_006280,其他工艺美术及礼仪用品制造
DP_006552,其他工艺美术及礼仪用品制造
DP_006612,其他工艺美术及礼仪用品制造
DP_006392,其他工艺美术及礼仪用品制造
DP_003573,其他未列明通用设备制造业
DP_003210,其他未列明通用设备制造业
DP_001520,其他未列明通用设备制造业
DP_001559,其他未列明通用设备制造业
DP_001522,其他未列明通用设备制造业
DP_001569,其他未列明通用设备制造业
DP_005689,其他未列明通用设备制造业
DP_004226,羊的饲养
DP_001827,羊的饲养
DP_001326,城市轨道交通设备制造
DP_001326,水利和水运工程建筑
DP_001831,水利和水运工程建筑
DP_003638,钢压延加工
DP_003638,其他常用有色金属冶炼
DP_004218,屠宰及肉类加工
DP_004225,肉制品及副产品加工
DP_001327,数字采矿
DP_001826,数字采矿
DP_001425,金融资产管理公司
DP_000084,肥皂及洗涤剂制造
DP_000084,糖果、巧克力及蜜饯制造
DP_000084,乳制品制造
DP_003482,快递服务
DP_005567,兽用药品制造
DP_004886,糕点、面包制造
DP_004886,信息技术服务
DP_005755,智能消费设备制造
DP_003499,天然水收集与分配
DP_003650,其他专用设备制造
DP_004076,社会团体
DP_006384,婚姻服务
DP_002754,婚姻服务
DP_001717,婚姻服务
DP_003175,数字化通用、专用设备制造
DP_005455,数字化通用、专用设备制造
DP_003211,数字化通用、专用设备制造
DP_004954,数字化通用、专用设备制造
DP_004963,数字化通用、专用设备制造
DP_004958,数字化通用、专用设备制造
DP_004940,数字化通用、专用设备制造
DP_002858,数字化通用、专用设备制造
DP_004945,数字化通用、专用设备制造
DP_004941,数字化通用、专用设备制造
DP_004946,数字化通用、专用设备制造
DP_003638,炼钢
DP_003638,常用有色金属冶炼
DP_001833,森林经营和管护
DP_003390,森林经营和管护
DP_001835,土地整治服务
DP_003429,土地整治服务
DP_001835,铁路运输辅助活动
DP_001409,家用电器及电子产品专门零售
DP_006374,家用电器及电子产品专门零售
DP_006373,家用电器及电子产品专门零售
DP_005910,健身休闲活动
DP_005991,健身休闲活动
DP_006071,健身休闲活动
DP_005872,健身休闲活动
DP_005909,健身休闲活动
DP_005990,健身休闲活动
DP_006070,健身休闲活动
DP_005871,健身休闲活动
DP_005911,健身休闲活动
DP_006072,健身休闲活动
DP_005873,健身休闲活动
DP_006326,健身休闲活动
DP_006327,健身休闲活动
DP_001408,五金、家具及室内装饰材料专门零售
DP_006561,文化体育娱乐活动与经纪代理服务
DP_006418,文化体育娱乐活动与经纪代理服务
DP_001467,家用空气调节器制造
DP_001467,家用厨房电器具制造
DP_001467,家用清洁卫生电器具制造
DP_001430,木质家具制造
DP_003448,木质家具制造
DP_003236,敏感元件及传感器制造
DP_003237,敏感元件及传感器制造
DP_003240,敏感元件及传感器制造
DP_003238,敏感元件及传感器制造
DP_002874,商业养老金
DP_001827,马的饲养
DP_004899,保险中介服务
DP_003465,保险中介服务
DP_001329,保险中介服务
DP_004331,保险中介服务
DP_003423,工程技术与设计服务
DP_003508,工程技术与设计服务
DP_003509,工程技术与设计服务
DP_003506,工程技术与设计服务
DP_003429,工程技术与设计服务
DP_004246,工程技术与设计服务
DP_004248,工程技术与设计服务
DP_003846,智能无人飞行器制造
DP_003854,智能无人飞行器制造
DP_003835,智能无人飞行器制造
DP_003837,智能无人飞行器制造
DP_006536,运输代理业
DP_001637,运输代理业
DP_002823,其他软件开发
DP_004885,其他软件开发
DP_003220,其他未列明农副食品加工
DP_000786,影视节目制作
DP_003882,其他科技推广服务业
DP_003362,其他科技推广服务业
DP_005728,广播电视传输服务
DP_005728,卫星传输服务
DP_006351,理发及美容服务
DP_004177,理发及美容服务
DP_006352,理发及美容服务
DP_006262,理发及美容服务
DP_006593,理发及美容服务
DP_006488,理发及美容服务
DP_003469,林业专业及辅助性活动
DP_006349,货摊、无店铺及其他零售业
DP_006083,卷烟制造
DP_003348,卷烟制造
DP_003910,数字内容与媒体
DP_003911,数字内容与媒体
DP_003510,数字内容与媒体
DP_002845,数字内容与媒体
DP_003288,食用植物油加工
DP_006248,音像制品、电子和数字出版物零售
DP_000736,林木育种
DP_003367,林木育种
DP_006681,畜禽粪污处理活动
DP_003515,社会人文科学研究
DP_006579,文化、体育用品及器材专门零售
DP_006249,文化、体育用品及器材专门零售
DP_003362,数字化电力、热力、燃气及水生产和供应
DP_006393,工艺美术及礼仪用品制造
DP_006381,其他娱乐业
DP_006605,其他娱乐业
DP_003547,半导体分立器件制造
DP_003921,信息系统集成服务
DP_003920,信息系统集成服务
DP_006332,中等教育
DP_000819,中等教育
DP_004122,科技中介服务
DP_004047,公开募集证券投资基金
DP_005926,公开募集证券投资基金
DP_006007,公开募集证券投资基金
DP_005765,公开募集证券投资基金
DP_005814,公开募集证券投资基金
DP_005938,公开募集证券投资基金
DP_001463,提供住宿社会工作
DP_001201,数字化居民生活服务
DP_005735,图书馆与档案馆
DP_005469,其他未列明金属制品制造
DP_002571,智能铁路运输
DP_002569,智能铁路运输
DP_003398,智能铁路运输
DP_002588,智能铁路运输
DP_002595,智能铁路运输
DP_002586,智能铁路运输
DP_002584,智能铁路运输
DP_002583,智能铁路运输
DP_002581,智能铁路运输
DP_002602,智能铁路运输
DP_002601,智能铁路运输
DP_002576,智能铁路运输
DP_002589,智能铁路运输
DP_002593,智能铁路运输
DP_002568,智能铁路运输
DP_002574,智能铁路运输
DP_002594,智能铁路运输
DP_002573,智能铁路运输
DP_002599,智能铁路运输
DP_002597,智能铁路运输
DP_002598,智能铁路运输
DP_002590,智能铁路运输
DP_002579,智能铁路运输
DP_002587,智能铁路运输
DP_002591,智能铁路运输
DP_001202,非金属废料和碎屑加工处理
DP_001724,综合管理服务
DP_003401,道路运输
DP_003401,其他水利管理业
DP_001051,其他水利管理业
DP_003385,其他水利管理业
DP_003226,文物及非物质文化遗产保护
DP_005679,文物及非物质文化遗产保护
DP_005720,信息处理和存储支持服务
DP_000721,工业与专业设计及其他专业技术服务
DP_006101,中央银行服务
DP_001568,生物基、淀粉基新材料制造
DP_001599,生物基、淀粉基新材料制造
DP_004255,互联网接入及相关服务
DP_000848,互联网接入及相关服务
DP_001642,自动化养殖
DP_001642,新技术育种
DP_001659,其他采矿业
DP_001643,铁路机车车辆制造
DP_001643,金属船舶制造
DP_001637,多式联运
DP_005732,通用设备制造业
DP_005732,金属工具制造
DP_001656,装卸搬运
DP_001656,通用仓储
DP_004961,通用仓储
DP_003389,热力生产和供应
DP_006397,彩票活动
DP_001658,租赁和商务服务业
DP_006482,电影放映
DP_006483,电影放映
DP_001648,其他居民服务业
DP_003386,其他居民服务业
DP_001648,其他日用产品修理业
DP_006388,家庭服务
DP_001717,家庭服务
DP_000237,机织服装制造
DP_004246,地质勘查
DP_001644,其他家具制造
DP_004299,智能电力、热力、燃气及水生产和供应
DP_000681,新能源汽车制造
DP_000850,邮政基本服务
DP_004254,计算机零部件制造
DP_004972,模具制造
DP_003327,其他零售业
DP_000851,其他文化艺术业
DP_005679,其他文化艺术业
DP_006473,文艺创作与表演
DP_004967,其他日用化学产品制造
DP_004341,其他电气机械及器材制造
DP_005738,社会科学研究和试验发展
DP_005999,其他卫生活动
DP_000775,会议、展览及相关服务
DP_004937,工业自动控制系统装置制造
DP_003387,电气设备修理
DP_003408,海洋工程建筑
DP_003411,海洋工程建筑
DP_003409,海洋工程建筑
DP_003407,水产捕捞
