dp_id,src_name
DP_004695,金融信息服务
DP_004608,金融信息服务
DP_004566,金融信息服务
DP_001801,金融信息服务
DP_004565,金融信息服务
DP_001556,金融信息服务
DP_002273,金融信息服务
DP_000843,金融信息服务
DP_000652,金融信息服务
DP_002279,金融信息服务
DP_002444,金融信息服务
DP_002280,金融信息服务
DP_001809,金融信息服务
DP_005437,金融信息服务
DP_001912,金融信息服务
DP_002645,金融信息服务
DP_006120,金融信息服务
DP_001668,金融信息服务
DP_002263,金融信息服务
DP_001954,金融信息服务
DP_002405,金融信息服务
DP_001231,金融信息服务
DP_004719,金融信息服务
DP_002134,金融信息服务
DP_002094,金融信息服务
DP_002229,金融信息服务
DP_001961,金融信息服务
DP_004560,金融信息服务
DP_004539,金融信息服务
DP_003151,金融信息服务
DP_004577,金融信息服务
DP_002654,金融信息服务
DP_005220,金融信息服务
DP_002130,金融信息服务
DP_004594,金融信息服务
DP_003143,金融信息服务
DP_004610,金融信息服务
DP_003146,金融信息服务
DP_001109,金融信息服务
DP_004556,金融信息服务
DP_001089,金融信息服务
DP_001667,金融信息服务
DP_004575,金融信息服务
DP_003141,金融信息服务
DP_001140,金融信息服务
DP_003566,金融信息服务
DP_001126,金融信息服务
DP_005436,金融信息服务
DP_001060,金融信息服务
DP_004572,金融信息服务
DP_004554,金融信息服务
DP_001138,金融信息服务
DP_001074,金融信息服务
DP_003020,金融信息服务
DP_001673,金融信息服务
DP_000561,金融信息服务
DP_004542,金融信息服务
DP_003019,金融信息服务
DP_003023,金融信息服务
DP_001064,金融信息服务
DP_003018,金融信息服务
DP_003021,金融信息服务
DP_003926,金融信息服务
DP_004674,金融信息服务
DP_003053,金融信息服务
DP_003927,金融信息服务
DP_000109,金融信息服务
DP_003056,金融信息服务
DP_001666,金融信息服务
DP_005319,金融信息服务
DP_001067,金融信息服务
DP_000098,金融信息服务
DP_004678,金融信息服务
DP_001986,金融信息服务
DP_003158,金融信息服务
DP_001149,金融信息服务
DP_001945,金融信息服务
DP_001299,金融信息服务
DP_001173,金融信息服务
DP_005226,金融信息服务
DP_001155,金融信息服务
DP_003161,金融信息服务
DP_005257,金融信息服务
DP_001091,金融信息服务
DP_001073,金融信息服务
DP_003172,金融信息服务
DP_000106,金融信息服务
DP_004810,金融信息服务
DP_001070,金融信息服务
DP_004558,金融信息服务
DP_001151,金融信息服务
DP_001084,金融信息服务
DP_004670,金融信息服务
DP_004774,金融信息服务
DP_001095,金融信息服务
DP_005292,金融信息服务
DP_001146,金融信息服务
DP_004660,金融信息服务
DP_001145,金融信息服务
DP_004648,金融信息服务
DP_005302,金融信息服务
DP_001147,金融信息服务
DP_001162,金融信息服务
DP_004536,金融信息服务
DP_001161,金融信息服务
DP_004632,金融信息服务
DP_005280,金融信息服务
DP_001096,金融信息服务
DP_000171,金融信息服务
DP_004666,金融信息服务
DP_001100,金融信息服务
DP_001665,金融信息服务
DP_001102,金融信息服务
DP_005045,金融信息服务
DP_005234,金融信息服务
DP_001098,金融信息服务
DP_004597,金融信息服务
DP_001101,金融信息服务
DP_004592,金融信息服务
DP_001062,金融信息服务
DP_006600,金融信息服务
DP_001061,金融信息服务
DP_000123,金融信息服务
DP_001063,金融信息服务
DP_001124,金融信息服务
DP_000101,金融信息服务
DP_001078,金融信息服务
DP_005206,金融信息服务
DP_001079,金融信息服务
DP_000133,金融信息服务
DP_001111,金融信息服务
DP_005101,金融信息服务
DP_000646,金融信息服务
DP_001692,金融信息服务
DP_005207,金融信息服务
DP_004549,金融信息服务
DP_004547,金融信息服务
DP_004668,金融信息服务
DP_000552,金融信息服务
DP_000125,金融信息服务
DP_004642,金融信息服务
DP_004812,金融信息服务
DP_004813,金融信息服务
DP_004654,金融信息服务
DP_005104,金融信息服务
DP_000100,金融信息服务
DP_004625,金融信息服务
DP_004588,金融信息服务
DP_001069,金融信息服务
DP_004582,金融信息服务
DP_004658,金融信息服务
DP_004545,金融信息服务
DP_000117,金融信息服务
DP_004626,金融信息服务
DP_003030,金融信息服务
DP_005261,金融信息服务
DP_000114,金融信息服务
DP_004531,金融信息服务
DP_003031,金融信息服务
DP_005254,金融信息服务
DP_004563,金融信息服务
DP_003033,金融信息服务
DP_003032,金融信息服务
DP_001141,金融信息服务
DP_005269,金融信息服务
DP_003112,金融信息服务
DP_001156,金融信息服务
DP_004564,金融信息服务
DP_003039,金融信息服务
DP_001113,金融信息服务
DP_003017,金融信息服务
DP_001118,金融信息服务
DP_001121,金融信息服务
DP_003138,金融信息服务
DP_001174,金融信息服务
DP_004844,金融信息服务
DP_001106,金融信息服务
DP_000246,金融信息服务
DP_000157,金融信息服务
DP_004595,金融信息服务
DP_000245,金融信息服务
DP_006171,金融信息服务
DP_004655,金融信息服务
DP_004550,金融信息服务
DP_001066,金融信息服务
DP_004589,金融信息服务
DP_002951,金融信息服务
DP_004623,金融信息服务
DP_004828,金融信息服务
DP_001104,金融信息服务
DP_004829,金融信息服务
DP_003754,金融信息服务
DP_000178,金融信息服务
DP_001093,金融信息服务
DP_001080,金融信息服务
DP_005396,金融信息服务
DP_001134,金融信息服务
DP_001135,金融信息服务
DP_001663,金融信息服务
DP_004532,金融信息服务
DP_004752,金融信息服务
DP_001094,金融信息服务
DP_001088,金融信息服务
DP_004616,金融信息服务
DP_000365,金融信息服务
DP_001092,金融信息服务
DP_006656,金融信息服务
DP_001679,金融信息服务
DP_001150,金融信息服务
DP_003744,金融信息服务
DP_005692,金融信息服务
DP_000632,金融信息服务
DP_005381,金融信息服务
DP_001159,金融信息服务
DP_001158,金融信息服务
DP_001160,金融信息服务
DP_001075,金融信息服务
DP_005370,金融信息服务
DP_002763,金融信息服务
DP_003967,金融信息服务
DP_001108,金融信息服务
DP_002758,金融信息服务
DP_005316,金融信息服务
DP_001072,金融信息服务
DP_002760,金融信息服务
DP_000595,金融信息服务
DP_000294,金融信息服务
DP_001125,金融信息服务
DP_003653,金融信息服务
DP_002567,金融信息服务
DP_005181,金融信息服务
DP_005378,金融信息服务
DP_004151,金融信息服务
DP_001685,金融信息服务
DP_004859,金融信息服务
DP_000566,金融信息服务
DP_001687,金融信息服务
DP_000335,金融信息服务
DP_000403,金融信息服务
DP_006391,金融信息服务
DP_000215,金融信息服务
DP_005172,金融信息服务
DP_005298,金融信息服务
DP_000453,金融信息服务
DP_004685,金融信息服务
DP_003580,金融信息服务
DP_005229,金融信息服务
DP_000194,金融信息服务
DP_000382,金融信息服务
DP_005273,金融信息服务
DP_002865,金融信息服务
DP_002653,金融信息服务
DP_004469,金融信息服务
DP_004430,金融信息服务
DP_004507,金融信息服务
DP_004502,金融信息服务
DP_001694,金融信息服务
DP_003676,金融信息服务
DP_000291,金融信息服务
DP_004442,金融信息服务
DP_004501,金融信息服务
DP_001270,金融信息服务
DP_006410,金融信息服务
DP_000325,金融信息服务
DP_005694,金融信息服务
DP_005702,金融信息服务
DP_004477,金融信息服务
DP_005231,金融信息服务
DP_005274,金融信息服务
DP_000406,金融信息服务
DP_000496,金融信息服务
DP_005432,金融信息服务
DP_003743,金融信息服务
DP_000510,金融信息服务
DP_003768,金融信息服务
DP_005270,金融信息服务
DP_003669,金融信息服务
DP_003694,金融信息服务
DP_003707,金融信息服务
DP_003885,金融信息服务
DP_003775,金融信息服务
DP_003625,金融信息服务
DP_003670,金融信息服务
DP_005429,金融信息服务
DP_003690,金融信息服务
DP_003692,金融信息服务
DP_003693,金融信息服务
DP_004646,金融信息服务
DP_000493,金融信息服务
DP_003474,金融信息服务
DP_000410,金融信息服务
DP_000208,金融信息服务
DP_003063,金融信息服务
DP_005352,金融信息服务
DP_002745,金融信息服务
DP_000723,金融信息服务
DP_004499,金融信息服务
DP_004358,金融信息服务
DP_000721,金融信息服务
DP_000602,金融信息服务
DP_003472,金融信息服务
DP_002762,金融信息服务
DP_002761,金融信息服务
DP_002757,金融信息服务
DP_003093,金融信息服务
DP_004982,金融信息服务
DP_003094,金融信息服务
DP_000209,金融信息服务
DP_000482,金融信息服务
DP_006416,金融信息服务
DP_000601,金融信息服务
DP_000597,金融信息服务
DP_001690,金融信息服务
DP_000724,金融信息服务
DP_003087,金融信息服务
DP_003082,金融信息服务
DP_000223,金融信息服务
DP_001783,金融信息服务
DP_001675,金融信息服务
DP_001595,金融信息服务
DP_000725,金融信息服务
DP_004879,金融信息服务
DP_001233,金融信息服务
DP_004880,金融信息服务
DP_001756,金融信息服务
DP_001684,金融信息服务
DP_001509,金融信息服务
DP_000444,金融信息服务
DP_004622,金融信息服务
DP_002932,金融信息服务
DP_003913,金融信息服务
DP_005320,金融信息服务
DP_000408,金融信息服务
DP_005424,金融信息服务
DP_001669,金融信息服务
DP_005329,金融信息服务
DP_000472,金融信息服务
DP_005343,金融信息服务
DP_004643,货币银行服务
DP_004671,货币银行服务
DP_004600,货币银行服务
DP_004611,货币银行服务
DP_004580,货币银行服务
DP_004613,货币银行服务
DP_004608,货币银行服务
DP_004690,货币银行服务
DP_004566,货币银行服务
DP_002631,货币银行服务
DP_004540,货币银行服务
DP_001752,货币银行服务
DP_004716,货币银行服务
DP_004714,货币银行服务
DP_005788,货币银行服务
DP_004715,货币银行服务
DP_004717,货币银行服务
DP_004718,货币银行服务
DP_001792,货币银行服务
DP_004719,货币银行服务
DP_004560,货币银行服务
DP_004553,货币银行服务
DP_004596,货币银行服务
DP_004634,货币银行服务
DP_002627,货币银行服务
DP_004575,货币银行服务
DP_006145,货币银行服务
DP_004649,货币银行服务
DP_006107,货币银行服务
DP_006241,货币银行服务
DP_003901,货币银行服务
DP_006210,货币银行服务
DP_006399,货币银行服务
DP_006398,货币银行服务
DP_006224,货币银行服务
DP_000072,货币银行服务
DP_000071,货币银行服务
DP_005349,货币银行服务
DP_006108,货币银行服务
DP_003023,货币银行服务
DP_006111,货币银行服务
DP_003018,货币银行服务
DP_006109,货币银行服务
DP_004992,货币银行服务
DP_001180,货币银行服务
DP_006112,货币银行服务
DP_001181,货币银行服务
DP_006106,货币银行服务
DP_006653,货币银行服务
DP_005275,货币银行服务
DP_006242,货币银行服务
DP_004585,货币银行服务
DP_006244,货币银行服务
DP_004663,货币银行服务
DP_006245,货币银行服务
DP_004543,货币银行服务
DP_006243,货币银行服务
DP_004604,货币银行服务
DP_006246,货币银行服务
DP_004636,货币银行服务
DP_006239,货币银行服务
DP_004673,货币银行服务
DP_006143,货币银行服务
DP_004602,货币银行服务
DP_006142,货币银行服务
DP_004647,货币银行服务
DP_006130,货币银行服务
DP_001974,货币银行服务
DP_004591,货币银行服务
DP_006131,货币银行服务
DP_004557,货币银行服务
DP_000396,货币银行服务
DP_004533,货币银行服务
DP_004688,货币银行服务
DP_006640,货币银行服务
DP_004558,货币银行服务
DP_004617,货币银行服务
DP_006133,货币银行服务
DP_006119,货币银行服务
DP_001664,货币银行服务
DP_006118,货币银行服务
DP_006117,货币银行服务
DP_006216,货币银行服务
DP_006134,货币银行服务
DP_000614,货币银行服务
DP_006217,货币银行服务
DP_006116,货币银行服务
DP_006654,货币银行服务
DP_006240,货币银行服务
DP_005322,货币银行服务
DP_000144,货币银行服务
DP_000163,货币银行服务
DP_006123,货币银行服务
DP_005233,货币银行服务
DP_006128,货币银行服务
DP_006219,货币银行服务
DP_006220,货币银行服务
DP_005323,货币银行服务
DP_006218,货币银行服务
DP_006105,货币银行服务
DP_006221,货币银行服务
DP_006149,货币银行服务
DP_000647,货币银行服务
DP_000540,货币银行服务
DP_000648,货币银行服务
DP_006148,货币银行服务
DP_000649,货币银行服务
DP_006173,货币银行服务
DP_003643,货币银行服务
DP_000022,货币银行服务
DP_006177,货币银行服务
DP_004654,货币银行服务
DP_006649,货币银行服务
DP_004757,货币银行服务
DP_006161,货币银行服务
DP_003030,货币银行服务
DP_006163,货币银行服务
DP_003033,货币银行服务
DP_004559,货币银行服务
DP_005223,货币银行服务
DP_002604,货币银行服务
DP_002621,货币银行服务
DP_002629,货币银行服务
DP_006165,货币银行服务
DP_004564,货币银行服务
DP_001182,货币银行服务
DP_002628,货币银行服务
DP_002630,货币银行服务
DP_006172,货币银行服务
DP_002632,货币银行服务
DP_006650,货币银行服务
DP_004706,货币银行服务
DP_000146,货币银行服务
DP_005382,货币银行服务
DP_000150,货币银行服务
DP_006176,货币银行服务
DP_006153,货币银行服务
DP_006159,货币银行服务
DP_001139,货币银行服务
DP_003000,货币银行服务
DP_006170,货币银行服务
DP_003005,货币银行服务
DP_004645,货币银行服务
DP_004587,货币银行服务
DP_001741,货币银行服务
DP_006651,货币银行服务
DP_005116,货币银行服务
DP_005408,货币银行服务
DP_004242,货币银行服务
DP_000787,货币银行服务
DP_001557,货币银行服务
DP_000719,货币银行服务
DP_000720,货币银行服务
DP_003454,货币银行服务
DP_001940,货币银行服务
DP_001179,货币银行服务
DP_006658,货币银行服务
DP_002492,货币银行服务
DP_000598,货币银行服务
DP_002081,货币银行服务
DP_000370,货币银行服务
DP_006191,货币银行服务
DP_000409,货币银行服务
DP_001615,货币银行服务
DP_002003,货币银行服务
DP_002008,货币银行服务
DP_005127,货币银行服务
DP_000577,货币银行服务
DP_005400,货币银行服务
DP_002113,货币银行服务
DP_006324,货币银行服务
DP_006496,货币银行服务
DP_001686,货币银行服务
DP_006492,货币银行服务
DP_005362,货币银行服务
DP_001688,货币银行服务
DP_006321,货币银行服务
DP_001689,货币银行服务
DP_006493,货币银行服务
DP_006495,货币银行服务
DP_006323,货币银行服务
DP_005138,货币银行服务
DP_002614,货币银行服务
DP_002615,货币银行服务
DP_006312,货币银行服务
DP_002613,货币银行服务
DP_005135,货币银行服务
DP_004139,货币银行服务
DP_002733,货币银行服务
DP_002610,货币银行服务
DP_002735,货币银行服务
DP_002619,货币银行服务
DP_006319,货币银行服务
DP_002734,货币银行服务
DP_002616,货币银行服务
DP_006491,货币银行服务
DP_004146,货币银行服务
DP_005454,货币银行服务
DP_002624,货币银行服务
DP_004147,货币银行服务
DP_005453,货币银行服务
DP_002625,货币银行服务
DP_006322,货币银行服务
DP_005345,货币银行服务
DP_006494,货币银行服务
DP_005342,货币银行服务
DP_004496,货币银行服务
DP_005317,货币银行服务
DP_004145,货币银行服务
DP_000539,货币银行服务
DP_000340,货币银行服务
DP_002945,货币银行服务
DP_005301,货币银行服务
DP_005293,货币银行服务
DP_005230,货币银行服务
DP_002803,货币银行服务
DP_002482,货币银行服务
DP_004433,货币银行服务
DP_002802,货币银行服务
DP_006400,货币银行服务
DP_002871,货币银行服务
DP_004437,货币银行服务
DP_002805,货币银行服务
DP_004471,货币银行服务
DP_002807,货币银行服务
DP_004431,货币银行服务
DP_002806,货币银行服务
DP_000305,货币银行服务
DP_002808,货币银行服务
DP_000306,货币银行服务
DP_001271,货币银行服务
DP_002809,货币银行服务
DP_002816,货币银行服务
DP_004500,货币银行服务
DP_001274,货币银行服务
DP_002814,货币银行服务
DP_004487,货币银行服务
DP_001246,货币银行服务
DP_002810,货币银行服务
DP_004486,货币银行服务
DP_001248,货币银行服务
DP_002812,货币银行服务
DP_004490,货币银行服务
DP_002811,货币银行服务
DP_004489,货币银行服务
DP_001247,货币银行服务
DP_004484,货币银行服务
DP_002813,货币银行服务
DP_004497,货币银行服务
DP_005701,货币银行服务
DP_004498,货币银行服务
DP_004479,货币银行服务
DP_004473,货币银行服务
DP_002836,货币银行服务
DP_004478,货币银行服务
DP_003307,货币银行服务
DP_002834,货币银行服务
DP_001784,货币银行服务
DP_002833,货币银行服务
DP_004475,货币银行服务
DP_004483,货币银行服务
DP_004480,货币银行服务
DP_005351,货币银行服务
DP_004481,货币银行服务
DP_001249,货币银行服务
DP_000616,货币银行服务
DP_001272,货币银行服务
DP_005218,货币银行服务
DP_000615,货币银行服务
DP_004439,货币银行服务
DP_005449,货币银行服务
DP_004482,货币银行服务
DP_004485,货币银行服务
DP_005346,货币银行服务
DP_005255,货币银行服务
DP_001785,货币银行服务
DP_005256,货币银行服务
DP_004428,货币银行服务
DP_004466,货币银行服务
DP_004465,货币银行服务
DP_005272,货币银行服务
DP_004435,货币银行服务
DP_004422,货币银行服务
DP_004421,货币银行服务
DP_002611,货币银行服务
DP_004424,货币银行服务
DP_004425,货币银行服务
DP_004621,货币银行服务
DP_004418,货币银行服务
DP_003077,货币银行服务
DP_005170,货币银行服务
DP_005315,货币银行服务
DP_004434,货币银行服务
DP_004444,货币银行服务
DP_000721,货币银行服务
DP_004432,货币银行服务
DP_004467,货币银行服务
DP_004470,货币银行服务
DP_004429,货币银行服务
DP_004415,货币银行服务
DP_004446,货币银行服务
DP_002756,货币银行服务
DP_004494,货币银行服务
DP_004495,货币银行服务
DP_000044,货币银行服务
DP_000043,货币银行服务
DP_002990,货币银行服务
DP_001660,货币银行服务
DP_002986,货币银行服务
DP_003004,货币银行服务
DP_003001,货币银行服务
DP_003006,货币银行服务
DP_003002,货币银行服务
DP_003007,货币银行服务
DP_003011,货币银行服务
DP_003010,货币银行服务
DP_000225,货币银行服务
DP_000224,货币银行服务
DP_000226,货币银行服务
DP_000227,货币银行服务
DP_001239,货币银行服务
DP_001237,货币银行服务
DP_001235,货币银行服务
DP_004622,货币银行服务
DP_000341,货币银行服务
DP_002609,货币银行服务
DP_003912,货币银行服务
DP_002618,货币银行服务
DP_004154,货币银行服务
DP_005318,货币银行服务
DP_002623,货币银行服务
DP_000342,货币银行服务
DP_005227,货币银行服务
DP_002622,货币银行服务
DP_005445,货币银行服务
DP_002608,货币银行服务
DP_001757,货币银行服务
DP_002617,货币银行服务
DP_002612,货币银行服务
DP_005446,货币银行服务
DP_002715,货币银行服务
DP_002714,货币银行服务
DP_002713,货币银行服务
DP_002712,货币银行服务
DP_002711,货币银行服务
DP_001090,货币银行服务
DP_004576,货币银行服务
DP_004627,货币银行服务
DP_004538,货币银行服务
DP_004593,货币银行服务
DP_004573,货币银行服务
DP_004609,货币银行服务
DP_004555,货币银行服务
DP_004606,货币银行服务
DP_004677,货币银行服务
DP_004656,货币银行服务
DP_004548,货币银行服务
DP_004546,货币银行服务
DP_004710,货币银行服务
DP_004624,货币银行服务
DP_004638,货币银行服务
DP_004551,货币银行服务
DP_004641,货币银行服务
DP_004650,货币银行服务
DP_004667,货币银行服务
DP_004529,货币银行服务
DP_004571,货币银行服务
DP_004631,货币银行服务
DP_004702,货币银行服务
DP_004578,货币银行服务
DP_004583,货币银行服务
DP_004669,货币银行服务
DP_004619,货币银行服务
DP_004712,货币银行服务
DP_004535,货币银行服务
DP_004659,货币银行服务
DP_004665,货币银行服务
DP_004598,货币银行服务
DP_004661,货币银行服务
DP_004569,货币银行服务
DP_000886,气象服务
DP_000903,气象服务
DP_000898,气象服务
DP_000906,气象服务
DP_000902,气象服务
DP_000900,气象服务
DP_000901,气象服务
DP_000899,气象服务
DP_000921,气象服务
DP_000919,气象服务
DP_000920,气象服务
DP_000911,气象服务
DP_000915,气象服务
DP_000897,气象服务
DP_000935,气象服务
DP_000910,气象服务
DP_000907,气象服务
DP_000908,气象服务
DP_000922,气象服务
DP_001047,气象服务
DP_000928,气象服务
DP_000969,气象服务
DP_000888,气象服务
DP_000975,气象服务
DP_000879,气象服务
DP_000972,气象服务
DP_000889,气象服务
DP_000978,气象服务
DP_000909,气象服务
DP_000981,气象服务
DP_004313,气象服务
DP_000914,气象服务
DP_001002,气象服务
DP_000905,气象服务
DP_004312,气象服务
DP_001008,气象服务
DP_000891,气象服务
DP_004307,气象服务
DP_001005,气象服务
DP_000890,气象服务
DP_004308,气象服务
DP_001011,气象服务
DP_000913,气象服务
DP_004306,气象服务
DP_001014,气象服务
DP_000904,气象服务
DP_001027,气象服务
DP_000916,气象服务
DP_001030,气象服务
DP_000917,气象服务
DP_001024,气象服务
DP_000912,气象服务
DP_001018,气象服务
DP_003337,气象服务
DP_001021,气象服务
DP_000887,气象服务
DP_001033,气象服务
DP_000961,气象服务
DP_000964,气象服务
DP_000941,气象服务
DP_000958,气象服务
DP_000938,气象服务
DP_000952,气象服务
DP_000939,气象服务
DP_000955,气象服务
DP_000936,气象服务
DP_000967,气象服务
DP_000927,气象服务
DP_000994,气象服务
DP_000932,气象服务
DP_000997,气象服务
DP_000933,气象服务
DP_000991,气象服务
DP_000985,气象服务
DP_000988,气象服务
DP_001000,气象服务
DP_001036,气象服务
DP_001305,气象服务
DP_001042,气象服务
DP_001039,气象服务
DP_001045,气象服务
DP_001048,气象服务
DP_000970,气象服务
DP_000976,气象服务
DP_000973,气象服务
DP_000979,气象服务
DP_000982,气象服务
DP_001003,气象服务
DP_001009,气象服务
DP_001006,气象服务
DP_001012,气象服务
DP_001015,气象服务
DP_000945,气象服务
DP_000944,气象服务
DP_000946,气象服务
DP_000947,气象服务
DP_000923,气象服务
DP_000924,气象服务
DP_000894,气象服务
DP_000948,气象服务
DP_000925,气象服务
DP_000943,气象服务
DP_000942,气象服务
DP_000893,气象服务
DP_000940,气象服务
DP_000929,气象服务
DP_000918,气象服务
DP_000934,气象服务
DP_000950,气象服务
DP_000949,气象服务
DP_000895,气象服务
DP_000937,气象服务
DP_000892,气象服务
DP_000882,气象服务
DP_000884,气象服务
DP_000881,气象服务
DP_000883,气象服务
DP_000885,气象服务
DP_000880,气象服务
DP_003208,气象服务
DP_000735,气象服务
DP_001311,气象服务
DP_003246,气象服务
DP_000736,气象服务
DP_003388,气象服务
DP_003384,气象服务
DP_003376,气象服务
DP_003377,气象服务
DP_001050,气象服务
DP_003413,气象服务
DP_001058,气象服务
DP_003398,气象服务
DP_001052,气象服务
DP_003378,气象服务
DP_000871,气象服务
DP_003382,气象服务
DP_000872,气象服务
DP_003401,气象服务
DP_001056,气象服务
DP_000878,气象服务
DP_003406,气象服务
DP_001055,气象服务
DP_000877,气象服务
DP_003399,气象服务
DP_001054,气象服务
DP_003379,气象服务
DP_001051,气象服务
DP_000875,气象服务
DP_000876,气象服务
DP_000874,气象服务
DP_000873,气象服务
DP_001057,气象服务
DP_001053,气象服务
DP_001028,气象服务
DP_001031,气象服务
DP_001025,气象服务
DP_001019,气象服务
DP_001022,气象服务
DP_003367,气象服务
DP_001034,气象服务
DP_003380,气象服务
DP_000962,气象服务
DP_000965,气象服务
DP_003400,气象服务
DP_000959,气象服务
DP_003389,气象服务
DP_000953,气象服务
DP_000956,气象服务
DP_003385,气象服务
DP_000968,气象服务
DP_000995,气象服务
DP_000998,气象服务
DP_000992,气象服务
DP_000986,气象服务
DP_000989,气象服务
DP_001001,气象服务
DP_001037,气象服务
DP_001043,气象服务
DP_001040,气象服务
DP_001046,气象服务
DP_001049,气象服务
DP_000971,气象服务
DP_000977,气象服务
DP_000974,气象服务
DP_000980,气象服务
DP_000983,气象服务
DP_001004,气象服务
DP_001010,气象服务
DP_001007,气象服务
DP_001013,气象服务
DP_001016,气象服务
DP_001026,气象服务
DP_001029,气象服务
DP_001023,气象服务
DP_001017,气象服务
DP_001020,气象服务
DP_003386,气象服务
DP_001032,气象服务
DP_000960,气象服务
DP_000963,气象服务
DP_000957,气象服务
DP_000951,气象服务
DP_003366,气象服务
DP_000954,气象服务
DP_003387,气象服务
DP_000966,气象服务
DP_000993,气象服务
DP_003383,气象服务
DP_000996,气象服务
DP_000990,气象服务
DP_000984,气象服务
DP_000987,气象服务
DP_000999,气象服务
DP_001035,气象服务
DP_001041,气象服务
DP_001038,气象服务
DP_001044,气象服务
DP_003369,气象服务
DP_003412,气象服务
DP_003393,气象服务
DP_003381,气象服务
DP_003372,气象服务
DP_003394,气象服务
DP_003408,气象服务
DP_003407,气象服务
DP_003409,气象服务
DP_003410,气象服务
DP_003403,气象服务
DP_003402,气象服务
DP_003371,气象服务
DP_003373,气象服务
DP_003374,气象服务
DP_003370,气象服务
DP_003396,气象服务
DP_003365,气象服务
DP_003397,气象服务
DP_003375,气象服务
DP_001805,电信
DP_001803,电信
DP_001804,电信
DP_001802,电信
DP_004700,电信
DP_000739,电信
DP_005949,电信
DP_004707,电信
DP_006030,电信
DP_005818,电信
DP_004166,电信
DP_006144,电信
DP_005942,电信
DP_006141,电信
DP_006023,电信
DP_005781,电信
DP_000067,电信
DP_005820,电信
DP_000068,电信
DP_005944,电信
DP_006025,电信
DP_005783,电信
DP_004187,电信
DP_005819,电信
DP_004186,电信
DP_005943,电信
DP_004188,电信
DP_004189,电信
DP_006024,电信
DP_005782,电信
DP_004190,电信
DP_005821,电信
DP_005945,电信
DP_002965,电信
DP_006026,电信
DP_005784,电信
DP_001861,电信
DP_005822,电信
DP_005946,电信
DP_000756,电信
DP_006027,电信
DP_005785,电信
DP_005823,电信
DP_005947,电信
DP_006028,电信
DP_005786,电信
DP_002966,电信
DP_005824,电信
DP_005948,电信
DP_006029,电信
DP_005787,电信
DP_001178,电信
DP_001177,电信
DP_000758,电信
DP_005829,电信
DP_001153,电信
DP_005954,电信
DP_004858,电信
DP_001169,电信
DP_006034,电信
DP_000757,电信
DP_001154,电信
DP_005863,电信
DP_004832,电信
DP_005830,电信
DP_004835,电信
DP_005955,电信
DP_004651,电信
DP_006035,电信
DP_004834,电信
DP_005864,电信
DP_004833,电信
DP_005887,电信
DP_005967,电信
DP_006047,电信
DP_005843,电信
DP_005886,电信
DP_005966,电信
DP_006046,电信
DP_005842,电信
DP_005888,电信
DP_005968,电信
DP_006048,电信
DP_005844,电信
DP_005893,电信
DP_005973,电信
DP_006053,电信
DP_005849,电信
DP_005892,电信
DP_005972,电信
DP_006052,电信
DP_005848,电信
DP_002996,电信
DP_005894,电信
DP_005974,电信
DP_000777,电信
DP_000727,电信
DP_006054,电信
DP_005850,电信
DP_005878,电信
DP_005958,电信
DP_006038,电信
DP_005833,电信
DP_000024,电信
DP_005877,电信
DP_005957,电信
DP_000021,电信
DP_006037,电信
DP_001763,电信
DP_005832,电信
DP_005879,电信
DP_005959,电信
DP_006039,电信
DP_005834,电信
DP_005884,电信
DP_000760,电信
DP_005964,电信
DP_001778,电信
DP_006044,电信
DP_001779,电信
DP_005840,电信
DP_001780,电信
DP_005883,电信
DP_001777,电信
DP_005963,电信
DP_001776,电信
DP_006043,电信
DP_005839,电信
DP_002827,电信
DP_005885,电信
DP_005965,电信
DP_006045,电信
DP_005841,电信
DP_005970,电信
DP_004706,电信
DP_006050,电信
DP_004694,电信
DP_005846,电信
DP_005889,电信
DP_005969,电信
DP_006049,电信
DP_005845,电信
DP_005891,电信
DP_002997,电信
DP_005971,电信
DP_002953,电信
DP_006051,电信
DP_005847,电信
DP_005899,电信
DP_001755,电信
DP_005979,电信
DP_001765,电信
DP_006059,电信
DP_001782,电信
DP_005858,电信
DP_001781,电信
DP_005898,电信
DP_001769,电信
DP_005978,电信
DP_001767,电信
DP_006058,电信
DP_005857,电信
DP_005699,电信
DP_000026,电信
DP_001901,电信
DP_005980,电信
DP_001902,电信
DP_006060,电信
DP_002219,电信
DP_001754,电信
DP_005859,电信
DP_005896,电信
DP_002208,电信
DP_005976,电信
DP_006056,电信
DP_001553,电信
DP_005854,电信
DP_001572,电信
DP_005975,电信
DP_001622,电信
DP_006055,电信
DP_001681,电信
DP_003968,电信
DP_001612,电信
DP_005897,电信
DP_005977,电信
DP_002314,电信
DP_001739,电信
DP_006057,电信
DP_005855,电信
DP_000265,电信
DP_006296,电信
DP_006567,电信
DP_005994,电信
DP_006627,电信
DP_006074,电信
DP_002335,电信
DP_006297,电信
DP_005875,电信
DP_002351,电信
DP_001865,电信
DP_006568,电信
DP_005912,电信
DP_002313,电信
DP_003824,电信
DP_001863,电信
DP_006628,电信
DP_005993,电信
DP_001682,电信
DP_001864,电信
DP_006073,电信
DP_005874,电信
DP_001860,电信
DP_005914,电信
DP_001862,电信
DP_001740,电信
DP_005995,电信
DP_001680,电信
DP_001619,电信
DP_001683,电信
DP_005876,电信
DP_001672,电信
DP_005904,电信
DP_001670,电信
DP_005985,电信
DP_001674,电信
DP_001774,电信
DP_006065,电信
DP_001671,电信
DP_005866,电信
DP_002055,电信
DP_005903,电信
DP_005746,电信
DP_002056,电信
DP_005984,电信
DP_005743,电信
DP_002049,电信
DP_006064,电信
DP_004079,电信
DP_005748,电信
DP_002050,电信
DP_005865,电信
DP_001786,电信
DP_002052,电信
DP_005905,电信
DP_005749,电信
DP_002051,电信
DP_005986,电信
DP_005750,电信
DP_002058,电信
DP_006066,电信
DP_005752,电信
DP_002061,电信
DP_005867,电信
DP_005138,电信
DP_005747,电信
DP_002053,电信
DP_005881,电信
DP_005745,电信
DP_002059,电信
DP_005961,电信
DP_005751,电信
DP_002057,电信
DP_006041,电信
DP_000769,电信
DP_006077,电信
DP_005836,电信
DP_000761,电信
DP_005838,电信
DP_005880,电信
DP_000764,电信
DP_005753,电信
DP_005960,电信
DP_005742,电信
DP_006040,电信
DP_005477,电信
DP_006096,电信
DP_005835,电信
DP_004132,电信
DP_002734,电信
DP_005744,电信
DP_005882,电信
DP_000763,电信
DP_005754,电信
DP_005962,电信
DP_000765,电信
DP_005755,电信
DP_006042,电信
DP_004135,电信
DP_005953,电信
DP_005837,电信
DP_004133,电信
DP_006076,电信
DP_005901,电信
DP_004134,电信
DP_005856,电信
DP_005982,电信
DP_005916,电信
DP_006062,电信
DP_004143,电信
DP_002954,电信
DP_005997,电信
DP_005861,电信
DP_004142,电信
DP_002974,电信
DP_005852,电信
DP_005900,电信
DP_004144,电信
DP_005915,电信
DP_005981,电信
DP_004449,电信
DP_000766,电信
DP_001759,电信
DP_006061,电信
DP_004450,电信
DP_005996,电信
DP_005860,电信
DP_004453,电信
DP_005851,电信
DP_005902,电信
DP_004454,电信
DP_000767,电信
DP_005831,电信
DP_005983,电信
DP_004887,电信
DP_004447,电信
DP_000768,电信
DP_005956,电信
DP_006063,电信
DP_006036,电信
DP_005862,电信
DP_005792,电信
DP_005910,电信
DP_000715,电信
DP_005793,电信
DP_005991,电信
DP_000716,电信
DP_005917,电信
DP_006071,电信
DP_000714,电信
DP_005998,电信
DP_005872,电信
DP_005756,电信
DP_005909,电信
DP_004167,电信
DP_001758,电信
DP_005990,电信
DP_001253,电信
DP_005828,电信
DP_006070,电信
DP_001252,电信
DP_005952,电信
DP_005871,电信
DP_006033,电信
DP_005911,电信
DP_005791,电信
DP_005992,电信
DP_000779,电信
DP_005827,电信
DP_006072,电信
DP_000778,电信
DP_005951,电信
DP_005873,电信
DP_006032,电信
DP_005907,电信
DP_005451,电信
DP_005790,电信
DP_005988,电信
DP_005806,电信
DP_006068,电信
DP_005930,电信
DP_005869,电信
DP_006480,电信
DP_001761,电信
DP_005906,电信
DP_006011,电信
DP_005987,电信
DP_005700,电信
DP_001254,电信
DP_005769,电信
DP_006067,电信
DP_005796,电信
DP_005868,电信
DP_005920,电信
DP_005908,电信
DP_002784,电信
DP_006001,电信
DP_005989,电信
DP_002785,电信
DP_005759,电信
DP_004296,电信
DP_006069,电信
DP_002782,电信
DP_000770,电信
DP_005804,电信
DP_005870,电信
DP_002780,电信
DP_005452,电信
DP_003306,电信
DP_005928,电信
DP_002781,电信
DP_006009,电信
DP_002779,电信
DP_005767,电信
DP_002777,电信
DP_002778,电信
DP_005816,电信
DP_001269,电信
DP_002835,电信
DP_005940,电信
DP_002787,电信
DP_002817,电信
DP_006021,电信
DP_002788,电信
DP_005779,电信
DP_002786,电信
DP_005805,电信
DP_002790,电信
DP_005929,电信
DP_001263,电信
DP_002791,电信
DP_006010,电信
DP_002789,电信
DP_005768,电信
DP_002775,电信
DP_005817,电信
DP_002776,电信
DP_005941,电信
DP_001221,电信
DP_002774,电信
DP_001209,电信
DP_002799,电信
DP_006022,电信
DP_005780,电信
DP_001266,电信
DP_002800,电信
DP_005795,电信
DP_001223,电信
DP_002798,电信
DP_005919,电信
DP_002795,电信
DP_006000,电信
DP_002796,电信
DP_005758,电信
DP_001217,电信
DP_002794,电信
DP_005808,电信
DP_001215,电信
DP_002793,电信
DP_005450,电信
DP_005932,电信
DP_002801,电信
DP_006013,电信
DP_001214,电信
DP_002797,电信
DP_003340,电信
DP_005771,电信
DP_001324,电信
DP_002792,电信
DP_005799,电信
DP_005923,电信
DP_002054,电信
DP_006004,电信
DP_005762,电信
DP_005811,电信
DP_005935,电信
DP_006016,电信
DP_005774,电信
DP_005797,电信
DP_005921,电信
DP_004440,电信
DP_004989,电信
DP_002912,电信
DP_006002,电信
DP_000821,电信
DP_002964,电信
DP_005760,电信
DP_001773,电信
DP_002979,电信
DP_005809,电信
DP_004451,电信
DP_004987,电信
DP_002970,电信
DP_005933,电信
DP_002837,电信
DP_002982,电信
DP_006014,电信
DP_004452,电信
DP_002783,电信
DP_005772,电信
DP_002947,电信
DP_005800,电信
DP_004988,电信
DP_002968,电信
DP_005924,电信
DP_000804,电信
DP_004995,电信
DP_002911,电信
DP_006005,电信
DP_004255,电信
DP_002967,电信
DP_005763,电信
DP_002998,电信
DP_002980,电信
DP_005812,电信
DP_002983,电信
DP_005936,电信
DP_002971,电信
DP_006017,电信
DP_000762,电信
DP_002981,电信
DP_005775,电信
DP_002736,电信
DP_000772,电信
DP_001815,电信
DP_002984,电信
DP_005801,电信
DP_002737,电信
DP_005925,电信
DP_002846,电信
DP_002972,电信
DP_006006,电信
DP_002963,电信
DP_005764,电信
DP_005704,电信
DP_005813,电信
DP_005716,电信
DP_005937,电信
DP_005715,电信
DP_005708,电信
DP_006018,电信
DP_005776,电信
DP_005714,电信
DP_005802,电信
DP_005717,电信
DP_005926,电信
DP_005710,电信
DP_006007,电信
DP_005711,电信
DP_005765,电信
DP_005709,电信
DP_005814,电信
DP_002843,电信
DP_005938,电信
DP_002844,电信
DP_006019,电信
DP_002842,电信
DP_005777,电信
DP_002206,电信
DP_000845,电信
DP_002709,电信
DP_002224,电信
DP_005798,电信
DP_002218,电信
DP_005922,电信
DP_002215,电信
DP_006003,电信
DP_006508,电信
DP_002213,电信
DP_005761,电信
DP_006509,电信
DP_002212,电信
DP_005810,电信
DP_002838,电信
DP_002211,电信
DP_005934,电信
DP_002851,电信
DP_002210,电信
DP_006015,电信
DP_002850,电信
DP_002223,电信
DP_005773,电信
DP_002849,电信
DP_002216,电信
DP_005803,电信
DP_002852,电信
DP_000759,电信
DP_002217,电信
DP_005927,电信
DP_002214,电信
DP_001814,电信
DP_002973,电信
DP_002221,电信
DP_006008,电信
DP_002999,电信
DP_002209,电信
DP_005766,电信
DP_001813,电信
DP_002952,电信
DP_002227,电信
DP_005815,电信
DP_001806,电信
DP_003012,电信
DP_002225,电信
DP_005939,电信
DP_000771,电信
DP_001807,电信
DP_002226,电信
DP_006020,电信
DP_000776,电信
DP_000494,电信
DP_002228,电信
DP_005778,电信
DP_004692,电信
DP_004693,电信
DP_005918,电信
DP_004691,电信
DP_000774,电信
DP_004697,电信
DP_005757,电信
DP_000775,电信
DP_004698,电信
DP_004696,电信
DP_004701,电信
DP_006012,电信
DP_000773,电信
DP_004699,电信
DP_004704,电信
DP_005826,电信
DP_004705,电信
DP_005950,电信
DP_004703,电信
DP_006031,电信
DP_005789,电信
DP_004708,电信
DP_005825,电信
DP_004709,电信
DP_001766,电信
DP_001768,电信
DP_001742,电信
DP_001748,电信
DP_001746,电信
DP_001762,电信
DP_001764,电信
DP_002897,互联网平台
DP_002898,互联网平台
DP_002903,互联网平台
DP_002904,互联网平台
DP_000739,互联网平台
DP_001635,互联网平台
DP_001292,互联网平台
DP_001278,互联网平台
DP_002167,互联网平台
DP_000058,互联网平台
DP_003929,互联网平台
DP_003931,互联网平台
DP_003331,互联网平台
DP_000083,互联网平台
DP_000024,互联网平台
DP_002096,互联网平台
DP_000062,互联网平台
DP_002453,互联网平台
DP_003036,互联网平台
DP_005528,互联网平台
DP_002274,互联网平台
DP_002607,互联网平台
DP_002233,互联网平台
DP_004652,互联网平台
DP_003784,互联网平台
DP_002125,互联网平台
DP_001960,互联网平台
DP_005185,互联网平台
DP_002664,互联网平台
DP_003259,互联网平台
DP_002257,互联网平台
DP_002011,互联网平台
DP_002341,互联网平台
DP_002642,互联网平台
DP_001872,互联网平台
DP_003417,互联网平台
DP_002447,互联网平台
DP_005178,互联网平台
DP_003535,互联网平台
DP_001261,互联网平台
DP_005174,互联网平台
DP_002905,互联网平台
DP_001201,互联网平台
DP_005175,互联网平台
DP_002007,互联网平台
DP_006676,互联网平台
DP_001206,互联网平台
DP_001956,互联网平台
DP_003540,互联网平台
DP_002845,互联网平台
DP_006101,互联网平台
DP_004354,互联网平台
DP_005183,互联网平台
DP_003013,互联网平台
DP_000828,互联网平台
DP_000829,互联网平台
DP_001712,互联网平台
DP_002924,法律服务
DP_001563,法律服务
DP_001605,法律服务
DP_001574,法律服务
DP_001627,法律服务
DP_002441,法律服务
DP_001811,法律服务
DP_003043,法律服务
DP_001810,法律服务
DP_003044,法律服务
DP_002194,法律服务
DP_003041,法律服务
DP_003040,法律服务
DP_003051,法律服务
DP_003048,法律服务
DP_001286,法律服务
DP_003047,法律服务
DP_003046,法律服务
DP_004581,法律服务
DP_000052,法律服务
DP_004579,法律服务
DP_004562,法律服务
DP_003153,法律服务
DP_004584,法律服务
DP_003154,法律服务
DP_004568,法律服务
DP_004614,法律服务
DP_004612,法律服务
DP_004570,法律服务
DP_000362,法律服务
DP_000361,法律服务
DP_000366,法律服务
DP_000364,法律服务
DP_003599,法律服务
DP_000147,法律服务
DP_000432,法律服务
DP_000170,法律服务
DP_002278,法律服务
DP_001081,法律服务
DP_000433,法律服务
DP_001082,法律服务
DP_001123,法律服务
DP_002242,法律服务
DP_002861,法律服务
DP_000339,法律服务
DP_004761,法律服务
DP_001165,法律服务
DP_001693,法律服务
DP_004762,法律服务
DP_001164,法律服务
DP_004763,法律服务
DP_001163,法律服务
DP_005241,法律服务
DP_005126,法律服务
DP_003037,法律服务
DP_005048,法律服务
DP_005051,法律服务
DP_000149,法律服务
DP_005054,法律服务
DP_005047,法律服务
DP_000154,法律服务
DP_000250,法律服务
DP_004537,法律服务
DP_000129,法律服务
DP_000588,法律服务
DP_000431,法律服务
DP_000541,法律服务
DP_000501,法律服务
DP_000138,法律服务
DP_003975,法律服务
DP_000486,法律服务
DP_004981,法律服务
DP_002437,法律服务
DP_001851,法律服务
DP_003736,法律服务
DP_003222,法律服务
DP_003197,法律服务
DP_004868,法律服务
DP_001914,法律服务
DP_001913,法律服务
DP_000355,法律服务
DP_000356,法律服务
DP_004138,法律服务
DP_004130,法律服务
DP_001480,法律服务
DP_000500,法律服务
DP_006098,法律服务
DP_003683,法律服务
DP_003749,法律服务
DP_005686,法律服务
DP_003767,法律服务
DP_003260,法律服务
DP_005693,法律服务
DP_003224,法律服务
DP_001186,法律服务
DP_000485,法律服务
DP_005308,法律服务
DP_003303,法律服务
DP_000359,法律服务
DP_000088,法律服务
DP_000360,法律服务
DP_003718,法律服务
DP_000357,法律服务
DP_001971,法律服务
DP_000584,法律服务
DP_000721,法律服务
DP_000805,法律服务
DP_000455,法律服务
DP_003187,法律服务
DP_003071,法律服务
DP_003072,法律服务
DP_000587,法律服务
DP_003074,法律服务
DP_001581,法律服务
DP_001808,法律服务
DP_000852,法律服务
DP_002938,法律服务
DP_002927,法律服务
DP_002931,法律服务
DP_001577,法律服务
DP_001523,法律服务
DP_000477,法律服务
DP_001628,法律服务
DP_004567,法律服务
DP_004561,法律服务
DP_002899,互联网批发零售
DP_002902,互联网批发零售
DP_002901,互联网批发零售
DP_002078,互联网批发零售
DP_001947,互联网批发零售
DP_001966,互联网批发零售
DP_002266,互联网批发零售
DP_001995,互联网批发零售
DP_001977,互联网批发零售
DP_002155,互联网批发零售
DP_001279,互联网批发零售
DP_002472,互联网批发零售
DP_002264,互联网批发零售
DP_002161,互联网批发零售
DP_001991,互联网批发零售
DP_001979,互联网批发零售
DP_002244,互联网批发零售
DP_001281,互联网批发零售
DP_002438,互联网批发零售
DP_002193,互联网批发零售
DP_002171,互联网批发零售
DP_000686,互联网批发零售
DP_001282,互联网批发零售
DP_002095,互联网批发零售
DP_002416,互联网批发零售
DP_002454,互联网批发零售
DP_001911,互联网批发零售
DP_002163,互联网批发零售
DP_003036,互联网批发零售
DP_001284,互联网批发零售
DP_002246,互联网批发零售
DP_002089,互联网批发零售
DP_002090,互联网批发零售
DP_002116,互联网批发零售
DP_002220,互联网批发零售
DP_002026,互联网批发零售
DP_002518,互联网批发零售
DP_002415,互联网批发零售
DP_001990,互联网批发零售
DP_002356,互联网批发零售
DP_002651,互联网批发零售
DP_002002,互联网批发零售
DP_002267,互联网批发零售
DP_002091,互联网批发零售
DP_002442,互联网批发零售
DP_001996,互联网批发零售
DP_001978,互联网批发零售
DP_002543,互联网批发零售
DP_002277,互联网批发零售
DP_002371,互联网批发零售
DP_002565,互联网批发零售
DP_002258,互联网批发零售
DP_002358,互联网批发零售
DP_002451,互联网批发零售
DP_002450,互联网批发零售
DP_001973,互联网批发零售
DP_001877,互联网批发零售
DP_002372,互联网批发零售
DP_002345,互联网批发零售
DP_002012,互联网批发零售
DP_001970,互联网批发零售
DP_002907,互联网批发零售
DP_002896,互联网批发零售
DP_002894,互联网批发零售
DP_002900,互联网批发零售
DP_002620,互联网批发零售
DP_000685,互联网批发零售
DP_001205,互联网批发零售
DP_002139,互联网批发零售
DP_002561,互联网批发零售
DP_002471,互联网批发零售
DP_002494,互联网批发零售
DP_002160,互联网批发零售
DP_002946,互联网数据服务
DP_001790,互联网数据服务
DP_002908,互联网数据服务
DP_001800,互联网数据服务
DP_002143,互联网数据服务
DP_001812,互联网数据服务
DP_001634,互联网数据服务
DP_002308,互联网数据服务
DP_002940,互联网数据服务
DP_000412,互联网数据服务
DP_002948,互联网数据服务
DP_001636,互联网数据服务
DP_001632,互联网数据服务
DP_006465,互联网数据服务
DP_000066,互联网数据服务
DP_001796,互联网数据服务
DP_003565,互联网数据服务
DP_005543,互联网数据服务
DP_000205,互联网数据服务
DP_001285,互联网数据服务
DP_006467,互联网数据服务
DP_003746,互联网数据服务
DP_002406,互联网数据服务
DP_000070,互联网数据服务
DP_003725,互联网数据服务
DP_004628,互联网数据服务
DP_005190,互联网数据服务
DP_003904,互联网数据服务
DP_001288,互联网数据服务
DP_003634,互联网数据服务
DP_005222,互联网数据服务
DP_001922,互联网数据服务
DP_002637,互联网数据服务
DP_001238,互联网数据服务
DP_002976,互联网数据服务
DP_005074,互联网数据服务
DP_005423,互联网数据服务
DP_006472,互联网数据服务
DP_003773,互联网数据服务
DP_003143,互联网数据服务
DP_001772,互联网数据服务
DP_003685,互联网数据服务
DP_004311,互联网数据服务
DP_003729,互联网数据服务
DP_003149,互联网数据服务
DP_003651,互联网数据服务
DP_005367,互联网数据服务
DP_001117,互联网数据服务
DP_002605,互联网数据服务
DP_003606,互联网数据服务
DP_002407,互联网数据服务
DP_003777,互联网数据服务
DP_005395,互联网数据服务
DP_000047,互联网数据服务
DP_002941,互联网数据服务
DP_003566,互联网数据服务
DP_005366,互联网数据服务
DP_000051,互联网数据服务
DP_003567,互联网数据服务
DP_003123,互联网数据服务
DP_002270,互联网数据服务
DP_005129,互联网数据服务
DP_000330,互联网数据服务
DP_001152,互联网数据服务
DP_003585,互联网数据服务
DP_000331,互联网数据服务
DP_005344,互联网数据服务
DP_004270,互联网数据服务
DP_000048,互联网数据服务
DP_000707,互联网数据服务
DP_002548,互联网数据服务
DP_003584,互联网数据服务
DP_001953,互联网数据服务
DP_000049,互联网数据服务
DP_005282,互联网数据服务
DP_003619,互联网数据服务
DP_004284,互联网数据服务
DP_000072,互联网数据服务
DP_001737,互联网数据服务
DP_003742,互联网数据服务
DP_001166,互联网数据服务
DP_005232,互联网数据服务
DP_000562,互联网数据服务
DP_003022,互联网数据服务
DP_000559,互联网数据服务
DP_003612,互联网数据服务
DP_004896,互联网数据服务
DP_001609,互联网数据服务
DP_005337,互联网数据服务
DP_003609,互联网数据服务
DP_003003,互联网数据服务
DP_005444,互联网数据服务
DP_003644,互联网数据服务
DP_003605,互联网数据服务
DP_000363,互联网数据服务
DP_005325,互联网数据服务
DP_003600,互联网数据服务
DP_003055,互联网数据服务
DP_003056,互联网数据服务
DP_001943,互联网数据服务
DP_003057,互联网数据服务
DP_005201,互联网数据服务
DP_003158,互联网数据服务
DP_000489,互联网数据服务
DP_003563,互联网数据服务
DP_000345,互联网数据服务
DP_001932,互联网数据服务
DP_003562,互联网数据服务
DP_001300,互联网数据服务
DP_002114,互联网数据服务
DP_005010,互联网数据服务
DP_003687,互联网数据服务
DP_002659,互联网数据服务
DP_000159,互联网数据服务
DP_000629,互联网数据服务
DP_004744,互联网数据服务
DP_003686,互联网数据服务
DP_004711,互联网数据服务
DP_000683,互联网数据服务
DP_003774,互联网数据服务
DP_000057,互联网数据服务
DP_001077,互联网数据服务
DP_003582,互联网数据服务
DP_001944,互联网数据服务
DP_004916,互联网数据服务
DP_004852,互联网数据服务
DP_003601,互联网数据服务
DP_004776,互联网数据服务
DP_002000,互联网数据服务
DP_003720,互联网数据服务
DP_001824,互联网数据服务
DP_004796,互联网数据服务
DP_002640,互联网数据服务
DP_000517,互联网数据服务
DP_004781,互联网数据服务
DP_004784,互联网数据服务
DP_004053,互联网数据服务
DP_000523,互联网数据服务
DP_004779,互联网数据服务
DP_005044,互联网数据服务
DP_005339,互联网数据服务
DP_002995,互联网数据服务
DP_003778,互联网数据服务
DP_003898,互联网数据服务
DP_003998,互联网数据服务
DP_002821,互联网数据服务
DP_005121,互联网数据服务
DP_000537,互联网数据服务
DP_005214,互联网数据服务
DP_003993,互联网数据服务
DP_004664,互联网数据服务
DP_000217,互联网数据服务
DP_000140,互联网数据服务
DP_004544,互联网数据服务
DP_000096,互联网数据服务
DP_005209,互联网数据服务
DP_005441,互联网数据服务
DP_003643,互联网数据服务
DP_005427,互联网数据服务
DP_004005,互联网数据服务
DP_005435,互联网数据服务
DP_000126,互联网数据服务
DP_003990,互联网数据服务
DP_005440,互联网数据服务
DP_004051,互联网数据服务
DP_005111,互联网数据服务
DP_000134,互联网数据服务
DP_004006,互联网数据服务
DP_005260,互联网数据服务
DP_005465,互联网数据服务
DP_004000,互联网数据服务
DP_005125,互联网数据服务
DP_004036,互联网数据服务
DP_002368,互联网数据服务
DP_000112,互联网数据服务
DP_004004,互联网数据服务
DP_005242,互联网数据服务
DP_004011,互联网数据服务
DP_004528,互联网数据服务
DP_004062,互联网数据服务
DP_000247,互联网数据服务
DP_000113,互联网数据服务
DP_000315,互联网数据服务
DP_005250,互联网数据服务
DP_004105,互联网数据服务
DP_000118,互联网数据服务
DP_006090,互联网数据服务
DP_004073,互联网数据服务
DP_002339,互联网数据服务
DP_003039,互联网数据服务
DP_000243,互联网数据服务
DP_005221,互联网数据服务
DP_000132,互联网数据服务
DP_000297,互联网数据服务
DP_000102,互联网数据服务
DP_005389,互联网数据服务
DP_001845,互联网数据服务
DP_000122,互联网数据服务
DP_004640,互联网数据服务
DP_002626,互联网数据服务
DP_000303,互联网数据服务
DP_001844,互联网数据服务
DP_002919,互联网数据服务
DP_000304,互联网数据服务
DP_001846,互联网数据服务
DP_004527,互联网数据服务
DP_002913,互联网数据服务
DP_001842,互联网数据服务
DP_000093,互联网数据服务
DP_004521,互联网数据服务
DP_005053,互联网数据服务
DP_002235,互联网数据服务
DP_004524,互联网数据服务
DP_004037,互联网数据服务
DP_005372,互联网数据服务
DP_002231,互联网数据服务
DP_003900,互联网数据服务
DP_005049,互联网数据服务
DP_004525,互联网数据服务
DP_000269,互联网数据服务
DP_000027,互联网数据服务
DP_004104,互联网数据服务
DP_000249,互联网数据服务
DP_004862,互联网数据服务
DP_000153,互联网数据服务
DP_001745,互联网数据服务
DP_005028,互联网数据服务
DP_000296,互联网数据服务
DP_005417,互联网数据服务
DP_004751,互联网数据服务
DP_001136,互联网数据服务
DP_004118,互联网数据服务
DP_004750,互联网数据服务
DP_004720,互联网数据服务
DP_004092,互联网数据服务
DP_000175,互联网数据服务
DP_001923,互联网数据服务
DP_001470,互联网数据服务
DP_005407,互联网数据服务
DP_004106,互联网数据服务
DP_003766,互联网数据服务
DP_004107,互联网数据服务
DP_005415,互联网数据服务
DP_004873,互联网数据服务
DP_002646,互联网数据服务
DP_004097,互联网数据服务
DP_004040,互联网数据服务
DP_005377,互联网数据服务
DP_004872,互联网数据服务
DP_000040,互联网数据服务
DP_001510,互联网数据服务
DP_004077,互联网数据服务
DP_004043,互联网数据服务
DP_000302,互联网数据服务
DP_001909,互联网数据服务
DP_003633,互联网数据服务
DP_002137,互联网数据服务
DP_001387,互联网数据服务
DP_004044,互联网数据服务
DP_003551,互联网数据服务
DP_000301,互联网数据服务
DP_003744,互联网数据服务
DP_002819,互联网数据服务
DP_000266,互联网数据服务
DP_002414,互联网数据服务
DP_001571,互联网数据服务
DP_004093,互联网数据服务
DP_001579,互联网数据服务
DP_003989,互联网数据服务
DP_000311,互联网数据服务
DP_000136,互联网数据服务
DP_003629,互联网数据服务
DP_004075,互联网数据服务
DP_000299,互联网数据服务
DP_002764,互联网数据服务
DP_005895,互联网数据服务
DP_004014,互联网数据服务
DP_005035,互联网数据服务
DP_001076,互联网数据服务
DP_002410,互联网数据服务
DP_004098,互联网数据服务
DP_005380,互联网数据服务
DP_003184,互联网数据服务
DP_001887,互联网数据服务
DP_004099,互联网数据服务
DP_005619,互联网数据服务
DP_005853,互联网数据服务
DP_004100,互联网数据服务
DP_003561,互联网数据服务
DP_001586,互联网数据服务
DP_005122,互联网数据服务
DP_004041,互联网数据服务
DP_005038,互联网数据服务
DP_004737,互联网数据服务
DP_000156,互联网数据服务
DP_002488,互联网数据服务
DP_004102,互联网数据服务
DP_000271,互联网数据服务
DP_000256,互联网数据服务
DP_000176,互联网数据服务
DP_001176,互联网数据服务
DP_005913,互联网数据服务
DP_004001,互联网数据服务
DP_000350,互联网数据服务
DP_000369,互联网数据服务
DP_001148,互联网数据服务
DP_001588,互联网数据服务
DP_004114,互联网数据服务
DP_005412,互联网数据服务
DP_001987,互联网数据服务
DP_003571,互联网数据服务
DP_004061,互联网数据服务
DP_001621,互联网数据服务
DP_002495,互联网数据服务
DP_003976,互联网数据服务
DP_005399,互联网数据服务
DP_003823,互联网数据服务
DP_003647,互联网数据服务
DP_004046,互联网数据服务
DP_003649,互联网数据服务
DP_005993,互联网数据服务
DP_000468,互联网数据服务
DP_004823,互联网数据服务
DP_003833,互联网数据服务
DP_001620,互联网数据服务
DP_004065,互联网数据服务
DP_001614,互联网数据服务
DP_004033,互联网数据服务
DP_000471,互联网数据服务
DP_004785,互联网数据服务
DP_001616,互联网数据服务
DP_005401,互联网数据服务
DP_004103,互联网数据服务
DP_000184,互联网数据服务
DP_004933,互联网数据服务
DP_004068,互联网数据服务
DP_006075,互联网数据服务
DP_000317,互联网数据服务
DP_004148,互联网数据服务
DP_003985,互联网数据服务
DP_005263,互联网数据服务
DP_004072,互联网数据服务
DP_003638,互联网数据服务
DP_002558,互联网数据服务
DP_001316,互联网数据服务
DP_004085,互联网数据服务
DP_002373,互联网数据服务
DP_004086,互联网数据服务
DP_002875,互联网数据服务
DP_003635,互联网数据服务
DP_005358,互联网数据服务
DP_004091,互联网数据服务
DP_002881,互联网数据服务
DP_003568,互联网数据服务
DP_004817,互联网数据服务
DP_004127,互联网数据服务
DP_005134,互联网数据服务
DP_004815,互联网数据服务
DP_003572,互联网数据服务
DP_000567,互联网数据服务
DP_003637,互联网数据服务
DP_000565,互联网数据服务
DP_003996,互联网数据服务
DP_006667,互联网数据服务
DP_003712,互联网数据服务
DP_001859,互联网数据服务
DP_005397,互联网数据服务
DP_004113,互联网数据服务
DP_000497,互联网数据服务
DP_003745,互联网数据服务
DP_000334,互联网数据服务
DP_005410,互联网数据服务
DP_003994,互联网数据服务
DP_003977,互联网数据服务
DP_003982,互联网数据服务
DP_004125,互联网数据服务
DP_003981,互联网数据服务
DP_003313,互联网数据服务
DP_004059,互联网数据服务
DP_003466,互联网数据服务
DP_003978,互联网数据服务
DP_005357,互联网数据服务
DP_004009,互联网数据服务
DP_002733,互联网数据服务
DP_004074,互联网数据服务
DP_005421,互联网数据服务
DP_002062,互联网数据服务
DP_001661,互联网数据服务
DP_004681,互联网数据服务
DP_004056,互联网数据服务
DP_004057,互联网数据服务
DP_001980,互联网数据服务
DP_004129,互联网数据服务
DP_001982,互联网数据服务
DP_000542,互联网数据服务
DP_005281,互联网数据服务
DP_002015,互联网数据服务
DP_004448,互联网数据服务
DP_004913,互联网数据服务
DP_003988,互联网数据服务
DP_001952,互联网数据服务
DP_001477,互联网数据服务
DP_004076,互联网数据服务
DP_002921,互联网数据服务
DP_004722,互联网数据服务
DP_002937,互联网数据服务
DP_002773,互联网数据服务
DP_004131,互联网数据服务
DP_003739,互联网数据服务
DP_004017,互联网数据服务
DP_000333,互联网数据服务
DP_004019,互联网数据服务
DP_002765,互联网数据服务
DP_003724,互联网数据服务
DP_005296,互联网数据服务
DP_003710,互联网数据服务
DP_002768,互联网数据服务
DP_004021,互联网数据服务
DP_002769,互联网数据服务
DP_003674,互联网数据服务
DP_005336,互联网数据服务
DP_001878,互联网数据服务
DP_004416,互联网数据服务
DP_002771,互联网数据服务
DP_003679,互联网数据服务
DP_001723,互联网数据服务
DP_004024,互联网数据服务
DP_000313,互联网数据服务
DP_003680,互联网数据服务
DP_001721,互联网数据服务
DP_005347,互联网数据服务
DP_004793,互联网数据服务
DP_006675,互联网数据服务
DP_000443,互联网数据服务
DP_004797,互联网数据服务
DP_002870,互联网数据服务
DP_002481,互联网数据服务
DP_004031,互联网数据服务
DP_003673,互联网数据服务
DP_001884,互联网数据服务
DP_002804,互联网数据服务
DP_002014,互联网数据服务
DP_004028,互联网数据服务
DP_003675,互联网数据服务
DP_000290,互联网数据服务
DP_004772,互联网数据服务
DP_004029,互联网数据服务
DP_003676,互联网数据服务
DP_004888,互联网数据服务
DP_004792,互联网数据服务
DP_004853,互联网数据服务
DP_003896,互联网数据服务
DP_004928,互联网数据服务
DP_004753,互联网数据服务
DP_001825,互联网数据服务
DP_005723,互联网数据服务
DP_004929,互联网数据服务
DP_004799,互联网数据服务
DP_000712,互联网数据服务
DP_005722,互联网数据服务
DP_005375,互联网数据服务
DP_004748,互联网数据服务
DP_005724,互联网数据服务
DP_005353,互联网数据服务
DP_004898,互联网数据服务
DP_004860,互联网数据服务
DP_005725,互联网数据服务
DP_000253,互联网数据服务
DP_005731,互联网数据服务
DP_000244,互联网数据服务
DP_005729,互联网数据服务
DP_003465,互联网数据服务
DP_002823,互联网数据服务
DP_002243,互联网数据服务
DP_000270,互联网数据服务
DP_005354,互联网数据服务
DP_005697,互联网数据服务
DP_000786,互联网数据服务
DP_005364,互联网数据服务
DP_004805,互联网数据服务
DP_000458,互联网数据服务
DP_004735,互联网数据服务
DP_005728,互联网数据服务
DP_000459,互联网数据服务
DP_001262,互联网数据服务
DP_004390,互联网数据服务
DP_002815,互联网数据服务
DP_005306,互联网数据服务
DP_001245,互联网数据服务
DP_004275,互联网数据服务
DP_003999,互联网数据服务
DP_004007,互联网数据服务
DP_000579,互联网数据服务
DP_001359,互联网数据服务
DP_001257,互联网数据服务
DP_005248,互联网数据服务
DP_004080,互联网数据服务
DP_001259,互联网数据服务
DP_004369,互联网数据服务
DP_004064,互联网数据服务
DP_004476,互联网数据服务
DP_001242,互联网数据服务
DP_004317,互联网数据服务
DP_000407,互联网数据服务
DP_001370,互联网数据服务
DP_003987,互联网数据服务
DP_005277,互联网数据服务
DP_001265,互联网数据服务
DP_002829,互联网数据服务
DP_002020,互联网数据服务
DP_003581,互联网数据服务
DP_003986,互联网数据服务
DP_003772,互联网数据服务
DP_003821,互联网数据服务
DP_004352,互联网数据服务
DP_001972,互联网数据服务
DP_003539,互联网数据服务
DP_004012,互联网数据服务
DP_003743,互联网数据服务
DP_005262,互联网数据服务
DP_003768,互联网数据服务
DP_001250,互联网数据服务
DP_004032,互联网数据服务
DP_000571,互联网数据服务
DP_003669,互联网数据服务
DP_004128,互联网数据服务
DP_003479,互联网数据服务
DP_002856,互联网数据服务
DP_003694,互联网数据服务
DP_003534,互联网数据服务
DP_004095,互联网数据服务
DP_001243,互联网数据服务
DP_006670,互联网数据服务
DP_003537,互联网数据服务
DP_004173,互联网数据服务
DP_004096,互联网数据服务
DP_004384,互联网数据服务
DP_001273,互联网数据服务
DP_003887,互联网数据服务
DP_004015,互联网数据服务
DP_003556,互联网数据服务
DP_004420,互联网数据服务
DP_003886,互联网数据服务
DP_004010,互联网数据服务
DP_001260,互联网数据服务
DP_003547,互联网数据服务
DP_005278,互联网数据服务
DP_003737,互联网数据服务
DP_004013,互联网数据服务
DP_003925,互联网数据服务
DP_001396,互联网数据服务
DP_003625,互联网数据服务
DP_004078,互联网数据服务
DP_005348,互联网数据服务
DP_001258,互联网数据服务
DP_000440,互联网数据服务
DP_004357,互联网数据服务
DP_004109,互联网数据服务
DP_004108,互联网数据服务
DP_003923,互联网数据服务
DP_003546,互联网数据服务
DP_004492,互联网数据服务
DP_004052,互联网数据服务
DP_003545,互联网数据服务
DP_004063,互联网数据服务
DP_004122,互联网数据服务
DP_003611,互联网数据服务
DP_005431,互联网数据服务
DP_003918,互联网数据服务
DP_000592,互联网数据服务
DP_004120,互联网数据服务
DP_004174,互联网数据服务
DP_001345,互联网数据服务
DP_004119,互联网数据服务
DP_003608,互联网数据服务
DP_002507,互联网数据服务
DP_004121,互联网数据服务
DP_003590,互联网数据服务
DP_000373,互联网数据服务
DP_005276,互联网数据服务
DP_000811,互联网数据服务
DP_002748,互联网数据服务
DP_003201,互联网数据服务
DP_000372,互联网数据服务
DP_000842,互联网数据服务
DP_003199,互联网数据服务
DP_001950,互联网数据服务
DP_004419,互联网数据服务
DP_000813,互联网数据服务
DP_004355,互联网数据服务
DP_002746,互联网数据服务
DP_000411,互联网数据服务
DP_004124,互联网数据服务
DP_004088,互联网数据服务
DP_004764,互联网数据服务
DP_001398,互联网数据服务
DP_005448,互联网数据服务
DP_003090,互联网数据服务
DP_000812,互联网数据服务
DP_000287,互联网数据服务
DP_001397,互联网数据服务
DP_002743,互联网数据服务
DP_002138,互联网数据服务
DP_003103,互联网数据服务
DP_002742,互联网数据服务
DP_003468,互联网数据服务
DP_003991,互联网数据服务
DP_004983,互联网数据服务
DP_004358,互联网数据服务
DP_002741,互联网数据服务
DP_003099,互联网数据服务
DP_004876,互联网数据服务
DP_002740,互联网数据服务
DP_000734,互联网数据服务
DP_002828,互联网数据服务
DP_000610,互联网数据服务
DP_000732,互联网数据服务
DP_002738,互联网数据服务
DP_000733,互联网数据服务
DP_002739,互联网数据服务
DP_003473,互联网数据服务
DP_000495,互联网数据服务
DP_000731,互联网数据服务
DP_002820,互联网数据服务
DP_001787,互联网数据服务
DP_001322,互联网数据服务
DP_000087,互联网数据服务
DP_001399,互联网数据服务
DP_001789,互联网数据服务
DP_000272,互联网数据服务
DP_000085,互联网数据服务
DP_000605,互联网数据服务
DP_004348,互联网数据服务
DP_001087,互联网数据服务
DP_003339,互联网数据服务
DP_000449,互联网数据服务
DP_000465,互联网数据服务
DP_004330,互联网数据服务
DP_004984,互联网数据服务
DP_004351,互联网数据服务
DP_004985,互联网数据服务
DP_004172,互联网数据服务
DP_001584,互联网数据服务
DP_003094,互联网数据服务
DP_005155,互联网数据服务
DP_000818,互联网数据服务
DP_005705,互联网数据服务
DP_001816,互联网数据服务
DP_000797,互联网数据服务
DP_000045,互联网数据服务
DP_004353,互联网数据服务
DP_002530,互联网数据服务
DP_002690,互联网数据服务
DP_000795,互联网数据服务
DP_000368,互联网数据服务
DP_004388,互联网数据服务
DP_004356,互联网数据服务
DP_000796,互联网数据服务
DP_004349,互联网数据服务
DP_003589,互联网数据服务
DP_004350,互联网数据服务
DP_000596,互联网数据服务
DP_004328,互联网数据服务
DP_003603,互联网数据服务
DP_000236,互联网数据服务
DP_002366,互联网数据服务
DP_004359,互联网数据服务
DP_003726,互联网数据服务
DP_006661,互联网数据服务
DP_001200,互联网数据服务
DP_004391,互联网数据服务
DP_003083,互联网数据服务
DP_003668,互联网数据服务
DP_004181,互联网数据服务
DP_003009,互联网数据服务
DP_000371,互联网数据服务
DP_003588,互联网数据服务
DP_002207,互联网数据服务
DP_002841,互联网数据服务
DP_002839,互联网数据服务
DP_002320,互联网数据服务
DP_003085,互联网数据服务
DP_002707,互联网数据服务
DP_006683,互联网数据服务
DP_003329,互联网数据服务
DP_002987,互联网数据服务
DP_002710,互联网数据服务
DP_004877,互联网数据服务
DP_000228,互联网数据服务
DP_002993,互联网数据服务
DP_001554,互联网数据服务
DP_000231,互联网数据服务
DP_002988,互联网数据服务
DP_000229,互联网数据服务
DP_004408,互联网数据服务
DP_003317,互联网数据服务
DP_001602,互联网数据服务
DP_000817,互联网数据服务
DP_000230,互联网数据服务
DP_003316,互联网数据服务
DP_003322,互联网数据服务
DP_000815,互联网数据服务
DP_004881,互联网数据服务
DP_003895,互联网数据服务
DP_003319,互联网数据服务
DP_003321,互联网数据服务
DP_001503,互联网数据服务
DP_004152,互联网数据服务
DP_002895,互联网数据服务
DP_002943,互联网数据服务
DP_001507,互联网数据服务
DP_001502,互联网数据服务
DP_000810,互联网数据服务
DP_001710,互联网数据服务
DP_000216,互联网数据服务
DP_001709,互联网数据服务
DP_006442,互联网数据服务
DP_002633,互联网数据服务
DP_001716,互联网数据服务
DP_005326,互联网数据服务
DP_001711,互联网数据服务
DP_001713,互联网数据服务
DP_000626,互联网数据服务
DP_005259,互联网数据服务
DP_004512,互联网数据服务
DP_002717,互联网数据服务
DP_002720,互联网数据服务
DP_002721,互联网数据服务
DP_001743,互联网数据服务
DP_001762,互联网数据服务
DP_000667,互联网数据服务
DP_001697,互联网数据服务
DP_001695,互联网数据服务
DP_005620,医疗仪器设备及器械制造
DP_005516,医疗仪器设备及器械制造
DP_005486,医疗仪器设备及器械制造
DP_005634,医疗仪器设备及器械制造
DP_005514,医疗仪器设备及器械制造
DP_005668,医疗仪器设备及器械制造
DP_005527,医疗仪器设备及器械制造
DP_005633,医疗仪器设备及器械制造
DP_005512,医疗仪器设备及器械制造
DP_005521,医疗仪器设备及器械制造
DP_005517,医疗仪器设备及器械制造
DP_005532,医疗仪器设备及器械制造
DP_005534,医疗仪器设备及器械制造
DP_005608,医疗仪器设备及器械制造
DP_005529,医疗仪器设备及器械制造
DP_005541,医疗仪器设备及器械制造
DP_005563,医疗仪器设备及器械制造
DP_005562,医疗仪器设备及器械制造
DP_005540,医疗仪器设备及器械制造
DP_005522,医疗仪器设备及器械制造
DP_005507,医疗仪器设备及器械制造
DP_003553,医疗仪器设备及器械制造
DP_003848,医疗仪器设备及器械制造
DP_003557,医疗仪器设备及器械制造
DP_005519,医疗仪器设备及器械制造
DP_005518,医疗仪器设备及器械制造
DP_004969,医疗仪器设备及器械制造
DP_005637,医疗仪器设备及器械制造
DP_005533,医疗仪器设备及器械制造
DP_005510,医疗仪器设备及器械制造
DP_005508,医疗仪器设备及器械制造
DP_005627,医疗仪器设备及器械制造
DP_005605,医疗仪器设备及器械制造
DP_005601,医疗仪器设备及器械制造
DP_005623,医疗仪器设备及器械制造
DP_005526,医疗仪器设备及器械制造
DP_005595,医疗仪器设备及器械制造
DP_005504,医疗仪器设备及器械制造
DP_005513,医疗仪器设备及器械制造
DP_005509,医疗仪器设备及器械制造
DP_005511,医疗仪器设备及器械制造
DP_005591,医疗仪器设备及器械制造
DP_005638,医疗仪器设备及器械制造
DP_004671,国家行政机构
DP_002935,国家行政机构
DP_001798,国家行政机构
DP_002925,国家行政机构
DP_004686,国家行政机构
DP_002926,国家行政机构
DP_004540,国家行政机构
DP_003092,国家行政机构
DP_002449,国家行政机构
DP_003061,国家行政机构
DP_003062,国家行政机构
DP_000198,国家行政机构
DP_000204,国家行政机构
DP_005314,国家行政机构
DP_001287,国家行政机构
DP_001229,国家行政机构
DP_005307,国家行政机构
DP_003152,国家行政机构
DP_001240,国家行政机构
DP_001290,国家行政机构
DP_000200,国家行政机构
DP_000197,国家行政机构
DP_005124,国家行政机构
DP_001112,国家行政机构
DP_001951,国家行政机构
DP_003146,国家行政机构
DP_001946,国家行政机构
DP_000419,国家行政机构
DP_004684,国家行政机构
DP_000415,国家行政机构
DP_005368,国家行政机构
DP_001965,国家行政机构
DP_000053,国家行政机构
DP_000416,国家行政机构
DP_004649,国家行政机构
DP_000417,国家行政机构
DP_002363,国家行政机构
DP_003108,国家行政机构
DP_000710,国家行政机构
DP_003109,国家行政机构
DP_000050,国家行政机构
DP_003728,国家行政机构
DP_000711,国家行政机构
DP_001969,国家行政机构
DP_003155,国家行政机构
DP_005091,国家行政机构
DP_000708,国家行政机构
DP_001704,国家行政机构
DP_001949,国家行政机构
DP_001175,国家行政机构
DP_003157,国家行政机构
DP_001749,国家行政机构
DP_005119,国家行政机构
DP_000063,国家行政机构
DP_001993,国家行政机构
DP_005093,国家行政机构
DP_000564,国家行政机构
DP_001959,国家行政机构
DP_004923,国家行政机构
DP_001170,国家行政机构
DP_003586,国家行政机构
DP_002164,国家行政机构
DP_000036,国家行政机构
DP_002166,国家行政机构
DP_000560,国家行政机构
DP_001157,国家行政机构
DP_000483,国家行政机构
DP_001924,国家行政机构
DP_004935,国家行政机构
DP_000484,国家行政机构
DP_003605,国家行政机构
DP_003928,国家行政机构
DP_004635,国家行政机构
DP_001196,国家行政机构
DP_005123,国家行政机构
DP_004603,国家行政机构
DP_005654,国家行政机构
DP_001306,国家行政机构
DP_004541,国家行政机构
DP_004605,国家行政机构
DP_000670,国家行政机构
DP_001302,国家行政机构
DP_000152,国家行政机构
DP_003595,国家行政机构
DP_005067,国家行政机构
DP_004727,国家行政机构
DP_004770,国家行政机构
DP_003027,国家行政机构
DP_003025,国家行政机构
DP_005656,国家行政机构
DP_005017,国家行政机构
DP_000543,国家行政机构
DP_000544,国家行政机构
DP_000131,国家行政机构
DP_005244,国家行政机构
DP_004713,国家行政机构
DP_001998,国家行政机构
DP_000172,国家行政机构
DP_000078,国家行政机构
DP_003014,国家行政机构
DP_000119,国家行政机构
DP_000033,国家行政机构
DP_003165,国家行政机构
DP_000155,国家行政机构
DP_000550,国家行政机构
DP_000034,国家行政机构
DP_000037,国家行政机构
DP_005264,国家行政机构
DP_004630,国家行政机构
DP_004644,国家行政机构
DP_005493,国家行政机构
DP_004672,国家行政机构
DP_003164,国家行政机构
DP_004601,国家行政机构
DP_003167,国家行政机构
DP_001967,国家行政机构
DP_003713,国家行政机构
DP_000168,国家行政机构
DP_003170,国家行政机构
DP_002067,国家行政机构
DP_003028,国家行政机构
DP_005046,国家行政机构
DP_004783,国家行政机构
DP_000127,国家行政机构
DP_003695,国家行政机构
DP_003135,国家行政机构
DP_005023,国家行政机构
DP_004775,国家行政机构
DP_005208,国家行政机构
DP_003661,国家行政机构
DP_003140,国家行政机构
DP_000130,国家行政机构
DP_003623,国家行政机构
DP_003119,国家行政机构
DP_000079,国家行政机构
DP_005025,国家行政机构
DP_003139,国家行政机构
DP_002421,国家行政机构
DP_003024,国家行政机构
DP_002641,国家行政机构
DP_003163,国家行政机构
DP_005058,国家行政机构
DP_003016,国家行政机构
DP_005106,国家行政机构
DP_005062,国家行政机构
DP_003166,国家行政机构
DP_005105,国家行政机构
DP_003769,国家行政机构
DP_000124,国家行政机构
DP_001114,国家行政机构
DP_003171,国家行政机构
DP_002860,国家行政机构
DP_005024,国家行政机构
DP_000546,国家行政机构
DP_001130,国家行政机构
DP_000547,国家行政机构
DP_004756,国家行政机构
DP_001116,国家行政机构
DP_003026,国家行政机构
DP_005439,国家行政机构
DP_003107,国家行政机构
DP_002070,国家行政机构
DP_004800,国家行政机构
DP_005117,国家行政机构
DP_000251,国家行政机构
DP_004788,国家行政机构
DP_001131,国家行政机构
DP_003136,国家行政机构
DP_000255,国家行政机构
DP_003696,国家行政机构
DP_000285,国家行政机构
DP_002370,国家行政机构
DP_003697,国家行政机构
DP_001780,国家行政机构
DP_003699,国家行政机构
DP_004802,国家行政机构
DP_003698,国家行政机构
DP_001776,国家行政机构
DP_002994,国家行政机构
DP_004816,国家行政机构
DP_000116,国家行政机构
DP_004846,国家行政机构
DP_005057,国家行政机构
DP_004804,国家行政机构
DP_004845,国家行政机构
DP_005494,国家行政机构
DP_005055,国家行政机构
DP_002364,国家行政机构
DP_004743,国家行政机构
DP_000298,国家行政机构
DP_003779,国家行政机构
DP_003035,国家行政机构
DP_005288,国家行政机构
DP_002566,国家行政机构
DP_004831,国家行政机构
DP_001678,国家行政机构
DP_000680,国家行政机构
DP_005311,国家行政机构
DP_002648,国家行政机构
DP_004830,国家行政机构
DP_005265,国家行政机构
DP_002486,国家行政机构
DP_005110,国家行政机构
DP_002487,国家行政机构
DP_002275,国家行政机构
DP_004826,国家行政机构
DP_002951,国家行政机构
DP_002969,国家行政机构
DP_004687,国家行政机构
DP_000258,国家行政机构
DP_005390,国家行政机构
DP_002287,国家行政机构
DP_000293,国家行政机构
DP_005388,国家行政机构
DP_002417,国家行政机构
DP_004875,国家行政机构
DP_002232,国家行政机构
DP_004870,国家行政机构
DP_005131,国家行政机构
DP_005402,国家行政机构
DP_002357,国家行政机构
DP_001820,国家行政机构
DP_002361,国家行政机构
DP_002431,国家行政机构
DP_000264,国家行政机构
DP_005285,国家行政机构
DP_004590,国家行政机构
DP_005115,国家行政机构
DP_004749,国家行政机构
DP_001821,国家行政机构
DP_005097,国家行政机构
DP_001981,国家行政机构
DP_000165,国家行政机构
DP_001888,国家行政机构
DP_005098,国家行政机构
DP_000309,国家行政机构
DP_005099,国家行政机构
DP_000166,国家行政机构
DP_005100,国家行政机构
DP_000162,国家行政机构
DP_005019,国家行政机构
DP_000295,国家行政机构
DP_000179,国家行政机构
DP_004726,国家行政机构
DP_000164,国家行政机构
DP_005021,国家行政机构
DP_004734,国家行政机构
DP_000177,国家行政机构
DP_000091,国家行政机构
DP_000142,国家行政机构
DP_005698,国家行政机构
DP_005033,国家行政机构
DP_004731,国家行政机构
DP_005696,国家行政机构
DP_002464,国家行政机构
DP_004733,国家行政机构
DP_000474,国家行政机构
DP_004729,国家行政机构
DP_005030,国家行政机构
DP_000241,国家行政机构
DP_002656,国家行政机构
DP_003968,国家行政机构
DP_000135,国家行政机构
DP_000308,国家行政机构
DP_002170,国家行政机构
DP_005239,国家行政机构
DP_005313,国家行政机构
DP_005604,国家行政机构
DP_005039,国家行政机构
DP_005430,国家行政机构
DP_005041,国家行政机构
DP_005236,国家行政机构
DP_005572,国家行政机构
DP_005237,国家行政机构
DP_002502,国家行政机构
DP_005592,国家行政机构
DP_001171,国家行政机构
DP_000137,国家行政机构
DP_002272,国家行政机构
DP_001172,国家行政机构
DP_000475,国家行政机构
DP_000139,国家行政机构
DP_004786,国家行政机构
DP_003647,国家行政机构
DP_004787,国家行政机构
DP_000633,国家行政机构
DP_005416,国家行政机构
DP_003833,国家行政机构
DP_003650,国家行政机构
DP_002165,国家行政机构
DP_002192,国家行政机构
DP_001968,国家行政机构
DP_001958,国家行政机构
DP_000413,国家行政机构
DP_005394,国家行政机构
DP_002145,国家行政机构
DP_000414,国家行政机构
DP_002309,国家行政机构
DP_003828,国家行政机构
DP_003868,国家行政机构
DP_001935,国家行政机构
DP_005284,国家行政机构
DP_004820,国家行政机构
DP_003825,国家行政机构
DP_003763,国家行政机构
DP_002146,国家行政机构
DP_004821,国家行政机构
DP_001962,国家行政机构
DP_003853,国家行政机构
DP_001936,国家行政机构
DP_004822,国家行政机构
DP_002452,国家行政机构
DP_005182,国家行政机构
DP_001941,国家行政机构
DP_003300,国家行政机构
DP_001948,国家行政机构
DP_001983,国家行政机构
DP_005355,国家行政机构
DP_001677,国家行政机构
DP_003607,国家行政机构
DP_002868,国家行政机构
DP_003198,国家行政机构
DP_003865,国家行政机构
DP_005138,国家行政机构
DP_005145,国家行政机构
DP_003583,国家行政机构
DP_000590,国家行政机构
DP_005137,国家行政机构
DP_003874,国家行政机构
DP_003628,国家行政机构
DP_005141,国家行政机构
DP_003748,国家行政机构
DP_003672,国家行政机构
DP_003481,国家行政机构
DP_004140,国家行政机构
DP_000428,国家行政机构
DP_000213,国家行政机构
DP_003735,国家行政机构
DP_000429,国家行政机构
DP_000214,国家行政机构
DP_003758,国家行政机构
DP_001298,国家行政机构
DP_004682,国家行政机构
DP_000353,国家行政机构
DP_003232,国家行政机构
DP_000351,国家行政机构
DP_004141,国家行政机构
DP_003747,国家行政机构
DP_000352,国家行政机构
DP_004472,国家行政机构
DP_003727,国家行政机构
DP_000538,国家行政机构
DP_003580,国家行政机构
DP_002772,国家行政机构
DP_003689,国家行政机构
DP_003230,国家行政机构
DP_003739,国家行政机构
DP_002949,国家行政机构
DP_002767,国家行政机构
DP_003721,国家行政机构
DP_000545,国家行政机构
DP_003252,国家行政机构
DP_002766,国家行政机构
DP_003710,国家行政机构
DP_003257,国家行政机构
DP_003764,国家行政机构
DP_004504,国家行政机构
DP_004503,国家行政机构
DP_004511,国家行政机构
DP_003680,国家行政机构
DP_004509,国家行政机构
DP_004508,国家行政机构
DP_002876,国家行政机构
DP_004505,国家行政机构
DP_004506,国家行政机构
DP_002886,国家行政机构
DP_003219,国家行政机构
DP_004759,国家行政机构
DP_000418,国家行政机构
DP_006082,国家行政机构
DP_004738,国家行政机构
DP_004367,国家行政机构
DP_005338,国家行政机构
DP_003843,国家行政机构
DP_002346,国家行政机构
DP_005176,国家行政机构
DP_000581,国家行政机构
DP_000582,国家行政机构
DP_000583,国家行政机构
DP_000195,国家行政机构
DP_001900,国家行政机构
DP_006084,国家行政机构
DP_000196,国家行政机构
DP_000181,国家行政机构
DP_006081,国家行政机构
DP_000182,国家行政机构
DP_003831,国家行政机构
DP_003581,国家行政机构
DP_002817,国家行政机构
DP_004814,国家行政机构
DP_003718,国家行政机构
DP_001984,国家行政机构
DP_001992,国家行政机构
DP_001999,国家行政机构
DP_000669,国家行政机构
DP_001357,国家行政机构
DP_001462,国家行政机构
DP_000784,国家行政机构
DP_000782,国家行政机构
DP_000781,国家行政机构
DP_000289,国家行政机构
DP_003467,国家行政机构
DP_001751,国家行政机构
DP_000612,国家行政机构
DP_003077,国家行政机构
DP_000627,国家行政机构
DP_003063,国家行政机构
DP_003070,国家行政机构
DP_000858,国家行政机构
DP_000210,国家行政机构
DP_003060,国家行政机构
DP_003090,国家行政机构
DP_004855,国家行政机构
DP_003242,国家行政机构
DP_000480,国家行政机构
DP_003103,国家行政机构
DP_000481,国家行政机构
DP_003099,国家行政机构
DP_000823,国家行政机构
DP_000580,国家行政机构
DP_003101,国家行政机构
DP_000695,国家行政机构
DP_003100,国家行政机构
DP_003079,国家行政机构
DP_003180,国家行政机构
DP_003098,国家行政机构
DP_003186,国家行政机构
DP_000721,国家行政机构
DP_003106,国家行政机构
DP_001515,国家行政机构
DP_001525,国家行政机构
DP_002753,国家行政机构
DP_003065,国家行政机构
DP_003292,国家行政机构
DP_002754,国家行政机构
DP_000604,国家行政机构
DP_003066,国家行政机构
DP_000447,国家行政机构
DP_003067,国家行政机构
DP_004294,国家行政机构
DP_001567,国家行政机构
DP_001771,国家行政机构
DP_003089,国家行政机构
DP_004293,国家行政机构
DP_004417,国家行政机构
DP_003059,国家行政机构
DP_000613,国家行政机构
DP_003225,国家行政机构
DP_004986,国家行政机构
DP_003095,国家行政机构
DP_003071,国家行政机构
DP_002428,国家行政机构
DP_000722,国家行政机构
DP_003075,国家行政机构
DP_006080,国家行政机构
DP_005727,国家行政机构
DP_003072,国家行政机构
DP_003073,国家行政机构
DP_000001,国家行政机构
DP_005183,国家行政机构
DP_003076,国家行政机构
DP_003102,国家行政机构
DP_000801,国家行政机构
DP_001566,国家行政机构
DP_003105,国家行政机构
DP_003088,国家行政机构
DP_003830,国家行政机构
DP_003081,国家行政机构
DP_006661,国家行政机构
DP_005730,国家行政机构
DP_003080,国家行政机构
DP_003087,国家行政机构
DP_005520,国家行政机构
DP_003083,国家行政机构
DP_001578,国家行政机构
DP_000844,国家行政机构
DP_001638,国家行政机构
DP_003086,国家行政机构
DP_000849,国家行政机构
DP_005726,国家行政机构
DP_000847,国家行政机构
DP_003084,国家行政机构
DP_005531,国家行政机构
DP_003085,国家行政机构
DP_000846,国家行政机构
DP_002708,国家行政机构
DP_003096,国家行政机构
DP_000850,国家行政机构
DP_003432,国家行政机构
DP_003097,国家行政机构
DP_000848,国家行政机构
DP_002848,国家行政机构
DP_003068,国家行政机构
DP_003671,国家行政机构
DP_003069,国家行政机构
DP_005501,国家行政机构
DP_003091,国家行政机构
DP_002930,国家行政机构
DP_003446,国家行政机构
DP_004882,国家行政机构
DP_002934,国家行政机构
DP_003445,国家行政机构
DP_004878,国家行政机构
DP_002950,国家行政机构
DP_001589,国家行政机构
DP_002933,国家行政机构
DP_001600,国家行政机构
DP_000701,国家行政机构
DP_001590,国家行政机构
DP_004884,国家行政机构
DP_000702,国家行政机构
DP_000219,国家行政机构
DP_003826,国家行政机构
DP_000698,国家行政机构
DP_000705,国家行政机构
DP_000445,国家行政机构
DP_005738,国家行政机构
DP_001506,国家行政机构
DP_003422,国家行政机构
DP_000343,国家行政机构
DP_005245,国家行政机构
DP_000866,国家行政机构
DP_003444,国家行政机构
DP_004325,专用仪器仪表制造
DP_004323,专用仪器仪表制造
DP_004302,专用仪器仪表制造
DP_004322,燃气生产和供应业
DP_006334,燃气生产和供应业
DP_006333,燃气生产和供应业
DP_003114,燃气生产和供应业
DP_006585,燃气生产和供应业
DP_006255,燃气生产和供应业
DP_006586,燃气生产和供应业
DP_005682,燃气生产和供应业
DP_003457,燃气生产和供应业
DP_003458,燃气生产和供应业
DP_003455,燃气生产和供应业
DP_003456,燃气生产和供应业
DP_003459,燃气生产和供应业
DP_005680,燃气生产和供应业
DP_006330,燃气生产和供应业
DP_001525,燃气生产和供应业
DP_001654,燃气生产和供应业
DP_004326,燃气生产和供应业
DP_004327,燃气生产和供应业
DP_000693,电车制造
DP_000671,电车制造
DP_000687,电车制造
DP_000690,电车制造
DP_002289,电车制造
DP_004918,电车制造
DP_004338,电车制造
DP_000681,电车制造
DP_000691,电车制造
DP_005622,医药及医疗器材批发
DP_005609,医药及医疗器材批发
DP_005599,医药及医疗器材批发
DP_005648,医药及医疗器材批发
DP_005664,医药及医疗器材批发
DP_005617,医药及医疗器材批发
DP_005600,医药及医疗器材批发
DP_005596,医药及医疗器材批发
DP_005523,医药及医疗器材批发
DP_005506,医药及医疗器材批发
DP_005649,医药及医疗器材批发
DP_005603,医药及医疗器材批发
DP_005496,医药及医疗器材批发
DP_005557,医药及医疗器材批发
DP_005556,医药及医疗器材批发
DP_005583,医药及医疗器材批发
DP_005582,医药及医疗器材批发
DP_001575,医药及医疗器材批发
DP_001487,医药及医疗器材批发
DP_001592,医药及医疗器材批发
DP_001593,医药及医疗器材批发
DP_001594,医药及医疗器材批发
DP_001576,医药及医疗器材批发
DP_001527,医药及医疗器材批发
DP_001524,医药及医疗器材批发
DP_001495,医药及医疗器材批发
DP_001488,医药及医疗器材批发
DP_001545,医药及医疗器材批发
DP_001547,医药及医疗器材批发
DP_001548,医药及医疗器材批发
DP_001550,医药及医疗器材批发
DP_001623,医药及医疗器材批发
DP_001624,医药及医疗器材批发
DP_001625,医药及医疗器材批发
DP_001544,医药及医疗器材批发
DP_001492,医药及医疗器材批发
DP_001552,医药及医疗器材批发
DP_001551,医药及医疗器材批发
DP_004960,医药及医疗器材批发
DP_004977,医药及医疗器材批发
DP_004979,医药及医疗器材批发
DP_005671,医药及医疗器材批发
DP_002939,其他商务服务业
DP_001799,其他商务服务业
DP_003916,其他商务服务业
DP_000837,其他商务服务业
DP_001794,其他商务服务业
DP_001793,其他商务服务业
DP_003062,其他商务服务业
DP_003104,其他商务服务业
DP_005363,其他商务服务业
DP_005225,其他商务服务业
DP_003142,其他商务服务业
DP_003602,其他商务服务业
DP_000207,其他商务服务业
DP_005224,其他商务服务业
DP_004574,其他商务服务业
DP_005384,其他商务服务业
DP_003148,其他商务服务业
DP_003141,其他商务服务业
DP_001115,其他商务服务业
DP_000709,其他商务服务业
DP_002131,其他商务服务业
DP_002001,其他商务服务业
DP_005321,其他商务服务业
DP_005438,其他商务服务业
DP_003616,其他商务服务业
DP_003022,其他商务服务业
DP_003612,其他商务服务业
DP_001312,其他商务服务业
DP_004994,其他商务服务业
DP_005294,其他商务服务业
DP_002092,其他商务服务业
DP_005295,其他商务服务业
DP_002066,其他商务服务业
DP_004637,其他商务服务业
DP_005331,其他商务服务业
DP_000169,其他商务服务业
DP_001964,其他商务服务业
DP_001905,其他商务服务业
DP_000092,其他商务服务业
DP_000145,其他商务服务业
DP_005243,其他商务服务业
DP_000143,其他商务服务业
DP_005247,其他商务服务业
DP_001122,其他商务服务业
DP_005428,其他商务服务业
DP_002162,其他商务服务业
DP_001925,其他商务服务业
DP_004851,其他商务服务业
DP_005266,其他商务服务业
DP_003720,其他商务服务业
DP_004782,其他商务服务业
DP_005128,其他商务服务业
DP_001097,其他商务服务业
DP_001099,其他商务服务业
DP_000104,其他商务服务业
DP_005022,其他商务服务业
DP_002135,其他商务服务业
DP_003623,其他商务服务业
DP_005334,其他商务服务业
DP_005335,其他商务服务业
DP_000864,其他商务服务业
DP_000863,其他商务服务业
DP_000099,其他商务服务业
DP_000107,其他商务服务业
DP_005103,其他商务服务业
DP_001142,其他商务服务业
DP_001143,其他商务服务业
DP_000261,其他商务服务业
DP_005249,其他商务服务业
DP_003035,其他商务服务业
DP_000286,其他商务服务业
DP_005371,其他商务服务业
DP_000257,其他商务服务业
DP_002234,其他商务服务业
DP_000292,其他商务服务业
DP_004861,其他商务服务业
DP_005287,其他商务服务业
DP_000310,其他商务服务业
DP_005407,其他商务服务业
DP_001129,其他商务服务业
DP_005376,其他商务服务业
DP_005130,其他商务服务业
DP_005383,其他商务服务业
DP_004728,其他商务服务业
DP_005379,其他商务服务业
DP_005374,其他商务服务业
DP_005386,其他商务服务业
DP_004730,其他商务服务业
DP_005385,其他商务服务业
DP_005387,其他商务服务业
DP_003630,其他商务服务业
DP_004809,其他商务服务业
DP_005404,其他商务服务业
DP_001975,其他商务服务业
DP_004771,其他商务服务业
DP_005457,其他商务服务业
DP_004758,其他商务服务业
DP_003604,其他商务服务业
DP_004824,其他商务服务业
DP_004981,其他商务服务业
DP_005391,其他商务服务业
DP_005420,其他商务服务业
DP_004262,其他商务服务业
DP_004773,其他商务服务业
DP_001318,其他商务服务业
DP_005289,其他商务服务业
DP_004768,其他商务服务业
DP_001319,其他商务服务业
DP_001321,其他商务服务业
DP_005238,其他商务服务业
DP_001997,其他商务服务业
DP_005283,其他商务服务业
DP_003712,其他商务服务业
DP_003706,其他商务服务业
DP_005356,其他商务服务业
DP_003628,其他商务服务业
DP_005398,其他商务服务业
DP_005403,其他商务服务业
DP_003733,其他商务服务业
DP_005360,其他商务服务业
DP_003736,其他商务服务业
DP_003735,其他商务服务业
DP_003758,其他商务服务业
DP_003727,其他商务服务业
DP_004806,其他商务服务业
DP_003674,其他商务服务业
DP_004755,其他商务服务业
DP_005413,其他商务服务业
DP_003675,其他商务服务业
DP_005418,其他商务服务业
DP_005373,其他商务服务业
DP_003681,其他商务服务业
DP_005406,其他商务服务业
DP_005414,其他商务服务业
DP_000284,其他商务服务业
DP_005392,其他商务服务业
DP_005359,其他商务服务业
DP_006086,其他商务服务业
DP_003305,其他商务服务业
DP_003772,其他商务服务业
DP_000268,其他商务服务业
DP_000383,其他商务服务业
DP_003775,其他商务服务业
DP_004329,其他商务服务业
DP_000448,其他商务服务业
DP_003611,其他商务服务业
DP_005219,其他商务服务业
DP_002750,其他商务服务业
DP_003078,其他商务服务业
DP_002747,其他商务服务业
DP_000820,其他商务服务业
DP_000825,其他商务服务业
DP_003101,其他商务服务业
DP_000826,其他商务服务业
DP_003098,其他商务服务业
DP_000803,其他商务服务业
DP_003064,其他商务服务业
DP_000808,其他商务服务业
DP_000806,其他商务服务业
DP_004175,其他商务服务业
DP_000807,其他商务服务业
DP_001498,其他商务服务业
DP_003093,其他商务服务业
DP_001583,其他商务服务业
DP_003059,其他商务服务业
DP_005736,其他商务服务业
DP_000799,其他商务服务业
DP_000800,其他商务服务业
DP_000798,其他商务服务业
DP_000788,其他商务服务业
DP_003615,其他商务服务业
DP_000791,其他商务服务业
DP_003088,其他商务服务业
DP_000789,其他商务服务业
DP_000790,其他商务服务业
DP_003080,其他商务服务业
DP_000793,其他商务服务业
DP_000792,其他商务服务业
DP_001227,其他商务服务业
DP_003082,其他商务服务业
DP_001582,其他商务服务业
DP_003086,其他商务服务业
DP_001560,其他商务服务业
DP_003593,其他商务服务业
DP_000854,其他商务服务业
DP_001521,其他商务服务业
DP_000254,其他商务服务业
DP_002929,其他商务服务业
DP_000859,其他商务服务业
DP_000814,其他商务服务业
DP_003324,其他商务服务业
DP_003328,其他商务服务业
DP_000816,其他商务服务业
DP_000853,其他商务服务业
DP_000836,其他商务服务业
DP_000838,其他商务服务业
DP_000336,其他商务服务业
DP_000835,其他商务服务业
DP_005505,医院
DP_000055,医院
DP_005484,医院
DP_001295,医院
DP_006362,医院
DP_006361,医院
DP_004183,医院
DP_004182,医院
DP_005574,医院
DP_005060,医院
DP_005108,医院
DP_005515,医院
DP_005503,医院
DP_006666,医院
DP_005525,医院
DP_002077,医院
DP_000059,医院
DP_005584,医院
DP_000060,医院
DP_005559,医院
DP_003291,医院
DP_006258,医院
DP_006529,医院
DP_006589,医院
DP_006259,医院
DP_006530,医院
DP_006590,医院
DP_001296,医院
DP_006335,医院
DP_001251,医院
DP_003532,医院
DP_004177,医院
DP_006336,医院
DP_001407,医院
DP_001468,医院
DP_004519,医院
DP_003192,医院
DP_003518,医院
DP_003909,医院
DP_006364,医院
DP_005794,医院
DP_005999,医院
DP_005807,医院
DP_005931,医院
DP_005770,医院
DP_004414,输配电及控制设备制造
DP_001434,输配电及控制设备制造
DP_001585,人民法院和人民检察院
DP_003043,人民法院和人民检察院
DP_003041,人民法院和人民检察院
DP_003042,人民法院和人民检察院
DP_001795,人民法院和人民检察院
DP_003049,人民法院和人民检察院
DP_003050,人民法院和人民检察院
DP_003040,人民法院和人民检察院
DP_003048,人民法院和人民检察院
DP_003045,人民法院和人民检察院
DP_003046,人民法院和人民检察院
DP_000711,人民法院和人民检察院
DP_004662,人民法院和人民检察院
DP_000056,人民法院和人民检察院
DP_002439,人民法院和人民检察院
DP_002440,人民法院和人民检察院
DP_003117,人民法院和人民检察院
DP_003140,人民法院和人民检察院
DP_001083,人民法院和人民检察院
DP_003769,人民法院和人民检察院
DP_000103,人民法院和人民检察院
DP_001144,人民法院和人民检察院
DP_000173,人民法院和人民检察院
DP_004856,人民法院和人民检察院
DP_000174,人民法院和人民检察院
DP_005052,人民法院和人民检察院
DP_004633,人民法院和人民检察院
DP_005050,人民法院和人民检察院
DP_000161,人民法院和人民检察院
DP_000160,人民法院和人民检察院
DP_000151,人民法院和人民检察院
DP_000128,人民法院和人民检察院
DP_004615,人民法院和人民检察院
DP_005020,人民法院和人民检察院
DP_000404,人民法院和人民检察院
DP_000628,人民法院和人民检察院
DP_002822,人民法院和人民检察院
DP_000548,人民法院和人民检察院
DP_000478,人民法院和人民检察院
DP_004867,人民法院和人民检察院
DP_004849,人民法院和人民检察院
DP_004864,人民法院和人民检察院
DP_004847,人民法院和人民检察院
DP_004865,人民法院和人民检察院
DP_004825,人民法院和人民检察院
DP_004863,人民法院和人民检察院
DP_002097,人民法院和人民检察院
DP_004869,人民法院和人民检察院
DP_004866,人民法院和人民检察院
DP_001915,人民法院和人民检察院
DP_004848,人民法院和人民检察院
DP_000358,人民法院和人民检察院
DP_004455,人民法院和人民检察院
DP_004136,人民法院和人民检察院
DP_004137,人民法院和人民检察院
DP_003683,人民法院和人民检察院
DP_003711,人民法院和人民检察院
DP_003750,人民法院和人民检察院
DP_003749,人民法院和人民检察院
DP_003662,人民法院和人民检察院
DP_003767,人民法院和人民检察院
DP_003641,人民法院和人民检察院
DP_005240,人民法院和人民检察院
DP_005341,人民法院和人民检察院
DP_000252,人民法院和人民检察院
DP_005340,人民法院和人民检察院
DP_004811,人民法院和人民检察院
DP_004457,人民法院和人民检察院
DP_004456,人民法院和人民检察院
DP_004854,人民法院和人民检察院
DP_003519,人民法院和人民检察院
DP_003521,人民法院和人民检察院
DP_000589,人民法院和人民检察院
DP_005726,人民法院和人民检察院
DP_001234,人民法院和人民检察院
DP_001542,人民法院和人民检察院
DP_000479,人民法院和人民检察院
DP_001564,人民法院和人民检察院
DP_002376,航空客货运输
DP_002377,航空客货运输
DP_002378,航空客货运输
DP_000739,航空客货运输
DP_002379,航空客货运输
DP_000743,航空客货运输
DP_000738,航空客货运输
DP_000741,航空客货运输
DP_000742,航空客货运输
DP_003809,航空客货运输
DP_003808,航空客货运输
DP_003814,航空客货运输
DP_003811,航空客货运输
DP_003807,航空客货运输
DP_003810,航空客货运输
DP_003806,航空客货运输
DP_003804,航空客货运输
DP_003813,航空客货运输
DP_002230,航空客货运输
DP_003794,航空客货运输
DP_003803,航空客货运输
DP_003812,航空客货运输
DP_002106,航空客货运输
DP_003805,航空客货运输
DP_003793,航空客货运输
DP_003801,航空客货运输
DP_003802,航空客货运输
DP_003795,航空客货运输
DP_003796,航空客货运输
DP_003797,航空客货运输
DP_003798,航空客货运输
DP_003799,航空客货运输
DP_003800,航空客货运输
DP_003816,航空客货运输
DP_003815,航空客货运输
DP_003787,航空客货运输
DP_003788,航空客货运输
DP_002203,航空客货运输
DP_003817,航空客货运输
DP_003790,航空客货运输
DP_003789,航空客货运输
DP_002553,航空客货运输
DP_003791,航空客货运输
DP_003792,航空客货运输
DP_002467,航空客货运输
DP_002468,航空客货运输
DP_002470,航空客货运输
DP_002260,航空客货运输
DP_002261,航空客货运输
DP_002262,航空客货运输
DP_002456,航空客货运输
DP_002457,航空客货运输
DP_002074,航空客货运输
DP_003965,航空客货运输
DP_003959,航空客货运输
DP_003935,航空客货运输
DP_003960,航空客货运输
DP_002022,航空客货运输
DP_003936,航空客货运输
DP_002023,航空客货运输
DP_002024,航空客货运输
DP_003938,航空客货运输
DP_003964,航空客货运输
DP_003956,航空客货运输
DP_003955,航空客货运输
DP_003963,航空客货运输
DP_003958,航空客货运输
DP_003954,航空客货运输
DP_002434,航空客货运输
DP_003957,航空客货运输
DP_003953,航空客货运输
DP_003951,航空客货运输
DP_002240,航空客货运输
DP_003962,航空客货运输
DP_003941,航空客货运输
DP_003950,航空客货运输
DP_003961,航空客货运输
DP_003952,航空客货运输
DP_002028,航空客货运输
DP_003940,航空客货运输
DP_002029,航空客货运输
DP_003947,航空客货运输
DP_003949,航空客货运输
DP_003942,航空客货运输
DP_003943,航空客货运输
DP_003944,航空客货运输
DP_003945,航空客货运输
DP_005688,航空客货运输
DP_003491,航空客货运输
DP_006300,航空客货运输
DP_006571,航空客货运输
DP_006572,航空客货运输
DP_006632,航空客货运输
DP_006489,航空客货运输
DP_003840,航空客货运输
DP_003822,航空客货运输
DP_002506,航空客货运输
DP_006490,航空客货运输
DP_002509,航空客货运输
DP_002107,航空客货运输
DP_002017,航空客货运输
DP_002327,航空客货运输
DP_001903,航空客货运输
DP_002200,航空客货运输
DP_002510,航空客货运输
DP_002247,航空客货运输
DP_000745,航空客货运输
DP_000746,航空客货运输
DP_000744,航空客货运输
DP_002065,航空客货运输
DP_000749,航空客货运输
DP_000748,航空客货运输
DP_000747,航空客货运输
DP_002342,航空客货运输
DP_002399,航空客货运输
DP_002393,航空客货运输
DP_002118,航空客货运输
DP_002394,航空客货运输
DP_002250,航空客货运输
DP_002253,航空客货运输
DP_002254,航空客货运输
DP_002398,航空客货运输
DP_002390,航空客货运输
DP_002389,航空客货运输
DP_003460,航空客货运输
DP_002397,航空客货运输
DP_002392,航空客货运输
DP_002388,航空客货运输
DP_002391,航空客货运输
DP_002387,航空客货运输
DP_002385,航空客货运输
DP_002396,航空客货运输
DP_002375,航空客货运输
DP_002384,航空客货运输
DP_002395,航空客货运输
DP_002386,航空客货运输
DP_002374,航空客货运输
DP_002382,航空客货运输
DP_002380,航空客货运输
DP_002381,航空客货运输
DP_002142,人身保险
DP_002403,人身保险
DP_002126,人身保险
DP_004445,人身保险
DP_004183,人身保险
DP_006252,人身保险
DP_006523,人身保险
DP_006584,人身保险
DP_001276,人身保险
DP_002018,人身保险
DP_002436,人身保险
DP_004300,人身保险
DP_002087,人身保险
DP_001491,人身保险
DP_001090,人身保险
DP_002928,知识产权服务
DP_002922,知识产权服务
DP_003126,知识产权服务
DP_003131,知识产权服务
DP_003128,知识产权服务
DP_003129,知识产权服务
DP_003130,知识产权服务
DP_003127,知识产权服务
DP_003132,知识产权服务
DP_000201,知识产权服务
DP_000203,知识产权服务
DP_001289,知识产权服务
DP_000199,知识产权服务
DP_000202,知识产权服务
DP_003124,知识产权服务
DP_003125,知识产权服务
DP_003123,知识产权服务
DP_003122,知识产权服务
DP_003121,知识产权服务
DP_003543,知识产权服务
DP_003663,知识产权服务
DP_000516,知识产权服务
DP_004534,知识产权服务
DP_004618,知识产权服务
DP_004586,知识产权服务
DP_003024,知识产权服务
DP_003058,知识产权服务
DP_002334,知识产权服务
DP_001068,知识产权服务
DP_001086,知识产权服务
DP_002109,知识产权服务
DP_002110,知识产权服务
DP_001071,知识产权服务
DP_001910,知识产权服务
DP_000105,知识产权服务
DP_000090,知识产权服务
DP_000141,知识产权服务
DP_003979,知识产权服务
DP_003974,知识产权服务
DP_004981,知识产权服务
DP_000377,知识产权服务
DP_000378,知识产权服务
DP_000380,知识产权服务
DP_000374,知识产权服务
DP_000379,知识产权服务
DP_003544,知识产权服务
DP_000381,知识产权服务
DP_000375,知识产权服务
DP_000376,知识产权服务
DP_004740,知识产权服务
DP_004742,知识产权服务
DP_004739,知识产权服务
DP_004741,知识产权服务
DP_004766,知识产权服务
DP_002108,知识产权服务
DP_004746,知识产权服务
DP_001908,知识产权服务
DP_003721,知识产权服务
DP_003577,知识产权服务
DP_003579,知识产权服务
DP_003578,知识产权服务
DP_003645,知识产权服务
DP_003646,知识产权服务
DP_003617,知识产权服务
DP_003618,知识产权服务
DP_000498,知识产权服务
DP_000499,知识产权服务
DP_003819,知识产权服务
DP_004767,知识产权服务
DP_005734,知识产权服务
DP_000190,知识产权服务
DP_000192,知识产权服务
DP_000721,知识产权服务
DP_000193,知识产权服务
DP_003095,知识产权服务
DP_002294,道路运输辅助活动
DP_002360,道路运输辅助活动
DP_005147,道路运输辅助活动
DP_001501,道路运输辅助活动
DP_005159,道路运输辅助活动
DP_001608,道路运输辅助活动
DP_002177,道路运输辅助活动
DP_002433,道路运输辅助活动
DP_005158,道路运输辅助活动
DP_001610,道路运输辅助活动
DP_005160,道路运输辅助活动
DP_002286,道路运输辅助活动
DP_001631,道路运输辅助活动
DP_002401,道路运输辅助活动
DP_002159,道路运输辅助活动
DP_002478,道路运输辅助活动
DP_002639,道路运输辅助活动
DP_001629,道路运输辅助活动
DP_001540,道路运输辅助活动
DP_001536,道路运输辅助活动
DP_001530,道路运输辅助活动
DP_001539,道路运输辅助活动
DP_001535,道路运输辅助活动
DP_002704,道路运输辅助活动
DP_001514,道路运输辅助活动
DP_002322,道路运输辅助活动
DP_001531,道路运输辅助活动
DP_002323,道路运输辅助活动
DP_002324,道路运输辅助活动
DP_003470,道路运输辅助活动
DP_001537,道路运输辅助活动
DP_002236,道路运输辅助活动
DP_001538,道路运输辅助活动
DP_004252,道路运输辅助活动
DP_002174,道路运输辅助活动
DP_004921,道路运输辅助活动
DP_002426,道路运输辅助活动
DP_002427,道路运输辅助活动
DP_002269,道路运输辅助活动
DP_002265,道路运输辅助活动
DP_004925,道路运输辅助活动
DP_002474,道路运输辅助活动
DP_002699,道路运输辅助活动
DP_002554,道路运输辅助活动
DP_002700,道路运输辅助活动
DP_002480,道路运输辅助活动
DP_002047,道路运输辅助活动
DP_002149,道路运输辅助活动
DP_002153,道路运输辅助活动
DP_002198,道路运输辅助活动
DP_002196,道路运输辅助活动
DP_002284,道路运输辅助活动
DP_002702,道路运输辅助活动
DP_003894,道路运输辅助活动
DP_003332,道路运输辅助活动
DP_004629,道路运输辅助活动
DP_002422,道路运输辅助活动
DP_003970,道路运输辅助活动
DP_003939,道路运输辅助活动
DP_003971,道路运输辅助活动
DP_001920,道路运输辅助活动
DP_002564,道路运输辅助活动
DP_002093,道路运输辅助活动
DP_002489,道路运输辅助活动
DP_002010,道路运输辅助活动
DP_002550,道路运输辅助活动
DP_006097,道路运输辅助活动
DP_001676,道路运输辅助活动
DP_002909,道路运输辅助活动
DP_002910,道路运输辅助活动
DP_004515,道路运输辅助活动
DP_005169,道路运输辅助活动
DP_005165,道路运输辅助活动
DP_002429,道路运输辅助活动
DP_004930,道路运输辅助活动
DP_003294,道路运输辅助活动
DP_004899,道路运输辅助活动
DP_002004,道路运输辅助活动
DP_001375,道路运输辅助活动
DP_002534,道路运输辅助活动
DP_006265,道路运输辅助活动
DP_001358,道路运输辅助活动
DP_002680,道路运输辅助活动
DP_004890,道路运输辅助活动
DP_002682,道路运输辅助活动
DP_002696,道路运输辅助活动
DP_002675,道路运输辅助活动
DP_002679,道路运输辅助活动
DP_001371,道路运输辅助活动
DP_003508,道路运输辅助活动
DP_002674,道路运输辅助活动
DP_005152,道路运输辅助活动
DP_004373,道路运输辅助活动
DP_003509,道路运输辅助活动
DP_002677,道路运输辅助活动
DP_001378,道路运输辅助活动
DP_002691,道路运输辅助活动
DP_001339,道路运输辅助活动
DP_001395,道路运输辅助活动
DP_001364,道路运输辅助活动
DP_002505,道路运输辅助活动
DP_000688,道路运输辅助活动
DP_006356,道路运输辅助活动
DP_000694,道路运输辅助活动
DP_001210,道路运输辅助活动
DP_005675,道路运输辅助活动
DP_005674,道路运输辅助活动
DP_005676,道路运输辅助活动
DP_005677,道路运输辅助活动
DP_005673,道路运输辅助活动
DP_002744,道路运输辅助活动
DP_002859,道路运输辅助活动
DP_002695,道路运输辅助活动
DP_004368,道路运输辅助活动
DP_002662,道路运输辅助活动
DP_004998,道路运输辅助活动
DP_005001,道路运输辅助活动
DP_005003,道路运输辅助活动
DP_004997,道路运输辅助活动
DP_004171,道路运输辅助活动
DP_005002,道路运输辅助活动
DP_005000,道路运输辅助活动
DP_004387,道路运输辅助活动
DP_002048,道路运输辅助活动
DP_002562,道路运输辅助活动
DP_002319,道路运输辅助活动
DP_002321,道路运输辅助活动
DP_002546,道路运输辅助活动
DP_002477,道路运输辅助活动
DP_002638,道路运输辅助活动
DP_001921,道路运输辅助活动
DP_002635,道路运输辅助活动
DP_002199,道路运输辅助活动
DP_005168,道路运输辅助活动
DP_002420,道路运输辅助活动
DP_002291,道路运输辅助活动
DP_001907,道路运输辅助活动
DP_002079,道路运输辅助活动
DP_002103,道路运输辅助活动
DP_005154,道路运输辅助活动
DP_004282,汽车用发动机制造
DP_004305,汽车用发动机制造
DP_004281,汽车用发动机制造
DP_004280,汽车用发动机制造
DP_004904,汽车用发动机制造
DP_000655,其他未列明金融业
DP_003917,其他未列明金融业
DP_000661,其他未列明金融业
DP_000650,其他未列明金融业
DP_000657,其他未列明金融业
DP_003061,其他未列明金融业
DP_000659,其他未列明金融业
DP_000656,其他未列明金融业
DP_000651,其他未列明金融业
DP_000660,其他未列明金融业
DP_000664,其他未列明金融业
DP_002991,其他未列明金融业
DP_000663,其他未列明金融业
DP_000662,其他未列明金融业
DP_000654,其他未列明金融业
DP_000658,其他未列明金融业
DP_001705,其他未列明金融业
DP_001706,其他未列明金融业
DP_001708,其他未列明金融业
DP_001707,其他未列明金融业
DP_001703,其他未列明金融业
DP_001700,其他未列明金融业
DP_001702,其他未列明金融业
DP_005271,其他未列明金融业
DP_001699,其他未列明金融业
DP_004991,其他未列明金融业
DP_005258,其他未列明金融业
DP_005228,其他未列明金融业
DP_002726,其他未列明金融业
DP_004778,其他未列明金融业
DP_005324,其他未列明金融业
DP_000665,其他未列明金融业
DP_005268,其他未列明金融业
DP_005333,其他未列明金融业
DP_005327,其他未列明金融业
DP_005447,其他未列明金融业
DP_005365,其他未列明金融业
DP_004874,其他未列明金融业
DP_006538,其他未列明金融业
DP_006598,其他未列明金融业
DP_006268,其他未列明金融业
DP_005369,其他未列明金融业
DP_001963,其他未列明金融业
DP_005409,其他未列明金融业
DP_005411,其他未列明金融业
DP_005442,其他未列明金融业
DP_005235,其他未列明金融业
DP_001722,其他未列明金融业
DP_004438,其他未列明金融业
DP_000314,其他未列明金融业
DP_002348,其他未列明金融业
DP_006532,其他未列明金融业
DP_000405,其他未列明金融业
DP_005299,其他未列明金融业
DP_005300,其他未列明金融业
DP_004423,其他未列明金融业
DP_006100,其他未列明金融业
DP_003102,其他未列明金融业
DP_005426,其他未列明金融业
DP_001482,其他未列明金融业
DP_001483,其他未列明金融业
DP_002729,其他未列明金融业
DP_002730,其他未列明金融业
DP_002732,其他未列明金融业
DP_002731,其他未列明金融业
DP_002727,其他未列明金融业
DP_001701,其他未列明金融业
DP_000653,其他未列明金融业
DP_002354,道路货物运输
DP_002413,道路货物运输
DP_005143,道路货物运输
DP_001528,道路货物运输
DP_001529,道路货物运输
DP_001532,道路货物运输
DP_001508,道路货物运输
DP_001601,道路货物运输
DP_001606,道路货物运输
DP_004909,道路货物运输
DP_002268,道路货物运输
DP_004920,道路货物运输
DP_004907,道路货物运输
DP_002545,道路货物运输
DP_004931,道路货物运输
DP_004905,道路货物运输
DP_002555,道路货物运输
DP_002256,道路货物运输
DP_002251,道路货物运输
DP_002252,道路货物运输
DP_002297,道路货物运输
DP_002298,道路货物运输
DP_002300,道路货物运输
DP_002301,道路货物运输
DP_002853,道路货物运输
DP_002303,道路货物运输
DP_002328,道路货物运输
DP_002552,道路货物运输
DP_002333,道路货物运输
DP_002455,道路货物运输
DP_002465,道路货物运输
DP_002556,道路货物运输
DP_002352,道路货物运输
DP_002292,道路货物运输
DP_001892,道路货物运输
DP_001894,道路货物运输
DP_001893,道路货物运输
DP_001928,道路货物运输
DP_001926,道路货物运输
DP_001927,道路货物运输
DP_002423,道路货物运输
DP_002424,道路货物运输
DP_002460,道路货物运输
DP_002425,道路货物运输
DP_004559,道路货物运输
DP_002458,道路货物运输
DP_002072,道路货物运输
DP_002073,道路货物运输
DP_002075,道路货物运输
DP_002076,道路货物运输
DP_002021,道路货物运输
DP_002025,道路货物运输
DP_002459,道路货物运输
DP_002306,道路货物运输
DP_002010,道路货物运输
DP_002412,道路货物运输
DP_001942,道路货物运输
DP_001379,道路货物运输
DP_001383,道路货物运输
DP_001384,道路货物运输
DP_005140,道路货物运输
DP_005139,道路货物运输
DP_005144,道路货物运输
DP_005142,道路货物运输
DP_005132,道路货物运输
DP_005151,道路货物运输
DP_002887,道路货物运输
DP_004168,道路货物运输
DP_002668,道路货物运输
DP_001373,道路货物运输
DP_002461,道路货物运输
DP_001351,道路货物运输
DP_001374,道路货物运输
DP_005163,道路货物运输
DP_001372,道路货物运输
DP_002669,道路货物运输
DP_001353,道路货物运输
DP_001363,道路货物运输
DP_001361,道路货物运输
DP_001340,道路货物运输
DP_001362,道路货物运输
DP_001360,道路货物运输
DP_001377,道路货物运输
DP_001331,道路货物运输
DP_002672,道路货物运输
DP_002671,道路货物运输
DP_002673,道路货物运输
DP_001346,道路货物运输
DP_002009,道路货物运输
DP_001355,道路货物运输
DP_001334,道路货物运输
DP_003818,道路货物运输
DP_001367,道路货物运输
DP_001344,道路货物运输
DP_002100,道路货物运输
DP_001335,道路货物运输
DP_001338,道路货物运输
DP_002255,道路货物运输
DP_001929,道路货物运输
DP_002533,道路货物运输
DP_002670,道路货物运输
DP_005153,道路货物运输
DP_002402,道路货物运输
DP_000802,道路货物运输
DP_001497,道路货物运输
DP_004974,道路货物运输
DP_002069,道路货物运输
DP_005167,道路货物运输
DP_000833,道路货物运输
DP_005148,道路货物运输
DP_005150,道路货物运输
DP_005149,道路货物运输
DP_005146,道路货物运输
DP_002144,互联网信息服务
DP_000834,互联网信息服务
DP_000840,互联网信息服务
DP_000206,互联网信息服务
DP_003132,互联网信息服务
DP_002917,互联网信息服务
DP_001236,互联网信息服务
DP_001293,互联网信息服务
DP_002222,互联网信息服务
DP_003685,互联网信息服务
DP_003144,互联网信息服务
DP_001861,互联网信息服务
DP_000563,互联网信息服务
DP_003008,互联网信息服务
DP_003053,互联网信息服务
DP_003562,互联网信息服务
DP_003596,互联网信息服务
DP_002201,互联网信息服务
DP_003687,互联网信息服务
DP_004760,互联网信息服务
DP_000158,互联网信息服务
DP_003610,互联网信息服务
DP_004754,互联网信息服务
DP_000095,互联网信息服务
DP_003930,互联网信息服务
DP_001280,互联网信息服务
DP_000549,互联网信息服务
DP_000110,互联网信息服务
DP_004777,互联网信息服务
DP_003541,互联网信息服务
DP_002156,互联网信息服务
DP_002104,互联网信息服务
DP_005102,互联网信息服务
DP_000520,互联网信息服务
DP_005216,互联网信息服务
DP_005211,互联网信息服务
DP_000591,互联网信息服务
DP_003704,互联网信息服务
DP_005210,互联网信息服务
DP_003716,互联网信息服务
DP_005215,互联网信息服务
DP_000473,互联网信息服务
DP_003624,互联网信息服务
DP_000239,互联网信息服务
DP_003697,互联网信息服务
DP_000260,互联网信息服务
DP_002365,互联网信息服务
DP_003715,互联网信息服务
DP_000316,互联网信息服务
DP_000115,互联网信息服务
DP_001127,互联网信息服务
DP_004115,互联网信息服务
DP_001128,互联网信息服务
DP_002340,互联网信息服务
DP_001934,互联网信息服务
DP_005890,互联网信息服务
DP_000148,互联网信息服务
DP_001120,互联网信息服务
DP_004653,互联网信息服务
DP_004082,互联网信息服务
DP_004083,互联网信息服务
DP_005286,互联网信息服务
DP_004048,互联网信息服务
DP_001820,互联网信息服务
DP_004049,互联网信息服务
DP_000263,互联网信息服务
DP_004038,互联网信息服务
DP_000307,互联网信息服务
DP_001819,互联网信息服务
DP_004039,互联网信息服务
DP_001818,互联网信息服务
DP_002115,互联网信息服务
DP_005691,互联网信息服务
DP_000630,互联网信息服务
DP_001570,互联网信息服务
DP_005031,互联网信息服务
DP_004843,互联网信息服务
DP_000300,互联网信息服务
DP_003629,互联网信息服务
DP_001513,互联网信息服务
DP_000094,互联网信息服务
DP_004732,互联网信息服务
DP_000097,互联网信息服务
DP_004801,互联网信息服务
DP_004808,互联网信息服务
DP_000233,互联网信息服务
DP_004736,互联网信息服务
DP_001618,互联网信息服务
DP_004110,互联网信息服务
DP_004045,互联网信息服务
DP_000238,互联网信息服务
DP_002818,互联网信息服务
DP_004081,互联网信息服务
DP_004084,互联网信息服务
DP_004150,互联网信息服务
DP_003635,互联网信息服务
DP_002186,互联网信息服务
DP_003997,互联网信息服务
DP_003706,互联网信息服务
DP_004094,互联网信息服务
DP_003995,互联网信息服务
DP_004126,互联网信息服务
DP_001760,互联网信息服务
DP_005478,互联网信息服务
DP_002734,互联网信息服务
DP_004055,互联网信息服务
DP_003684,互联网信息服务
DP_004058,互联网信息服务
DP_004050,互联网信息服务
DP_004723,互联网信息服务
DP_001938,互联网信息服务
DP_004025,互联网信息服务
DP_004725,互联网信息服务
DP_004022,互联网信息服务
DP_004794,互联网信息服务
DP_004002,互联网信息服务
DP_004795,互联网信息服务
DP_004030,互联网信息服务
DP_000242,互联网信息服务
DP_000609,互联网信息服务
DP_004016,互联网信息服务
DP_004023,互联网信息服务
DP_000697,互联网信息服务
DP_003673,互联网信息服务
DP_000436,互联网信息服务
DP_000434,互联网信息服务
DP_000248,互联网信息服务
DP_000435,互联网信息服务
DP_000312,互联网信息服务
DP_003678,互联网信息服务
DP_000641,互联网信息服务
DP_001854,互联网信息服务
DP_005309,互联网信息服务
DP_004020,互联网信息服务
DP_004003,互联网信息服务
DP_000785,互联网信息服务
DP_000183,互联网信息服务
DP_004035,互联网信息服务
DP_000578,互联网信息服务
DP_000187,互联网信息服务
DP_004008,互联网信息服务
DP_001853,互联网信息服务
DP_001437,互联网信息服务
DP_004070,互联网信息服务
DP_003910,互联网信息服务
DP_002281,互联网信息服务
DP_003731,互联网信息服务
DP_004116,互联网信息服务
DP_003911,互联网信息服务
DP_003820,互联网信息服务
DP_004034,互联网信息服务
DP_004117,互联网信息服务
DP_004374,互联网信息服务
DP_000572,互联网信息服务
DP_001255,互联网信息服务
DP_003737,互联网信息服务
DP_000367,互联网信息服务
DP_001222,互联网信息服务
DP_000437,互联网信息服务
DP_001256,互联网信息服务
DP_005433,互联网信息服务
DP_002443,互联网信息服务
DP_000608,互联网信息服务
DP_004089,互联网信息服务
DP_001469,互联网信息服务
DP_004047,互联网信息服务
DP_001463,互联网信息服务
DP_004747,互联网信息服务
DP_004090,互联网信息服务
DP_002751,互联网信息服务
DP_004042,互联网信息服务
DP_000211,互联网信息服务
DP_004101,互联网信息服务
DP_004123,互联网信息服务
DP_000395,互联网信息服务
DP_005737,互联网信息服务
DP_000086,互联网信息服务
DP_000603,互联网信息服务
DP_001580,互联网信息服务
DP_001573,互联网信息服务
DP_001500,互联网信息服务
DP_001597,互联网信息服务
DP_004441,互联网信息服务
DP_000827,互联网信息服务
DP_000860,互联网信息服务
DP_005707,互联网信息服务
DP_000794,互联网信息服务
DP_005004,互联网信息服务
DP_005712,互联网信息服务
DP_003757,互联网信息服务
DP_001855,互联网信息服务
DP_000354,互联网信息服务
DP_002975,互联网信息服务
DP_000349,互联网信息服务
DP_001852,互联网信息服务
DP_000235,互联网信息服务
DP_005740,互联网信息服务
DP_004256,互联网信息服务
DP_003432,互联网信息服务
DP_002847,互联网信息服务
DP_006682,互联网信息服务
DP_000851,互联网信息服务
DP_005739,互联网信息服务
DP_000232,互联网信息服务
DP_004179,互联网信息服务
DP_000855,互联网信息服务
DP_000221,互联网信息服务
DP_000220,互联网信息服务
DP_003325,互联网信息服务
DP_000218,互联网信息服务
DP_003420,互联网信息服务
DP_000856,互联网信息服务
DP_001504,互联网信息服务
DP_004153,互联网信息服务
DP_000841,互联网信息服务
DP_001714,互联网信息服务
DP_001715,互联网信息服务
DP_001662,互联网信息服务
DP_000644,互联网信息服务
DP_006448,综合零售
DP_006450,综合零售
DP_006451,综合零售
DP_006471,综合零售
DP_006422,综合零售
DP_006516,综合零售
DP_006515,综合零售
DP_006298,综合零售
DP_006569,综合零售
DP_006629,综合零售
DP_006299,综合零售
DP_006570,综合零售
DP_000023,综合零售
DP_006630,综合零售
DP_003902,综合零售
DP_006302,综合零售
DP_006573,综合零售
DP_006633,综合零售
DP_006303,综合零售
DP_006574,综合零售
DP_006634,综合零售
DP_003430,综合零售
DP_000084,综合零售
DP_004886,综合零售
DP_006498,综合零售
DP_006484,综合零售
DP_006591,综合零售
DP_006500,综合零售
DP_003285,综合零售
DP_006499,综合零售
DP_001417,综合零售
DP_006485,综合零售
DP_006344,综合零售
DP_006501,综合零售
DP_002857,综合零售
DP_002858,综合零售
DP_006444,综合零售
DP_001791,软件开发
DP_005474,软件开发
DP_003890,软件开发
DP_002283,软件开发
DP_003891,软件开发
DP_002916,软件开发
DP_002336,软件开发
DP_004392,软件开发
DP_002483,软件开发
DP_003133,软件开发
DP_003134,软件开发
DP_004675,软件开发
DP_000329,软件开发
DP_002985,软件开发
DP_002499,软件开发
DP_000332,软件开发
DP_001188,软件开发
DP_003730,软件开发
DP_000108,软件开发
DP_005246,软件开发
DP_003610,软件开发
DP_005291,软件开发
DP_004514,软件开发
DP_000278,软件开发
DP_000522,软件开发
DP_000526,软件开发
DP_000525,软件开发
DP_004689,软件开发
DP_000524,软件开发
DP_005467,软件开发
DP_005719,软件开发
DP_001850,软件开发
DP_001065,软件开发
DP_001841,软件开发
DP_002485,软件开发
DP_002409,软件开发
DP_002245,软件开发
DP_002195,软件开发
DP_002497,软件开发
DP_002503,软件开发
DP_002445,软件开发
DP_001890,软件开发
DP_001133,软件开发
DP_001891,软件开发
DP_002542,软件开发
DP_001889,软件开发
DP_002539,软件开发
DP_003980,软件开发
DP_000606,软件开发
DP_002825,软件开发
DP_004818,软件开发
DP_005297,软件开发
DP_002282,软件开发
DP_000527,软件开发
DP_005330,软件开发
DP_002647,软件开发
DP_002408,软件开发
DP_002606,软件开发
DP_002484,软件开发
DP_001831,软件开发
DP_002661,软件开发
DP_001719,软件开发
DP_004791,软件开发
DP_000635,软件开发
DP_000634,软件开发
DP_001275,软件开发
DP_005721,软件开发
DP_003759,软件开发
DP_003760,软件开发
DP_005683,软件开发
DP_001329,软件开发
DP_006678,软件开发
DP_001332,软件开发
DP_001330,软件开发
DP_003888,软件开发
DP_004157,软件开发
DP_003921,软件开发
DP_005304,软件开发
DP_003920,软件开发
DP_003922,软件开发
DP_002060,软件开发
DP_001204,软件开发
DP_001750,软件开发
DP_000574,软件开发
DP_005732,软件开发
DP_003700,软件开发
DP_002989,软件开发
DP_002992,软件开发
DP_003312,软件开发
DP_004939,软件开发
DP_004885,软件开发
DP_000394,软件开发
DP_003315,软件开发
DP_004332,软件开发
DP_001698,软件开发
DP_005328,软件开发
DP_002719,软件开发
DP_002724,软件开发
DP_001744,软件开发
DP_001817,软件开发
DP_001747,软件开发
DP_002923,工程和技术研究和试验发展
DP_000643,工程和技术研究和试验发展
DP_000754,工程和技术研究和试验发展
DP_003774,工程和技术研究和试验发展
DP_003723,工程和技术研究和试验发展
DP_004522,工程和技术研究和试验发展
DP_002665,工程和技术研究和试验发展
DP_006079,工程和技术研究和试验发展
DP_003200,工程和技术研究和试验发展
DP_001525,工程和技术研究和试验发展
DP_000191,工程和技术研究和试验发展
DP_004292,测绘地理信息服务
DP_004364,测绘地理信息服务
DP_000073,测绘地理信息服务
DP_000074,测绘地理信息服务
DP_001291,测绘地理信息服务
DP_003899,测绘地理信息服务
DP_000586,测绘地理信息服务
DP_000585,测绘地理信息服务
DP_003905,测绘地理信息服务
DP_001526,测绘地理信息服务
DP_003648,测绘地理信息服务
DP_003604,测绘地理信息服务
DP_003302,测绘地理信息服务
DP_001326,测绘地理信息服务
DP_001425,测绘地理信息服务
DP_001423,测绘地理信息服务
DP_002889,测绘地理信息服务
DP_006672,测绘地理信息服务
DP_002888,测绘地理信息服务
DP_001837,测绘地理信息服务
DP_001376,测绘地理信息服务
DP_006674,测绘地理信息服务
DP_006673,测绘地理信息服务
DP_001059,测绘地理信息服务
DP_000784,测绘地理信息服务
DP_001354,测绘地理信息服务
DP_003429,测绘地理信息服务
DP_001410,测绘地理信息服务
DP_001412,测绘地理信息服务
DP_003344,测绘地理信息服务
DP_003345,测绘地理信息服务
DP_003426,测绘地理信息服务
DP_004246,测绘地理信息服务
DP_004249,测绘地理信息服务
DP_004251,测绘地理信息服务
DP_004250,测绘地理信息服务
DP_004248,测绘地理信息服务
DP_002237,智能交通
DP_005157,智能交通
DP_001611,智能交通
DP_002435,智能交通
DP_002559,智能交通
DP_004683,智能交通
DP_001534,智能交通
DP_001626,智能交通
DP_001919,智能交通
DP_001917,智能交通
DP_002338,智能交通
DP_001533,智能交通
DP_001906,智能交通
DP_001486,智能交通
DP_001485,智能交通
DP_002102,智能交通
DP_002549,智能交通
DP_002475,智能交通
DP_004927,智能交通
DP_002293,智能交通
DP_002353,智能交通
DP_002359,智能交通
DP_001607,智能交通
DP_002179,智能交通
DP_002180,智能交通
DP_002178,智能交通
DP_002325,智能交通
DP_002132,智能交通
DP_002473,智能交通
DP_002479,智能交通
DP_002136,智能交通
DP_002701,智能交通
DP_002663,智能交通
DP_003897,智能交通
DP_002150,智能交通
DP_002560,智能交通
DP_002285,智能交通
DP_002703,智能交通
DP_000010,智能交通
DP_000014,智能交通
DP_000015,智能交通
DP_003969,智能交通
DP_000018,智能交通
DP_000016,智能交通
DP_003972,智能交通
DP_000020,智能交通
DP_000013,智能交通
DP_001199,智能交通
DP_003309,智能交通
DP_003310,智能交通
DP_003966,智能交通
DP_001183,智能交通
DP_003536,智能交通
DP_004185,智能交通
DP_004516,智能交通
DP_002500,智能交通
DP_002667,智能交通
DP_002532,智能交通
DP_002005,智能交通
DP_004932,智能交通
DP_002694,智能交通
DP_002681,智能交通
DP_001343,智能交通
DP_002676,智能交通
DP_005161,智能交通
DP_001333,智能交通
DP_002685,智能交通
DP_002678,智能交通
DP_002692,智能交通
DP_002688,智能交通
DP_002687,智能交通
DP_002689,智能交通
DP_001341,智能交通
DP_001350,智能交通
DP_002684,智能交通
DP_005162,智能交通
DP_001216,智能交通
DP_002141,智能交通
DP_002173,智能交通
DP_001930,智能交通
DP_002535,智能交通
DP_002172,智能交通
DP_002698,智能交通
DP_002697,智能交通
DP_002501,智能交通
DP_002541,智能交通
DP_002088,智能交通
DP_002660,智能交通
DP_004999,智能交通
DP_002563,智能交通
DP_002547,智能交通
DP_005164,智能交通
DP_001918,智能交通
DP_001916,智能交通
DP_002337,智能交通
DP_002419,智能交通
DP_000703,智能交通
DP_002205,智能交通
DP_002383,智能交通
DP_002476,智能交通
DP_003425,智能交通
DP_006449,非金融机构支付服务
DP_006452,非金融机构支付服务
DP_006462,非金融机构支付服务
DP_006464,非金融机构支付服务
DP_006121,非金融机构支付服务
DP_006466,非金融机构支付服务
DP_006468,非金融机构支付服务
DP_006469,非金融机构支付服务
DP_006226,非金融机构支付服务
DP_006470,非金融机构支付服务
DP_006433,非金融机构支付服务
DP_006126,非金融机构支付服务
DP_006222,非金融机构支付服务
DP_006456,非金融机构支付服务
DP_006436,非金融机构支付服务
DP_006463,非金融机构支付服务
DP_006443,非金融机构支付服务
DP_006215,非金融机构支付服务
DP_006138,非金融机构支付服务
DP_006454,非金融机构支付服务
DP_006434,非金融机构支付服务
DP_006371,非金融机构支付服务
DP_006115,非金融机构支付服务
DP_006370,非金融机构支付服务
DP_006641,非金融机构支付服务
DP_006642,非金融机构支付服务
DP_006643,非金融机构支付服务
DP_006114,非金融机构支付服务
DP_006409,非金融机构支付服务
DP_006408,非金融机构支付服务
DP_006230,非金融机构支付服务
DP_006231,非金融机构支付服务
DP_006232,非金融机构支付服务
DP_006233,非金融机构支付服务
DP_006234,非金融机构支付服务
DP_006235,非金融机构支付服务
DP_006237,非金融机构支付服务
DP_006238,非金融机构支付服务
DP_006227,非金融机构支付服务
DP_006228,非金融机构支付服务
DP_006229,非金融机构支付服务
DP_006132,非金融机构支付服务
DP_006648,非金融机构支付服务
DP_006212,非金融机构支付服务
DP_006113,非金融机构支付服务
DP_006214,非金融机构支付服务
DP_006211,非金融机构支付服务
DP_006503,非金融机构支付服务
DP_006507,非金融机构支付服务
DP_006477,非金融机构支付服务
DP_006124,非金融机构支付服务
DP_006453,非金融机构支付服务
DP_006122,非金融机构支付服务
DP_006223,非金融机构支付服务
DP_006127,非金融机构支付服务
DP_006479,非金融机构支付服务
DP_006125,非金融机构支付服务
DP_006269,非金融机构支付服务
DP_006540,非金融机构支付服务
DP_006639,非金融机构支付服务
DP_006247,非金融机构支付服务
DP_006652,非金融机构支付服务
DP_006152,非金融机构支付服务
DP_006162,非金融机构支付服务
DP_006150,非金融机构支付服务
DP_006146,非金融机构支付服务
DP_006160,非金融机构支付服务
DP_006154,非金融机构支付服务
DP_006521,非金融机构支付服务
DP_006581,非金融机构支付服务
DP_006155,非金融机构支付服务
DP_006251,非金融机构支付服务
DP_001780,非金融机构支付服务
DP_006522,非金融机构支付服务
DP_006166,非金融机构支付服务
DP_006582,非金融机构支付服务
DP_006167,非金融机构支付服务
DP_006157,非金融机构支付服务
DP_006158,非金融机构支付服务
DP_006174,非金融机构支付服务
DP_006151,非金融机构支付服务
DP_006147,非金融机构支付服务
DP_006175,非金融机构支付服务
DP_006168,非金融机构支付服务
DP_006181,非金融机构支付服务
DP_006184,非金融机构支付服务
DP_006194,非金融机构支付服务
DP_006188,非金融机构支付服务
DP_001198,非金融机构支付服务
DP_006180,非金融机构支付服务
DP_006547,非金融机构支付服务
DP_006205,非金融机构支付服务
DP_006182,非金融机构支付服务
DP_006209,非金融机构支付服务
DP_006178,非金融机构支付服务
DP_006192,非金融机构支付服务
DP_006282,非金融机构支付服务
DP_006196,非金融机构支付服务
DP_006553,非金融机构支付服务
DP_006186,非金融机构支付服务
DP_006201,非金融机构支付服务
DP_006193,非金融机构支付服务
DP_006554,非金融机构支付服务
DP_006187,非金融机构支付服务
DP_006614,非金融机构支付服务
DP_006195,非金融机构支付服务
DP_006198,非金融机构支付服务
DP_006199,非金融机构支付服务
DP_006189,非金融机构支付服务
DP_006190,非金融机构支付服务
DP_006183,非金融机构支付服务
DP_006204,非金融机构支付服务
DP_006655,非金融机构支付服务
DP_006179,非金融机构支付服务
DP_006203,非金融机构支付服务
DP_006539,非金融机构支付服务
DP_006207,非金融机构支付服务
DP_006208,非金融机构支付服务
DP_006185,非金融机构支付服务
DP_006202,非金融机构支付服务
DP_006137,非金融机构支付服务
DP_006135,非金融机构支付服务
DP_006555,非金融机构支付服务
DP_006431,非金融机构支付服务
DP_006615,非金融机构支付服务
DP_006556,非金融机构支付服务
DP_006432,非金融机构支付服务
DP_006644,非金融机构支付服务
DP_006497,非金融机构支付服务
DP_006426,非金融机构支付服务
DP_006423,非金融机构支付服务
DP_006320,非金融机构支付服务
DP_006424,非金融机构支付服务
DP_006526,非金融机构支付服务
DP_006395,非金融机构支付服务
DP_006394,非金融机构支付服务
DP_006377,非金融机构支付服务
DP_006376,非金融机构支付服务
DP_006510,非金融机构支付服务
DP_006425,非金融机构支付服务
DP_006420,非金融机构支付服务
DP_006309,非金融机构支付服务
DP_006301,非金融机构支付服务
DP_006328,非金融机构支付服务
DP_006421,非金融机构支付服务
DP_006369,非金融机构支付服务
DP_006384,非金融机构支付服务
DP_006392,非金融机构支付服务
DP_006542,非金融机构支付服务
DP_006561,非金融机构支付服务
DP_006402,非金融机构支付服务
DP_006313,非金融机构支付服务
DP_006317,非金融机构支付服务
DP_006536,非金融机构支付服务
DP_006418,非金融机构支付服务
DP_006260,非金融机构支付服务
DP_006343,非金融机构支付服务
DP_006261,非金融机构支付服务
DP_006592,非金融机构支付服务
DP_002817,非金融机构支付服务
DP_006564,非金融机构支付服务
DP_006341,非金融机构支付服务
DP_006624,非金融机构支付服务
DP_006403,非金融机构支付服务
DP_006332,非金融机构支付服务
DP_006314,非金融机构支付服务
DP_006481,非金融机构支付服务
DP_006289,非金融机构支付服务
DP_006411,非金融机构支付服务
DP_006560,非金融机构支付服务
DP_006620,非金融机构支付服务
DP_006295,非金融机构支付服务
DP_005156,非金融机构支付服务
DP_006626,非金融机构支付服务
DP_006103,非金融机构支付服务
DP_006102,非金融机构支付服务
DP_004354,非金融机构支付服务
DP_006379,非金融机构支付服务
DP_006482,非金融机构支付服务
DP_006326,非金融机构支付服务
DP_006327,非金融机构支付服务
DP_006413,非金融机构支付服务
DP_006473,非金融机构支付服务
DP_006455,非金融机构支付服务
DP_006457,非金融机构支付服务
DP_006458,非金融机构支付服务
DP_006459,非金融机构支付服务
DP_006460,非金融机构支付服务
DP_006461,非金融机构支付服务
DP_006435,非金融机构支付服务
DP_006437,非金融机构支付服务
DP_006438,非金融机构支付服务
DP_006439,非金融机构支付服务
DP_006440,非金融机构支付服务
DP_006441,非金融机构支付服务
DP_006445,非金融机构支付服务
DP_006446,非金融机构支付服务
DP_006447,非金融机构支付服务
DP_005527,中成药生产
DP_005542,中成药生产
DP_005546,中成药生产
DP_005540,中成药生产
DP_005653,中成药生产
DP_005495,中成药生产
DP_005544,中成药生产
DP_005556,中成药生产
DP_005497,中成药生产
DP_005579,中成药生产
DP_005580,中成药生产
DP_005575,中成药生产
DP_001603,中成药生产
DP_000740,航空运输辅助活动
DP_003937,航空运输辅助活动
DP_000029,航空运输辅助活动
DP_003948,航空运输辅助活动
DP_003946,航空运输辅助活动
DP_005687,航空运输辅助活动
DP_006631,航空运输辅助活动
DP_003884,航空运输辅助活动
DP_001395,航空运输辅助活动
DP_001939,航空运输辅助活动
DP_000750,航空运输辅助活动
DP_003364,航空运输辅助活动
DP_003363,航空运输辅助活动
DP_000839,砖瓦、石材等建筑材料制造
DP_000039,砖瓦、石材等建筑材料制造
DP_003311,砖瓦、石材等建筑材料制造
DP_001434,砖瓦、石材等建筑材料制造
DP_002176,互联网相关服务
DP_004361,互联网相关服务
DP_003932,互联网相关服务
DP_003542,互联网相关服务
DP_003984,互联网相关服务
DP_000666,互联网相关服务
DP_005212,互联网相关服务
DP_004071,互联网相关服务
DP_004060,互联网相关服务
DP_001119,互联网相关服务
DP_002969,互联网相关服务
DP_004087,互联网相关服务
DP_005695,互联网相关服务
DP_004066,互联网相关服务
DP_004067,互联网相关服务
DP_005043,互联网相关服务
DP_003185,互联网相关服务
DP_004807,互联网相关服务
DP_004112,互联网相关服务
DP_000470,互联网相关服务
DP_002099,互联网相关服务
DP_004054,互联网相关服务
DP_002643,互联网相关服务
DP_004018,互联网相关服务
DP_004027,互联网相关服务
DP_004026,互联网相关服务
DP_004069,互联网相关服务
DP_001244,互联网相关服务
DP_003992,互联网相关服务
DP_001994,互联网相关服务
DP_001219,互联网相关服务
DP_004111,互联网相关服务
DP_000450,互联网相关服务
DP_000696,互联网相关服务
DP_001213,互联网相关服务
DP_004468,互联网相关服务
DP_000044,互联网相关服务
DP_003592,互联网相关服务
DP_003448,互联网相关服务
DP_001505,互联网相关服务
DP_001323,互联网相关服务
DP_001633,互联网相关服务
DP_002448,数字政府
DP_001955,数字政府
DP_004936,数字政府
DP_004607,数字政府
DP_003027,数字政府
DP_003025,数字政府
DP_003116,数字政府
DP_003113,数字政府
DP_003115,数字政府
DP_003014,数字政府
DP_003015,数字政府
DP_003165,数字政府
DP_003120,数字政府
DP_003173,数字政府
DP_003168,数字政府
DP_003169,数字政府
DP_003164,数字政府
DP_003167,数字政府
DP_003170,数字政府
DP_003174,数字政府
DP_005026,数字政府
DP_003118,数字政府
DP_003139,数字政府
DP_003163,数字政府
DP_003016,数字政府
DP_003171,数字政府
DP_003038,数字政府
DP_003029,数字政府
DP_000010,数字政府
DP_000014,数字政府
DP_003698,数字政府
DP_000111,数字政府
DP_000016,数字政府
DP_004827,数字政府
DP_000167,数字政府
DP_000061,数字政府
DP_003298,数字政府
DP_002124,数字政府
DP_003204,数字政府
DP_005361,数字政府
DP_001691,数字政府
DP_003497,数字政府
DP_003193,数字政府
DP_005133,数字政府
DP_003244,数字政府
DP_005118,数字政府
DP_005136,数字政府
DP_003228,数字政府
DP_003231,数字政府
DP_003227,数字政府
DP_003253,数字政府
DP_003724,数字政府
DP_003258,数字政府
DP_003256,数字政府
DP_002770,数字政府
DP_003251,数字政府
DP_000467,数字政府
DP_000783,数字政府
DP_001208,数字政府
DP_006288,数字政府
DP_006559,数字政府
DP_006619,数字政府
DP_003269,数字政府
DP_001220,数字政府
DP_003196,数字政府
DP_003263,数字政府
DP_003189,数字政府
DP_004996,数字政府
DP_003096,数字政府
DP_004883,数字政府
DP_001797,组织管理服务
DP_000267,组织管理服务
DP_000631,组织管理服务
DP_003583,组织管理服务
DP_004389,组织管理服务
DP_003451,组织管理服务
DP_000337,组织管理服务
DP_005667,其他卫生活动
DP_001645,其他卫生活动
DP_005999,其他卫生活动
DP_002918,证券市场服务
DP_002942,证券市场服务
DP_002914,证券市场服务
DP_002944,证券市场服务
DP_002915,证券市场服务
DP_004530,证券市场服务
DP_003777,证券市场服务
DP_003019,证券市场服务
DP_003052,证券市场服务
DP_003054,证券市场服务
DP_003055,证券市场服务
DP_003057,证券市场服务
DP_003159,证券市场服务
DP_003160,证券市场服务
DP_003161,证券市场服务
DP_003162,证券市场服务
DP_004850,证券市场服务
DP_000089,证券市场服务
DP_003643,证券市场服务
DP_003570,证券市场服务
DP_003636,证券市场服务
DP_003708,证券市场服务
DP_003576,证券市场服务
DP_003770,证券市场服务
DP_003575,证券市场服务
DP_003771,证券市场服务
DP_003574,证券市场服务
DP_003659,证券市场服务
DP_003762,证券市场服务
DP_003640,证券市场服务
DP_003620,证券市场服务
DP_003756,证券市场服务
DP_003621,证券市场服务
DP_003754,证券市场服务
DP_003753,证券市场服务
DP_003755,证券市场服务
DP_003642,证券市场服务
DP_003734,证券市场服务
DP_003776,证券市场服务
DP_003740,证券市场服务
DP_003741,证券市场服务
DP_003738,证券市场服务
DP_002019,证券市场服务
DP_003765,证券市场服务
DP_003766,证券市场服务
DP_003639,证券市场服务
DP_003751,证券市场服务
DP_003664,证券市场服务
DP_001185,证券市场服务
DP_003658,证券市场服务
DP_003654,证券市场服务
DP_003571,证券市场服务
DP_000338,证券市场服务
DP_003573,证券市场服务
DP_000557,证券市场服务
DP_004149,证券市场服务
DP_000558,证券市场服务
DP_003569,证券市场服务
DP_000556,证券市场服务
DP_000570,证券市场服务
DP_003572,证券市场服务
DP_000185,证券市场服务
DP_000569,证券市场服务
DP_000568,证券市场服务
DP_000401,证券市场服务
DP_000400,证券市场服务
DP_001875,证券市场服务
DP_003714,证券市场服务
DP_001870,证券市场服务
DP_004721,证券市场服务
DP_001869,证券市场服务
DP_004724,证券市场服务
DP_001886,证券市场服务
DP_000611,证券市场服务
DP_001879,证券市场服务
DP_001871,证券市场服务
DP_001866,证券市场服务
DP_001874,证券市场服务
DP_001867,证券市场服务
DP_001873,证券市场服务
DP_001885,证券市场服务
DP_001882,证券市场服务
DP_001868,证券市场服务
DP_001883,证券市场服务
DP_001876,证券市场服务
DP_001880,证券市场服务
DP_001881,证券市场服务
DP_000188,证券市场服务
DP_000189,证券市场服务
DP_000186,证券市场服务
DP_002127,证券市场服务
DP_000347,证券市场服务
DP_000348,证券市场服务
DP_001267,证券市场服务
DP_002446,证券市场服务
DP_000346,证券市场服务
DP_001268,证券市场服务
DP_003707,证券市场服务
DP_003732,证券市场服务
DP_000327,证券市场服务
DP_000326,证券市场服务
DP_003670,证券市场服务
DP_000456,证券市场服务
DP_000402,证券市场服务
DP_000328,证券市场服务
DP_001453,证券市场服务
DP_000466,证券市场服务
DP_000594,证券市场服务
DP_000593,证券市场服务
DP_000222,证券市场服务
DP_006140,非货币银行服务
DP_006139,非货币银行服务
DP_003150,非货币银行服务
DP_006213,非货币银行服务
DP_006104,非货币银行服务
DP_006647,非货币银行服务
DP_000064,非货币银行服务
DP_000065,非货币银行服务
DP_006110,非货币银行服务
DP_006236,非货币银行服务
DP_006646,非货币银行服务
DP_006129,非货币银行服务
DP_006156,非货币银行服务
DP_006164,非货币银行服务
DP_006169,非货币银行服务
DP_006657,非货币银行服务
DP_006197,非货币银行服务
DP_006206,非货币银行服务
DP_006267,非货币银行服务
DP_006659,非货币银行服务
DP_006599,非货币银行服务
DP_006200,非货币银行服务
DP_006136,非货币银行服务
DP_006325,非货币银行服务
DP_006645,非货币银行服务
DP_004149,非货币银行服务
DP_006366,非货币银行服务
DP_006365,非货币银行服务
DP_006357,非货币银行服务
DP_004436,非货币银行服务
DP_000576,非货币银行服务
DP_006531,非货币银行服务
DP_004474,非货币银行服务
DP_004488,非货币银行服务
DP_004426,非货币银行服务
DP_006358,非货币银行服务
DP_004434,非货币银行服务
DP_005568,专业公共卫生服务
DP_005537,专业公共卫生服务
DP_005610,专业公共卫生服务
DP_003177,专业公共卫生服务
DP_003183,专业公共卫生服务
DP_005999,专业公共卫生服务
DP_003443,专业公共卫生服务
DP_004316,电池制造
DP_004315,电池制造
DP_004345,电池制造
DP_004310,电池制造
DP_004309,电池制造
DP_004344,电池制造
DP_004288,电池制造
DP_004287,电池制造
DP_004283,电池制造
DP_004289,电池制造
DP_004290,电池制造
DP_004276,电池制造
DP_004319,电池制造
DP_004318,电池制造
DP_004278,电池制造
DP_004286,电池制造
DP_003730,电池制造
DP_004285,电池制造
DP_004922,电池制造
DP_004902,电池制造
DP_004903,电池制造
DP_004900,电池制造
DP_004908,电池制造
DP_004901,电池制造
DP_003852,电池制造
DP_004346,电池制造
DP_004263,电池制造
DP_004264,电池制造
DP_004265,电池制造
DP_004342,电池制造
DP_004266,电池制造
DP_004347,电池制造
DP_004279,电池制造
DP_004277,电池制造
DP_004257,电池制造
DP_004258,电池制造
DP_004259,电池制造
DP_004343,电池制造
DP_002117,电池制造
DP_002316,电池制造
DP_004267,电池制造
DP_004334,电池制造
DP_004335,电池制造
DP_004333,电池制造
DP_005641,生物药品制品制造
DP_005480,生物药品制品制造
DP_005530,生物药品制品制造
DP_005629,生物药品制品制造
DP_005645,生物药品制品制造
DP_005556,生物药品制品制造
DP_005491,生物药品制品制造
DP_005497,生物药品制品制造
DP_005580,生物药品制品制造
DP_003877,生物药品制品制造
DP_003889,互联网安全服务
DP_001167,互联网安全服务
DP_006654,互联网安全服务
DP_002913,互联网安全服务
DP_002071,互联网安全服务
DP_003560,互联网安全服务
DP_003559,互联网安全服务
DP_005203,互联网安全服务
DP_005202,互联网安全服务
DP_005205,互联网安全服务
DP_002241,互联网安全服务
DP_003475,互联网安全服务
DP_005706,互联网安全服务
DP_005713,互联网安全服务
DP_002840,互联网安全服务
DP_004178,互联网安全服务
DP_004180,互联网安全服务
DP_005585,化学药品制剂制造
DP_005539,化学药品制剂制造
DP_005607,化学药品制剂制造
DP_005621,化学药品制剂制造
DP_005625,化学药品制剂制造
DP_005640,化学药品制剂制造
DP_005626,化学药品制剂制造
DP_005663,化学药品制剂制造
DP_005530,化学药品制剂制造
DP_005624,化学药品制剂制造
DP_005602,化学药品制剂制造
DP_005652,化学药品制剂制造
DP_005650,化学药品制剂制造
DP_005660,化学药品制剂制造
DP_005644,化学药品制剂制造
DP_005642,化学药品制剂制造
DP_005489,化学药品制剂制造
DP_005573,化学药品制剂制造
DP_005490,化学药品制剂制造
DP_005614,化学药品制剂制造
DP_005612,化学药品制剂制造
DP_005536,化学药品制剂制造
DP_005540,化学药品制剂制造
DP_005655,化学药品制剂制造
DP_005636,化学药品制剂制造
DP_005554,化学药品制剂制造
DP_005488,化学药品制剂制造
DP_005560,化学药品制剂制造
DP_005564,化学药品制剂制造
DP_005555,化学药品制剂制造
DP_005639,化学药品制剂制造
DP_005643,化学药品制剂制造
DP_005657,化学药品制剂制造
DP_005613,化学药品制剂制造
DP_005593,化学药品制剂制造
DP_003299,化学药品制剂制造
DP_005566,化学药品制剂制造
DP_005565,化学药品制剂制造
DP_005556,化学药品制剂制造
DP_005576,化学药品制剂制造
DP_005581,化学药品制剂制造
DP_004978,化学药品制剂制造
DP_004976,化学药品制剂制造
DP_001736,谷物种植
DP_004191,谷物种植
DP_000041,谷物种植
DP_004194,谷物种植
DP_004224,谷物种植
DP_000046,谷物种植
DP_003311,谷物种植
DP_002826,谷物种植
DP_000675,谷物种植
DP_001833,谷物种植
DP_001838,谷物种植
DP_000212,谷物种植
DP_003216,谷物种植
DP_001730,谷物种植
DP_003411,谷物种植
DP_003395,谷物种植
DP_000737,其他房地产业
DP_000065,其他房地产业
DP_005018,其他房地产业
DP_005015,其他房地产业
DP_005016,其他房地产业
DP_003780,其他房地产业
DP_003622,其他房地产业
DP_004981,其他房地产业
DP_001476,其他房地产业
DP_001478,其他房地产业
DP_003490,其他房地产业
DP_002863,其他房地产业
DP_001393,其他房地产业
DP_000668,其他房地产业
DP_000384,其他房地产业
DP_001442,其他房地产业
DP_001646,其他房地产业
DP_001241,高等教育
DP_000071,高等教育
DP_000064,高等教育
DP_000065,高等教育
DP_000454,高等教育
DP_002884,高等教育
DP_002883,高等教育
DP_002140,高等教育
DP_006331,高等教育
DP_002830,高等教育
DP_001443,高等教育
DP_000706,高等教育
DP_005166,汽车整车制造
DP_001232,汽车整车制造
DP_000751,汽车整车制造
DP_000752,汽车整车制造
DP_002504,汽车整车制造
DP_000753,汽车整车制造
DP_004924,汽车整车制造
DP_004919,汽车整车制造
DP_002644,汽车整车制造
DP_004926,汽车整车制造
DP_002315,汽车整车制造
DP_004679,汽车整车制造
DP_004915,汽车整车制造
DP_006095,汽车整车制造
DP_006091,汽车整车制造
DP_006093,汽车整车制造
DP_006094,汽车整车制造
DP_006089,汽车整车制造
DP_006092,汽车整车制造
DP_003934,汽车整车制造
DP_003552,汽车整车制造
DP_002520,汽车整车制造
DP_002027,汽车整车制造
DP_001895,汽车整车制造
DP_002101,汽车整车制造
DP_002491,汽车整车制造
DP_002082,汽车整车制造
DP_003879,汽车整车制造
DP_003880,汽车整车制造
DP_003832,汽车整车制造
DP_003867,汽车整车制造
DP_003866,汽车整车制造
DP_003852,汽车整车制造
DP_003638,汽车整车制造
DP_003851,汽车整车制造
DP_003849,汽车整车制造
DP_003869,汽车整车制造
DP_003859,汽车整车制造
DP_003873,汽车整车制造
DP_003858,汽车整车制造
DP_003871,汽车整车制造
DP_003875,汽车整车制造
DP_001899,汽车整车制造
DP_003864,汽车整车制造
DP_003861,汽车整车制造
DP_003862,汽车整车制造
DP_003863,汽车整车制造
DP_003870,汽车整车制造
DP_003857,汽车整车制造
DP_003856,汽车整车制造
DP_003872,汽车整车制造
DP_004680,汽车整车制造
DP_003860,汽车整车制造
DP_004914,汽车整车制造
DP_001858,汽车整车制造
DP_001856,汽车整车制造
DP_004381,汽车整车制造
DP_003462,汽车整车制造
DP_001352,汽车整车制造
DP_001342,汽车整车制造
DP_004380,汽车整车制造
DP_004260,汽车整车制造
DP_006669,汽车整车制造
DP_006671,汽车整车制造
DP_006668,汽车整车制造
DP_003463,汽车整车制造
DP_002519,汽车整车制造
DP_002031,汽车整车制造
DP_002032,汽车整车制造
DP_002046,汽车整车制造
DP_004337,汽车整车制造
DP_002045,汽车整车制造
DP_002044,汽车整车制造
DP_002043,汽车整车制造
DP_002042,汽车整车制造
DP_003818,汽车整车制造
DP_002041,汽车整车制造
DP_002040,汽车整车制造
DP_005200,汽车整车制造
DP_002036,汽车整车制造
DP_004303,汽车整车制造
DP_002035,汽车整车制造
DP_002034,汽车整车制造
DP_001369,汽车整车制造
DP_002033,汽车整车制造
DP_002030,汽车整车制造
DP_002037,汽车整车制造
DP_001603,汽车整车制造
DP_003907,汽车整车制造
DP_002430,汽车整车制造
DP_002513,汽车整车制造
DP_001770,汽车整车制造
DP_000682,汽车整车制造
DP_004382,汽车整车制造
DP_001896,汽车整车制造
DP_001897,汽车整车制造
DP_003665,汽车整车制造
DP_001898,汽车整车制造
DP_002496,汽车整车制造
DP_004360,汽车整车制造
DP_001490,汽车整车制造
DP_003591,汽车整车制造
DP_003666,汽车整车制造
DP_000699,汽车整车制造
DP_005187,城市公共交通运输
DP_005195,城市公共交通运输
DP_005196,城市公共交通运输
DP_005188,城市公共交通运输
DP_005197,城市公共交通运输
DP_005191,城市公共交通运输
DP_005192,城市公共交通运输
DP_005199,城市公共交通运输
DP_005193,城市公共交通运输
DP_005194,城市公共交通运输
DP_005198,城市公共交通运输
DP_005189,城市公共交通运输
DP_004911,城市公共交通运输
DP_004910,城市公共交通运输
DP_003512,城市公共交通运输
DP_000054,城市公共交通运输
DP_000011,城市公共交通运输
DP_000017,城市公共交通运输
DP_003418,城市公共交通运输
DP_005459,城市公共交通运输
DP_001383,城市公共交通运输
DP_001380,城市公共交通运输
DP_003501,城市公共交通运输
DP_000726,城市公共交通运输
DP_003423,城市公共交通运输
DP_006266,城市公共交通运输
DP_006597,城市公共交通运输
DP_003507,城市公共交通运输
DP_003510,城市公共交通运输
DP_001207,城市公共交通运输
DP_006663,城市公共交通运输
DP_002652,城市公共交通运输
DP_001788,城市公共交通运输
DP_003520,城市公共交通运输
DP_003389,城市公共交通运输
DP_004169,城市公共交通运输
DP_005475,城市公共交通运输
DP_004170,城市公共交通运输
DP_003386,城市公共交通运输
DP_000862,城市公共交通运输
DP_002404,其他保险活动
DP_006583,其他保险活动
DP_006253,其他保险活动
DP_006524,其他保险活动
DP_002878,其他保险活动
DP_006318,其他保险活动
DP_000689,其他保险活动
DP_002085,其他保险活动
DP_001230,婚姻服务
DP_005056,婚姻服务
DP_002955,婚姻服务
DP_002956,婚姻服务
DP_002752,婚姻服务
DP_002755,婚姻服务
DP_000870,婚姻服务
DP_003104,其他信息技术服务业
DP_003565,其他信息技术服务业
DP_003719,其他信息技术服务业
DP_003600,其他信息技术服务业
DP_003613,其他信息技术服务业
DP_005425,其他信息技术服务业
DP_005267,其他信息技术服务业
DP_000277,其他信息技术服务业
DP_000536,其他信息技术服务业
DP_001843,其他信息技术服务业
DP_001848,其他信息技术服务业
DP_003649,其他信息技术服务业
DP_003745,其他信息技术服务业
DP_003983,其他信息技术服务业
DP_005443,其他信息技术服务业
DP_004769,其他信息技术服务业
DP_000259,其他信息技术服务业
DP_003681,其他信息技术服务业
DP_003304,其他信息技术服务业
DP_005303,其他信息技术服务业
DP_001428,其他信息技术服务业
DP_001328,其他信息技术服务业
DP_005217,其他信息技术服务业
DP_000857,其他信息技术服务业
DP_003829,其他信息技术服务业
DP_000469,其他信息技术服务业
DP_001640,其他信息技术服务业
DP_002920,其他信息技术服务业
DP_001839,其他信息技术服务业
DP_005434,其他信息技术服务业
DP_000069,环境治理业
DP_003156,环境治理业
DP_003563,环境治理业
DP_000488,环境治理业
DP_000553,环境治理业
DP_003595,环境治理业
DP_002311,环境治理业
DP_002312,环境治理业
DP_001823,环境治理业
DP_004510,环境治理业
DP_003267,环境治理业
DP_003266,环境治理业
DP_003268,环境治理业
DP_003265,环境治理业
DP_001653,环境治理业
DP_006225,房地产开发经营
DP_000071,房地产开发经营
DP_001304,房地产开发经营
DP_005007,房地产开发经营
DP_005008,房地产开发经营
DP_003516,房地产开发经营
DP_003015,房地产开发经营
DP_005011,房地产开发经营
DP_005013,房地产开发经营
DP_004155,房地产开发经营
DP_000393,房地产开发经营
DP_006284,房地产开发经营
DP_006285,房地产开发经营
DP_006616,房地产开发经营
DP_003638,房地产开发经营
DP_001475,房地产开发经营
DP_001471,房地产开发经营
DP_001474,房地产开发经营
DP_001447,房地产开发经营
DP_001444,房地产开发经营
DP_001473,房地产开发经营
DP_001445,房地产开发经营
DP_001446,房地产开发经营
DP_001451,房地产开发经营
DP_001472,房地产开发经营
DP_001449,房地产开发经营
DP_001448,房地产开发经营
DP_001450,房地产开发经营
DP_001403,房地产开发经营
DP_001427,房地产开发经营
DP_001416,房地产开发经营
DP_001440,房地产开发经营
DP_001436,房地产开发经营
DP_001439,房地产开发经营
DP_001438,房地产开发经营
DP_001435,房地产开发经营
DP_001441,房地产开发经营
DP_000784,房地产开发经营
DP_001433,房地产开发经营
DP_001414,房地产开发经营
DP_001411,房地产开发经营
DP_000636,房地产开发经营
DP_001466,房地产开发经营
DP_000700,房地产开发经营
DP_000438,房地产开发经营
DP_003433,房地产开发经营
DP_001224,人力资源服务
DP_003145,人力资源服务
DP_005083,人力资源服务
DP_005090,人力资源服务
DP_005096,人力资源服务
DP_005072,人力资源服务
DP_002344,人力资源服务
DP_004639,人力资源服务
DP_005120,人力资源服务
DP_001107,人力资源服务
DP_005029,人力资源服务
DP_005027,人力资源服务
DP_005180,人力资源服务
DP_000288,人力资源服务
DP_004871,人力资源服务
DP_003630,人力资源服务
DP_000452,人力资源服务
DP_004789,人力资源服务
DP_000121,人力资源服务
DP_004790,人力资源服务
DP_005042,人力资源服务
DP_001617,人力资源服务
DP_003691,人力资源服务
DP_003175,人力资源服务
DP_003677,人力资源服务
DP_004745,人力资源服务
DP_001264,人力资源服务
DP_001724,人力资源服务
DP_001725,人力资源服务
DP_002977,非公开募集证券投资基金
DP_002978,非公开募集证券投资基金
DP_003722,非公开募集证券投资基金
DP_003658,非公开募集证券投资基金
DP_003657,非公开募集证券投资基金
DP_003656,非公开募集证券投资基金
DP_003655,非公开募集证券投资基金
DP_003571,非公开募集证券投资基金
DP_000508,非公开募集证券投资基金
DP_000507,非公开募集证券投资基金
DP_000506,非公开募集证券投资基金
DP_000505,非公开募集证券投资基金
DP_002349,非公开募集证券投资基金
DP_002347,非公开募集证券投资基金
DP_002350,非公开募集证券投资基金
DP_002129,非公开募集证券投资基金
DP_000511,非公开募集证券投资基金
DP_000513,非公开募集证券投资基金
DP_000514,非公开募集证券投资基金
DP_000512,非公开募集证券投资基金
DP_000509,非公开募集证券投资基金
DP_000180,非公开募集证券投资基金
DP_005086,其他社会保障
DP_005077,其他社会保障
DP_005089,其他社会保障
DP_005094,其他社会保障
DP_005084,其他社会保障
DP_005095,其他社会保障
DP_005079,其他社会保障
DP_005076,其他社会保障
DP_005081,其他社会保障
DP_005088,其他社会保障
DP_005082,其他社会保障
DP_000064,其他社会保障
DP_005069,其他社会保障
DP_004993,其他社会保障
DP_000065,其他社会保障
DP_005078,其他社会保障
DP_004990,其他社会保障
DP_005085,其他社会保障
DP_005070,其他社会保障
DP_005071,其他社会保障
DP_005073,其他社会保障
DP_005068,其他社会保障
DP_005092,其他社会保障
DP_005080,其他社会保障
DP_005066,其他社会保障
DP_004657,其他社会保障
DP_005064,其他社会保障
DP_005065,其他社会保障
DP_004184,其他社会保障
DP_004780,其他社会保障
DP_003137,其他社会保障
DP_003781,其他社会保障
DP_003782,其他社会保障
DP_005113,其他社会保障
DP_005032,其他社会保障
DP_005034,其他社会保障
DP_005179,其他社会保障
DP_005037,其他社会保障
DP_005040,其他社会保障
DP_000869,其他社会保障
DP_003500,其他社会保障
DP_003489,其他社会保障
DP_000865,其他社会保障
DP_003492,其他社会保障
DP_002872,其他社会保障
DP_003495,其他社会保障
DP_002866,其他社会保障
DP_000504,其他社会保障
DP_003496,其他社会保障
DP_003488,其他社会保障
DP_003494,其他社会保障
DP_002880,其他社会保障
DP_002885,其他社会保障
DP_002882,其他社会保障
DP_002867,其他社会保障
DP_005177,其他社会保障
DP_002879,其他社会保障
DP_002873,其他社会保障
DP_005173,其他社会保障
DP_003517,其他社会保障
DP_002716,其他社会保障
DP_002725,其他社会保障
DP_002718,其他社会保障
DP_002722,其他社会保障
DP_002723,其他社会保障
DP_000867,其他社会保障
DP_003441,其他社会保障
DP_003438,其他社会保障
DP_003434,其他社会保障
DP_003440,其他社会保障
DP_003439,其他社会保障
DP_003442,其他社会保障
DP_003436,其他社会保障
DP_003435,其他社会保障
DP_003437,其他社会保障
DP_005597,化学药品原料药制造
DP_005569,化学药品原料药制造
DP_005615,化学药品原料药制造
DP_005571,化学药品原料药制造
DP_005631,化学药品原料药制造
DP_005666,化学药品原料药制造
DP_005530,化学药品原料药制造
DP_005586,化学药品原料药制造
DP_005606,化学药品原料药制造
DP_000035,化学药品原料药制造
DP_005618,化学药品原料药制造
DP_005632,化学药品原料药制造
DP_005588,化学药品原料药制造
DP_005540,化学药品原料药制造
DP_005587,化学药品原料药制造
DP_003297,化学药品原料药制造
DP_005556,化学药品原料药制造
DP_005491,化学药品原料药制造
DP_005578,化学药品原料药制造
DP_005580,化学药品原料药制造
DP_004963,化学药品原料药制造
DP_003719,智能制造
DP_005455,智能制造
DP_003209,智能制造
DP_003212,智能制造
DP_004965,智能制造
DP_004955,智能制造
DP_004975,智能制造
DP_004956,智能制造
DP_004957,智能制造
DP_004959,智能制造
DP_004954,智能制造
DP_004980,智能制造
DP_004972,智能制造
DP_004971,智能制造
DP_004952,智能制造
DP_004953,智能制造
DP_004951,智能制造
DP_004940,智能制造
DP_004948,智能制造
DP_004944,智能制造
DP_004945,智能制造
DP_004949,智能制造
DP_004950,智能制造
DP_004941,智能制造
DP_004946,智能制造
DP_004937,智能制造
DP_004938,智能制造
DP_004962,智能制造
DP_004942,智能制造
DP_004943,智能制造
DP_004964,智能制造
DP_005312,其他金融业
DP_001110,其他金融业
DP_003733,其他金融业
DP_005678,其他金融业
DP_002128,其他金融业
DP_005350,其他金融业
DP_004461,其他金融业
DP_001481,其他金融业
DP_001630,公路旅客运输
DP_002290,公路旅客运输
DP_002175,公路旅客运输
DP_000081,公路旅客运输
DP_000080,公路旅客运输
DP_000082,公路旅客运输
DP_004906,公路旅客运输
DP_002151,公路旅客运输
DP_002154,公路旅客运输
DP_002152,公路旅客运输
DP_002197,公路旅客运输
DP_002693,公路旅客运输
DP_001383,公路旅客运输
DP_002683,公路旅客运输
DP_002686,公路旅客运输
DP_002508,公路旅客运输
DP_002666,公路旅客运输
DP_002204,公路旅客运输
DP_002400,公路旅客运输
DP_002634,公路旅客运输
DP_002636,公路旅客运输
DP_002705,公路旅客运输
DP_004314,通用仪器仪表制造
DP_004958,通用仪器仪表制造
DP_003150,贸易经纪与代理
DP_003151,贸易经纪与代理
DP_001191,贸易经纪与代理
DP_001195,贸易经纪与代理
DP_003415,贸易经纪与代理
DP_003660,贸易经纪与代理
DP_001137,贸易经纪与代理
DP_004981,贸易经纪与代理
DP_003223,贸易经纪与代理
DP_004819,贸易经纪与代理
DP_005419,贸易经纪与代理
DP_000713,贸易经纪与代理
DP_006085,贸易经纪与代理
DP_003318,贸易经纪与代理
DP_003327,贸易经纪与代理
DP_003326,贸易经纪与代理
DP_000832,贸易经纪与代理
DP_001297,贸易经纪与代理
DP_001988,电力供应
DP_006334,电力供应
DP_006333,电力供应
DP_003361,电力供应
DP_003115,电力供应
DP_003414,电力供应
DP_000002,电力供应
DP_000004,电力供应
DP_005171,电力供应
DP_000005,电力供应
DP_000006,电力供应
DP_000003,电力供应
DP_000008,电力供应
DP_003034,电力供应
DP_006525,电力供应
DP_006585,电力供应
DP_006255,电力供应
DP_006586,电力供应
DP_003357,电力供应
DP_003358,电力供应
DP_003359,电力供应
DP_003349,电力供应
DP_003353,电力供应
DP_003351,电力供应
DP_003352,电力供应
DP_003350,电力供应
DP_006329,电力供应
DP_003341,电力供应
DP_004243,电力供应
DP_003362,电力供应
DP_003360,电力供应
DP_003924,电力供应
DP_005200,电力供应
DP_006330,电力供应
DP_001525,电力供应
DP_001654,电力供应
DP_004169,电力供应
DP_001225,电力供应
DP_001228,电力供应
DP_001226,电力供应
DP_004298,电力供应
DP_003356,电力供应
DP_003355,电力供应
DP_002960,其他房屋建筑业
DP_002959,其他房屋建筑业
DP_002962,其他房屋建筑业
DP_002957,其他房屋建筑业
DP_002958,其他房屋建筑业
DP_001306,其他房屋建筑业
DP_003614,其他房屋建筑业
DP_004557,其他房屋建筑业
DP_005466,其他房屋建筑业
DP_002855,其他房屋建筑业
DP_005471,其他房屋建筑业
DP_005460,其他房屋建筑业
DP_002191,其他房屋建筑业
DP_005463,其他房屋建筑业
DP_005470,其他房屋建筑业
DP_005468,其他房屋建筑业
DP_005461,其他房屋建筑业
DP_002189,其他房屋建筑业
DP_002188,其他房屋建筑业
DP_002185,其他房屋建筑业
DP_000423,其他房屋建筑业
DP_000425,其他房屋建筑业
DP_000424,其他房屋建筑业
DP_001834,其他房屋建筑业
DP_001829,其他房屋建筑业
DP_002854,其他房屋建筑业
DP_001937,其他房屋建筑业
DP_002649,其他房屋建筑业
DP_005741,其他房屋建筑业
DP_001499,其他房屋建筑业
DP_001494,其他房屋建筑业
DP_001561,其他房屋建筑业
DP_001517,其他房屋建筑业
DP_001541,其他房屋建筑业
DP_001516,其他房屋建筑业
DP_001518,其他房屋建筑业
DP_000830,其他房屋建筑业
DP_000831,其他房屋建筑业
DP_004885,其他房屋建筑业
DP_005483,中药材种植
DP_005548,中药材种植
DP_004191,中药材种植
DP_005545,中药材种植
DP_005549,中药材种植
DP_005658,中药材种植
DP_005598,中药材种植
DP_002826,中药材种植
DP_003395,中药材种植
DP_002655,保险中介服务
DP_002148,保险中介服务
DP_003533,保险中介服务
DP_006514,银行理财服务
DP_006513,银行理财服务
DP_006478,银行理财服务
DP_002936,其他未列明建筑业
DP_002961,其他未列明建筑业
DP_005672,其他未列明建筑业
DP_002080,其他未列明建筑业
DP_000822,其他未列明建筑业
DP_003452,其他未列明建筑业
DP_002307,棉、麻、糖、烟草种植
DP_004220,棉、麻、糖、烟草种植
DP_006083,棉、麻、糖、烟草种植
DP_003395,棉、麻、糖、烟草种植
DP_003147,其他土地管理服务
DP_000600,其他土地管理服务
DP_004981,其他土地管理服务
DP_003652,其他土地管理服务
DP_002120,其他土地管理服务
DP_000599,其他土地管理服务
DP_003752,其他土地管理服务
DP_001419,其他土地管理服务
DP_000389,其他土地管理服务
DP_000420,铁路、道路、隧道和桥梁工程建筑
DP_002169,铁路、道路、隧道和桥梁工程建筑
DP_002187,铁路、道路、隧道和桥梁工程建筑
DP_003243,铁路、道路、隧道和桥梁工程建筑
DP_001835,铁路、道路、隧道和桥梁工程建筑
DP_002168,铁路、道路、隧道和桥梁工程建筑
DP_000824,铁路、道路、隧道和桥梁工程建筑
DP_003450,铁路、道路、隧道和桥梁工程建筑
DP_005670,其他食品制造
DP_005669,其他食品制造
DP_005628,其他食品制造
DP_005061,其他食品制造
DP_005109,其他食品制造
DP_002658,其他食品制造
DP_002657,其他食品制造
DP_003299,其他食品制造
DP_003297,其他食品制造
DP_000637,其他食品制造
DP_000639,其他食品制造
DP_000640,其他食品制造
DP_003220,其他食品制造
DP_000422,工程技术与设计服务
DP_000430,工程技术与设计服务
DP_005594,医学研究和试验发展
DP_005577,医学研究和试验发展
DP_005611,医学研究和试验发展
DP_005662,医学研究和试验发展
DP_005499,医学研究和试验发展
DP_005553,医学研究和试验发展
DP_005659,医学研究和试验发展
DP_005498,医学研究和试验发展
DP_005561,医学研究和试验发展
DP_006078,医学研究和试验发展
DP_005556,医学研究和试验发展
DP_003878,医学研究和试验发展
DP_005531,医学研究和试验发展
DP_005500,医学研究和试验发展
DP_005481,医学研究和试验发展
DP_005482,医学研究和试验发展
DP_001726,农业专业及辅助性活动
DP_004191,农业专业及辅助性活动
DP_001303,农业专业及辅助性活动
DP_000038,农业专业及辅助性活动
DP_003110,农业专业及辅助性活动
DP_003701,农业专业及辅助性活动
DP_003627,农业专业及辅助性活动
DP_003626,农业专业及辅助性活动
DP_003660,农业专业及辅助性活动
DP_003330,农业专业及辅助性活动
DP_004838,农业专业及辅助性活动
DP_004840,农业专业及辅助性活动
DP_004839,农业专业及辅助性活动
DP_004837,农业专业及辅助性活动
DP_004841,农业专业及辅助性活动
DP_004842,农业专业及辅助性活动
DP_004836,农业专业及辅助性活动
DP_001727,农业专业及辅助性活动
DP_005107,农业专业及辅助性活动
DP_004211,农业专业及辅助性活动
DP_004212,农业专业及辅助性活动
DP_000031,农业专业及辅助性活动
DP_003214,农业专业及辅助性活动
DP_003261,农业专业及辅助性活动
DP_003205,农业专业及辅助性活动
DP_003247,农业专业及辅助性活动
DP_000730,农业专业及辅助性活动
DP_003221,农业专业及辅助性活动
DP_000729,农业专业及辅助性活动
DP_004201,农业专业及辅助性活动
DP_003248,农业专业及辅助性活动
DP_000674,农业专业及辅助性活动
DP_001310,农业专业及辅助性活动
DP_000676,农业专业及辅助性活动
DP_000679,农业专业及辅助性活动
DP_000677,农业专业及辅助性活动
DP_004244,农业专业及辅助性活动
DP_006677,农业专业及辅助性活动
DP_003211,农业专业及辅助性活动
DP_003209,农业专业及辅助性活动
DP_003218,农业专业及辅助性活动
DP_003210,农业专业及辅助性活动
DP_003217,农业专业及辅助性活动
DP_002064,农业专业及辅助性活动
DP_001642,农业专业及辅助性活动
DP_000028,农业专业及辅助性活动
DP_003389,农业专业及辅助性活动
DP_001728,农业专业及辅助性活动
DP_001729,农业专业及辅助性活动
DP_001543,农业专业及辅助性活动
DP_001731,农业专业及辅助性活动
DP_003386,农业专业及辅助性活动
DP_001733,农业专业及辅助性活动
DP_000728,农业专业及辅助性活动
DP_003336,水果种植
DP_003338,水果种植
DP_004191,水果种植
DP_003334,水果种植
DP_003335,水果种植
DP_003333,水果种植
DP_004213,水果种植
DP_004210,水果种植
DP_004222,水果种植
DP_004232,水果种植
DP_004229,水果种植
DP_004205,水果种植
DP_004204,水果种植
DP_004235,水果种植
DP_004197,水果种植
DP_004236,水果种植
DP_004228,水果种植
DP_004200,水果种植
DP_002826,水果种植
DP_004206,水果种植
DP_004207,水果种植
DP_004240,水果种植
DP_004198,水果种植
DP_004223,水果种植
DP_004239,水果种植
DP_004202,水果种植
DP_004209,水果种植
DP_004203,水果种植
DP_004237,水果种植
DP_004192,水果种植
DP_004233,水果种植
DP_004217,水果种植
DP_004234,水果种植
DP_004208,水果种植
DP_004238,水果种植
DP_004227,水果种植
DP_004199,水果种植
DP_004241,水果种植
DP_004230,水果种植
DP_004214,水果种植
DP_005570,日用化学产品制造
DP_005590,日用化学产品制造
DP_005665,日用化学产品制造
DP_004967,日用化学产品制造
DP_005646,药用辅料及包装材料制造
DP_005647,药用辅料及包装材料制造
DP_005485,药用辅料及包装材料制造
DP_005587,药用辅料及包装材料制造
DP_000931,环境与生态监测检测服务
DP_000930,环境与生态监测检测服务
DP_000896,环境与生态监测检测服务
DP_003156,环境与生态监测检测服务
DP_000490,环境与生态监测检测服务
DP_000491,环境与生态监测检测服务
DP_000492,环境与生态监测检测服务
DP_002310,环境与生态监测检测服务
DP_003264,环境与生态监测检测服务
DP_000755,环境与生态监测检测服务
DP_002068,数字商贸
DP_001985,数字商贸
DP_002013,数字商贸
DP_002355,数字商贸
DP_002288,数字商贸
DP_002006,数字商贸
DP_001283,数字商贸
DP_002271,数字商贸
DP_002133,数字商贸
DP_002063,数字商贸
DP_002906,数字商贸
DP_004402,汽车零部件及配件制造
DP_004273,汽车零部件及配件制造
DP_004934,汽车零部件及配件制造
DP_004272,汽车零部件及配件制造
DP_004917,汽车零部件及配件制造
DP_003832,汽车零部件及配件制造
DP_003852,汽车零部件及配件制造
DP_003876,汽车零部件及配件制造
DP_003849,汽车零部件及配件制造
DP_003859,汽车零部件及配件制造
DP_003871,汽车零部件及配件制造
DP_003864,汽车零部件及配件制造
DP_004386,汽车零部件及配件制造
DP_005684,汽车零部件及配件制造
DP_004376,汽车零部件及配件制造
DP_004407,汽车零部件及配件制造
DP_004375,汽车零部件及配件制造
DP_004377,汽车零部件及配件制造
DP_004973,汽车零部件及配件制造
DP_004301,汽车零部件及配件制造
DP_004399,汽车零部件及配件制造
DP_003124,出版业
DP_005616,出版业
DP_003125,出版业
DP_005547,出版业
DP_003564,出版业
DP_005661,出版业
DP_001854,出版业
DP_003617,出版业
DP_005735,出版业
DP_000573,出版业
DP_000575,出版业
DP_006406,出版业
DP_006407,出版业
DP_004401,电机制造
DP_004409,电机制造
DP_004396,电机制造
DP_004339,电机制造
DP_004395,电机制造
DP_004413,电机制造
DP_004405,电机制造
DP_004397,电机制造
DP_004410,电机制造
DP_004398,电机制造
DP_004403,电机制造
DP_004404,电机制造
DP_004400,电机制造
DP_004394,电机制造
DP_004412,电机制造
DP_004411,电机制造
DP_004406,电机制造
DP_004341,电机制造
DP_004340,电机制造
DP_002537,财产保险
DP_002490,财产保险
DP_002147,财产保险
DP_004895,财产保险
DP_002525,财产保险
DP_002531,财产保险
DP_002411,财产保险
DP_002515,财产保险
DP_002540,财产保险
DP_002511,财产保险
DP_001904,财产保险
DP_002295,财产保险
DP_002276,财产保险
DP_002326,财产保险
DP_004912,财产保险
DP_002462,财产保险
DP_003933,财产保险
DP_002536,财产保险
DP_002538,财产保险
DP_003461,财产保险
DP_004493,财产保险
DP_002039,财产保险
DP_002038,财产保险
DP_001931,财产保险
DP_002517,财产保险
DP_002522,财产保险
DP_001933,财产保险
DP_002498,财产保险
DP_002418,财产保险
DP_002317,财产保险
DP_002239,财产保险
DP_004383,财产保险
DP_002544,财产保险
DP_004291,财产保险
DP_004379,财产保险
DP_004304,财产保险
DP_002523,财产保险
DP_002086,财产保险
DP_004261,财产保险
DP_002084,财产保险
DP_002514,财产保险
DP_002367,财产保险
DP_003421,财产保险
DP_001491,财产保险
DP_003424,财产保险
DP_004269,其他机械和设备修理业
DP_000318,运输代理业
DP_001315,运输代理业
DP_002551,运输代理业
DP_002302,运输代理业
DP_002329,运输代理业
DP_002305,运输代理业
DP_001382,运输代理业
DP_006621,运输代理业
DP_006355,运输代理业
DP_006596,运输代理业
DP_001337,运输代理业
DP_001637,运输代理业
DP_001295,基层医疗卫生服务
DP_001296,基层医疗卫生服务
DP_005999,基层医疗卫生服务
DP_005305,自然科学研究和试验发展
DP_003613,自然科学研究和试验发展
DP_003058,自然科学研究和试验发展
DP_000240,自然科学研究和试验发展
DP_003577,自然科学研究和试验发展
DP_003619,其他未列明制造业
DP_003598,其他未列明制造业
DP_000035,其他未列明制造业
DP_001385,其他未列明制造业
DP_004894,其他未列明制造业
DP_003573,其他未列明制造业
DP_005251,其他未列明制造业
DP_003188,其他未列明制造业
DP_004268,其他未列明制造业
DP_004336,其他未列明制造业
DP_004271,其他未列明制造业
DP_003211,其他未列明制造业
DP_003346,其他未列明制造业
DP_003207,其他未列明制造业
DP_003217,其他未列明制造业
DP_003597,其他未列明制造业
DP_003590,其他未列明制造业
DP_005252,其他未列明制造业
DP_003827,其他未列明制造业
DP_001641,其他未列明制造业
DP_000234,其他未列明制造业
DP_003470,汽车、摩托车等修理与维护
DP_002527,汽车、摩托车等修理与维护
DP_002524,汽车、摩托车等修理与维护
DP_003464,汽车、摩托车等修理与维护
DP_004162,汽车、摩托车等修理与维护
DP_004161,汽车、摩托车等修理与维护
DP_004160,汽车、摩托车等修理与维护
DP_004159,汽车、摩托车等修理与维护
DP_004164,汽车、摩托车等修理与维护
DP_004165,汽车、摩托车等修理与维护
DP_004163,汽车、摩托车等修理与维护
DP_004158,汽车、摩托车等修理与维护
DP_004156,汽车、摩托车等修理与维护
DP_003908,汽车、摩托车等修理与维护
DP_002238,汽车、摩托车等修理与维护
DP_002528,汽车、摩托车等修理与维护
DP_004331,汽车、摩托车等修理与维护
DP_002529,汽车、摩托车等修理与维护
DP_003742,其他资本市场服务
DP_003020,其他资本市场服务
DP_003616,其他资本市场服务
DP_004599,其他资本市场服务
DP_003633,其他资本市场服务
DP_003682,其他资本市场服务
DP_003688,其他资本市场服务
DP_003594,其他资本市场服务
DP_000442,其他资本市场服务
DP_000515,其他资本市场服务
DP_006334,自来水生产和供应
DP_006333,自来水生产和供应
DP_003513,自来水生产和供应
DP_003431,自来水生产和供应
DP_003530,自来水生产和供应
DP_003528,自来水生产和供应
DP_003524,自来水生产和供应
DP_003529,自来水生产和供应
DP_003527,自来水生产和供应
DP_003525,自来水生产和供应
DP_003526,自来水生产和供应
DP_003531,自来水生产和供应
DP_006254,自来水生产和供应
DP_006585,自来水生产和供应
DP_006255,自来水生产和供应
DP_006586,自来水生产和供应
DP_003483,自来水生产和供应
DP_003498,自来水生产和供应
DP_003499,自来水生产和供应
DP_003514,自来水生产和供应
DP_003515,自来水生产和供应
DP_006330,自来水生产和供应
DP_001525,自来水生产和供应
DP_001654,自来水生产和供应
DP_000071,基本保险
DP_005087,基本保险
DP_005075,基本保险
DP_003136,基本保险
DP_000672,基本保险
DP_005036,基本保险
DP_003493,基本保险
DP_002874,基本保险
DP_003532,基本保险
DP_003084,基本保险
DP_005535,基本保险
DP_003587,新闻业
DP_003111,新闻业
DP_003596,新闻业
DP_003702,新闻业
DP_003703,新闻业
DP_003704,新闻业
DP_003564,新闻业
DP_003716,新闻业
DP_003643,新闻业
DP_003769,新闻业
DP_003715,新闻业
DP_002248,新闻业
DP_002249,新闻业
DP_003234,新闻业
DP_003233,新闻业
DP_003229,新闻业
DP_000463,新闻业
DP_003844,新闻业
DP_002824,新闻业
DP_000461,新闻业
DP_000464,新闻业
DP_005479,新闻业
DP_003705,新闻业
DP_000462,新闻业
DP_004191,豆类、油料和薯类种植
DP_004196,豆类、油料和薯类种植
DP_000046,豆类、油料和薯类种植
DP_002826,豆类、油料和薯类种植
DP_003287,豆类、油料和薯类种植
DP_003411,豆类、油料和薯类种植
DP_004191,蔬菜、食用菌及园艺作物种植
DP_004231,蔬菜、食用菌及园艺作物种植
DP_004195,蔬菜、食用菌及园艺作物种植
DP_000046,蔬菜、食用菌及园艺作物种植
DP_002826,蔬菜、食用菌及园艺作物种植
DP_004193,蔬菜、食用菌及园艺作物种植
DP_003284,蔬菜、食用菌及园艺作物种植
DP_003282,蔬菜、食用菌及园艺作物种植
DP_003274,蔬菜、食用菌及园艺作物种植
DP_003279,蔬菜、食用菌及园艺作物种植
DP_001603,蔬菜、食用菌及园艺作物种植
DP_004191,牲畜饲养
DP_003311,牲畜饲养
DP_002826,牲畜饲养
DP_004215,牲畜饲养
DP_004216,牲畜饲养
DP_004221,牲畜饲养
DP_004219,牲畜饲养
DP_004226,牲畜饲养
DP_004218,牲畜饲养
DP_004225,牲畜饲养
DP_001827,牲畜饲养
DP_003277,牲畜饲养
DP_004191,家禽饲养
DP_003286,家禽饲养
DP_004191,水产养殖
DP_006660,水产养殖
DP_000780,水产养殖
DP_002826,水产养殖
DP_003276,水产养殖
DP_000064,房地产中介服务
DP_005005,房地产中介服务
DP_005006,房地产中介服务
DP_005012,房地产中介服务
DP_000868,房地产中介服务
DP_002862,房地产中介服务
DP_001479,房地产中介服务
DP_001389,房地产中介服务
DP_001392,房地产中介服务
DP_001388,房地产中介服务
DP_001394,房地产中介服务
DP_001391,房地产中介服务
DP_001390,房地产中介服务
DP_001415,房地产中介服务
DP_003427,房地产中介服务
DP_001429,房地产中介服务
DP_001431,房地产中介服务
DP_004892,基础化学原料制造
DP_000344,基础化学原料制造
DP_000460,基础化学原料制造
DP_000476,基础化学原料制造
DP_005626,基础化学原料制造
DP_000457,基础化学原料制造
DP_000555,基础化学原料制造
DP_000323,基础化学原料制造
DP_000324,基础化学原料制造
DP_000320,基础化学原料制造
DP_000319,基础化学原料制造
DP_000321,基础化学原料制造
DP_000322,基础化学原料制造
DP_000283,基础化学原料制造
DP_000276,基础化学原料制造
DP_000274,基础化学原料制造
DP_000035,基础化学原料制造
DP_000273,基础化学原料制造
DP_000282,基础化学原料制造
DP_000279,基础化学原料制造
DP_000280,基础化学原料制造
DP_000281,基础化学原料制造
DP_000275,基础化学原料制造
DP_000530,基础化学原料制造
DP_000534,基础化学原料制造
DP_000531,基础化学原料制造
DP_000533,基础化学原料制造
DP_000620,基础化学原料制造
DP_000622,基础化学原料制造
DP_000617,基础化学原料制造
DP_000623,基础化学原料制造
DP_000618,基础化学原料制造
DP_000624,基础化学原料制造
DP_000619,基础化学原料制造
DP_000621,基础化学原料制造
DP_003311,基础化学原料制造
DP_005491,基础化学原料制造
DP_005497,基础化学原料制造
DP_004324,基础化学原料制造
DP_004892,其他电气机械及器材制造
DP_004366,其他电气机械及器材制造
DP_004892,其他通用设备制造业
DP_003210,其他通用设备制造业
DP_001520,其他通用设备制造业
DP_001559,其他通用设备制造业
DP_001522,其他通用设备制造业
DP_001569,其他通用设备制造业
DP_005689,其他通用设备制造业
DP_004970,其他通用设备制造业
DP_004892,铸造及其他金属制品制造
DP_005571,专用化学产品制造
DP_000554,专用化学产品制造
DP_000035,专用化学产品制造
DP_001168,信息技术服务
DP_001187,信息技术服务
DP_001840,信息技术服务
DP_004520,信息技术服务
DP_004526,信息技术服务
DP_000642,信息技术服务
DP_000861,信息技术服务
DP_006684,信息技术服务
DP_001696,信息技术服务
DP_005253,农、林、牧、渔产品批发
DP_005405,农、林、牧、渔产品批发
DP_001493,农、林、牧、渔产品批发
DP_001546,农、林、牧、渔产品批发
DP_001549,农、林、牧、渔产品批发
DP_001519,农、林、牧、渔产品批发
DP_005651,广告业
DP_001192,纺织、服装及家庭用品批发
DP_001189,纺织、服装及家庭用品批发
DP_000076,纺织、服装及家庭用品批发
DP_006686,卫星传输服务
DP_003368,卫星传输服务
DP_001190,其他批发业
DP_001196,其他批发业
DP_001194,其他批发业
DP_000035,其他批发业
DP_001085,其他批发业
DP_005393,其他批发业
DP_005285,其他批发业
DP_004765,其他批发业
DP_006286,其他批发业
DP_006557,其他批发业
DP_006617,其他批发业
DP_006287,其他批发业
DP_006558,其他批发业
DP_006618,其他批发业
DP_005310,其他批发业
DP_005422,其他批发业
DP_006404,其他批发业
DP_001591,其他批发业
DP_001496,其他批发业
DP_001512,其他批发业
DP_001489,其他批发业
DP_006405,其他批发业
DP_001650,其他批发业
DP_001775,互联网金融
DP_002759,互联网金融
DP_006308,互联网金融
DP_002869,互联网金融
DP_000476,合成材料制造
DP_000617,合成材料制造
DP_003311,合成材料制造
DP_001734,村民自治组织
DP_001989,互联网零售
DP_002362,互联网零售
DP_002318,互联网零售
DP_002016,互联网零售
DP_001957,互联网零售
DP_001308,住宅房屋建筑
DP_005472,住宅房屋建筑
DP_005464,住宅房屋建筑
DP_006664,住宅房屋建筑
DP_006665,住宅房屋建筑
DP_002190,住宅房屋建筑
DP_005462,住宅房屋建筑
DP_002182,住宅房屋建筑
DP_002184,住宅房屋建筑
DP_000427,住宅房屋建筑
DP_000426,住宅房屋建筑
DP_001467,住宅房屋建筑
DP_003195,住宅房屋建筑
DP_002650,住宅房屋建筑
DP_002157,住宅房屋建筑
DP_002098,住宅房屋建筑
DP_000607,住宅房屋建筑
DP_005469,住宅房屋建筑
DP_003196,住宅房屋建筑
DP_001426,住宅房屋建筑
DP_001604,住宅房屋建筑
DP_001598,住宅房屋建筑
DP_001555,住宅房屋建筑
DP_001562,住宅房屋建筑
DP_005718,住宅房屋建筑
DP_005733,住宅房屋建筑
DP_000625,卫生材料及医药用品制造
DP_005530,卫生材料及医药用品制造
DP_005635,卫生材料及医药用品制造
DP_005502,卫生材料及医药用品制造
DP_005556,卫生材料及医药用品制造
DP_001193,机械设备、五金产品及电子产品批发
DP_004857,安全保护服务
DP_000035,安全保护服务
DP_001307,安全保护服务
DP_001826,安全保护服务
DP_001647,安全保护服务
DP_005551,中药饮片加工
DP_005552,中药饮片加工
DP_005550,中药饮片加工
DP_005546,中药饮片加工
DP_005556,中药饮片加工
DP_003598,其他未列明服务业
DP_003906,其他未列明服务业
DP_000019,其他未列明服务业
DP_003235,其他未列明服务业
DP_006537,其他未列明服务业
DP_003506,其他未列明服务业
DP_003597,其他未列明服务业
DP_000439,通信设备制造
DP_003416,通信设备制造
DP_001484,通信设备制造
DP_001511,通信设备制造
DP_001587,通信设备制造
DP_001212,通信设备制造
DP_005558,保健食品制造
DP_005589,保健食品制造
DP_005487,国际组织
DP_005630,国际组织
DP_001301,补充保险
DP_004552,土地调查评估服务
DP_002123,土地调查评估服务
DP_003652,土地调查评估服务
DP_002122,土地调查评估服务
DP_002121,土地调查评估服务
DP_001421,土地调查评估服务
DP_001420,土地调查评估服务
DP_001418,土地调查评估服务
DP_000388,土地调查评估服务
DP_000391,土地调查评估服务
DP_000392,土地调查评估服务
DP_001413,土地调查评估服务
DP_001422,土地调查评估服务
DP_001314,智慧物流
DP_002202,智慧物流
DP_002557,智慧物流
DP_002083,智慧物流
DP_002296,智慧物流
DP_002330,智慧物流
DP_002331,智慧物流
DP_002466,智慧物流
DP_002469,智慧物流
DP_002259,智慧物流
DP_002304,智慧物流
DP_001356,智慧物流
DP_001336,智慧物流
DP_004676,土地整治服务
DP_002119,土地整治服务
DP_002463,土地整治服务
DP_000386,土地整治服务
DP_000385,土地整治服务
DP_000387,土地整治服务
DP_000390,土地整治服务
DP_000397,基金会
DP_000398,基金会
DP_002343,社会团体
DP_005063,社会团体
DP_000502,社会团体
DP_000503,社会团体
DP_003718,社会团体
DP_000077,针织或钩针编织物及其制品制造
DP_003109,其他土木工程建筑
DP_003447,其他土木工程建筑
DP_001822,其他土木工程建筑
DP_000421,其他土木工程建筑
DP_001310,其他土木工程建筑
DP_001309,其他土木工程建筑
DP_001424,其他土木工程建筑
DP_000451,其他土木工程建筑
DP_005473,其他土木工程建筑
DP_000075,技能培训、教育辅助及其他教育
DP_006412,技能培训、教育辅助及其他教育
DP_005112,技能培训、教育辅助及其他教育
DP_005114,技能培训、教育辅助及其他教育
DP_000042,技能培训、教育辅助及其他教育
DP_003419,技能培训、教育辅助及其他教育
DP_003241,技能培训、教育辅助及其他教育
DP_001203,技能培训、教育辅助及其他教育
DP_006414,技能培训、教育辅助及其他教育
DP_002728,技能培训、教育辅助及其他教育
DP_006502,纺织、服装及日用品专门零售
DP_006345,纺织、服装及日用品专门零售
DP_006294,纺织、服装及日用品专门零售
DP_006565,纺织、服装及日用品专门零售
DP_006625,纺织、服装及日用品专门零售
DP_006346,纺织、服装及日用品专门零售
DP_006342,纺织、服装及日用品专门零售
DP_006378,纺织、服装及日用品专门零售
DP_006428,纺织、服装及日用品专门零售
DP_001735,水产捕捞
DP_002826,水产捕捞
DP_006506,正餐服务
DP_001639,正餐服务
DP_004620,土地登记服务
DP_005009,土地登记服务
DP_005014,土地登记服务
DP_003752,土地登记服务
DP_003486,土地登记服务
DP_003487,土地登记服务
DP_003485,土地登记服务
DP_002864,土地登记服务
DP_003428,土地登记服务
DP_000784,土地登记服务
DP_006504,食品、饮料及烟草制品专门零售
DP_006505,食品、饮料及烟草制品专门零售
DP_000684,食品、饮料及烟草制品专门零售
DP_001720,食品、饮料及烟草制品专门零售
DP_003281,食品、饮料及烟草制品专门零售
DP_003275,食品、饮料及烟草制品专门零售
DP_003288,食品、饮料及烟草制品专门零售
DP_006339,食品、饮料及烟草制品专门零售
DP_003280,食品、饮料及烟草制品专门零售
DP_003278,食品、饮料及烟草制品专门零售
DP_003273,食品、饮料及烟草制品专门零售
DP_003283,食品、饮料及烟草制品专门零售
DP_006340,食品、饮料及烟草制品专门零售
DP_003348,食品、饮料及烟草制品专门零售
DP_001277,房地产租赁经营
DP_003785,房地产租赁经营
DP_001613,房地产租赁经营
DP_001465,房地产租赁经营
DP_001464,房地产租赁经营
DP_001406,房地产租赁经营
DP_001405,房地产租赁经营
DP_001404,房地产租赁经营
DP_003609,其他科技推广服务业
DP_003632,其他科技推广服务业
DP_003631,其他科技推广服务业
DP_000518,其他科技推广服务业
DP_000519,其他科技推广服务业
DP_004893,其他科技推广服务业
DP_004891,其他科技推广服务业
DP_000521,其他科技推广服务业
DP_000528,其他科技推广服务业
DP_000535,其他科技推广服务业
DP_001313,其他科技推广服务业
DP_003290,其他科技推广服务业
DP_003915,其他科技推广服务业
DP_004897,汽车、摩托车、零配件和燃料及其他动力销售
DP_002526,汽车、摩托车、零配件和燃料及其他动力销售
DP_002521,汽车、摩托车、零配件和燃料及其他动力销售
DP_002493,汽车、摩托车、零配件和燃料及其他动力销售
DP_006541,汽车、摩托车、零配件和燃料及其他动力销售
DP_006601,汽车、摩托车、零配件和燃料及其他动力销售
DP_006271,汽车、摩托车、零配件和燃料及其他动力销售
DP_006602,汽车、摩托车、零配件和燃料及其他动力销售
DP_006429,汽车、摩托车、零配件和燃料及其他动力销售
DP_001857,汽车、摩托车、零配件和燃料及其他动力销售
DP_006359,汽车、摩托车、零配件和燃料及其他动力销售
DP_006292,汽车、摩托车、零配件和燃料及其他动力销售
DP_006563,汽车、摩托车、零配件和燃料及其他动力销售
DP_006623,汽车、摩托车、零配件和燃料及其他动力销售
DP_006293,汽车、摩托车、零配件和燃料及其他动力销售
DP_001365,汽车、摩托车、零配件和燃料及其他动力销售
DP_004371,汽车、摩托车、零配件和燃料及其他动力销售
DP_002432,汽车、摩托车、零配件和燃料及其他动力销售
DP_006430,汽车、摩托车、零配件和燃料及其他动力销售
DP_001368,汽车、摩托车、零配件和燃料及其他动力销售
DP_004370,汽车、摩托车、零配件和燃料及其他动力销售
DP_001366,汽车、摩托车、零配件和燃料及其他动力销售
DP_006360,汽车、摩托车、零配件和燃料及其他动力销售
DP_002516,汽车、摩托车、零配件和燃料及其他动力销售
DP_004372,汽车、摩托车、零配件和燃料及其他动力销售
DP_002512,汽车、摩托车、零配件和燃料及其他动力销售
DP_004385,汽车、摩托车、零配件和燃料及其他动力销售
DP_004378,汽车、摩托车、零配件和燃料及其他动力销售
DP_000704,汽车、摩托车、零配件和燃料及其他动力销售
DP_003631,创业空间服务
DP_000532,创业空间服务
DP_006685,水上运输辅助活动
DP_001738,水上运输辅助活动
DP_004245,水上运输辅助活动
DP_001836,水上运输辅助活动
DP_001395,水上运输辅助活动
DP_006415,旅游饭店
DP_000024,旅游饭店
DP_006278,旅游饭店
DP_006549,旅游饭店
DP_006279,旅游饭店
DP_006550,旅游饭店
DP_006610,旅游饭店
DP_006389,旅游饭店
DP_006390,旅游饭店
DP_001401,旅游饭店
DP_006417,旅游饭店
DP_001639,旅游饭店
DP_000035,其他采矿业
DP_000035,炸药、火工及焰火产品制造
DP_000035,石油开采
DP_003311,石油开采
DP_000035,炼铁
DP_001386,炼铁
DP_003311,炼铁
DP_001830,炼铁
DP_000035,常用有色金属冶炼
DP_003311,常用有色金属冶炼
DP_003638,常用有色金属冶炼
DP_000035,水泥、石灰和石膏制造
DP_001386,水泥、石灰和石膏制造
DP_000039,水泥、石灰和石膏制造
DP_000035,金属加工机械制造
DP_004947,金属加工机械制造
DP_000035,棉纺织及印染精加工
DP_003311,棉纺织及印染精加工
DP_000035,卷烟制造
DP_003709,科技中介服务
DP_006486,理发及美容服务
DP_006351,理发及美容服务
DP_006352,理发及美容服务
DP_006262,理发及美容服务
DP_006533,理发及美容服务
DP_006593,理发及美容服务
DP_006487,理发及美容服务
DP_006488,理发及美容服务
DP_003730,电力生产
DP_001386,电力生产
DP_003034,电力生产
DP_004274,电力生产
DP_003555,电力生产
DP_003924,电力生产
DP_005456,电力生产
DP_004297,电力生产
DP_004295,电力生产
DP_001654,电力生产
DP_004365,电力生产
DP_004299,电力生产
DP_000645,电力生产
DP_003354,电力生产
DP_000717,橡胶制品业
DP_000718,橡胶制品业
DP_003311,橡胶制品业
DP_000717,塑料制品业
DP_000718,塑料制品业
DP_003311,塑料制品业
DP_003511,物业管理
DP_001103,物业管理
DP_005476,物业管理
DP_003505,物业管理
DP_003502,物业管理
DP_003504,物业管理
DP_000487,物业管理
DP_001455,物业管理
DP_001454,物业管理
DP_001460,物业管理
DP_001457,物业管理
DP_001459,物业管理
DP_001458,物业管理
DP_006680,物业管理
DP_001456,物业管理
DP_001432,物业管理
DP_005279,信息技术咨询服务
DP_000120,信息技术咨询服务
DP_003478,信息技术咨询服务
DP_003914,信息技术咨询服务
DP_006662,信息技术咨询服务
DP_004966,信息技术咨询服务
DP_001849,信息技术咨询服务
DP_002105,其他互联网服务
DP_002369,其他互联网服务
DP_003699,其他互联网服务
DP_002877,其他互联网服务
DP_003320,其他互联网服务
DP_002299,多式联运
DP_001320,多式联运
DP_003482,多式联运
DP_001637,多式联运
DP_003717,水上货物运输
DP_003326,水上货物运输
DP_004974,水上货物运输
DP_000007,电信(源)
DP_000007,软件开发(源)
DP_000007,信息技术服务(源)
DP_000007,智能制造(源)
DP_000007,其他数字化效率提升业(源)
DP_003709,技术推广服务
DP_000529,技术推广服务
DP_005690,技术推广服务
DP_004798,技术推广服务
DP_001657,技术推广服务
DP_000009,烟煤和无烟煤开采洗选
DP_003638,烟煤和无烟煤开采洗选
DP_001327,烟煤和无烟煤开采洗选
DP_005290,数字金融
DP_003903,数字金融
DP_003314,数字金融
DP_004427,数字金融
DP_004355,数字金融
DP_004443,数字金融
DP_005213,市政设施管理
DP_001197,市政设施管理
DP_000012,市政设施管理
DP_001198,市政设施管理
DP_003308,市政设施管理
DP_003523,市政设施管理
DP_003203,市政设施管理
DP_003522,市政设施管理
DP_003295,市政设施管理
DP_003296,市政设施管理
DP_003245,市政设施管理
DP_004889,市政设施管理
DP_003181,市政设施管理
DP_003178,市政设施管理
DP_003179,市政设施管理
DP_001653,市政设施管理
DP_000926,水文服务
DP_003249,水文服务
DP_003392,水文服务
DP_003405,水文服务
DP_003404,水文服务
DP_003391,水文服务
DP_002332,快递服务
DP_001732,畜牧专业及辅助性活动
DP_006681,畜牧专业及辅助性活动
DP_001642,畜牧专业及辅助性活动
DP_001105,咨询与调查
DP_005332,咨询与调查
DP_003453,咨询与调查
DP_001132,咨询与调查
DP_005458,咨询与调查
DP_006099,咨询与调查
DP_004517,咨询与调查
DP_004518,咨询与调查
DP_002832,咨询与调查
DP_002749,咨询与调查
DP_005186,咨询与调查
DP_000023,游览景区管理
DP_002890,游览景区管理
DP_002891,游览景区管理
DP_002893,游览景区管理
DP_002892,游览景区管理
DP_006621,游览景区管理
DP_006622,游览景区管理
DP_001461,游览景区管理
DP_006419,游览景区管理
DP_003172,商务服务业
DP_000551,生态保护
DP_003347,其他电子设备制造
DP_000032,环境卫生管理
DP_001184,环境卫生管理
DP_001823,环境卫生管理
DP_003202,环境卫生管理
DP_003614,节能环保工程施工
DP_001596,节能环保工程施工
DP_006250,其他零售业
DP_004393,其他零售业
DP_004176,其他零售业
DP_001650,其他零售业
DP_005059,其他农业
DP_000673,其他农业
DP_000678,其他农业
DP_001835,其他农业
DP_003207,其他农业
DP_004247,其他农业
DP_001976,工矿工程建筑
DP_001834,工矿工程建筑
DP_000262,建筑装饰和装修业
DP_000446,建筑装饰和装修业
DP_002183,建筑装饰和装修业
DP_002706,建筑装饰和装修业
DP_001402,建筑装饰和装修业
DP_001649,建筑装饰和装修业
DP_001565,建筑装饰和装修业
DP_003449,建筑装饰和装修业
DP_006609,一般旅馆
DP_001401,一般旅馆
DP_006306,其他餐饮业
DP_006577,其他餐饮业
DP_006637,其他餐饮业
DP_006307,其他餐饮业
DP_006578,其他餐饮业
DP_006638,其他餐饮业
DP_006517,其他餐饮业
DP_006518,其他餐饮业
DP_001847,信息技术服务业
DP_006088,信息技术服务业
DP_003311,煤炭加工
DP_003311,涂料、油墨、颜料及类似产品制造
DP_003311,植物油加工
DP_003311,肥料制造
DP_003311,饲料加工
DP_003311,林木育种和育苗
DP_003311,纸浆制造
DP_003311,生物质燃料加工
DP_003311,金属废料和碎屑加工处理
DP_003850,金属废料和碎屑加工处理
DP_001202,金属废料和碎屑加工处理
DP_003311,家用电力器具制造
DP_001409,家用电力器具制造
DP_001408,家用电力器具制造
DP_003892,矿产品、建材及化工产品批发
DP_003893,钢压延加工
DP_003638,钢压延加工
DP_004523,信息处理和存储支持服务
DP_006276,宠物服务
DP_006607,宠物服务
DP_006277,宠物服务
DP_006548,宠物服务
DP_006608,宠物服务
DP_006385,宠物服务
DP_006386,宠物服务
DP_001823,污水处理及其再生利用
DP_005703,污水处理及其再生利用
DP_003308,智慧交通
DP_006613,不提供住宿社会工作
DP_006283,不提供住宿社会工作
DP_003190,不提供住宿社会工作
DP_003271,不提供住宿社会工作
DP_006401,不提供住宿社会工作
DP_003270,不提供住宿社会工作
DP_001717,不提供住宿社会工作
DP_001718,不提供住宿社会工作
DP_003554,摩托车制造
DP_003558,摩托车制造
DP_003550,天然气开采
DP_003548,天然气开采
DP_001294,电子器件制造
DP_003549,电子器件制造
DP_003638,电子器件制造
DP_003238,电子器件制造
DP_003538,电子器件制造
DP_004253,电子器件制造
DP_004254,电子器件制造
DP_000030,智慧农业
DP_003212,智慧农业
DP_006272,家用电器及电子产品专门零售
DP_006543,家用电器及电子产品专门零售
DP_006603,家用电器及电子产品专门零售
DP_006273,家用电器及电子产品专门零售
DP_006544,家用电器及电子产品专门零售
DP_006604,家用电器及电子产品专门零售
DP_006372,家用电器及电子产品专门零售
DP_006374,家用电器及电子产品专门零售
DP_006373,家用电器及电子产品专门零售
DP_006375,家用电器及电子产品专门零售
DP_003761,资本投资服务
DP_003688,资本投资服务
DP_003653,资本投资服务
DP_000441,资本投资服务
DP_001558,资本投资服务
DP_003250,水资源管理
DP_003214,水资源管理
DP_003215,水资源管理
DP_003213,水资源管理
DP_003262,水资源管理
DP_003480,水资源管理
DP_001653,水资源管理
DP_003342,其他仓储业
DP_003343,其他仓储业
DP_002181,质检技术服务
DP_003476,质检技术服务
DP_003477,质检技术服务
DP_004321,质检技术服务
DP_004320,质检技术服务
DP_005681,质检技术服务
DP_000237,质检技术服务
DP_005492,质检技术服务
DP_004885,质检技术服务
DP_006628,广播电视传输服务
DP_003973,其他文化艺术业
DP_001400,其他文化艺术业
DP_005679,其他文化艺术业
DP_002111,机械设备经营租赁
DP_002112,机械设备经营租赁
DP_001347,机械设备经营租赁
DP_001349,机械设备经营租赁
DP_001348,机械设备经营租赁
DP_003786,智能消费设备制造
DP_001452,智能消费设备制造
DP_004362,智能消费设备制造
DP_004981,林产品采集
DP_004981,其他开采专业及辅助性活动
DP_001659,其他开采专业及辅助性活动
DP_006280,工艺美术及礼仪用品制造
DP_006551,工艺美术及礼仪用品制造
DP_006611,工艺美术及礼仪用品制造
DP_006281,工艺美术及礼仪用品制造
DP_006552,工艺美术及礼仪用品制造
DP_006612,工艺美术及礼仪用品制造
DP_006393,工艺美术及礼仪用品制造
DP_003194,图书馆与档案馆
DP_003176,图书馆与档案馆
DP_003206,其他水利管理业
DP_004149,彩票活动
DP_006396,彩票活动
DP_006397,彩票活动
DP_004149,期货市场服务
DP_003503,数字社会
DP_001325,水利和水运工程建筑
DP_001835,水利和水运工程建筑
DP_005556,医药及医疗器材专门零售
DP_003191,医药及医疗器材专门零售
DP_006353,医药及医疗器材专门零售
DP_003293,医药及医疗器材专门零售
DP_001407,医药及医疗器材专门零售
DP_006354,医药及医疗器材专门零售
DP_006263,医药及医疗器材专门零售
DP_006534,医药及医疗器材专门零售
DP_006594,医药及医疗器材专门零售
DP_006264,医药及医疗器材专门零售
DP_006535,医药及医疗器材专门零售
DP_006595,医药及医疗器材专门零售
DP_006363,医药及医疗器材专门零售
DP_005524,医药及医疗器材专门零售
DP_006585,热力生产和供应
DP_006330,热力生产和供应
DP_001654,热力生产和供应
DP_003881,铁路运输设备制造
DP_001643,铁路运输设备制造
DP_001381,低温仓储
DP_006256,初等教育
DP_006527,初等教育
DP_006587,初等教育
DP_006257,初等教育
DP_006528,初等教育
DP_006588,初等教育
DP_006331,初等教育
DP_001443,初等教育
DP_006087,初等教育
DP_005204,计算机制造
DP_004363,计算机制造
DP_006587,中等教育
DP_006331,中等教育
DP_001443,中等教育
DP_006087,中等教育
DP_000819,中等教育
DP_003482,通用仓储
DP_001656,通用仓储
DP_004961,通用仓储
DP_003482,邮政基本服务
DP_000809,邮政基本服务
DP_000638,食品及饲料添加剂制造
DP_005567,兽用药品制造
DP_003656,公开募集证券投资基金
DP_003655,公开募集证券投资基金
DP_003654,公开募集证券投资基金
DP_000399,公开募集证券投资基金
DP_003484,其他娱乐业
DP_006380,其他娱乐业
DP_006290,其他娱乐业
DP_006381,其他娱乐业
DP_006274,其他娱乐业
DP_006545,其他娱乐业
DP_006605,其他娱乐业
DP_006275,其他娱乐业
DP_006546,其他娱乐业
DP_006606,其他娱乐业
DP_005184,餐饮配送及外卖送餐服务
DP_006270,精炼石油产品制造
DP_004513,信息系统集成和物联网技术服务
DP_005685,信息系统集成和物联网技术服务
DP_006679,信息系统集成和物联网技术服务
DP_003919,信息系统集成和物联网技术服务
DP_001211,信息系统集成和物联网技术服务
DP_001218,信息系统集成和物联网技术服务
DP_005720,信息系统集成和物联网技术服务
DP_003667,信息系统集成和物联网技术服务
DP_003255,城乡市容管理
DP_003254,城乡市容管理
DP_001828,城乡市容管理
DP_003182,城乡市容管理
DP_001833,森林经营、管护和改培
DP_003389,森林经营、管护和改培
DP_003386,森林经营、管护和改培
DP_003390,森林经营、管护和改培
DP_004491,金融服务
DP_006475,货摊、无店铺及其他零售业
DP_006315,货摊、无店铺及其他零售业
DP_006349,货摊、无店铺及其他零售业
DP_006337,货摊、无店铺及其他零售业
DP_000692,货摊、无店铺及其他零售业
DP_006316,货摊、无店铺及其他零售业
DP_006350,货摊、无店铺及其他零售业
DP_006338,货摊、无店铺及其他零售业
DP_002158,货摊、无店铺及其他零售业
DP_006427,货摊、无店铺及其他零售业
DP_001408,陶瓷制品制造
DP_001408,金属制日用品制造
DP_001408,木质家具制造
DP_001430,木质家具制造
DP_001834,其他煤炭采选
DP_006291,休闲观光活动
DP_006562,休闲观光活动
DP_005679,休闲观光活动
DP_003239,智能设备制造
DP_003236,智能设备制造
DP_003240,智能设备制造
DP_004968,智能设备制造
DP_006562,文化体育娱乐活动与经纪代理服务
DP_006622,文化体育娱乐活动与经纪代理服务
DP_006419,文化体育娱乐活动与经纪代理服务
DP_003237,电子元件及电子专用材料制造
DP_001832,非专业视听设备制造
DP_006511,铁路旅客运输
DP_006304,铁路旅客运输
DP_006575,铁路旅客运输
DP_006635,铁路旅客运输
DP_006305,铁路旅客运输
DP_006576,铁路旅客运输
DP_006636,铁路旅客运输
DP_006512,铁路旅客运输
DP_002596,铁路旅客运输
DP_002571,铁路旅客运输
DP_002569,铁路旅客运输
DP_002588,铁路旅客运输
DP_002595,铁路旅客运输
DP_002586,铁路旅客运输
DP_002584,铁路旅客运输
DP_002583,铁路旅客运输
DP_002580,铁路旅客运输
DP_002581,铁路旅客运输
DP_002585,铁路旅客运输
DP_002575,铁路旅客运输
DP_002602,铁路旅客运输
DP_002601,铁路旅客运输
DP_002600,铁路旅客运输
DP_002578,铁路旅客运输
DP_002576,铁路旅客运输
DP_002589,铁路旅客运输
DP_002593,铁路旅客运输
DP_002568,铁路旅客运输
DP_002572,铁路旅客运输
DP_002582,铁路旅客运输
DP_002574,铁路旅客运输
DP_004459,铁路旅客运输
DP_002594,铁路旅客运输
DP_004464,铁路旅客运输
DP_002573,铁路旅客运输
DP_002599,铁路旅客运输
DP_004462,铁路旅客运输
DP_002597,铁路旅客运输
DP_004458,铁路旅客运输
DP_002570,铁路旅客运输
DP_004463,铁路旅客运输
DP_002598,铁路旅客运输
DP_002592,铁路旅客运输
DP_002590,铁路旅客运输
DP_002577,铁路旅客运输
DP_002579,铁路旅客运输
DP_002587,铁路旅客运输
DP_002603,铁路旅客运输
DP_002591,铁路旅客运输
DP_003846,航空、航天器及设备制造
DP_003855,航空、航天器及设备制造
DP_003854,航空、航天器及设备制造
DP_003882,航空、航天器及设备制造
DP_003883,航空、航天器及设备制造
DP_003845,航空、航天器及设备制造
DP_003842,航空、航天器及设备制造
DP_003837,航空、航天器及设备制造
DP_003838,航空、航天器及设备制造
DP_003834,航空、航天器及设备制造
DP_003836,航空、航天器及设备制造
DP_001643,航空、航天器及设备制造
DP_001854,广播
DP_001652,广播
DP_005679,广播
DP_001854,电视
DP_003840,通用航空服务
DP_003835,通用航空服务
DP_003847,通用航空服务
DP_003839,通用航空服务
DP_003841,通用航空服务
DP_003341,道路运输
DP_006382,洗浴和保健养生服务
DP_006383,洗浴和保健养生服务
DP_003469,林业专业及辅助性活动
DP_001642,林业专业及辅助性活动
DP_006347,五金、家具及室内装饰材料专门零售
DP_006348,五金、家具及室内装饰材料专门零售
DP_003718,群众团体
DP_006248,文化、体育用品及器材专门零售
DP_006519,文化、体育用品及器材专门零售
DP_006310,文化、体育用品及器材专门零售
DP_006579,文化、体育用品及器材专门零售
DP_006249,文化、体育用品及器材专门零售
DP_006520,文化、体育用品及器材专门零售
DP_006580,文化、体育用品及器材专门零售
DP_006311,文化、体育用品及器材专门零售
DP_006367,文化、体育用品及器材专门零售
DP_006368,文化、体育用品及器材专门零售
DP_006476,珠宝首饰及有关物品制造
DP_006566,珠宝首饰及有关物品制造
DP_003218,环保、邮政、社会公共服务及其他专用设备制造
DP_003216,水泥制造
DP_001395,铁路运输辅助活动
DP_004460,铁路运输辅助活动
DP_001443,学前教育
DP_001651,学前教育
DP_001468,殡葬服务
DP_003471,数据资源与产权交易
DP_004803,数据资源与产权交易
DP_003272,文物及非物质文化遗产保护
DP_003226,文物及非物质文化遗产保护
DP_005679,文物及非物质文化遗产保护
DP_001401,民宿服务
DP_001401,露营地服务
DP_001401,其他住宿业
DP_003783,会议、展览及相关服务
DP_003327,会议、展览及相关服务
DP_003323,会议、展览及相关服务
DP_003289,其他居民服务业
DP_001648,其他居民服务业
DP_001655,其他居民服务业
DP_001202,非金属废料和碎屑加工处理
DP_001603,科技推广服务业
DP_001568,生物基材料制造
DP_001599,生物基材料制造
DP_001642,渔业专业及辅助性活动
DP_003301,文艺创作与表演
DP_006474,文艺创作与表演
DP_001317,水产品加工
DP_001643,船舶及相关装置制造
DP_001656,装卸搬运
DP_005183,社会保障
DP_001658,租赁和商务服务业
DP_006483,电影放映
DP_006387,家庭服务
DP_006388,家庭服务
DP_001648,其他日用产品修理业
DP_001644,其他家具制造
DP_003386,海洋服务
DP_003408,海洋服务
DP_003407,海洋服务
DP_003409,海洋服务
DP_003410,海洋服务
DP_003411,坚果、含油果、香料和饮料作物种植
DP_003395,坚果、含油果、香料和饮料作物种植
DP_003402,雷达及配套设备制造
