name,supplier,textemb_0,textemb_1,textemb_2,textemb_3,textemb_4,textemb_5,textemb_6,textemb_7,textemb_8,textemb_9,textemb_10,textemb_11,textemb_12,textemb_13,textemb_14,textemb_15,textemb_16,textemb_17,textemb_18,textemb_19,textemb_20,textemb_21,textemb_22,textemb_23,textemb_24,textemb_25,textemb_26,textemb_27,textemb_28,textemb_29,textemb_30,textemb_31,textemb_32,textemb_33,textemb_34,textemb_35,textemb_36,textemb_37,textemb_38,textemb_39,textemb_40,textemb_41,textemb_42,textemb_43,textemb_44,textemb_45,textemb_46,textemb_47,textemb_48,textemb_49
PRO_000010,SUP_0003,0.04175494180869157,0.03384391000634326,0.012361875368993115,0.030882558100633794,0.022749679222326943,0.01893468440500418,0.10922974753337285,-0.06550241228222112,-0.08725035829424263,-0.029218948628143265,0.025380352870266576,0.029095955564040953,0.0522899340583464,-0.10321976880556,-0.05522365362157944,-0.08158731380729976,-0.016793212041478822,0.015947932031673603,0.11063200500407537,-0.1361497477248526,0.09499790605952738,-0.09237815497226855,0.13937821059662836,0.00279889328577921,0.2132987375034238,-0.04777797592642199,-0.3256027789558642,0.0950126009322392,0.03238268000006759,0.18629271545054865,-0.03593960239055404,-0.11682142701999035,0.01809087913653886,0.026758324831339084,0.03604628493295261,0.00983225178853522,0.04543048746173052,0.10549937309140595,-0.014351927387545687,0.006275067282855293,-0.07538257487107518,-0.013907637623606845,-0.028308757313783524,0.03669240146502048,0.05621529481294207,-0.04085626416521459,-0.03388049236470559,0.06213485940713953,0.07132736849958267,0.0037384589600247785
PRO_000011,SUP_0003,0.012191548169662758,0.021149958362412125,0.010103069937680268,0.014103517968167814,0.007850964858711796,0.010279870423227293,0.06245708125672239,-0.02660680466024492,-0.04761266775274297,-0.011570569235978916,0.023244337619081325,0.02085938128053607,-0.0023655747607718627,-0.015465867492051076,-0.01804484267347163,-0.013493415714381762,-0.005226434702415301,0.01771540510487049,0.03746904255420651,-0.05059797152766075,0.02478981995179171,-0.05730680969944721,0.037028101707352316,-0.02620224314846508,0.0635104209936831,-0.003330848064423579,-0.11261682778795534,0.041708376283915265,-0.004576529001030137,0.06102349725469491,0.016139665675793006,-0.030160272905626097,-0.015172715395146098,0.007492684693002236,-0.004718252026019418,-0.021230138148529885,-0.01784181400246451,-0.010596487018864014,-0.04010181875017723,0.05537122210794423,-0.0243447044003447,0.005680918986794603,0.03869459495908853,-0.07930177598575085,0.10667165689668337,0.01759755618202425,0.08064398340671056,0.0023991421360838724,0.06589804448661354,0.00870753170603311
PRO_000012,SUP_0003,0.009575296592157426,0.021584375529055382,0.008447512975734456,0.0038782537179816046,0.005774159994050611,-0.0038825921803180338,0.03583044149064176,-0.02778340936683282,-0.0358108988272012,-0.013855306989335242,-0.01619340123431752,0.01793014685382065,-0.012991590745115762,-0.061051493058001505,-0.0324163369517616,-0.019876330919539283,-0.0031634525073678814,-0.0002023052787841079,0.05181546125590228,-0.05112203285339912,0.06749159028338793,-0.06353451286502883,0.05501572061133934,0.007011234062001666,0.1169275106597241,-0.02187098436056388,-0.19513855388278342,0.07435257614564027,0.013954483091930054,0.12918149226287734,-0.007939647099305495,-0.04816241977352242,-0.011353764631073248,0.05081491937941939,0.03003561569730948,-0.02693514145218326,0.02223221603501682,-0.00996144250299953,-0.01945248603729674,0.000956095546104375,-0.020549236100595066,0.0774099185272081,0.017097511924198925,-0.09318048317432422,0.11460844482599511,0.0053367742841317015,0.003557081175543145,0.10459160017843068,0.050821971277558727,-0.08093655608072675
PRO_000013,SUP_0003,0.008492194355241844,0.017851432055260564,0.006356062241660685,0.007718861591097645,0.005293012381690803,0.0067558573602383,0.03659586235811822,-0.03343879596698353,-0.0412563545967661,-0.008909604238662466,0.00034201087213129054,0.016490584001337148,0.009261499949250232,-0.07218148677118547,-0.007841457580904269,-0.03783247369486257,-0.009133663146183276,0.007629930287475709,0.068746756174612,-0.09225033897688857,0.08286382116648681,-0.08419584259733852,0.11009255453179541,-0.006324825103921154,0.16884556902957432,-0.02808565684781433,-0.2860524599552502,0.10246677999929744,0.01306245489864248,0.19885018668088966,-0.01847608656100618,-0.1032084943111896,0.02971659187089133,0.061912207766458144,0.030767597580635016,-0.06013954714266597,0.07015629654251779,0.0361176991654533,-0.019756518967795737,0.06103319015989088,-0.0755875861794196,0.07764215862022442,0.02367855493670768,-0.11916343729994879,0.11077371943614953,0.02786229688280487,-0.0016502859060372466,0.09650525739038485,0.0574195276416779,-0.14133482443278517
PRO_000014,SUP_0003,0.024823917329993124,0.022089857246198354,0.008225022231891112,0.01967903972226466,0.008557126591481355,0.01950943083511905,0.07748960455717335,-0.04767761615957899,-0.07208858885184201,-0.030970491726575195,0.021114542200777214,0.01745452093959176,0.023886381964627654,-0.07007183403959977,-0.0045479579134709465,-0.029079109621456337,0.005804520104332962,0.002893518704235713,0.056048596199433594,-0.06862127352249399,0.04313323517569406,-0.058338254818640765,0.06294985700810471,-0.01617226656221769,0.1781504010754998,-0.021917894758586215,-0.20701732176082177,0.06784224557629634,0.010534439144322436,0.13689099543345784,0.020576626221188096,-0.07556596704982592,0.026151981359463613,-0.05970498014756672,0.0236601793150091,0.06232274662308452,-0.07985739580655409,-0.04014223801462687,-0.06166211968656124,-0.04473502832036687,0.09257344113702086,-0.08341460156926235,0.0894766354627902,-0.030346107272891682,0.0440737551879705,0.03716845249070589,0.004687407684612864,-0.024088738013157963,-0.10446950182044473,-0.0009568760728863004
PRO_000015,SUP_0003,0.03178499338989055,0.014357468234583493,0.02420183395973572,0.026778911720570547,0.010181829470083685,0.015149997044251852,0.11202933040860139,-0.04702643583523335,-0.0791652473496595,-0.029191434345692664,0.009247684803068711,0.015915718415337086,0.03705129826411983,-0.11655784713149893,0.0006612544448625305,-0.02955362021982773,-0.001641099105399279,-0.008768521659403823,0.06555133605577589,-0.07101544839698948,0.028882570023896485,-0.0402148133897222,0.06410713018319825,-0.0013728502030533347,0.1738922813370878,-0.02541162141891818,-0.186994386554806,0.04233931918893436,0.02771614232446774,0.11381822072851262,0.0077140197857198745,-0.06967322221195754,0.02269798869278384,-0.08231933584330256,0.031649969346389376,0.06777156985867404,-0.0351154543895297,-0.04202870521112971,-0.021022179054754078,-0.04518144128042968,0.10020467935940686,-0.12195757181299578,0.0722200855533973,0.014077333466189154,0.004385908374069465,0.07170017859065557,-0.0013777125262384939,-0.0653953059614832,-0.09213317394778138,0.013702980883555961
PRO_000016,SUP_0003,0.041500428566445396,0.012801537783258177,0.018471489421746538,0.01035050532585076,0.009402398462925197,0.005532205165615592,0.06949575666972647,-0.048231783299220315,-0.06537787446483162,-0.03478757388904325,0.014595822627630735,0.017677068929504828,0.0005652824959550433,-0.055655928611184804,-0.004662286408498553,-0.022890550194773672,-0.01048809447226234,0.019263976400423898,0.05381380494837213,-0.054421076713765906,0.04050203732850217,-0.06451043749602439,0.049185403273328245,-0.02998800738164993,0.11496766539041996,-0.023298423429674725,-0.13194570982502557,0.03923973089539802,-0.010545546370005801,0.07230821009287185,0.008343543158659955,-0.024096417798897953,-0.0003920745687876895,-0.04645495485809841,0.02918948664539164,0.02838154890252976,-0.08231860053448939,-0.054324782866244654,-0.030570451630660984,-0.055003478955143424,0.08778243221951948,-0.10099270027529964,0.05775577642738304,-0.020869043258231065,0.028801442488218733,0.06560525449954926,0.04142983870390222,-0.029417355832730353,-0.10206786233893839,-0.03614688859520376
PRO_000017,SUP_0003,0.029746837615436526,0.01290479685266726,0.0063213127973642085,0.01300553031669842,0.007553581464877595,0.0252111647569686,0.07196426912721658,-0.03426232111122752,-0.060307037700757314,-0.036275443494295984,0.030617513217960867,0.024443064441083403,-0.007923429260678948,-0.043493040125203185,-0.015780469209744297,-0.0265709336688695,0.004030195063769046,0.0026470744444230983,0.056041871732704356,-0.052004683754605305,0.045768529726251894,-0.057087232444756504,0.044598072379371155,-0.025652291170280003,0.15971440554324537,-0.015635605907356416,-0.18311253028179036,0.03905781554570166,0.009636775486035426,0.11163944749482572,0.04379864341886573,-0.04976272482863902,0.027916358121748978,-0.0879147979662166,0.0405634102320716,0.04322797990281729,-0.10284944923838836,-0.05768677235034778,-0.06000149134230165,-0.0792255959828878,0.1486364754363215,-0.1292857220227022,0.10549077102200316,-0.04486291837437284,0.018126951529224673,0.08961349069418742,0.02374302905511166,-0.0425227078742934,-0.14926150459756268,-0.05972301250751868
PRO_000018,SUP_0003,0.003630144556058802,0.02422124498566092,-0.0006942679394171913,0.013773139806594784,0.003989250921445734,0.011380480589059602,0.04308409089820691,-0.026084435214815484,-0.04132996529962858,0.013677046425506868,0.011980449872526512,0.016174783110073466,0.009005906548292133,-0.046836248459216356,-0.021878313804008398,-0.03480131958830541,0.003642449837544625,0.002921183059646656,0.06323865635532647,-0.0695833659622649,0.054434422866947024,-0.05178882034623289,0.09391060307427367,-0.0020620996043716157,0.1163277900939486,-0.012548562078845076,-0.19399779924373448,0.05301163979367524,0.021567464110840817,0.12778474912745583,-0.006847092242705991,-0.0820750136366319,0.01794949149474135,0.00862471575337855,0.0030153288847249472,0.006710895418279598,-0.007781105478037856,0.07444858240141454,-0.02876646239241409,0.012477959201445142,-0.03990565083743565,-0.008997043632914332,0.02769625018113945,-0.010597816919072222,0.06493923790338714,-0.010917101573708411,-0.018306917270268314,0.05670231766022722,0.03742731072680585,0.0182310509376116
PRO_000019,SUP_0003,0.022802690528182817,0.007220336181882497,0.010147026211970698,0.01672387931417593,0.006393110539665041,0.011064554920697443,0.06916701345995153,-0.04255016362073838,-0.06298445813098842,-0.0372147658732161,0.015082758928525748,0.0171394563325653,0.010731030875252208,-0.05256604869604862,-0.020159947565684993,-0.03078072150834795,0.002064733551738555,0.004601827897018797,0.06283628560041055,-0.07033729631385745,0.04263195855796423,-0.06264160167269252,0.06200053052926895,-0.026049824531441158,0.19428149352110288,-0.02696542289420974,-0.22189328844955927,0.06674329655720483,0.011313481324155014,0.13890247280727397,0.033112728585502973,-0.06181808815881877,0.029202086493099084,-0.08957262379509731,0.02957981865469521,0.04807679198710549,-0.10301178248319734,-0.07774963927021909,-0.060517872652884656,-0.08057207686520622,0.16186613832711405,-0.12815631171053893,0.0948738167894197,-0.06307567443657569,0.0287585881021476,0.08396306927516348,0.029123512080961544,-0.05099051063710719,-0.14515277199820767,-0.020301944154106924
PRO_000020,SUP_0003,0.01504301993516134,0.02198188604348295,0.009650508008447243,0.007150014974478065,0.004150727061356418,0.012323438644728846,0.03074566728675483,-0.03230705157196297,-0.03951881298308999,-0.01560650886887854,-0.004632476357039731,0.027315767706101998,-0.007580194515558843,-0.05391038020242897,-0.008424941307773132,-0.01130960985215327,-0.008685738676734875,0.010763637715747561,0.029590074784554478,-0.04656494757520676,0.04870171934279321,-0.051059519446887996,0.03498729535412133,-0.015153799004075286,0.06290689360540534,-0.018593490598916004,-0.10403498802612468,0.03577117013467707,-0.003968097065931604,0.05655337440775578,-0.01066439488737413,-0.02655198383487874,0.018215887306497758,0.010257516452927724,0.03756000744164225,-0.03984125152481582,0.050176003830119956,-0.012567848720386025,0.03796160203430199,0.027903821761425595,-0.013431801266125804,0.0138041980658129,0.06010726065551546,-0.08225103309491126,0.05194602435378594,0.04116038299933609,0.059762308890949724,0.011017819525153932,-0.04169923883270801,-0.05233695891898836
PRO_000021,SUP_0004,0.009944435751662081,0.027734954166949,0.0751334571107723,0.5246973746559491,-0.11649596316544351,-0.06571739526583026,-0.049836690311227685,0.03264125298142009,0.05082474039726027,-0.08149103563883912,-0.0156755180156182,-0.010772423717269363,-0.008408064732454437,-0.002829896620008096,0.013169795898241512,0.06468131986902212,0.27419199575810976,0.21708204269444342,0.19169072617646024,-0.1551945463216665,-0.11703359943440059,0.1399703182621259,-0.12259125160045653,-0.06024768559004144,0.047461094592489234,-0.027918813825147007,-0.023586411256938045,0.028069936097429287,0.004621945360428049,0.0057313863588298935,-0.025779859316957747,0.01259620096036239,0.040374616775967244,-0.047467287143576245,-0.028588491155044735,-0.05809764111894183,-0.0923377946426384,-0.04940923451839368,-0.0015231776908641147,0.016707475338961723,0.03709868980215074,-0.03884822910991982,-0.0038660779326258683,-0.01729793289176229,-0.008836515634176048,0.0006235046933421329,-0.022825566253769518,0.013232245917286407,-0.03972322302600893,0.05671914635990138
PRO_000022,SUP_0004,0.003641080181897033,0.02764397143336686,0.08289287635736642,0.6131877522991139,-0.1401403229326923,-0.08407558522878694,-0.09467055844650207,0.05945426809939594,0.0836723900653157,-0.12031258938162308,-0.02304125525314692,-0.025488182389465097,-0.009347069062972143,0.019792227075519492,0.030402126361769043,0.13985152166922066,0.4631543208099782,0.3586591009637205,0.13056309934622437,-0.09726128868076465,-0.02534758749503406,0.04858508372920911,-0.07908632541553166,-0.0648215929313536,0.025301262968845977,0.015591157331603843,-0.016949691301380836,0.0270144056702034,-0.01291273047879949,-0.01117278613964753,-0.03601069224164246,0.0013736942808825908,-0.007309784460762834,-0.00639940643898464,-0.01648444079153642,0.025962284964652246,-0.0098007052418757,-0.001988484115517413,0.03824814237379077,-0.04015488308455671,-0.08011120836996899,-0.03850336658470793,-0.004650486697476943,-0.025257218523879642,-0.03073708087378681,0.0026971810603480125,-0.012823558971981347,0.028589966011491347,0.01800076526928858,0.009353527007932861
PRO_000027,SUP_0007,0.01969145752010048,0.029280283123098754,0.018962429668368815,0.016622283871030173,0.022711577712440922,0.01534305609921221,0.0873647000789434,-0.061503753177697226,-0.07915541757982675,-0.040634779149774966,0.028757943279125127,0.021293887633925215,-0.019845260574387714,-0.038574675993188395,-0.03423436566361748,-0.001491331547756573,0.026462035372387394,-0.013253022701409604,0.047767049880379824,0.03302176938974209,0.05518182698837534,-0.0012566012099912635,-0.003421527072545283,-0.015813768619833662,0.0194528389629197,0.0036082852655370742,-0.04588589632930805,0.011733467217640335,-0.0018630829165741584,-0.009970061075680159,0.1513416176083128,0.012922485754574673,0.025433881006549957,-0.023732088691363486,0.027338222231908318,0.005750750759622476,0.00904299599993118,-0.02171845225658256,-0.04144884512598828,-0.05084370455753083,0.03860525056791072,0.0030716448101313124,0.0047627337737058415,0.006651791040083882,0.026374190642846337,-0.048850501566406995,-0.08775775042567252,0.09483583227896529,-0.04481304964547868,0.020866889242542052
PRO_000033,SUP_0012,0.030112404674765808,0.06287595258504625,0.04877269315515441,0.020910151235460882,0.02188886992263226,0.030010355555995433,0.11420089550660753,-0.097733927612159,-0.08311874985306834,-0.0784073762283688,0.005206526518073384,0.03326564156623813,0.05055175590313963,-0.06252721623893165,-0.01478755972444994,-0.06461574946836532,-0.02699300347411289,0.06565912143837987,-0.020901125764933838,-0.05098644388321813,-0.027836028822347834,-0.14209885558624127,-0.045299539984837836,0.01684407596017632,-0.038464996867408036,-0.06331836659009797,0.028380266546260295,0.035730772595696396,-0.01703331640394365,-0.06762245936247206,-0.042567474400894006,-0.0009300942692549753,-0.011665507316946709,-0.07461365015473317,0.04228561043336983,0.04391448889005379,0.003858710176678354,0.019028569892587284,0.017033470972463275,-0.0940619549596006,-0.011742686665251965,0.01689994077899019,0.04280491703884709,0.09650328783309321,-0.060175977679083496,-0.06464689406114402,-0.011578503005431102,-0.052021145738495096,-0.020011216401945132,-0.013908406299856244
PRO_000034,SUP_0012,0.027996294154552712,0.03284930157329231,0.03801244073115387,0.013763660005823257,0.026669135204067065,0.03768139578945019,0.09969939978820888,-0.08723303394818394,-0.030796169180410074,-0.057247851704784386,0.07158374070521192,0.08208536537747577,0.015642460587554006,-0.061023217644662744,-0.020424420592307767,-0.04564620314370982,-0.03819455220257732,0.13099296932227056,-0.028570170724192948,0.06390778625735614,-0.0954729616353131,-0.06778973136241047,-0.033632009831953406,0.03006904139875262,-0.04738811359055674,-0.03269000421621979,0.043192646149750435,0.052972502210314264,0.08145021223052128,-0.07835670758014529,0.015113762006612835,-0.026458897845262275,-0.016036778843235424,-0.018052802112234624,0.05277671402540084,0.07272586060949682,-0.012609029677079534,0.03386191209358981,-0.04355523993048212,-0.046484977304251766,0.04251764429772405,-0.023353823769343855,0.02228005527303313,0.0654878733457741,-0.03865281039254645,-0.13671694454951747,0.0295304550578092,0.048429066214716106,-0.026593250312253198,-0.013831864708774372
PRO_000035,SUP_0012,0.016868068806211736,0.024036612888330384,0.012062947512084766,0.019415597481600048,0.020058558642686772,0.015856767771564355,0.0735564187811679,-0.05459542284831834,-0.06558265837249867,-0.04612164502991124,0.018109738007978535,0.030579707505049975,0.050618785961121855,-0.05998140413737103,-0.001472501982595334,-0.029619911122016198,-0.020314427369053943,0.04615973541930926,-0.00910991791150851,-0.010456689103135396,-0.01675158523133282,-0.0652912165233739,-0.03836110345433563,0.03224132640469417,0.01184048876596529,0.0025677364778697517,0.0148092706909506,0.01438491765310905,-0.05267773948314058,0.019622850110618588,-0.028510969934130766,-0.019439097139147158,0.005813348448087693,-0.01005159547643132,0.046034624368572835,0.03747119664379712,-0.0028978399046581055,0.011107576070802113,0.005964375684589166,-0.06124000140317701,-0.03521332649582125,0.030570665584259797,0.041010773956164495,0.06806366718166568,0.002683720725338402,-0.08371441694710409,0.02089236524877482,-0.044452057178763923,-0.01221463331609227,-0.02578706738307822
PRO_000036,SUP_0012,0.011604197760578644,0.018303114659368815,-0.0007574656638731174,0.006802358672500095,0.0019496436984875673,0.026153383920298864,0.02489031657760397,-0.019028409263820368,-0.008884624817451841,-0.014559220922785105,-0.0023974763557469744,0.003800154356865659,0.05147699192286464,-0.029921343718437857,0.048560539664017896,-0.03538606901887259,0.0005116207987261789,0.011161071940947507,0.001086168361917927,-0.00685043804158102,-0.027109079022097915,-0.057809337358997924,-0.04729120668992442,0.059106498032144295,-0.015369429696377121,-0.02702002055264277,-0.009965630944376327,0.01506727609666433,-0.05736940546698617,0.01958491010413005,-0.03229505002515721,-0.0044085149081836495,0.017753078671912607,-0.050836752559099245,0.00987070382447662,0.0682688530231084,-0.021002010776626237,0.012127517151563457,0.027654048252838105,-0.02033677373474736,-0.011917540583231226,0.03388847762052609,0.07522048116412003,0.027171499643474158,-0.014365772489187197,-0.030326472324908094,-0.027515118275439093,-0.05307021944444788,-0.023709911996470972,-0.0346154885412401
PRO_000037,SUP_0012,0.06495612965528723,0.03142525278497641,0.019500042071459243,0.02478568414381787,0.020491299629286284,0.025385086085461795,0.14791401012595362,-0.08879917034424019,-0.11255841920378738,-0.09882823461018958,0.044666191810588736,0.030340511364118736,0.056044972551655525,-0.014057624635144837,-0.054998495596914825,-0.05132338337807716,-0.01823589234288992,0.061311191465237315,0.018848326599133096,-0.02403289764828351,-0.004315778385723747,-0.1848924396956901,-0.11559252689061755,-0.04833680578813466,-0.04423259934676146,0.0006174736352920051,0.16842480161190787,0.01005922689275289,-0.02434381363164658,0.07256149063012676,0.028990737173437038,-0.0972158171427822,0.005961120910327581,-0.044571062160747285,0.03554437766668392,0.10252645345753325,-0.07014674621016198,0.030196085763681074,0.0018834605202058784,-0.05751748551767754,0.11227146497497828,-0.03626486160137453,-0.010062089962081307,0.012000448967639864,-0.0007885732648990115,-0.19098369342431337,-0.05702201164471411,0.1021081669385068,-0.06925006324332186,-0.03410575196884006
PRO_000038,SUP_0012,0.03374229327763497,0.03855371978305335,0.04912505188159265,0.011371345393364637,0.018389643355262452,0.011165674680429727,0.1096644786027,-0.09045214795953965,-0.0927719664444183,-0.07680609138328735,0.02732072402925939,0.05635249206199629,0.01660860546062722,-0.04284189423976191,-0.019324198668487412,-0.01172493318835588,0.005531229787669867,0.030281801012963672,-0.03275179109562973,-0.02174755664918395,-0.029113615419005926,-0.07310059954163287,-0.035775276867033565,-0.02136344151201649,-0.04284165779819376,-0.009492793870048512,0.07535773309179347,0.004039695375594821,0.023893792215613382,0.002012859346944317,-0.0002487797225337718,-0.003106061914863225,-0.034338654852279195,-0.0007577509007635763,0.054939284779085516,0.07966022427018654,-0.026317727450215794,0.03336267009129166,-0.012512050717792276,-0.06879871163023314,0.07396519957991461,-0.023771608256441812,0.016273197617709186,0.08114927993640912,-0.02749482851557846,-0.11633629172053661,0.01864009384510255,0.016021739963003944,-0.02906288853486341,-0.005611523588953221
PRO_000039,SUP_0013,0.04164550089804419,0.030747499086146067,0.0440017281110843,0.02288392060261011,0.011546941719639492,0.011038364176087742,0.15466444103201274,-0.03675193169295848,-0.06046858523282354,-0.04196967927304544,0.0031699848712275418,0.05565312055031143,0.02930793949804526,-0.058115972909672874,-0.054551532080584615,-0.056269831104235536,-0.06328811333935817,0.04822783144366147,0.06776660001323517,-0.06711603298984144,0.02373772495092985,-0.07342632120618149,0.05542758308374562,-0.022885006449491683,0.02346575323895949,-0.032367903765954366,-0.013243736805668727,0.019238457559801803,0.002406100746359739,-0.06142755575684216,-0.14533892362121556,0.01411158046101139,-0.001378851520795543,-0.06354225718507688,0.01701422079551057,0.0016586819638560622,0.09250941101844527,0.016445263690157298,0.11780568195674099,-0.07541234746390098,0.08602126693521185,-0.08135841421085814,-0.016247017403182303,0.07640630947115043,-0.17754337847346024,-0.09514241997921717,-0.03941310660675603,-0.09309892851466287,-0.022942287233401026,0.11168593289013046
PRO_000040,SUP_0014,0.01408939849610236,0.027446240284323888,0.033197020048006634,0.08861740700710113,-0.010839548242079973,-0.012282652863331165,0.05212662427089921,-0.023023270623203838,-0.03245141774155179,-0.01294827435817102,-0.007848785790144884,0.03106763558308589,-0.004468159620554034,-0.036849335681674235,-0.016609849282593188,-0.026386506558719845,-0.033495420726731694,-0.0012028283574058562,0.03985355822812646,-0.06351040036419998,-0.008700096335237308,0.0005995249227134316,0.008980021514334382,-0.031991151737612696,0.08228028957398648,-0.04696811788506114,-0.07286888345109299,0.02433548108917187,-0.0045769358167791685,0.01748652388558992,-0.008857802437015186,-0.0010981211406896325,0.028215790421218828,-0.04209178957322996,-0.016680264128971473,-0.03718395462879752,-0.045848207681591105,-0.07143090275974978,0.0007579145255424233,-0.006541216733058864,0.09664620185148977,-0.02355807481530643,-0.024079909246524818,-0.009615809719377212,-0.029483649031972894,-0.005331810373745449,-0.003323983124850371,-0.05356809419392717,-0.013811349389771837,0.08513039839569915
PRO_000042,SUP_0016,0.027545415796114595,0.032524277669108925,0.033988377415683,0.04160189054482487,0.003811581181173964,0.017026953265892826,0.08206729753669585,-0.06059937716787869,-0.05949186412985986,-0.027012696923428562,0.008135143056519877,0.033571931203037905,0.023814821631469557,-0.05518115469842084,-0.05127881541100657,-0.0372598095219396,-0.021578130577802227,-0.03316331264883665,0.055597556384311124,-0.08111205499357362,0.021025839414343814,-0.03040602891932684,0.09942470513366934,-0.0009843012268308357,0.018740646744407032,0.0038739571116937635,-0.04965845126912617,-0.017336026533020604,0.01311990489909864,-0.03022030613227338,-0.04629363653482865,-0.00010188009521033531,0.031450111413947844,-0.02607731996087908,-0.013166654138111517,-0.007899043032753532,0.11472135541351422,-0.01323821474386778,0.03647497774255818,0.02982787949129708,-0.01866768107357176,-0.031465640648639576,-0.04891797217893838,-0.012461814550410403,-0.08118893522881733,0.0006377304366374582,-0.05483164971099554,-0.07524890595315793,0.027267243584235934,0.1893930060974079
PRO_000043,SUP_0017,0.01855354664051517,0.019103750277808793,0.014120948733228776,0.032445888864261356,0.02698913307040152,0.012130591644599007,0.1024976899538207,-0.08082021906437481,-0.0999159023438213,-0.025591136386800783,0.02441017957798002,0.001961998288152601,0.019428019431621733,-0.09995555514676314,0.008805971239588112,-0.022218210320521792,0.010320496945878806,0.005154289450768861,-0.0094257182237231,0.0008257355205963726,0.023269625066606663,-0.01862776526645454,-0.0351505372141824,-0.07757253556839007,-0.004957519993355799,0.04644690679286468,-0.02546124692541065,-0.008825792576053787,-0.06692919148300498,-0.0929524424826699,0.04908696842810176,0.06905996023136839,-0.02723969785371101,0.051694604180176816,-0.024522875027506684,0.03087210573302148,-0.05160195881998566,0.01918354816904969,-0.050014517037571836,0.03546797003085586,0.02133391573857518,0.075423033294169,-0.031295539970146995,-0.021696311124457357,-0.04624079632600342,0.026613668739658616,0.004938267943021471,0.05641399703643566,0.012746237477148762,0.005921138685831891
PRO_000044,SUP_0017,0.02758688458008085,0.0240054169957135,0.02452168869084146,0.051212753895610814,0.06928678075448795,0.011207030372859497,0.10816886265094808,-0.08469367252090398,-0.10709571957496739,-0.03072738106895725,0.021861408084405246,0.026181491304527908,0.013854512169408889,-0.08511672022796632,-0.02944230241944126,-0.026816576191523694,-0.007403281720308099,0.031584709281051476,-0.0009209351775876311,-0.03216418621245982,0.0412770952709122,-0.0641662929391928,-0.004179398065721684,-0.11496658675343223,-0.0021206663586571277,0.034586012365196726,-0.048350777007955134,-0.0269698903675736,-0.07482428453270441,-0.09883147124747396,0.039835550154389464,0.05449920306532001,-0.03998976545199153,0.04369127206546408,-0.0165347208980082,0.052524600993664336,-0.026659795630475894,0.04099163529752667,-0.051823757655109305,0.024203991108732056,0.013445339796709232,0.0716521232084353,-0.07145860942373854,-0.05243186935819492,-0.01550120065574185,0.03712533748132731,0.0182075650911237,0.02208624978199434,0.03549031528084266,0.012024192151279709
PRO_000045,SUP_0017,0.018666952053230004,0.018840466347520284,0.029940902263650298,0.02392463091854024,0.04472192540795747,0.015757274686507717,0.08945657245099163,-0.070599591675997,-0.08301823832214861,-0.009433948783964467,0.009658683378409442,-0.0006555021891634519,-0.008834264325575757,-0.050718396058553036,0.00041636772223963654,0.0017802332467248706,0.003897331966191526,0.012795397202040069,-0.001716273312299936,-0.019337326976585602,0.03532908781356558,-0.050123384803225285,-0.000283877020996243,-0.05597421588502422,-0.005445142029381187,-0.0006395675051806035,-0.007919008560997212,-0.03437965763306385,-0.03894411088206384,-0.058509149415723674,0.024805512832895078,0.0342097329339919,-0.000970990314695234,0.04308207981803359,-0.04733316417982274,-0.016130313560331018,-0.09935124638841408,0.024904036582523437,-0.026887677665156033,0.021477726843750027,-0.0460354846507987,0.04349911436935233,0.022296713015602872,0.011915806682226374,-0.019002562314876785,0.017666839074452777,-0.0333747720034184,0.0802179683150726,0.02741388340986212,0.02001117100112097
PRO_000047,SUP_0019,0.010541540887351748,0.1497059565197912,0.3880647453470896,0.020678295378591657,-0.02409127468916649,0.014570639022569085,-0.13645493659256444,-0.00966389420245518,-0.014879136650052026,-0.016907507429639826,0.019950318893057997,-0.003971243457867335,0.0482763228709846,0.014746936243900046,-0.04509931761500404,0.08663281216053306,-0.04227253202635771,-0.058872951860465705,-0.09839311992911895,-0.06793849512967622,-0.10492957701793758,0.03970074901907738,0.014063585304916897,0.06646590120453169,0.019406380558911262,-0.034100692768128285,-0.030436357280204215,-0.005686740254493417,-0.015983375916697365,0.009594204100556402,0.01818986161374732,-0.027201468673265065,-0.009044357494597784,-0.02110496111898444,0.052068702820450695,0.008127566930062217,-0.06397269804705398,0.10296175416850353,-0.05111558617873985,0.015337310819670527,0.08363710917293757,0.0015884327232717449,0.0348914184760293,0.09677596698371987,0.01706557859040038,0.10115086577829979,-0.04798389358951493,0.051742557402679516,0.017166704968030914,0.020779625574340016
PRO_000048,SUP_0019,0.005111449588064049,0.07581756906048959,0.05791638412021929,-0.0047827645905252816,3.2542979993012183e-05,0.027801917276715625,-0.04920203966450226,-0.06836751583832937,-0.038772212360971565,-0.027221759258746286,-0.06426942403731246,-0.005365045085458951,0.022662506821517554,-0.04342714951066308,-0.15029935659915988,0.2355680174483947,-0.04309566703983906,-0.07036679453796442,0.11126924297915576,0.07220347642670058,0.06299051183684704,-0.014442056705874338,-0.08476460363224708,0.12862109487085505,0.032650100430144005,0.031174272595716108,-0.050650340860519984,0.06264552965509824,0.07031955323530463,-0.010096751751532938,-0.00697120775766368,0.008615562582334056,-0.03586999629524046,0.010316573367070817,0.043362916470025825,0.0012767521571345431,-0.10097716059306397,0.01303116149961861,-0.023028383678671684,0.037430080561593054,-0.010431481028091391,-0.09143911426701558,0.013720982541687392,0.16199121778948555,0.01622155381964446,0.13930492191675264,-0.02193476481655331,-0.029871297155287458,0.0528642662550991,0.032733661568152966
PRO_000049,SUP_0019,0.007598945647320211,0.0677411359528176,0.02175365850170522,0.0050020973165486905,0.01886544592990333,-0.0069593648519267965,0.04052462859331062,-0.030069410337821515,-0.025073047786407794,-0.01883256826585103,-0.04616936365018401,-0.010371176969217027,-0.019498364417273338,-0.03718128220598179,-0.031947766261009515,0.033932269430449,0.001209947579633661,0.0003486631231671461,-0.025737292375442134,-0.020797312158533428,-0.010547687095756923,-0.0070080349282571845,0.005005303838254132,-0.019020184311685066,0.018448025965046952,-0.002499733655422647,0.0466039971902724,0.01007451588391202,-0.012992531217463455,-0.014554342794159224,-0.013645629042789128,0.016892748805014502,0.013439435364915465,0.007277991194734164,0.0167244108489476,-0.055120676600818506,0.0027571948286292695,-0.025792681255387914,0.017732347174207925,0.021506848637370887,-0.042606622191360854,0.06619528378875864,-0.02997780455829425,-0.053636274527880785,0.007447143870738686,-0.017272791574679265,0.027380099763059298,-0.02130087460985561,-0.06497007719892278,-0.06135137632447485
PRO_000050,SUP_0019,0.005705494246310117,0.08750254785619238,0.023282125332583063,-0.00634477398720228,0.0038132973144545364,0.008955526346980717,-0.01900940740101331,-0.060863331658587684,-0.022492879696724928,-0.021267267085209002,-0.05117161693624362,0.0031165417170719665,-0.030995360136932062,-0.05147958556918065,-0.12974347585955695,0.19954831383224636,-0.05082812624176923,-0.03236897179518453,0.20860650741820075,0.15450641534907059,0.10742024513483671,-0.030775896392033035,-0.09906636570073152,0.08441102483166528,0.0037113569665891033,0.027376764491199475,-0.03731372837278147,0.0451267563240869,0.03596667767758504,-0.028416509924613646,-0.0004867685196105002,0.017758460417444864,-0.07787398880992935,0.0013506885393314357,0.0018531307438182745,-0.021496212983105424,-0.07352208936363444,-0.0010346328048904492,-0.00011769852570697238,0.06003800581593045,-0.025255057811216352,-0.052648361865473704,-0.007031649899388188,0.1634917296756485,0.0366714297574519,0.045844056393139467,-0.0012762261853864333,-0.02555456217835539,0.09529997724035888,0.018213646986684977
PRO_000051,SUP_0019,0.00437565382723306,0.052324719973625075,0.013933081496503012,-0.001780126870790554,0.0003690656053122079,0.01044333324511057,-0.009788116458984978,-0.03530706040596564,-0.004761585470520689,-0.005304868398184944,-0.031446331443507856,-2.7666307859764566e-05,-0.012407070288279011,-0.015399342442813248,-0.025870216329685173,0.027009270167029663,-0.004820130945563007,-0.0017034160693428042,0.03591381892773156,0.012001771703511587,0.02357608492720416,0.0084289460856355,-0.009250650564062449,-0.004143228992477038,-0.025937615141106568,-0.014771743245715051,0.022093757401886585,-0.0031883237042289216,0.0025810281554354943,0.013927130007189214,0.007092489209548395,0.03151721304230719,-0.005313543961253959,-0.0030632010173473503,-0.02767422300487218,-0.01578599928557895,-0.005555448944450825,-0.00591031486297696,-0.03982128517299337,-0.06930325240365137,-0.020868166867218138,-0.02739293415682961,0.04223721781644562,0.09255816174983711,-0.0014418247337019048,0.00988352283890212,0.0037595515821405457,-0.029520690485471134,0.043044279702590296,0.12017670287138979
PRO_000052,SUP_0019,0.007343450364449031,0.13720435399590108,-0.029492639585756517,0.009242314662662888,-0.0017969299349703822,0.08593623296638261,0.011368539624930828,0.04811443955607506,0.013854165851813885,0.022091566468335596,0.16292078083743256,0.004599975868654457,0.05446057344392855,-0.0037135163732406463,-0.027199576955058168,0.02419460048285913,-0.006565818090179284,0.016991843167173976,-0.04538643273875861,-0.046755220458324906,0.11116338499407821,0.06268332636405897,-0.0064150111464125,0.00960405868666321,-0.048299572983397515,-0.01855419103521221,-0.03805144490057601,0.053560842367167585,0.011046399576980667,0.012054340765298488,0.012522682435312708,-0.01406487706400395,-0.03224605625280202,-0.09910142337478099,-0.008007806824016422,-0.09660896739650922,-0.0015162221807767412,0.0310129995519055,0.09180297974909878,0.012604587711914323,-0.013675411490865843,0.08440371557730805,-0.03382369990854212,0.05930180354970591,0.05741210787418784,-0.03188424988243776,0.016888424230566083,-0.03264367182079387,0.011975360457397064,0.02607257358580728
PRO_000053,SUP_0019,0.01362225265654264,0.2089157632302232,0.2848397285016124,-0.03892963290450807,-0.0011023206863800127,0.006471139924304721,-0.09640593427499888,-0.07017155508532091,-0.06069543261012444,-0.02919036777294842,0.02472962349250952,-0.04025968699906774,0.2143680587861075,0.01672075394916637,-0.1622539414013349,0.2688945836153758,-0.03228558289737173,-0.03669590910969476,-0.17396169333409042,-0.14385832077285005,-0.06928062016300146,0.019136373540900795,-0.036112181891258116,0.12819293410093432,-0.004874306903709405,0.035958050222578315,-0.019734627383589318,0.07099669054410417,0.0718670834078309,0.04823246726425248,0.02631527207535594,-0.009643605066155726,0.003255940805718934,0.0010169847827182818,0.04021221911962181,-0.014867587383340809,-0.10105047136928581,0.021480891142076065,0.014693681833252334,0.00740247529230361,-0.02627792410042945,-0.09633174296337338,0.06044072374656053,0.0015647212511487514,0.0017958895257657133,0.10269767736002598,0.03318440724520562,0.02666538021084441,0.0025585668364088705,0.03481606192324357
PRO_000054,SUP_0020,0.002351683610850727,0.028273564677027494,0.007437828261982962,0.027190124722266614,-0.0044998197189686905,-0.0033613499724380693,0.009309356855638159,-0.019984380160023414,-0.019621159700236167,-0.0065854120544218235,-0.001185005086576143,0.0011286274343418343,0.0010006798212389557,-0.01901514413129901,-0.0021658038518711236,-0.0035541589030894786,-0.008905428576234869,-0.013018771330302388,0.018421679665548796,-0.013574193011844468,0.019844457625888424,-0.03556484466952553,-0.00035019047662528975,-0.030219774443919024,0.003367372174626046,-0.01602224482022784,0.014278836074738038,0.01568805967106968,0.017093745265452206,0.12443545690124905,0.027334635964887583,-0.04678718020941559,0.029818938679744066,0.015235244557751035,-0.02101895853014775,-0.09337281040914217,0.02734808640255039,0.020808215463101815,-0.0026980991017207237,0.04781281857908063,0.04723380894780278,0.03551140567636346,0.03975438246594219,-0.11745351920920769,-0.06314579044197025,0.021754950948166693,0.005308621271334647,0.004942736142412203,-0.09751225598871106,0.04079395185759227
PRO_000055,SUP_0021,0.07739314478828273,0.0018397720176821964,0.010057710880326153,0.020064636638767966,0.005204168250249014,0.00299498060098163,0.0678938331049909,-0.03831362897872564,-0.05162340954079918,0.020890286896945078,0.0009245088872210658,0.011050361089365945,0.002630554893143451,-0.018589026700563383,-0.026506016054873693,-0.014348674099675923,-0.014409806046538073,0.005689223759869454,0.017040656260886727,-0.016436509122648758,0.011409844743931549,-0.03787750144479471,0.0211018900705889,-0.025593253223221868,0.01096823803024268,-0.02339490483862906,-0.02497516980186856,-0.015135190625793164,-0.009207875289419687,0.004124097618732043,-0.015823318121070712,-0.009588204811423952,0.009555714770001177,0.009012398684580668,-0.023698660976918286,0.020182765495277075,-0.06150558355753249,0.05693540535042295,0.0065066029397128295,-0.04784853144162169,-0.006074670207386177,-0.004967313094359526,-0.0393513713446221,-0.004425196582367392,0.004472963460679684,-0.03109093816251711,0.0023999993505471997,0.04438688876064056,-0.02305766576343739,0.040354396900948414
PRO_000056,SUP_0022,0.017845491096069966,0.17924266443487252,0.16115664498230636,-0.012343328587300596,-0.006945586003012609,0.10372569114780579,-0.07058937867396224,-0.004992109011858793,0.0024046010036775003,0.007022397846793825,0.05885196900714532,-0.006714420076121693,0.06754965483600306,0.020471790311697026,-0.017567465983907946,0.018827830971805005,-0.017661626415853116,0.0036734000516665606,-0.0466189740507427,-0.007470726665274444,0.1304326672458356,0.14725971749818245,0.04490092406060694,-0.07850536904313359,-0.12199316280354404,-0.07074339061382101,-0.024990510490811215,0.10767783484841668,-0.027743381763113764,0.06448066009547748,0.0838802141438804,0.026507412289805788,-0.19357876271420427,-0.08972131984042506,0.035600845894543,-0.042502432252870224,0.028012693307430434,0.12094054864698806,0.1493202477566709,0.21651234494077393,0.021416879561147392,0.03621131142735939,-0.09343197359796988,-0.08711948756117426,-0.12282703393637895,-0.08776232407175699,0.018381821709646345,-0.05548623791961447,0.01263099509118206,0.03842357588435444
PRO_000057,SUP_0022,0.011400798620965668,0.15498929664329375,0.20690117480128226,-0.031989833340192,-0.0007668968435692047,0.00400113632866936,-0.0723812720732841,-0.050260410411046244,-0.026805732818722214,-0.004015346000147671,0.026404010435926186,-0.0053490926141297225,0.06886645688394122,0.008594490132051486,-0.05470798348075537,0.07916888342350133,-0.018405731792361768,-0.017585610312146897,-7.799141425659156e-05,0.0008825682089867997,0.018398173259776197,0.03240610102080195,0.016504172499717223,-0.04327981173579685,-0.04464315463495448,-0.021529222056350245,0.01430134098945465,0.052480817726463146,-0.016712359734963652,0.027103381246861957,0.05728840586319783,0.04150578972458426,-0.11502657540272099,-0.05138183593953813,0.038426745972877645,-0.002485009026251028,0.05490349958965487,0.001938454704518128,0.06266721784708949,0.06498138764850485,0.040698582469749355,0.05129680622339111,0.015228466474637893,-0.02176446189547717,-0.0806704070596235,-0.061602869058775225,0.015394074510817979,-0.0029487712437568695,-0.015029411308329344,0.048078470421147684
PRO_000058,SUP_0022,0.004232862031879267,0.05524710277092085,0.04193254236535576,0.0034954818520216958,0.003462590783208742,0.036928058594951296,0.021478092360395964,-0.05264774637417646,-0.008159561175718522,-0.008485393930758351,-0.016837320000466165,-0.0036303932754288394,0.04092783351628098,-0.018968013169960777,-0.0411757665706276,0.06908409382246075,-0.010212440292483523,-0.006280641348093972,-0.028713982305428782,-0.056670531581346766,0.010492774209082605,-0.013286046870733195,0.00226117870478125,-0.029933370958551052,-0.049923704600436304,0.043135602940192794,0.03174087302533856,-0.07477715371538336,0.02912920547755804,-0.05318469643728793,-0.053413078999200114,0.06221188408781736,0.08179147507051185,-0.015744786488996163,-0.08016259968353973,-0.11854396385468471,-0.023714492356078844,-0.09208082219925265,0.10677595383966107,0.096769280126895,-0.07404028592859631,-0.08646129588745292,0.2514881270261507,0.009960615170959395,0.05640907322559454,-0.17476738015525614,0.035029448002686994,-0.04110500403861549,0.052222735976576555,0.04677073979013071
PRO_000059,SUP_0023,0.031664191615986104,0.005662521252524371,0.008662326928769629,0.01631133809697125,0.005311917502463542,0.007066222350963317,0.05462818876774278,-0.03541741841579478,-0.047075210833291053,0.015335210783691275,-0.003467715976890263,0.052517882189540226,0.005174130638561316,-0.019677862521970787,-0.019414254711861242,0.0066594858043009,-0.027972308532288593,0.030498411965438187,0.012989007176232177,-0.029540178541911235,0.03790205224946457,-0.025334729163737718,0.0400861950741887,-0.00884523769495421,0.018862597648666473,-0.04763763985696144,-0.08149182972301824,-0.019655975417619164,-0.008974988452567254,0.029543185204226316,-0.043323391107638595,-0.03797155886108164,0.030252652805650676,-0.028813275582166148,-0.009489842380930818,0.006570305673737759,-0.08912292362013288,0.017763333743673025,0.01823639280245856,-0.058523333930648756,-0.07269282054025057,-0.006359462697352008,-0.03894519467363105,-0.03226152794437834,-0.015453953858189304,-0.012885684978229828,0.06327886062621876,-0.0129530898653039,-0.07013829408447132,0.15754181110157142
PRO_000060,SUP_0023,0.007690735266101103,0.006142116836014073,0.008084334382709885,0.012961102192082937,0.004006595319513943,0.006250054880033091,0.041332916201144196,-0.02553511589742174,-0.03417826723563514,0.010948946945598871,-0.0023904172689736447,0.0213547172981905,0.009498860242573721,-0.03348959775341835,-0.0271716370278925,-0.0007131497307023766,-0.029917742697371266,0.033263354918672945,0.006871711783403446,-0.024138767605435905,0.031030880067654656,-0.02094845845078918,0.03382697754678543,-0.006436323571447752,0.0068005545590589835,-0.04865897710721679,-0.05984661990929297,-0.026263196165095527,-0.010383803393335861,0.019091473583089595,-0.0464723770981598,-0.030152494299278396,0.02646152383284457,-0.03423158236931128,-0.008054271143815114,0.003353677830481558,-0.07796647708709417,0.014689277796167643,0.024879457603375447,-0.06042604730018909,-0.07299524730832088,-0.00781822942942198,-0.03898822244863289,-0.03160413328282992,-0.02430463909054692,0.0016177809526177536,0.058612986543365934,-0.017899026783606938,-0.05639441671075833,0.1576105439781375
PRO_000061,SUP_0024,0.03478702729167987,0.025539763224527102,0.02053872266587641,0.017621656495297896,0.00935328062157608,0.004639873520573157,0.06868347581536262,-0.05503295975959018,-0.06181225065386812,-0.03495564890637696,0.02060260116934313,0.018991837007756508,0.004348381148970511,-0.03183565433232758,-0.03341098508486815,-0.026984568850508067,-0.016325893998385077,0.01546734413941912,0.030949244943858336,-0.04886728830205947,0.01570903816215561,-0.042848045255008634,0.021099726569319,-0.0639801277909748,0.0209411024976852,-0.007640335242061317,-0.07184658280432397,-0.006643442901338976,-0.03040103222786652,-0.021340293764076913,-0.00857269050112339,0.014862117552754132,-0.04135490015947407,0.014749497826419463,-0.0013225078683113654,0.011634181099659874,-0.013138513577867036,0.03767934172742494,-0.033030796116960415,0.0267116012664697,-0.01140749464028084,0.032526238045305966,-0.021906829192943927,-0.02136750737141993,-0.0011506621085140038,-0.0327833630796711,0.04228380937861826,-0.014396247960567592,0.04277695633818807,0.060275164700373425
PRO_000062,SUP_0025,0.004634648602570177,0.06133586484470105,0.048400890479066205,-0.0030292881562838493,0.004877592833461531,0.01147829440076379,0.07117554991190939,0.004403699879392838,0.014854369356636926,0.0011680332701792511,0.004054331011426126,-0.0026444124506104782,0.011872614305677643,-0.012920856559871036,-0.0263561274791362,0.05129007295308572,-0.004228648975793142,-0.005262277945653992,0.017238671554092422,-0.010231177048850001,0.026860987162764992,-0.010617640427037384,0.008737826347175312,-0.04026669248727765,-0.043137826479702976,0.01432124154888154,0.015177554844967708,-0.057948795529208286,0.007544319135699511,-0.03964300659138948,-0.03119306864083852,0.029066344643078914,0.024661075679773273,-0.027559910046126453,-0.06499736156824445,-0.08547643478133352,-0.024163223234463203,-0.08891556984524843,0.0755892674813887,0.08732930898733905,-0.05993335200759287,-0.035152652256344626,0.1402302568695599,0.028114068926755227,0.060761336296913666,-0.04043840539779099,0.047101892472535885,-0.0312100918029082,0.0663677135887807,0.031060828530305874
PRO_000063,SUP_0026,0.01675267982455912,0.051334626688946755,0.03024788379104928,0.03447660927751573,0.00847314563227587,0.03582869722716016,0.11109704079239806,-0.09466430934796519,-0.07564999408648031,-0.06568356957182629,0.03038336171596502,0.09979476603352241,0.06051351316073769,-0.206069549669817,-0.17751957611388094,-0.19980236258423767,0.4231457965934096,-0.35748611264184876,-0.09737272308809099,0.17995616874470752,-0.06855868667684117,0.12627740514471125,-0.03441549024037853,0.09562037754256277,-0.01461567316620315,0.00945732267379151,0.014835823557091662,0.04844964512414312,0.02814676465769914,0.033189761987445526,-0.05202336748460543,-0.021075222519176245,0.00312725016803633,-0.008200055320220917,0.023840723568474317,-0.013836484479369644,-0.0021799544209636225,0.006470550835847169,0.0010904591283918993,0.004461523888243177,-0.009186888605922454,0.0069961160423022885,-0.010546624556164199,0.028959031865504616,0.021352632998686057,0.02669749572619874,-0.008746774998755225,-0.006609701224176735,-0.004945995075088642,0.031721240402238116
PRO_000064,SUP_0026,0.022176531007282417,0.020965985071704496,0.040441367069202344,0.02136598785031441,0.010479247047495983,0.017628636907833804,0.11084762524962269,-0.09153378157964259,-0.06503478414017969,-0.06912913351152278,0.031072715802761736,0.08885258576100016,0.043945724460281124,-0.1823839180450668,-0.16218036890566864,-0.17351512064436123,0.37014826045974036,-0.30808120934348127,-0.09843444192321449,0.1608639508747565,-0.07588973610266823,0.10022028535472335,-0.04276584371773504,0.08337606559980532,-0.035086782369147175,-0.020191477702767135,0.017279027762448412,0.025070463052511247,0.01702437401386749,0.03597913603381983,-0.0847429489309804,-0.02800408732571513,-0.04313136129819532,-0.004425681114999839,0.004815807579752895,0.0009113807092414111,-0.016675112798376454,-0.00436651929865537,-0.020938212013669442,0.005154669057530273,-0.002470444589015703,-0.007092670700638341,-0.004969021166029443,0.0021776168474367426,0.01012075415119085,0.004198152806902602,-0.0069717038020427925,-0.005385973417922524,-0.020613245983434357,-0.01209609491187736
PRO_000065,SUP_0026,0.013767097926876404,0.02786764879796714,0.03662550466682617,0.03311886272089996,0.009431473189551403,0.03661838614307883,0.13079849586127446,-0.11672184790329952,-0.06482446277806886,-0.07757059189253454,0.033667575600063906,0.11345013665926613,0.05580757045517256,-0.2466625883433264,-0.2081596053010617,-0.23498005670244015,0.5212987193624469,-0.43402884391544355,-0.12487745979297148,0.21829927214664252,-0.09806534591008521,0.14931002740247257,-0.04292964625424678,0.1379583382449845,-0.055376407009180326,-0.013294404177775217,0.005935157878334781,0.043460740646076156,0.013413119408552717,0.06410341636195815,-0.0835076936130267,-0.027691492245851726,-0.031106921620272603,-0.008924406035638112,-0.0011721933534670033,-0.02553927313609719,0.010213847429565319,-0.014563331601355306,0.003469752444879526,-0.0012036335008940896,-0.023731411543159442,-0.013045762048108206,-0.01612927691315555,0.0028086772486158674,0.013069645840713762,0.024879765559961756,0.003680055931714786,0.005144132225579581,-0.025478210407691073,0.009226944383162981
PRO_000066,SUP_0026,0.009760815702455804,0.10490938300494354,0.10159587642818045,-0.0066258181460691346,0.00244921764033155,0.011173942205122656,0.019066479525678585,-0.012355957117416714,-0.00854792510470843,-0.014534880597049615,-0.016424654734046175,0.001835032512989403,-0.01692631802790326,-0.0221238252883608,-0.03973771198637047,0.049522550693237015,0.0029091575779316933,-0.003605064365334353,0.08834742756346511,0.02985265667525823,0.011594755413867298,-0.013378251517158844,0.01047906821344109,-0.05193539441892236,-0.014563689976515973,-0.02006839198340684,0.014622527655869506,-0.03502838832437583,-0.03902953409114539,-0.02040023993969865,-0.006374422180254747,0.027484667417768907,0.017599958169550515,-0.021333497072646278,-0.07999108345603576,-0.06918614666851694,0.05496640327847806,-0.058145378881954014,-0.022376305347217504,0.04733248758292037,-0.016379846693834674,0.07410908710947828,-0.06250947293693418,-0.03577554458817318,0.006473371019319698,0.00016398410684130907,0.04768026718822292,-0.12011188694283598,0.001650045720621337,0.043328233776036694
PRO_000067,SUP_0026,0.002129876000994437,0.013292675053991414,0.03642083267786218,0.2786404225548824,-0.061293851653451366,-0.052716489883762076,-0.024480768345705825,0.015811752602889452,0.019805225612022668,-0.0368908857407848,-0.0004220008912020646,0.010101622526338207,-0.01496257170511153,-0.00021767410764863843,0.0034414232640013866,-0.03857992889253942,-0.16066770125091798,-0.12572090486656387,-0.08483045788794626,0.07096496704466901,0.05729515684355836,-0.06606795143973475,0.032088850795761445,0.05047820884574769,-0.02544292129976651,0.04679712099049502,-0.0032677672911753334,0.006639420373892978,0.027852899849679872,0.0073451684065752604,0.023219356760738264,0.004377646699056476,0.05418930840355488,-0.07118073485727502,-0.0023623256830431847,-0.12825847114205619,-0.0691469267655133,-0.17532079767482486,-0.06649110193671326,0.27785716704397245,0.14682190583460894,-0.02431093805437219,0.022185750207026164,0.008576920707920845,-0.06841746698589449,-0.016175393647017533,-0.2065923638251682,0.15969071350181127,-0.005179544095242004,-0.11946377691776475
PRO_000068,SUP_0026,0.002129876000994437,0.013292675053991414,0.03642083267786218,0.2786404225548824,-0.061293851653451366,-0.052716489883762076,-0.024480768345705825,0.015811752602889452,0.019805225612022668,-0.0368908857407848,-0.0004220008912020646,0.010101622526338207,-0.01496257170511153,-0.00021767410764863843,0.0034414232640013866,-0.03857992889253942,-0.16066770125091798,-0.12572090486656387,-0.08483045788794626,0.07096496704466901,0.05729515684355836,-0.06606795143973475,0.032088850795761445,0.05047820884574769,-0.02544292129976651,0.04679712099049502,-0.0032677672911753334,0.006639420373892978,0.027852899849679872,0.0073451684065752604,0.023219356760738264,0.004377646699056476,0.05418930840355488,-0.07118073485727502,-0.0023623256830431847,-0.12825847114205619,-0.0691469267655133,-0.17532079767482486,-0.06649110193671326,0.27785716704397245,0.14682190583460894,-0.02431093805437219,0.022185750207026164,0.008576920707920845,-0.06841746698589449,-0.016175393647017533,-0.2065923638251682,0.15969071350181127,-0.005179544095242004,-0.11946377691776475
PRO_000069,SUP_0026,0.023265172196868675,0.06784978285349327,0.013007827225542333,0.024765308718292037,0.0048953773744104465,0.03687264249132171,0.08065685095764877,-0.043595519588174106,-0.008470574379443438,-0.014363499961790384,0.02683950274419702,0.020481646993854158,0.06983491630628387,-0.03125114673851852,-0.016208171464165453,-0.0799254440896732,-0.05774671445584142,0.05752959165955768,0.07407682419491753,-0.034517165368566104,-0.0370112847348039,-0.08402594697643195,0.015714994383089754,0.03434774215643696,-0.0672990104110923,-0.0727846692019753,-0.051541978346600605,0.13441252055062347,0.14375793018441213,-0.1368252603401728,-0.06352782703859267,-0.04464184865783751,-0.01173834592931269,-0.00891916591392213,-0.0032206486924800147,-0.031114182634142198,0.07605700263088162,-0.02794388460972851,0.04612378856305136,-0.03276448194430519,0.01900656834754439,-0.04264419772996574,-0.03348666564700228,-0.011668373082494417,-0.13068286685516545,-0.08379874002300258,-0.03508852945740102,-0.08029094826636313,-0.0012644563656253487,0.14132291187257665
PRO_000070,SUP_0026,0.009036658914962522,0.015394591363731086,0.008511456456733438,0.03239854141225561,0.019096895104303256,0.027025221330218854,0.04742150911875176,-0.02661100369572402,-0.03641991813416101,-0.015134920679966647,0.003665757909893535,-0.008665272535933306,-0.016186942367123258,0.002186699460342714,-0.0009999089234619999,-0.005910454123910735,0.0065415394539438,-0.0038838376774962755,0.021603383176349054,-0.017982358642166876,-0.0024473690146411264,-0.026634432617154334,0.013969697656357593,-0.017674023974359847,0.00910101948250516,0.012626226490928032,-0.019694567144318113,-0.002178883919898985,-0.007971487518070879,0.0176014765465452,0.04768972867021059,0.010895836627204933,0.01026889034736319,-0.006855213378136166,-0.022255483742976208,-0.06015509621875015,-0.016502179553380326,-0.051502764547779474,-0.05932679811029243,0.065621697687794,-0.009225883211837831,0.010493024855860003,0.04059579412263651,-0.04726351804868832,0.062121375110767284,0.01698845605627656,0.05102733055673572,0.01883829194096291,0.04360443331058718,-0.02392613063383624
PRO_000071,SUP_0026,0.01469867907403304,0.028884723270040377,0.038900856953739446,0.044842242723638535,0.007116490589174318,0.03261345619683528,0.12884439909542417,-0.11244809002067621,-0.058331125701226554,-0.07863727204852941,0.03154434344405256,0.11337833646032286,0.05085716850957443,-0.23015484610210374,-0.18759682342765224,-0.2114384140380384,0.4901750024940011,-0.39868524784096615,-0.1206771048399182,0.20535300455661604,-0.08817722714130379,0.1292643783149386,-0.035823858171591304,0.12831775809538576,-0.05196677846700487,-0.010347440041841289,0.0025469264183953463,0.04144318474279072,0.013200395751103565,0.054827402357681,-0.07864927180135908,-0.021982673847889513,-0.04002996136960361,-0.010272710698323037,-0.007823088901428838,-0.024303648354191458,0.022144137823675126,-0.012848155067544898,0.006787690766833384,-0.007053923403256258,-0.02842802881537407,-0.007575719370016259,-0.026493819331651663,0.002832918726408365,0.014249404451002826,0.0157424129460843,0.017576059818617585,0.004254365311979096,-0.04481641095345378,0.015522223945451373
PRO_000072,SUP_0026,0.017170077200572925,0.02070481498938542,0.03821016795664097,0.042874409105143695,0.00777963082432598,0.029893539580741504,0.1270344889868803,-0.1046699150698898,-0.07849979580160807,-0.08281219167905628,0.033495540386255886,0.11094454258650324,0.05068558437938217,-0.23267373667842886,-0.1977666901383285,-0.22017862579621128,0.4983982686022917,-0.40629074543009336,-0.12001573022354468,0.213655379974608,-0.09588796612937833,0.13125864550349386,-0.03738126359737547,0.12748049943622683,-0.05313895417708471,-0.011982521096704633,0.0042092601278637,0.04428261463530654,0.01596380702678656,0.05263724906919419,-0.07858690482300631,-0.023263143874361812,-0.044191882225639134,-0.01871533270767007,-0.007169934481277326,-0.020122403934588324,0.01274218278732051,-0.011808794676191734,-0.0026150216673607573,-0.007528369764451692,-0.026806317378272413,-0.009845881120251686,-0.025491939829510205,0.0045572044100216265,0.011802586053497353,0.01120192987227767,0.012741439916732877,0.0007180501296200101,-0.05199092713645907,0.01620522158460008
PRO_000073,SUP_0027,0.013897422611033265,0.04347729685293865,0.012128248666220056,0.02588243385941786,-0.00029574860164809287,0.03261203621482893,0.042365168687392527,-0.02179737785804192,-0.017015425435772665,-0.0014374947258605861,-0.0005519523533011508,0.010287536219906083,0.03298695796178699,-0.037106779279179165,-0.027643961314694647,-0.016493059954141562,-9.336014950607355e-05,0.004003056442708179,0.052423538605436755,-0.05875129461272384,0.04151812190275303,0.0008526643779230106,0.025606480078574995,-0.014108253772788437,0.0158372238771502,-0.0007526294203420067,-0.030446498770209836,0.02753809289355553,0.016043345678829722,0.011034399174830277,-0.04331023604158768,0.0014033723287583378,0.08882429513448648,-0.022245972147160245,-0.029425862367389338,-0.04776229154889225,0.14411109365067948,-0.07027905131801507,0.02485086795127462,0.015204865725103382,-0.03966320400567041,0.003974741672786447,-0.034694588350097755,-0.017036465746954162,-0.0700517353721559,-0.010424541559588293,-0.04999204923179744,-0.10965433161128553,0.012575239762479002,0.11719687377351864
PRO_000074,SUP_0027,0.016029619702837457,0.03889234813471379,0.031616957865521156,0.04370382801223706,-0.000803174656271542,0.025861024503199628,0.0695140256951902,-0.03811314350715022,-0.04304631946207583,0.006576790978003127,0.0018421214579932119,0.017599625634280084,0.042228188582055626,-0.05187391365252978,-0.03493516366601268,-0.0009094264663503224,-0.02294205991513528,-0.018512631500472578,0.03681625097425607,-0.05555462374994747,0.029512903230987826,-0.028131092122992956,0.0571423899221967,-0.014095555195727057,0.0045149516765931605,0.004822550816215539,-0.039005008836341046,0.016769911486983445,0.026309629582976786,-0.004085308593185859,-0.02533404973030664,-0.01484698435121182,0.06147351752029063,-0.021028323324413796,-0.008470410651514963,-0.05159204143882171,0.1715338160146613,-0.0884523324327564,0.0425397352969472,0.015554683461860825,-0.028797649088944388,-0.023787450010445098,-0.06745641697883695,-0.0224296218696958,-0.12100602320325128,-0.027396138244655612,-0.08668402067101202,-0.10249915503110361,0.028759450440795902,0.19899414579163696
PRO_000075,SUP_0028,0.021513730305550403,0.021065713308651257,0.00937303119456423,0.012616239766235524,0.00739403890712464,0.02001112354083673,0.06316914683440421,-0.04262600964345374,-0.040430257767645264,-0.029723242212566812,0.00755415516248522,-0.004972241924255806,0.021430950375460472,-0.011498361379268114,-0.011962008701487933,-0.02521645034805628,-0.003028893058022893,0.016737961772620442,0.016359547617063964,-0.012108316250235453,0.02175089239125737,-0.04717568819967952,-0.012286180655972229,-0.0346432348791744,0.017457221493668035,0.011544357077533755,0.012925758766067857,-0.05404473902835849,-0.026943584666367267,-0.002140239098878181,-0.031104895136331422,-0.0021576422139801448,-0.02554016353308563,0.014468364102410657,0.009263694805432637,-0.02282080590450969,0.05385722933055858,0.0027731721904213033,-0.022388564485043012,0.0034973425447025397,0.03457067453316138,-0.019924006835594463,-0.004881854369826145,0.02015002826229466,-0.01790006530713913,-0.024168055582312234,0.03326570421032976,0.01946813618897984,-0.01554518117829134,-0.043288695884011574
PRO_000076,SUP_0028,0.024324125411553786,0.08298827276041577,0.018463040422737154,0.01651104569201377,0.016522801387956237,-0.006361790644364441,0.09689877287828039,-0.09194508196362226,-0.08920044653673222,-0.022619751765113424,0.02906757477534596,-0.0433434647809405,-0.007010966157616732,-0.009894369852175122,-0.03762555816953541,-0.0035199815236149467,0.004167283654673262,0.020820625021753452,0.007810536101779464,-0.004913740743609991,0.006012226811575282,-0.03799502714066807,0.002416905627632361,-0.06646914513893878,-0.003327437631113314,-0.02849850222088507,0.026906654618832043,-0.08025637196482847,-0.02878408578488836,-0.04362637023418462,-0.01683259802260312,0.01803808610951029,-0.05801887164938583,0.01784500725349669,0.0086585259225347,-0.006984399828415907,0.09422777955696261,-0.040081880945106736,-0.04290973423627638,0.050644208184548956,0.037757775162860774,-0.0059916231003444035,0.007458249894401576,0.005386679154364674,0.03025959678944531,-0.015509872118299578,0.006958953851658057,0.009670703671592455,0.013495739775074836,-0.04121835558576742
PRO_000077,SUP_0028,0.02434648684679723,0.03431786715320814,0.02215920207767612,0.014425453700535714,0.011610371489982167,0.002734778200727808,0.09393063979603314,-0.06207623662864699,-0.06083291711683651,-0.051783796203932864,0.010108299556518936,0.04559842013805735,0.011293093138676736,-0.029895935890625877,-0.04622902374058436,-0.014038800508350782,-0.03509258000706395,0.04718111838484339,0.006164611053514917,-0.011990683002649015,0.008239233706646731,-0.05993322787853401,0.010524222773431999,-0.062299599682481326,0.017986992720510395,-0.019946379278192396,0.036645702094905,-0.046565378542451734,-0.03890471628657951,-0.050903909058813784,-0.10341915296609226,0.04202044169276186,-0.01667314709651262,-0.06966278443139186,0.01647875094606877,-0.03832614500003349,0.09490791269330656,0.01626739693672666,0.04414863051250929,-0.019108498121943887,0.09354792612751847,0.037014221875860925,0.020658128807799294,0.06085480156977347,-0.06222205960551264,-0.04135715012281303,-0.0017570755209761469,-0.016153139773289457,-0.019705130912078827,-0.05295028463554559
PRO_000078,SUP_0029,0.024419014631290318,0.038640163250017914,0.043056993822853766,0.019484713121383265,0.03174368827205026,0.0002851177309692119,0.10445561480651597,-0.0931066403932643,-0.09036810149446944,-0.07368138778062797,0.037716050346277105,-0.024421369868227263,-0.004245209255293722,-0.028210571712371853,-0.04990789795332537,-0.007883345923859617,-0.023899603622322213,0.023320952193071894,0.017699172799176162,-0.025053225651433923,0.010504351420859743,-0.05231053248185824,-0.004790759740818969,-0.08676912772815942,-0.02110320118777816,-0.02500184581966649,0.03348012807347466,-0.04796241767315391,-0.03320855749893476,-0.08708801243971684,-0.04400068158198954,0.03985800778658374,-0.048924972210571065,-0.004048455650605818,-0.002984504891959806,0.04660368102151453,0.036790282556534395,0.022600199498538042,-0.021926609165805376,0.05619495081791748,0.06944755585836396,0.0036946580636503397,7.664055981249779e-05,-0.052812615501173846,0.031215880053573175,0.06949804957176733,0.02577516786302554,0.015729879673713174,0.04833809402118388,0.00883732898557359
PRO_000079,SUP_0029,0.017080091839001093,0.020321597250566655,0.030662227650996254,0.02936252433853627,0.0037410512840968264,0.017188003630317597,0.06570912995667991,-0.046015779733946355,-0.03892162673868359,-0.03658825697429356,0.005308725365432862,0.0754139857628831,0.008559844380328738,0.0036279125546960465,0.00223727708657396,-0.012002801639645441,0.01780730120062872,-0.0008523633866835809,-0.008827232491847577,-0.006239806264049325,0.018354430737703056,-0.047909253647284426,0.005105334489891759,-0.01567131830417437,0.0038458658487885676,-0.00329770534580555,-0.01988028612815909,-0.011052599130315007,-0.005309725202531847,0.0024892503666789495,-0.007737656785478697,-0.03261735603887589,-0.014987992729309797,0.020119184100311212,-0.023284583239385863,0.03207634680430244,-0.019252403450435857,0.029267723932259567,-0.0006069701934503951,-0.0542386257427001,0.009689379601389107,0.029065610915066403,0.016694420367851095,0.02930175490427772,-0.06454776384811754,-0.10085893214951229,0.02213329508868722,-0.0028430329798612647,0.009663860101663747,-0.04602324992528779
PRO_000080,SUP_0030,0.002649135473499268,0.015263984854231565,0.008159199183842638,0.02160215859187173,-0.001243451406510307,0.04147404454813107,0.02521208390997924,-0.022068171693171986,-0.010921281195448902,-0.0016297558525100717,-0.009006460094893266,0.005108513092765962,0.007169548698256523,-0.03337508279897402,-0.013264402341059025,-0.007397322972045006,0.024436790979518817,0.02523517211684648,0.035202725925206596,-0.03921929546361714,0.02679335450278379,-0.027707337191452304,0.019834398122056642,-0.01420100952711472,0.02962168908891761,0.020899980390511753,-0.010104468254876518,-0.03482323570969412,-0.00016625793622766023,0.048730650522857355,-0.05659943298712305,0.009783675487819481,0.06355692798995495,-0.017246154461912733,0.0599335721668996,-0.141181437128133,0.24050402184454614,-0.06211474889427809,0.015207483739524586,0.1032947813445808,-0.009071084141607906,0.10607867216654876,0.12260596012875978,0.017178831787802534,0.094455455926468,0.08449310324114316,0.10190795938942157,-0.06846270009350923,-0.13635839736106287,-0.08284835910815197
PRO_000081,SUP_0030,0.010678837220834781,0.03662902206945308,0.010534072121809885,0.006501052933224296,-0.00018089666442276908,0.01633267607668997,0.003238001556962613,-0.019497140823593388,-0.013217302759454487,-0.00976683886671973,-0.00503967962065986,-0.000796757032736183,0.03500963181565638,-0.013702980798587217,-0.027405813393137655,0.029943088230343008,0.00582183343387523,0.016533902749749575,-0.002039545844342498,-0.031490705100167375,0.007926634940781411,-0.004366722659760295,0.006229786807588196,-0.022856665363109763,0.029304826496491285,0.020735105514264194,0.005786327884982106,-0.021347547214042778,0.0035143007914561863,-0.022109809343557954,-0.03367358360553471,0.010971923048822016,0.03953145779269561,-0.012506336640617947,0.03365186985906475,-0.06666083451387703,0.1759851618099418,-0.04433484664884363,0.013685644873917104,0.045700012991906874,-0.03594626092269126,0.02359519842096223,0.02424364863279204,0.03857232386162009,0.04411985488329858,0.05020046068402103,0.01670768209697407,-0.0675169258469473,-0.08429080752645568,-0.03228325989316975
PRO_000082,SUP_0030,0.0017831716758574556,0.014132536202837385,0.008704483161789301,0.016434912228629035,-0.0007018194558197295,0.035120108516542646,0.022494260999957466,-0.021390569985537074,-0.016033876193220446,0.009671394685198554,-0.0075724046091085705,0.001955139273191104,0.010726324242102573,-0.03254924739569524,-0.012362009183149763,0.004355703038818551,0.02172406918757203,0.026840833144353024,0.02553367110433149,-0.032941780014868985,0.02189182793235711,-0.02885809866495669,0.02061233021158443,-0.013778283592239532,0.034620310302682956,0.009846954793811293,0.0006403886641491478,-0.03653189163425502,-0.00042481720412571597,0.04287773025405892,-0.05094104299096896,0.011887743307749535,0.06297587032259674,-0.0123506491308263,0.0793048323385484,-0.14609266897251139,0.2652806591251658,-0.0772784981469226,0.031094037211642087,0.11719792203854507,-0.008301169702353587,0.08811834257049293,0.11630136056465538,0.024650442639335347,0.10580606369954028,0.09700598223779211,0.10968943040689341,-0.0605007679515891,-0.1638728527807898,-0.0747197537312155
PRO_000083,SUP_0031,0.022765862938998068,0.011836373250703868,0.013074724798608377,0.011656940253882222,0.0040504453826014,0.004977898953154668,0.051442569269943256,-0.00800911771994917,-0.021289852447743042,-0.009800989269203125,0.0007972134313070426,0.01078930101436983,0.010973003049206677,-0.040109856177528116,-0.023541961806443974,-0.025278880495512815,-0.028869345489468942,0.014745244157229803,0.02658689904152718,-0.038695425437117625,0.010546934673173025,-0.01493845885313478,0.020056151514864878,-0.017934006981958545,0.031976695954382,-0.023499266161770775,-0.031194069913571987,-0.005768494825098183,0.0014173048769110961,-0.028302989758167425,-0.0345479757083791,0.0022242309313174205,0.009443930390730307,-0.02086496948509573,-0.0009584746877612298,-0.0015476705801943215,0.085228944458494,0.0044309998953875555,0.04201912514166191,0.01389216759894758,-0.040884708609775375,-0.021499431654120323,0.012535135169347834,0.06983480911399895,-0.01018290337136096,0.05189829097967093,0.0030344752409733533,0.009510475407292041,-0.028279333967327402,0.013240660619518084
PRO_000646,SUP_0037,0.08396596691083369,0.06600722368374465,0.05243236289627333,0.027348215779418567,0.043787367263695046,0.01770692172487049,0.18658878010076888,-0.15904155256318417,-0.13739065792271882,-0.12363068583177103,0.03949786619329647,0.0223085212200507,0.038657529666333505,-0.0580979863562148,-0.12223995660800435,0.015526345273419687,-0.04525080524039904,0.06886885043671359,0.06849608703785166,0.016834976988221242,0.015314444686610229,-0.1682682533892631,-0.10332120149611507,-0.10127344892924403,-0.05800183372928366,-0.014300805082401656,0.14267482039393403,0.049546709176181314,0.08230168939614346,0.01767937209940384,0.034185398505383685,-0.0746097287838409,-0.025101067721962453,-0.020322728965544466,0.04113379206291515,0.08904033662581831,-0.08837031572058318,0.041463312436259094,-0.05354589690891666,-0.05073541483220525,0.10344773291230126,-0.09375388757853169,-0.023660532004494052,0.004102656707844125,0.022536010976947365,-0.24322194587676677,-0.05193105110006453,0.12330506039908536,-0.07504961374491076,-0.016376842787042576
PRO_000647,SUP_0037,0.014527449303752164,0.09217764006302659,0.05597096418769109,-0.006194568591982442,0.015137011983851029,0.009717453921385483,-0.04768919895427875,-0.09009952409549361,-0.059198214359489805,-0.03467515862571369,-0.07850438126604423,0.010485176912410323,-0.034430384677519854,-0.07199922796762534,-0.1518308855439893,0.21713127972317692,-0.05850071874578184,-0.042824432240584305,0.18654296293129324,0.12170122493258717,0.1128440101316639,-0.05197518466594184,-0.12708417551503626,0.11844940824730418,0.03593507424372403,0.029386032131150302,-0.015752832445136904,0.06712217185820535,0.06082451161952527,-0.0253413249205321,-0.0036658455542118587,0.019878885179970742,0.0021503461677204873,0.024599673026341744,0.04518978689391027,0.006997833323103057,-0.10688484420019276,0.09029073925456549,-0.0323137018987642,0.06561521217441234,-0.028227665087592627,-0.10988972468176779,-0.05227762673097444,0.1580004479598156,0.08392062262308,0.008681044213366138,-0.06071806844914101,0.04561723810297177,0.08515243373616332,0.0165413321639378
PRO_000648,SUP_0037,0.02115714064375069,0.03616313495929067,0.012672347675625233,0.014627978817149744,0.009908830254771088,0.016149488963773592,0.06511385421513703,-0.03929375221486152,-0.0574827121898503,-0.034828848125400054,-0.02655721094541019,0.020825014595282736,0.0023846125364296433,-0.07239516173008317,-0.0479483659826144,-0.027453766157073446,-0.016424168899313196,0.02608981106461413,-0.0234309125185972,-0.10306072850574577,0.05568586932026813,-0.03556784746151955,0.02276395691526967,-0.017739889414331703,0.015536078131974019,-0.037980039710898396,-0.060457215971202884,-0.02099924978196367,-0.04146963060696741,-0.014744543877210307,0.003893422632380191,-0.0007876162498898236,-0.08053396854444027,0.03391989954429317,-0.02231478712137928,-0.057350234317015,-0.056812187717450995,0.058814956790988276,-0.04323365632941117,-0.022141159075461592,-0.12224218172396445,0.06163702936321082,-0.0631023060966663,0.08143254023863027,-0.06946288400454315,-0.002267027356842543,-0.045821719887477165,-0.015745509729390855,-0.04771835788769967,0.044345449581994
PRO_000649,SUP_0037,0.08355538332696193,0.062036266858181865,0.050377362513975114,0.029107850802490284,0.05923517009946563,0.013314505533725766,0.18083392218709454,-0.13773476241385266,-0.13933489309773875,-0.1057546146760687,0.03823884323075725,0.0632503658303416,0.027160446892712287,-0.08929050202559444,-0.11290614983819708,0.005172021442593195,-0.004017397978775585,0.04791124648543856,-0.0001740937375862552,0.019365848692682038,0.002964699947097287,-0.08006425457230222,-0.037776247794132516,-0.1002235468315457,-0.025598576483842162,-0.02656614397276159,0.06178139070160948,-0.03355673327949478,-0.015790423648858836,-0.05614242128800628,0.024067233742700936,0.0356835885065224,-0.04594024325391212,0.011121589380741724,0.03309006801601813,0.053568692067325153,-0.03900374040631473,0.02166323132474663,-0.0531766309427777,0.0011218640127818253,0.07899809217246931,-0.05387109560070662,-0.003116526251150092,-0.059605725324800254,0.05589964213263832,-0.15410828729945877,0.013766212613610256,0.08607129954499988,-0.030367405566744745,0.03740236044936113
PRO_000650,SUP_0038,0.016002234632190207,0.22497949313734059,0.42447429924713087,-0.07893010730773999,-0.006245926896961111,-0.0275631209743654,-0.18543275637674222,-0.08802253750142389,-0.026717136122536962,0.035641661684717205,0.06973984327894557,0.01922224489418333,-0.016926602248077318,0.016046805576686994,0.060712841701146644,-0.09159388860923504,0.017556490120676133,0.019405987212479915,-0.0011046160178891898,0.016433164082000205,-0.03117223606593851,0.005268098304837929,0.035183354246930844,-0.03534387093997344,-0.03968659134916366,-0.010139948379105803,-0.017133165686786835,-0.06784126378982444,0.014480531697921155,0.0683052753861432,-0.012353390980200513,0.07323446518518362,0.023264875529814755,-0.02821661032812508,0.034579310430805414,-0.007050878153418479,-0.02057703458256951,-0.0019473794318054473,0.0008091608070389282,-0.02638787100035855,0.004937309013601716,-0.0034894349431745905,0.040139193657502015,0.020447531476975603,-0.03860778121692488,-0.013645844944513208,0.001187125793328565,0.020985342462588135,-0.018124635763103338,0.0004419594784450273
PRO_000651,SUP_0038,0.021843539953277216,0.31051029120440543,0.6481988091324657,-0.12794496450611617,-0.007985087482265351,-0.054295272974512955,-0.30294511503450416,-0.157375391894651,-0.03825864512475552,0.0659457238499185,0.10536354262861994,0.04713495210803332,-0.12895743374873983,-0.0023597653882307095,0.1216515455799979,-0.2110528456957919,0.018145344058912532,0.035486694297694896,0.08157231332400589,0.055478436792211185,0.03803091988489172,-0.030769077880568173,0.0076187624960005786,-0.03569131184436502,0.02571650024540124,0.0020902379550635066,0.016462158996401053,-0.034022672647690835,-0.02387761589540562,0.003997433373147118,0.009306065099681996,-0.016667633157654755,-0.030278609381118593,0.0026372194276389187,-0.027220379252656243,0.0021830997631474823,-0.00713750921945653,-0.04432071317328879,0.008869207427194659,-0.007061300473323864,-0.02916466296240781,-0.06556737742077211,0.0038717839555086233,0.013573326569906884,0.029840448350660083,-0.016711825436512808,-0.005806935193617472,0.024955861961610207,0.008066745191531213,0.010126757463980757
PRO_000652,SUP_0038,0.02863695719979385,0.23960921415622868,0.31349796296776794,-0.061839069692809535,-0.004577719091570625,-0.004594505026981884,-0.19998122036600322,-0.1365245741971167,-0.052358762145415426,-0.001509297134360878,-0.054871032333985485,0.024663842108591568,-0.08702827265300797,-0.047290342696685805,-0.07679771708136084,0.12029309685328166,-0.04930546993827372,-0.02628791533388585,0.2629907489929271,0.19260339879258942,0.14808513631540907,-0.04115642009205323,-0.11039519231061486,0.11622941085032468,0.035099296606064194,0.02474855440787909,-0.027534037908780198,0.06065241823742229,0.016615326634000237,-0.029807500065553633,-0.0069269919436934025,0.03072599601449284,-0.05493311129698057,0.04002628674080238,-0.013926259798001455,-0.005231369143491017,-0.053373095977594154,-0.021656041337333676,0.009069784590940473,0.009831702729098354,-0.00304264035447337,-0.0047097552062910384,-0.05411240419800713,0.10837661268725349,0.04262978922997923,0.014569367984165454,-0.005574370640389873,0.022990512626737028,0.07733115462157544,0.009951274177430955
PRO_000653,SUP_0038,0.015469477131993427,0.21637235900221616,0.39833989386366925,-0.07327537672247592,-0.003792995258902549,-0.020623163373321027,-0.16922525626268825,-0.10147744699531878,-0.033600043530082155,0.021786535138195184,0.05373613852990103,0.009248492886857668,0.015415986093332001,0.01136533561385046,0.021277633089374814,-0.023741480720296977,0.006549314378172305,0.006763134819137526,-0.030826916558178295,-0.025884694533083286,-0.024808816453038576,-0.00728732492815844,0.023278652344011816,-0.005201170537926278,-0.023009036076055624,-0.0074518262624302545,-0.001348378173393071,-0.0681722730026186,0.013897923405930258,0.02976426108458359,-0.019983828504200826,0.09523020854475629,0.02479921967454655,-0.025727955178158644,0.0024030971920029963,-0.04336596283341379,-0.029579104490968004,-0.019524335215834517,0.020278909339867,0.004344273813882973,-0.003956698260895251,-0.04963869149995912,0.11125944915665187,-0.0017518826486466264,-0.004630198902146321,-0.03566443157604148,0.0303990718447239,-0.004142381736215838,0.002118291507572735,0.03005233830741071
PRO_000654,SUP_0038,0.020648003036219283,0.2644643879839853,0.4248033718553227,-0.07537918885359374,-0.00054606905294207,-0.005975924673755154,-0.17244155189540453,-0.10891862603993427,-0.06147079854196187,0.011211306248310486,0.059393514360383634,0.024278693818745666,-0.058098017845236036,-0.028788587579811564,0.030660097563931454,-0.09457467241979783,0.015851392745776814,0.011150732235256828,0.00023574793972867304,0.003909449377747861,0.03001394440554396,-0.016098439246222795,-0.003140775823013613,-0.03757033295335935,0.0175672662898334,-0.013467852772523011,0.03818170718605329,-0.011915187859696382,-0.04437738071199,-0.04595473793428575,-0.02213457022919768,-0.00034428078479431594,0.049433629297897394,0.0396748989782353,0.010148116113568645,0.05432820232430235,0.010926698719662184,0.016975733737681065,-0.02554523151441464,0.07154165201403485,0.0038879668608573035,0.0629720035415243,-0.01784527711301098,-0.05284189316300573,0.022098205611088852,0.012987325558748049,0.03111461770278484,0.03764064580583087,0.008990552632676625,0.011549603517786904
PRO_000655,SUP_0038,0.010344221268720508,0.16078264168498774,0.18442393501640664,-0.023436972795365624,-0.0045492129016319865,0.023618535388085386,-0.08418705515856481,-0.04500414519697164,-0.0215599313781372,-0.002864902916626322,0.01450648411533416,-0.012175489842919902,0.03265273099090264,0.04411379623653232,0.053968482483933884,-0.09071143304657682,0.025282975416652014,0.03864525143150374,-0.04363510219662801,0.004112008240645792,-0.07465620009617638,-0.09570286621359819,0.03206400303684757,-0.036576608307044164,-0.10833295701283287,-0.0023618172136847704,-0.08651402851338565,-0.08056075683725913,0.13257448739079677,0.2577867529535543,-0.0727293768017232,0.4383656042546932,0.06205707046990108,-0.04453320755406287,0.13451253840647864,0.07677243069849286,-0.04215950354487302,0.0078046228051442896,-0.0002584751004081177,0.014820509859977486,-0.029301093026176762,0.07132271352220726,-0.03825887203226458,0.040901278202571764,-0.01629796688951184,0.028991485346381848,0.025798812115326652,-0.030025942870212693,0.017124017410879676,0.030017225112948923
PRO_000656,SUP_0038,0.024915901677043613,0.23136790632820223,0.36391181317041144,-0.05231837407099156,-0.008777460272028874,0.0147173324348301,-0.21120516129668374,-0.12136997671611109,-0.054064018615167755,0.01772721356633816,0.032884171404031375,0.03403470884533464,-0.061972344605733996,-0.03667066593091899,0.020224769476893157,-0.05690900360312219,-0.02455405479521138,0.014012459845184032,0.07260823830842097,0.03559784638671126,0.10790077235112856,0.003348157935721242,-0.006505986875993149,0.022039848922398905,0.04317260119577798,-0.005885193240758052,0.0036610959474171713,0.05802435669498486,-0.0019290703294812844,-0.004225295728011514,-0.011102614616057353,0.01679906009245547,-0.01577185596045218,-0.007794266978328793,0.020996296773095648,-0.019803461056288423,-0.062310878557876016,-0.07825780151777498,0.03328152010516771,-0.0817182559332028,-0.029419717323078153,-0.04872829863032932,0.0288116330491452,0.10583236717700958,0.04493633659015965,0.05512439768312971,-0.008216848591146313,0.012736573753089345,-0.0024386564766504136,0.035845068750984095
PRO_000657,SUP_0038,0.0166744502805393,0.18883788496435916,0.17574598462471072,0.06716530379099123,-0.0263537861726779,0.14773703968877455,-0.0856459786153509,0.0508088966140889,-0.010065970030032928,0.08754060900458269,0.253877862850786,0.03231073514753737,-0.2020456331879013,-0.06850369207951902,-0.0058504123631123095,0.021493943496325017,-0.013292089549443697,-0.01706600700372096,-0.039469812691964354,-0.062301233540100996,-0.08820547978763933,-0.07680994174901137,-0.07582422046160893,0.09567911268177785,0.11635831863251106,0.004836312025177292,0.06814175247009889,0.00492787416989198,0.014255630652763487,-0.02068129873536951,0.010197019571887409,0.02591936752627422,0.008465918058161817,0.11508033875931017,0.15339472698812698,0.12360372511916719,0.025217706579346404,0.06780895802229828,-0.05306133175183056,0.16038564999544924,-0.011949076457065106,0.06753371871934803,0.160673411595648,-0.05939425090049214,-0.02170949005932575,-0.010449325744389837,0.059856467877444794,9.330221198821601e-05,0.06397369909112378,0.18572899691895578
PRO_000658,SUP_0038,0.01950420562563426,0.2803215929306338,0.58883703555915,-0.11654543360710212,-0.008977836150200558,-0.04905854234308887,-0.282991462131393,-0.1339641801512872,-0.03675497361413935,0.06743444071952162,0.09599273689278517,0.04524255673574382,-0.1272380686266307,-0.0008522759249658229,0.1238107648823748,-0.21100952715203553,0.02383051006223036,0.030590797118002565,0.08229405362545483,0.055412184348910425,0.05134700980109676,-0.013719541464086089,0.010830832401934635,-0.04183286868639079,0.03309123780294693,0.008832689036079632,0.04405139862960845,-0.028783491426593335,-0.03406197385855832,0.01086215078133893,0.00020280087460436224,-0.039510689529891084,0.007152650792222076,0.015089926492752833,-0.012464206728211247,0.0006186818634651679,0.009455345207032685,-0.05451442701918726,0.013905724093634227,0.000821795725162872,-0.020555276128408094,-0.023549674896995623,-0.004631270136284951,-0.012223640772694411,0.004642921793416711,0.02662031991897172,0.005139529333771549,-0.020471388699913606,-0.0053126804571690485,0.014439031274772422
PRO_000659,SUP_0038,0.013779108058869947,0.20597170391004319,0.3292893169526868,-0.06407561965585222,-0.00615203091455722,0.029185589405904374,-0.17020156147510523,-0.059605781878570276,-0.01991512647527517,0.03750067208653391,0.05003220082606148,0.0352275545185899,-0.10788233442921716,-0.025512794114404307,0.08106849725744454,-0.16696155332392199,0.012373494166284714,0.04231127593202254,-0.02375600746131986,0.004597092476409148,0.11425491730237851,0.0839405502173816,0.01944312180604046,-0.025217299628344327,-0.024935577757714596,-0.03296871355267891,-0.0098871860810719,0.07108680678000229,-0.017435455242713043,0.0440884891459919,0.04471994441803375,-0.00582715945007548,-0.11884255678413454,-0.015071698967070333,0.01275570714804459,0.038995895578429876,-0.016716974505489417,0.09190835442857966,0.09436468946845693,0.16471413468610338,-0.018029543617275327,-0.09769281848810708,-0.0652995645848521,-0.09073381084127148,-0.08123933394891943,-0.05000122772520047,0.016915169365190788,0.015570062108899631,0.0029099097488405083,-0.02699270530487329
PRO_000660,SUP_0038,0.017679831620516933,0.256419997720543,0.5461900451126196,-0.10987867011842381,-0.008513066926587324,-0.0439557996443177,-0.27798286315883425,-0.13367169533797615,-0.037297766109683696,0.06520953062262723,0.0891620140095232,0.04590117614602906,-0.13775691279415234,-0.009049530992107136,0.1402206478796604,-0.2178901793329846,0.023901491830628438,0.03119540456842852,0.09221747393246794,0.061441403830291945,0.05786286427359502,-0.0185783047639119,0.012698138864859345,-0.04915151419250076,0.040242602742895775,0.011212732474495113,0.0627668015930806,-0.028547692013951523,-0.037233156576503126,0.008530979521378402,-0.003467210025065529,-0.04623317805508299,0.019247283904647,0.03043481756329717,-0.029162208393662438,0.00011452208198633779,-0.0024183461273754358,-0.0876830461430313,0.005948047011250357,-0.039241950803475284,-0.03586607054352661,-0.04553114632025872,-0.009924722626686833,-0.030600153886215935,0.015459816083428066,0.02914369003140193,-0.020707672336833648,-0.04961770984781751,-0.02895204760686305,0.0005022728969092876
PRO_000661,SUP_0038,0.01967017918743293,0.27524306278669675,0.5535691554377006,-0.10956329282008173,-0.006201841021486233,-0.027659085363300338,-0.23731641065071277,-0.19404536746579287,0.04898404622606628,0.05712402059032872,0.09571172167439179,0.04260725417793624,-0.09635895418897607,0.008624260120884282,0.13433094116949376,-0.24056453591930882,0.00877671075226204,0.07586263116260888,0.07911904247335239,0.07140577363367288,-0.04535271293152666,-0.11493872655621305,-0.017322854700146228,0.012211477924327361,-0.03337372252330851,-0.044725401000070074,-0.014884645898265386,0.06455576989210003,0.08630044122195478,-0.086299555403361,0.025347082736632758,-0.04971732787308143,-0.030382069907770023,-0.048528447668883416,-0.03364149363000126,0.001373426120863144,0.006596010366128675,-0.030584970716386065,-0.03209668589290403,0.010018690814987382,-0.047540743763771154,-0.03842659631215943,0.0032246525403524873,0.0021927233303760713,0.014310433210036647,-0.008636346774046143,0.014853516565805053,0.03828091926257371,0.004532061157872582,-0.001652568136011891
PRO_000662,SUP_0038,0.017392717505528846,0.2580979995227938,0.5246564682392257,-0.1099671128441649,-0.006252543497433076,-0.05175884622355293,-0.2735361726652865,-0.15804441470225783,-0.02505245567319534,0.06049404233807842,0.08241174506015228,0.045748914244960304,-0.14443435626109555,-0.008491841983395176,0.12473867913016587,-0.20716257847300892,0.01933134911585824,0.033423890353339744,0.10875101493330379,0.06923779065430478,0.06179066020327846,-0.026684088427735845,0.0012045827349052493,-0.04061476778792153,0.04422782547508824,0.009798498913225321,0.05645705401211214,-0.04106643249774066,-0.04137766494535049,0.008010268755873611,-0.005916204352982331,-0.03241703772879145,0.018050215130829557,0.03219138674449933,-0.05461920957102215,-0.0101122654299105,0.004350270365512886,-0.0535219166215322,0.008592544541784103,-0.023650395778670775,-0.07174318795435443,-0.08451332335564697,-0.03386589585824284,-0.015420569084266008,0.06482715112896525,-0.050502412649603104,-0.03428876321999461,-0.028451282283772375,-0.010173777195307116,-0.029585688097477206
PRO_000663,SUP_0038,0.018324439016298086,0.26817855397254237,0.5931195742638875,-0.12288868348464613,-0.009012880353283596,-0.05776341020077072,-0.30892398866369114,-0.1422163346399501,-0.0420696171767349,0.06798560317055248,0.08815310273563057,0.053192930369782156,-0.15850136932257392,-0.004923290353567307,0.14165154873490035,-0.23611851216991978,0.021157836023790982,0.039077900855015106,0.07623840951843575,0.05144496620084338,0.04446915967162068,-0.020877476371378753,0.004287442760321135,-0.02699281018379425,0.040145298371483035,0.0021578149816796344,0.02731258740752525,-0.04359387805980905,-0.04111384419635015,0.008010624658056716,0.00439343713468668,-0.04165920030010714,-0.009645895802518657,0.008799404868431575,-0.04342873524155462,-0.005141524642344726,-0.016253755136116953,-0.017973958590482734,0.006635152166972399,-0.031369479659027824,-0.06538396492551908,-0.09002553798135864,-0.03764072685809626,0.02937730362197421,0.05117846884260721,-0.0383375678546316,-0.038575427903219585,0.04331789561010319,0.01693077040717485,-0.01273442390553788
PRO_000664,SUP_0038,0.017779995264266622,0.2606479844851587,0.5641067131443457,-0.11591232125052045,-0.008739542056483118,-0.05047660200195746,-0.29580530868213284,-0.14028825811129808,-0.03929525333298766,0.06677019260636567,0.0839742836986398,0.05067456912881009,-0.14914113697074188,-0.00504637635628776,0.1348609814576571,-0.22601465167141546,0.021427788569217798,0.0386833757556593,0.06987584187728127,0.04555582916492828,0.04388911701130446,-0.017911172645884724,0.0046126959766812775,-0.02373330124492776,0.03902326638563369,0.002243412542047174,0.02633199497554358,-0.04339278704383938,-0.0388980271787888,0.006761702681977993,0.0018577027943282344,-0.039478477703773295,-0.0053887267164340205,0.0064519595616284505,-0.03948734312482115,-0.00953521450394558,-0.014873539217230293,-0.0163763412422566,0.007940847613416959,-0.03310341136354205,-0.06587016340776791,-0.09030624430769867,-0.03623543303494693,0.03736875298024206,0.05471130015262928,-0.034844549912293764,-0.039490465565927335,0.046259635215184766,0.019148749712255077,-0.011568357559435694
PRO_000665,SUP_0039,0.022907341790381123,0.049259804210137294,0.04510611965928689,0.011569022931320784,0.012578844945150875,0.023579325564665476,0.08467882334937551,-0.11400526368699129,-0.11337763388215424,-0.07479702387938068,0.05041606690989866,-0.07486693924523437,-0.013344535885000773,0.020151163583610077,-0.04074530244595823,-0.0200729220735857,-0.015870947476508038,0.04267260271779342,0.011411682344215988,-0.07084756044255507,0.055708161538214354,-0.15123333400136768,-0.16348123656865918,-0.10085390702917921,-0.08186778430788666,0.084970900048467,0.4138859833473952,0.12201871256967592,0.18315199199543478,0.43594193401239023,0.12060724415997487,-0.17613065655928892,0.08258183617049204,-0.006011692073438857,-0.08251088662007786,-0.0682858216222368,0.01777115909876543,0.0534409313441185,0.009462716185406027,-0.09117906587731141,-0.01845964267975947,0.07669160930591634,-0.0537183178484941,0.003991204749376267,-0.07007504712685475,0.008485949241659662,-0.01773088482201317,0.010745665928220597,-0.013772453739972802,-0.003308057447942614
PRO_000666,SUP_0039,0.017608533067654968,0.04148531617407454,0.039434067873129176,0.01482822132081367,0.012324645140061367,0.018698352097459157,0.0946264249798247,-0.11238196524727302,-0.12242289292182665,-0.07795829831475586,0.05276376241439179,-0.10443089175022492,-0.02546886085877669,0.03162286916139008,-0.03673352123071267,-0.012688781336331735,-0.019063561093938426,0.041704059904959644,0.0039440428885020385,-0.0872490711885938,0.05454635914750138,-0.16212050207550763,-0.17614751179676777,-0.10231366010505213,-0.08624075102621402,0.09031697201635809,0.4605400283019839,0.13670794571391998,0.20690268425323421,0.5087799671671149,0.14426512772153496,-0.19585484960579935,0.09153156333368619,0.00977796704985842,-0.11146554446495427,-0.0832083486302163,0.0370196816878824,0.047586518670334595,0.0037003614899500854,-0.08849022177295256,-0.04808657164874749,0.12579158773357058,-0.05724484806486342,0.020531014573056484,-0.07458315199000522,0.06929198468865308,-0.0067067604538759065,-0.014600955608872535,0.003861009182121102,-0.006715498146281656
PRO_000667,SUP_0039,0.015298035679225393,0.04778712506629611,0.03605000129048157,0.014281544027852013,0.012275754099665899,0.018148353078051384,0.09451751814812134,-0.10852096666711152,-0.11939540297471342,-0.07830214715941952,0.05971094696869204,-0.1035558522952298,-0.021407107619233246,0.03318332534567138,-0.03620769318357167,-0.013317986014565202,-0.018972544899672164,0.0415382270681466,0.0041833522096154045,-0.08595245466426388,0.05549793875594253,-0.16241610642651008,-0.17814754798540525,-0.10098249511053485,-0.08775361031242493,0.09089032932596651,0.4608257122776397,0.1403046128839808,0.21013947360205493,0.5038841101014212,0.1429976227388884,-0.1969035258810893,0.08925807907398083,0.01246667106201437,-0.11235743448141486,-0.08254706613987031,0.036061313724661856,0.05079137281038471,0.0001279140785079251,-0.09257629482456657,-0.04505479335903032,0.12308232709147271,-0.05755661834871233,0.01872089222687252,-0.07245747043259364,0.06759809527838051,-0.003966142259870966,-0.017129017828197524,0.007777226492328195,-0.007226221813442445
PRO_000717,SUP_0047,0.044749059334061564,0.06688585002339376,0.003543174223662633,0.025910044909236638,0.010315618823070135,0.027199957912212244,0.09098616384428748,-0.06652113454776004,-0.07772676336295077,-0.03701031016051069,0.026864773975518966,0.05166434331093695,0.04396071573904101,-0.04860424808748141,-0.028172493275628752,-0.036539122785377,-0.017094141163791585,0.04977699454681223,0.011660669426122303,-0.03892486201408663,0.05585437983350817,-0.02540400620503614,0.0167341930968067,0.0020064766369152567,0.05619275723082233,-0.029975836672207008,-0.026183058302753,0.014798257877515661,-0.012800287033271815,-0.025236622762000945,-0.07726581174961449,0.026260392982490072,0.058538310820220894,-0.037940649007184905,0.046890431937426175,-0.025846029781112168,0.06593682183042629,0.05208627950608645,0.05733176325631735,-0.057275223515696486,-0.014262139198312773,-0.0035542609747053156,-0.07290284168832167,0.11058635553484626,-0.007453591204723879,-0.07756546049760431,0.03974615575166006,0.0399224649125414,0.07103235426803431,0.010989472784567167
PRO_000718,SUP_0047,0.05452529824160773,0.04002740479785792,0.001530511232171291,0.018133477663171457,0.012651445625675368,0.026200839814715396,0.09935348461195066,-0.057796902557544216,-0.08423450553495374,-0.05382230704707466,0.028156496619184863,0.038200254261964633,0.050802211477286766,-0.034960754941650934,-0.014359987672227436,-0.04923528012341375,-0.005054440917622756,0.03911276624070783,0.029886542889660198,-0.06106955641412673,0.05239748591015152,-0.05217665179742465,0.03824188526625603,0.011220331993912175,0.10201479574325864,-0.0202594267307771,-0.08828221006422242,0.024670998986572545,-0.00838816779247329,0.02602693372598511,-0.02865940157743189,0.0044705509600282195,0.012766024874746276,-0.017743406958096668,0.06004330981214524,-0.01072122678779043,0.015075946227036688,0.06371550606837248,-0.00762701969570407,-0.05107648332111346,-0.03791122245214155,-0.055552835086990805,-0.06199456343483339,0.09555363288502938,-0.0008151884049755892,-0.09950448381173096,0.007196285328763013,0.03893031474752643,0.005475202286525227,0.0028071600568215834
PRO_000719,SUP_0048,0.0024486610012546366,0.013909231022542937,0.04623456865823313,0.316070934220326,-0.07043847383117711,-0.05205965920425602,-0.02012247732908757,0.013266813346662227,0.014588473092571962,0.006148325211717917,0.005095531178678959,-0.004061004502356231,-0.012653949940110766,-0.0013470020639660776,-0.006115100365690868,-0.02747643340647277,-0.07186818356679157,-0.04688475840657617,0.011474609858508194,-0.0021003793833532687,-0.05299366739588936,0.06419741912099064,-0.04460067638020316,-0.005760480046660842,0.008866804079631942,-0.12311221678688117,0.02745148032710592,-0.01619818827017033,0.0013880978830575065,-0.005263460489282754,0.04382669659310907,0.025265443115332683,-0.08534927225487793,0.04835862967925256,0.03862666110856124,0.11969753274888026,0.10442349267035943,0.10061893251821301,0.03733070875096084,-0.15075932217632051,-0.24942063255153685,0.010322307686629374,0.07069882695041656,-0.11514886757916847,-0.07018212953404193,-0.05469202338182616,0.1558040511977055,0.07252454348050547,0.05330608416878201,-0.19891543918390978
PRO_000720,SUP_0048,0.0024666426335841433,0.013502520618552005,0.04449241914503037,0.33138149437118253,-0.07361212367188044,-0.05367826371715185,-0.017902929963426475,0.013593668307529309,0.015360310278186384,0.006640377636014332,0.003139286608763436,-0.002428992407950982,-0.013456195672877863,-5.328279144391291e-05,-0.00495283043517482,-0.03154425245066406,-0.07964008197070307,-0.05285900290251842,0.008924334641273981,0.0040060650626138426,-0.0457772863117,0.05909275795215335,-0.04341579095764919,-0.0060202846232573284,0.012821178714497625,-0.1115944956978032,0.02582009514677831,-0.010649373667686101,0.006335700143192992,-0.0039048070064120178,0.039382615933880726,0.030431954240374166,-0.06594245050752755,0.027845985094352016,0.026219373518526403,0.09385695045835617,0.07665658721778108,0.07411728665898287,0.030937839866088584,-0.1323870868550814,-0.21372607246589187,0.00467932113417929,0.06499600137589114,-0.11184489400864325,-0.06837401053051231,-0.05442128753232642,0.1540816205804333,0.06797765903514348,0.05711199362657488,-0.19854429865063383
PRO_000727,SUP_0051,0.010605565022115803,0.039806509882390234,0.0616838901887924,0.5047334327562211,-0.11084755178451992,-0.08085267206690476,-0.017031982076946166,0.016725400059172477,0.015110390796078132,0.012269317422298184,0.015524206231691534,-0.001120358150318231,-0.008321373654438951,0.015504428693936635,0.004692907185790037,-0.05267344424514004,-0.15923008861335655,-0.1131623319774173,0.020450504611114077,-0.011994562250607538,-0.03939944714872307,0.06304009905413645,-0.052784648728554213,0.0291512007624331,0.0008835449280559876,-0.05991496351342271,0.01946776931053283,-0.006582562999834183,0.026622213576822158,0.0038238893424411744,0.015193066288558193,-0.006922605271560544,-0.003524902802668278,0.00757641131899927,-0.008119208434228942,-0.012919253552642219,-0.03250776136881421,-0.06738009650403592,-0.021407034626982815,0.051111154637324296,-0.026806556196755052,0.0059693138836993,0.0217185980249334,-0.013907330342775286,-0.014856573172889511,0.017124722349328908,-0.05084843623554759,0.08087899623730843,0.03354641137602023,-0.012795855666020282
PRO_000731,SUP_0053,0.03765898800271836,0.06788612907043036,0.024275589737219848,0.027696133882039443,0.05591830949002827,-0.008777594442493535,0.2524085269156346,-0.2681056426691184,-0.309724080582974,-0.2816244756296369,0.15935249299953783,-0.5850880947567548,-0.27006049680230276,0.37404266241269324,0.17035979604560866,0.020498239641072925,0.041403530237460046,-0.06067533997952421,-0.020586735457814895,0.06068161684874755,-0.01886347635843064,0.13902849602172318,0.03794245941836729,0.1348849120882123,0.027315601226247422,0.01683909594436723,-0.0780597534777504,0.03660861375010887,7.896953338212518e-06,-0.043113715611388735,-0.04310418328914231,0.008044443314810036,0.005222630244942067,-0.0059417778136667395,0.009083280067079666,-0.004402664483361251,0.022508365135088877,-0.008359538652747286,0.01610078387773897,0.009597243584217537,-0.004784670042981994,0.002798261006345525,0.0008597665091591172,0.019598564119624618,-0.007634440992549554,-0.01695414460451368,0.002197042902176409,-0.009886890142031143,-0.022182945448270548,0.00480002735252162
PRO_000732,SUP_0053,0.03765898800271836,0.06788612907043036,0.024275589737219848,0.027696133882039443,0.05591830949002827,-0.008777594442493535,0.2524085269156346,-0.2681056426691184,-0.309724080582974,-0.2816244756296369,0.15935249299953783,-0.5850880947567548,-0.27006049680230276,0.37404266241269324,0.17035979604560866,0.020498239641072925,0.041403530237460046,-0.06067533997952421,-0.020586735457814895,0.06068161684874755,-0.01886347635843064,0.13902849602172318,0.03794245941836729,0.1348849120882123,0.027315601226247422,0.01683909594436723,-0.0780597534777504,0.03660861375010887,7.896953338212518e-06,-0.043113715611388735,-0.04310418328914231,0.008044443314810036,0.005222630244942067,-0.0059417778136667395,0.009083280067079666,-0.004402664483361251,0.022508365135088877,-0.008359538652747286,0.01610078387773897,0.009597243584217537,-0.004784670042981994,0.002798261006345525,0.0008597665091591172,0.019598564119624618,-0.007634440992549554,-0.01695414460451368,0.002197042902176409,-0.009886890142031143,-0.022182945448270548,0.00480002735252162
PRO_000733,SUP_0053,0.03765898800271836,0.06788612907043036,0.024275589737219848,0.027696133882039443,0.05591830949002827,-0.008777594442493535,0.2524085269156346,-0.2681056426691184,-0.309724080582974,-0.2816244756296369,0.15935249299953783,-0.5850880947567548,-0.27006049680230276,0.37404266241269324,0.17035979604560866,0.020498239641072925,0.041403530237460046,-0.06067533997952421,-0.020586735457814895,0.06068161684874755,-0.01886347635843064,0.13902849602172318,0.03794245941836729,0.1348849120882123,0.027315601226247422,0.01683909594436723,-0.0780597534777504,0.03660861375010887,7.896953338212518e-06,-0.043113715611388735,-0.04310418328914231,0.008044443314810036,0.005222630244942067,-0.0059417778136667395,0.009083280067079666,-0.004402664483361251,0.022508365135088877,-0.008359538652747286,0.01610078387773897,0.009597243584217537,-0.004784670042981994,0.002798261006345525,0.0008597665091591172,0.019598564119624618,-0.007634440992549554,-0.01695414460451368,0.002197042902176409,-0.009886890142031143,-0.022182945448270548,0.00480002735252162
PRO_000734,SUP_0053,0.03765898800271836,0.06788612907043036,0.024275589737219848,0.027696133882039443,0.05591830949002827,-0.008777594442493535,0.2524085269156346,-0.2681056426691184,-0.309724080582974,-0.2816244756296369,0.15935249299953783,-0.5850880947567548,-0.27006049680230276,0.37404266241269324,0.17035979604560866,0.020498239641072925,0.041403530237460046,-0.06067533997952421,-0.020586735457814895,0.06068161684874755,-0.01886347635843064,0.13902849602172318,0.03794245941836729,0.1348849120882123,0.027315601226247422,0.01683909594436723,-0.0780597534777504,0.03660861375010887,7.896953338212518e-06,-0.043113715611388735,-0.04310418328914231,0.008044443314810036,0.005222630244942067,-0.0059417778136667395,0.009083280067079666,-0.004402664483361251,0.022508365135088877,-0.008359538652747286,0.01610078387773897,0.009597243584217537,-0.004784670042981994,0.002798261006345525,0.0008597665091591172,0.019598564119624618,-0.007634440992549554,-0.01695414460451368,0.002197042902176409,-0.009886890142031143,-0.022182945448270548,0.00480002735252162
PRO_000787,SUP_0072,0.0036522544980653452,0.028001078105395517,0.08241070336669618,0.6105130606855763,-0.13905926436468377,-0.08256634863686861,-0.09122122155114651,0.05672583820777761,0.08026660293068665,-0.11487973592303698,-0.022871797399902465,-0.02503833751665294,-0.00564298337286575,0.02038563856424171,0.02722339119673825,0.14124306836188102,0.45560741987046827,0.3535629406143108,0.1296005695135613,-0.10165490101476515,-0.030405628435309435,0.0540635365322689,-0.08213271806692075,-0.06698905349267525,0.03749721747345756,0.008456314523328868,-0.01643188383806388,0.03210570124368128,-0.009295153443511738,-0.011259793644966645,-0.036766174832265436,0.008504516097275483,0.004861202993483754,-0.01876458086448607,-0.026140413172104197,0.008597524401380908,-0.02772966801397624,-0.020163980216980272,0.039852690922983984,-0.037231250595157014,-0.056532590273062,-0.04025856264501246,-0.015086116747748592,-0.025013429491184284,-0.0215972345072491,0.0007084331434592301,-0.006072499960738773,0.01442068105912495,0.01931392829135412,0.011972102515121177
PRO_000870,SUP_0075,0.011367644839406717,0.03226642255341916,0.05509705852131237,0.03800230117720797,0.05231280434655969,0.004114163547654026,0.06448430043440236,-0.05452900592754906,-0.06301818121667586,-0.036017920764300305,0.014683448496683042,0.012639497017646526,0.03284267239575068,-0.08522367362185894,-0.035140673337121266,-0.007447375265908659,-0.02384279986332313,-0.013241801760043408,-0.018976334700995478,-0.013846971278646104,-0.023770992803923703,0.022739328014292823,-0.010925394579060223,-0.023996127534641216,0.00809689800682201,-0.03036109792746466,0.014949423215937249,-0.022988301743242526,-0.001754989576895453,-0.04157000800026767,0.006227968917665471,0.014602073702126479,-0.02100752632503423,-0.011557290371341053,-0.0022582301657706996,0.04413074150373629,0.008474442369780785,-0.059278404155762646,-0.01931828521586005,-0.022624034527232308,-0.017865091933375654,-0.02307739130925493,-0.001098069069441445,-0.013388610447443102,0.05442227338579316,0.0022649515586751143,-0.027727325809805532,-0.022857758593696688,-0.019501936658112874,-0.01513083493252615
PRO_001090,SUP_0078,0.020722709656904453,0.23552360631934427,0.33725230164766873,-0.025056357039248262,-0.006467287826856316,0.06028265976247888,-0.12118920473006398,-0.06607132824172615,-0.06400913228707295,-0.054912265849104434,0.02839070274093161,-0.05675122544800726,0.2660627308964532,0.047168262878963925,-0.16468673666620995,0.3074350841953507,-0.03439433968743117,-0.0531052794172241,-0.24564362912432303,-0.1738517578085048,-0.13833383579871433,0.007795386432929995,0.028900379197667306,0.06289356510645597,0.01581493850308044,0.06233829576129228,-0.02866040424022807,0.045552032342463855,0.06979200076689272,0.039764084129794076,0.007376234844951382,-0.029987577471508965,-0.001481326709832007,0.03114299895750306,-0.019828327261639474,-0.0018213816731952523,-0.03694187888068477,-0.047963275460832844,0.028160228514654852,0.0013369848425659827,-0.04288660530981091,-0.0122541991355348,-0.034955306258760796,-0.08246508620879676,0.005646166882538795,-0.007176379845279764,0.031134174031861375,0.007393246322444108,-0.008494547017196562,0.007144134173499277
PRO_001184,SUP_0079,0.054713114177246926,0.03275801446871885,0.033084113805107784,0.015451765997543911,0.014040684497701437,0.004853440490741857,0.12457761672278783,-0.049569530304038885,-0.07267189462303239,-0.056018408891335816,0.018694510492582368,0.06736360601723684,0.02862729659473086,-0.03669519557344773,-0.04089852118801805,-0.004279771589423512,-0.04660580320970238,0.042673428941389556,0.03027516504127805,-0.049933880094875614,0.03275238034499631,-0.06937455176480864,0.02525377897940151,-0.07221978883222516,0.054035601264316904,-0.019969511926306468,-0.03123313755858588,0.006590340815703965,-0.0193550388135093,-0.03477875574154578,-0.06919963757017379,0.022363377151664848,-0.028705949970786414,-0.05034709255715582,0.007554759521818841,0.020042795857745377,0.01122531550535134,0.02892808527448043,0.06057137549865443,-0.02716339348520049,0.0741130196761899,-0.02495464449964632,-0.007270080518467784,0.021217801831067626,-0.06675417278887372,-0.04787040339153555,-0.00034938328383022136,-0.028879243234143655,-0.028522710094268842,0.03421468743981914
PRO_001188,SUP_0083,0.04863048935743824,0.04003840396499227,0.030130495495756176,0.03716954017322341,0.017162981878348072,0.011244047586912845,0.14711089800135332,-0.09689600822614074,-0.10513169904255121,-0.06820251863234694,0.016553868757774835,0.12262704604574015,0.014368398221153536,-0.0033926637812110748,-0.045688355929356196,-0.01418999192766513,-0.02538600267889547,-0.004708009576008584,0.02724907593416272,-0.016146011775562363,-0.008625361172655359,-0.05557717770780454,0.02157506049805036,-0.06965514838385345,-0.02160713974164892,-0.027879443073622646,0.04539727241443864,-0.030903658108017394,-0.024877058241858176,-0.030900019805028007,0.0008774540894007747,0.013654823994988435,-0.024326495212407664,-0.0063265142180006975,-0.02876755978240245,0.041109815852138895,-0.008916718857658958,0.04512959500765373,-0.0025473277098794524,-0.04102521178702481,0.109514457320601,-0.02632073663022027,-0.029350072564973885,0.01301671833633904,-0.05473646956713146,-0.12298065159078918,-0.06590080963931047,0.07323729626313706,-0.025383773064311412,0.0047103399918460775
PRO_001189,SUP_0084,0.037987401141892356,0.052181317616818844,0.041174062885570246,0.033526971303326464,0.05163401406108586,0.02660481932708031,0.1589287699140417,-0.12627592645354627,-0.13351327198300583,-0.10225638325391638,0.03553727034009693,-0.020736646637482172,0.050023002984793605,-0.09767963968562224,-0.08950570256419882,0.019149136556201717,-0.04158410081705959,0.0730548213779451,-0.01795074719765741,-0.06223499212131541,0.020906501970902203,-0.1028053120788909,-0.058951824154457745,-0.1310014797151623,-0.046013752756856076,0.0025755338408868667,0.14319424339754439,-0.07313656276137176,0.004337072371569928,-0.016213010579870485,-0.001435287965313799,0.014988988715020725,-0.04284431172379024,-0.011723320724009115,-0.028477735707868303,0.014514651304798976,0.035283593280781206,0.0015477395053450425,-0.028231883124682663,0.04009535887145274,-0.004491706619057578,-0.028049102638796106,0.01320726538908322,-0.050391767593465864,0.07436644277062399,0.14231799539899603,0.028953831610909465,0.021619624936319366,0.029611314821676223,-0.014109098629006328
PRO_001190,SUP_0084,0.037972078382500905,0.06235291195843233,0.0564136689780967,0.04404510592992731,0.12845705256616544,0.007988078940859717,0.18918565224798392,-0.11215960394283848,-0.12677828621400428,-0.09410369900279827,0.041995411331795934,-0.0033003121860213157,0.020935620246444058,-0.06454279656517886,-0.09915636547713884,0.029986097173021416,-0.026827117115123672,0.06659329657177647,-0.010699004138967702,-0.01417053967223877,-0.005786865647707018,-0.0612618831161816,-0.015243684384975637,-0.11376370092685174,-0.04117259359383204,-0.005289750262010898,0.08065227630325214,-0.06794144773996158,-0.005643756710730392,-0.07699436317372145,0.02029961989921215,0.02690188408907339,-0.026574205490254507,0.009658568600932765,-0.039519499890459595,0.017644552027079315,0.00820802459551417,-0.015813240784517017,-0.07797896849510265,0.038756141143178754,-0.00396940218591843,-0.026812838552953848,0.009282744780595,-0.13332989142532722,0.1876576442783366,-0.001749549910871691,0.0013920045099995507,0.07756955957817739,0.039605208812806256,-0.013801985983562502
PRO_001191,SUP_0084,0.023315475191592026,0.07256494485854605,0.06198071591621641,0.029373801306607928,0.07566824205440721,-0.0003485298416601152,0.16882011367633798,-0.11808626131925237,-0.12173095559543773,-0.10349638388649524,0.04242964197101066,-0.006369107209622416,-0.0012511933376084968,-0.08240315102050934,-0.09718836160829664,0.008257678351473596,0.002254540714593051,0.03266545991310284,-0.018973342882430324,-0.04385648055045334,0.024251716188351414,-0.08746832520227092,-0.01133805760580579,-0.15663939886625605,-0.06683957480346743,-0.03480282442586281,0.09240161702853189,-0.12376820130834729,-0.03719885475340501,-0.09695790163082582,-0.0277681473929172,0.06682438455007116,-0.08585442672323143,-0.029569992041947466,-0.08430558423811768,-0.007959858414398798,0.059844797217063754,-0.031335340715762,-0.03469601893497884,0.11767880466372276,-0.033061724652889785,-0.0003583694715902048,0.021457443432694834,-0.10700983799163556,0.16916837461494472,0.2920071009498621,0.07521254164516135,-0.01128702583261424,0.14312876881481135,-0.05773648862124547
PRO_001192,SUP_0084,0.023149945848517917,0.05138784907094314,0.05533428536209923,0.050347857916623745,0.0457229041597678,0.020854232406629807,0.15326268860008704,-0.1335063363983995,-0.14379098053892272,-0.09137808008719144,0.050577558741990075,-0.03292688967987209,0.014948992729765912,-0.09500444407125627,-0.07037214184111991,-0.018276615198009116,-0.01528857948399213,0.033689052664711804,-0.02802590460032365,-0.059774147057177165,0.02173167698667707,-0.08251991796204029,-0.055170800035135616,-0.14213780318410146,-0.08292863674086473,-0.004477446885652215,0.14279074320258986,-0.0778281229361289,0.011009632022526177,0.010096798248494916,-0.02058939883736132,0.060792254308219135,-0.05243342336139542,0.0024668762947907016,-0.043327028653424374,-0.002388967977777255,0.07872744774426628,-0.0071967198140447525,0.008167506337608205,0.09900403433512976,-0.017716664095092108,0.033846194489288876,0.008303191100933976,-0.0659514290057441,0.08764500454160574,0.3204438627075268,0.0610502029922958,-0.01533605382062181,0.10096767628542136,-0.035102364916613955
PRO_001193,SUP_0084,0.07081324715119681,0.06072871001492212,0.05203452707263977,0.03761672425902959,0.08009826842176643,0.012903544050174723,0.1622112282973204,-0.12143908393057565,-0.1412819731750509,-0.1050343476677049,0.05281939136900813,0.004295963597880908,0.007244390002295677,-0.09204003525832304,-0.07973419760972932,-0.01916788016619302,-0.005065264204552669,0.05328444992717079,-0.03301507477440826,-0.03675262727051837,0.02856365246328545,-0.06644385766492625,-0.013967841617761075,-0.15777177155411232,-0.05598110163053537,-0.033449580451023427,0.1017855060105018,-0.12333678606240715,-0.05022484345451201,-0.11861710162987744,-0.06774033315267297,0.0689126885035996,-0.07916595752362329,-0.052927173064408195,-0.05593637780709407,-0.0015798454194471852,0.08590480615824524,-0.0010643346451742989,-0.023361540457460906,0.11259498450409923,0.007619888462077752,0.03486080507628018,0.01003959269786455,-0.055376208467297475,0.13518222679828337,0.29111002935316965,0.07668776009577706,0.037538869620033596,0.13603723313821864,-0.06853770254839578
PRO_001194,SUP_0084,0.03049096762058369,0.0772593629989692,0.057592688526437195,0.013178122891920614,0.02072717726331607,-0.005719202451366115,0.16299412341389516,-0.07016643073972775,-0.08408810571194665,-0.0610254489596736,-0.010437330161096058,-0.028590011143011965,-0.023655613315358967,-0.03097096003979414,-0.0580726066713969,0.008166276227514927,-0.013874252866643625,0.03195102795436408,-0.013189974089215496,-0.06760830127661152,0.02530737969468811,-0.07013909995960205,0.0030018891330479127,-0.06713087563495419,-0.0004893496275756365,-0.02125339724736807,0.04107231896831912,-0.057375047259074316,-0.022605015156319727,-0.024106117971764027,-0.04276348903662602,0.030511620292497665,-0.057120597112350444,-0.021121889089279085,-0.009308374206512966,-0.060952497823874435,0.047107422363535593,-0.039821982755606875,-0.026928888060067442,0.02227160735188858,-0.02420632615515674,0.060973517142585816,-9.917726008524955e-05,0.018098212096620957,0.00830055240309057,0.061430161031942127,0.009104764936158428,-0.03442767032451793,0.020454780963764248,-0.03310567982387674
PRO_001195,SUP_0084,0.02634403179081405,0.008514807951063588,0.009122905203498007,0.005580866380785806,0.007658478297653372,0.006213679442529425,0.03739274294015587,-0.03129831670033065,-0.03692089974875662,-0.024410536840189692,0.004582769072934598,0.03113951452894476,-0.0008582534773224203,-0.02086251039142823,-0.019831172246089636,-0.012974822446152067,-0.008711469625859848,0.029668253296780814,-0.00785899060909846,-0.02079092711707026,0.01893276854218015,-0.026431558938626438,0.001813691822443062,-0.055180889797432686,0.0017597993818449665,-0.013856443042714025,0.034325995742126324,-0.051183268996549874,-0.030340564782162027,-0.04444137867491427,-0.06511541126832497,0.04032966919767894,0.008423867348204453,-0.04154058450567629,0.004628038912074093,-0.028361030452364024,0.10755241118885348,0.005645926118948296,0.003319111423437491,0.05686285552707089,0.02981655310815149,0.04804186486052339,0.003324048508144215,0.017446175465880967,0.05203848521783277,0.11912459099581542,0.048848062786582803,0.0133869916984417,0.03843591391373513,-0.042137365776004125
PRO_001196,SUP_0084,0.04730054026623166,0.03022920776453509,0.03485562252839806,0.031730969913162634,0.035732162463158766,0.03728369031739248,0.15786148653656937,-0.15187562867416488,-0.03161992711229406,-0.059499758444257075,0.014925026870807004,0.0033378104948102397,0.005125798440914791,-0.1033071199141873,-0.04871417201184448,-0.025463920265268492,-0.0374573229417323,0.04816464617799481,0.003388068783235488,-0.06728351315027332,0.022085251017943102,-0.06344587887873032,0.01201436228280895,-0.08637605063092499,-0.0180920623612073,-0.005637523634907994,0.028872646769940242,-0.057148314913348056,-0.03205228806364076,-0.061927952837587105,-0.07549493290241072,0.04044691656558138,-0.047148230795805296,0.0035998841726138722,-0.004659790526309118,0.02338870358305175,0.049402356284917626,-0.004820846467980285,0.05209972180012447,0.02020712425767105,0.053567521125079835,-0.03063881924871734,-0.008696176653959652,-0.017807913295844725,0.013129384533166567,0.21254363270288754,-0.0011020796192130308,-0.019384815303618054,0.02500735370136736,0.06271359524698894
PRO_001197,SUP_0085,0.003788338951877006,0.01663412236499759,0.020803467840914587,0.01718745927299532,0.005935679078571005,0.024969964187508374,0.07290970444215056,-0.04011938529763091,-0.044791583283474753,0.010141203327277687,0.004793136503890016,0.0030053376887781693,0.011405532508315528,-0.050471295692590575,-0.02598674862298358,-0.03334460791867994,-0.008170672379688724,0.012808189390900513,0.07946711912143271,-0.0941612344597439,0.0791695302165835,-0.0860246820668808,0.102449272262149,-0.018503793053174095,0.15082619769555283,-0.013376428623760851,-0.23250916228800086,0.07601069348908972,0.026331497423313595,0.18954325714473835,-0.032231439089187575,-0.0984412160337172,0.027514714428770695,0.039075792526379084,0.014207615408027813,-0.07018989722378458,0.1068981266033625,-0.01027545457100968,-0.034881057342399976,0.05895445301421329,-0.06667173253758242,0.07809189356183437,0.00853053608429781,-0.0605662737352937,0.08162998972982982,0.04009446117781429,-0.019346273571006142,0.04032532695401694,0.07415108991666998,-0.10891960279419417
PRO_001198,SUP_0085,0.043960076493128365,0.015143550794065992,0.01112212413960803,0.029388874018906205,0.012819514384834502,0.014397267300708108,0.10098149565338874,-0.07031806280251715,-0.07839622425664765,-0.04015464503218032,0.01659400422041422,0.005027007912553457,0.02110676361948641,-0.06034299335737536,-0.02550802063551663,-0.052210270103751975,-0.010578203492854966,0.012803901391886665,0.06709722076686098,-0.09418278242434312,0.07446951633012494,-0.07986818737291831,0.09232554246336652,-0.021362435317218854,0.13819341250333997,-0.025975909696678658,-0.2376583479376539,0.04507736885102811,-0.012439411898593152,0.10966728277782928,-0.01133097441167608,-0.06766582211477003,-0.005982335115995541,0.08795381737929912,0.002137377949360958,-0.01916827409962566,-0.02170782652291409,0.06444978054645312,-0.04528260772863488,-0.004882543650184929,-0.06129211758273869,0.05247027295589218,-0.05517799633154992,-0.021876798064386725,0.030796229873261294,-0.01582509969893513,-0.0017782003908593874,0.0552893749267512,0.048878595075945615,-0.049185739271635304
PRO_001199,SUP_0085,0.04091950889426746,0.012515674247589216,0.009267749310616899,0.025595975779083176,0.021492201394564397,0.019858457551346367,0.08916364859529792,-0.0563443562899491,-0.07645445370482097,-0.026490417626404597,0.023477784411956037,0.025480243741234268,0.024710852363643673,-0.08481655679608,-0.04451975352511118,-0.06654672114544499,-0.00842121163768102,0.01178389649111125,0.10285559047363875,-0.12391494379859279,0.09017983310465126,-0.09377688087621008,0.13557924611942507,-0.012333556634914764,0.20926574803619669,-0.02785839090415081,-0.3349199563543217,0.09388994992125106,0.03135612297122508,0.20266543553142,-0.03289760015763166,-0.13257419726636685,0.014750401528053679,0.025579385681720065,0.020687039146251935,0.011800474992672285,0.022779878813549786,0.12042560274558288,-0.04263635162539009,0.009659618181927952,-0.0746211011438028,0.003905505360800355,-0.001695184379789619,0.012722328495540303,0.07343131529768719,-0.036578591395625436,-0.039891298323817444,0.07930049149455645,0.061466194160140396,-0.04109478632625516
PRO_001277,SUP_0092,0.0033462615187273377,0.044277087791505985,0.0074655563225303305,-0.0010433113406750438,0.003668848410042357,0.011779898939988376,0.008416649255568709,-0.030247204230102513,-0.03862850677728455,-0.03057242135004798,-0.10119047048380644,0.01680977018704125,-0.08878243732245379,-0.06891877241101657,-0.019552944057184444,-0.022669355945416206,-0.014617409157940691,0.03126674921208595,-0.0932688477594232,-0.12157180343978108,0.031478659417227856,-0.017631702284611833,-0.016769423003163066,0.029573764426939236,0.0006697443082171041,-0.02648080342306594,-0.01061572051211013,-0.03189016918252603,-0.045141144896010635,-0.04392021580154887,-0.003305719804018505,0.024694117625991538,-0.06402848299409146,-0.03228599404874434,-0.01417511286488286,-0.09169181361218878,-0.07589012729731492,0.039411123833712786,-0.039770975327885656,-0.10585741525888315,-0.10080866793094007,0.03697682534957307,-0.00391573734453096,0.1972242232933702,-0.05964127442943302,0.060667606090269985,-0.10503463036083345,0.003343790185089358,-0.031120617218949896,0.05230535531549982
PRO_001296,SUP_0097,0.03650881313030269,0.02184147836174698,0.029016871572675344,0.016745321295977434,0.006532170769356631,0.018790909605270818,0.0813117523857311,-0.0157959982286546,-0.04193054335552302,-0.02705077573511451,-0.02310735505447194,0.014694536245187677,-0.0015357693877858139,-0.05102464874379188,-0.03412451381114707,-0.033216113923715034,-0.039431518464891874,0.011655059330711766,0.00859765244935939,-0.06285986074392787,0.02794444048050794,-0.011287933057948743,0.010899652056529846,-0.016957181398085854,0.011789454637420054,-0.046500925079510105,-0.010648474345175577,0.019427565768762447,-0.016736711070267214,-0.020377445393908858,-0.05790342160620783,0.009056263353202846,0.001384447855985232,-0.021190127030711183,-0.020995309382118296,0.03686722765793944,0.004791708476228242,0.005017093290911659,0.023808930713912175,-0.05766078880418467,-0.023055613128651165,-0.03492667776266563,-6.508674476604897e-06,0.09137460118258607,-0.05925943075185665,-0.011357117674994265,-0.06476847993275374,-0.010003362259889261,-0.02401515425728398,0.06605058645458974
PRO_001314,SUP_0100,0.005966633668564982,0.04685179384810054,0.021979499536718464,-0.0005888845210156178,0.003325621759059136,0.004238632493151446,0.029243114059355285,-0.04192896815650174,0.009540684399901253,-0.010721785812845403,-0.011141678652240826,0.0036500697217396274,0.0071519797481813755,-0.029784743986255528,-0.028198988603387688,0.03193879756699342,-0.008197126867079437,0.005376800882568357,0.006756116495375804,-0.02576400495387718,0.01188818878887472,-0.00830238136823938,0.0007469300843340425,-0.023702125249528496,0.01656048945825765,0.008690605664685042,0.018443369070013933,-0.028546275661864667,0.005632031198906735,-0.03104919645632575,-0.04623256372860955,0.03737354322701942,0.042179887018278864,-0.005721872825679777,-0.01397875958857503,-0.06657308412481007,0.11321284265342048,-0.01171500312361655,0.015527062345977975,0.07189548434681647,-0.06152347550958253,-0.01744964630613108,-0.006585458002688667,0.006807004763307697,0.04504880397188206,-0.06018605929968344,-0.012811666114866019,-0.11193025750453402,-0.05639946579400747,0.02625643462823899
PRO_001315,SUP_0100,0.0050527484294953925,0.04592005864794355,0.001638818406324715,0.014067465707161785,0.00269410575113159,0.029343634916381735,0.039672842315170556,-0.03398914234993551,-0.019441249686544728,0.018761911190119808,0.01273250702706491,0.00646357229488589,0.024823688399244176,-0.03784502807640995,-0.027794887420841033,-0.013909547181057086,0.0028908093279859264,0.048185983893628305,0.006505985185890963,-0.029520367290617557,0.057785318010949174,-0.006567363442225821,-1.4063765943535082e-05,0.002834576567443076,0.03338342399961866,-0.0003255043908703926,0.023329838200707914,-0.006123947663865889,-0.00556798781847135,0.017999911849879948,-0.0486837672265995,0.04022234974256511,0.08411252067046776,-0.01603012614593231,0.0762540363502365,-0.11598058136890702,0.18785609434240877,-0.043494301854135387,0.02380320291177602,0.09010990391784536,-0.0169941182397594,0.06816883636843815,0.07408476163641267,0.057971023270659554,0.08174131875651962,0.05752922776993067,0.07203654739685392,-0.03846283973658044,-0.06605000553621616,0.006410765946049899
PRO_001323,SUP_0104,0.02339253476227036,0.03346865090475618,0.07541658836038581,0.4374301930443009,-0.09771239109495769,-0.051016345369768956,-0.024654580850331197,0.02505701719942491,0.025551039431655168,-0.004409073343827379,-0.014947827070327598,-0.005998172345058381,-0.024786438200623425,-0.000811776605570207,0.01195104547960557,0.024055842951776867,0.1375492878437614,0.1076979850917908,0.12294914156707225,-0.09902483249322185,-0.037250534071747214,0.06275520436513561,-0.0024216113281948803,0.01647871801606579,-0.01995877747197593,-0.003650017262154661,0.014710948812831338,0.007727470121244324,0.008613712255607552,0.016218546256759843,0.019925057006038253,-0.02992818199399597,-0.017447947942311953,0.01391030602031095,0.0023493358451175117,0.001466823013472885,0.028200103644413776,-0.020868761657766778,-0.02321898841238631,0.06619998872909667,0.0011976326961463206,0.031778742267738136,0.01246333237438801,0.015028801740886007,-0.03893845443982254,-0.01202397714269223,-0.06463329510749223,0.019702142340200388,0.02475111352673965,-0.019051666880530598
PRO_001481,SUP_0113,0.026194628282050422,0.023437429169643385,0.025988883733004505,0.048187790231429356,0.10449683538877194,0.018007408276277666,0.14514063966601715,-0.10849783877437177,-0.13012957596975094,-0.08748743763752213,0.04340354209485335,0.0629014599960571,0.0034124952775763644,-0.08135048681623995,0.00858622787039716,-0.018778019835411202,0.05873213713164318,-0.031927971132301676,0.0015588551108891753,0.022431203573779146,-0.01102872371437905,0.004874044540662956,0.020368146428925378,-0.020734435142807338,0.006533576591014235,0.04137694445080799,-0.09420061686214998,0.0021391121620415667,-0.10063493880849779,-0.12816788675437393,0.6373086859034145,0.15798674189087603,0.26011332358093514,0.012083733003963692,-0.021941237307670815,-0.029943268954868277,0.052222219191293516,0.03941420793590786,0.12367254010025962,-0.07658076176469757,-0.00047782104690295447,-0.05276945815548639,-0.04706954396092664,-0.015300607118623067,-0.031895337401647225,0.03225618301182592,0.04213455482925118,-0.012411564515175914,0.015600146595405736,0.03236062197724685
PRO_001482,SUP_0113,0.0018995694186390959,0.00462076494137888,0.007758848836506862,0.012536458831137413,0.01617616794144263,0.008640324940343835,0.058830855423533925,-0.04443714936278573,-0.05348732458156209,-0.03279305360562174,0.01579842373030959,0.07492174973028305,0.011098813228245748,-0.04662517440277401,0.01969281929859847,-0.003833186391838321,0.06635439212686559,-0.061826614569245014,0.0023634254252133434,0.01670546240795493,-0.01423578658439828,0.009003045909547347,0.0280959487687742,0.018497943617435494,0.015141646991101014,0.05093254427386736,-0.11020175144760636,0.0320436386972374,-0.08768553877002312,-0.0998998346276454,0.7194035169236661,0.16182152522291401,0.3094015492335962,-0.0061292448656950355,-0.0332624965450425,-0.05685192368331838,0.11552017849187765,0.052026978216618176,0.18340380323160252,-0.114791776945145,-0.007711139470027701,-0.06070682402317833,-0.03303226704610337,0.0054321646124373905,-0.05224572776846847,0.05725190659777623,0.056245473452480536,-0.03022666018264211,-0.0003341554631776291,0.035730357543158744
PRO_001483,SUP_0113,0.001896497396530934,0.004473661899738499,0.007597512022000277,0.012616389794094018,0.01705087985120618,0.00855101842162839,0.059295416566225924,-0.04497436239984769,-0.05435956916883269,-0.03367016325391429,0.016426106114126867,0.0737106207933531,0.010839763660993994,-0.04757242353104594,0.019288789525596144,-0.004452117240773034,0.06605663524066854,-0.06100222168197633,0.0022568475630606426,0.017139755725112744,-0.014285352487072486,0.008508200429484537,0.028185412723273334,0.017247895314762257,0.015267163232014689,0.051763881220856636,-0.11208295239840553,0.031654915181386474,-0.09054319418966084,-0.10443501949464283,0.7383186002610789,0.16726282950700067,0.3177198032242224,-0.005601922383213027,-0.03403234259528875,-0.05795029127815604,0.11751856518511526,0.05415125706647858,0.18869072522408942,-0.11754623355263986,-0.007919782021436006,-0.06282547705422335,-0.03533762423105934,0.005161801931287777,-0.05401055602373017,0.058448619224512534,0.05799628125132485,-0.030466771025090836,0.0007304971012059244,0.03769936154802265
PRO_001633,SUP_0115,0.01427216233469953,0.045525758975842434,0.033574335947752124,0.17836656958839858,-0.028583717382474158,0.007348972948244109,0.06942502177638159,-0.05881802448213922,-0.05891982267403036,0.10992271509258901,0.00026604878209856984,-0.012009563527875109,-0.007989178658687824,-0.015179793556296844,-0.01652416818004064,-0.028724947406559703,-0.021648923360526096,-0.021005482138184622,0.027930576852514693,-0.047869286468381254,-0.023135210199282826,0.0398187045359742,-0.06189451144981882,-0.03309351841560771,-0.02311012495784923,0.013862131595839785,0.007290024314618991,-0.012845206936655229,-0.004206335222721877,0.008992808230446202,0.028076377496494043,0.007344758399821311,-0.022365304739600442,0.0288075475716755,0.029455522597404284,0.03945846559801454,0.05917688532529439,0.022761421283676826,-0.013092794695710208,0.03004454315043448,0.00961476967106354,0.05713339888102228,0.026465290848847037,0.03160908949368463,-0.022917500124646117,0.007172687051367271,0.009320398370907437,-0.033157909917322745,0.03373865096208062,-0.022615819277
PRO_001637,SUP_0117,0.9881461115841432,-0.0538060393258135,-0.01212511560915909,-0.009180456731631446,-0.0032706810956016756,-0.00702418619624323,-0.0197624584882577,0.010087217099608749,0.012977654989470878,0.00787417154371628,-0.0032742568611799617,-0.005022291294981676,-0.003950571534472381,0.001274448016099449,0.005917937262742025,0.005024876371469263,0.004268585738535418,-0.0014431647076794322,-0.004173763945170937,0.003613745631739953,-0.0051309937165533925,0.0015656272222663726,0.0011996344575042226,0.0026918975213502455,-0.003610058442385843,0.004274575568835401,0.0005830216895239664,-0.0009161153779364365,0.0009599497193021468,0.0020958634951957285,0.003237793651263538,-0.0015094176750775708,0.000731444119188596,0.0012841333375175408,-0.002206772273089342,-0.0023543410635929072,-0.0017066002896021844,-0.002434902384594444,0.0010768238341099577,0.0031043304803423976,-0.001016903884493381,0.0018351315698924028,0.0018022544369981934,-0.002029655062028197,0.003351226458133145,0.0009911002241707045,0.0028620150342250914,0.003195083138668895,-0.0006822780103483221,-0.0017376740590739053
PRO_001638,SUP_0117,0.9298652451593347,-0.04213590329782641,-0.005137398976556999,-0.0017297955671482736,-0.0037461815927780926,-0.007874364936405464,-0.00738853897144809,0.005926747578045205,0.010274803142335136,0.008517920104252424,-0.0019415771312405981,-0.006514635269970871,-0.0040134396952146425,0.0053047688467469725,0.001437307268477828,0.0014897726865446216,-0.005595212961663265,-0.008091817509669974,0.007102046729574145,-0.001337749858361219,-0.010065137878073041,0.005933660709060891,0.0019007239772143912,0.005511343186561042,0.00031177390371323716,-0.0008227381483664263,-0.0077532698290628515,0.0017270031073799584,0.002737704962563281,0.004689947686563404,-0.00380535898851194,-0.007053153326003645,0.0028710279521007454,0.0010283376467980427,-0.00600018962381897,-0.0013051678466731588,0.010853228685646352,-0.007275596709977478,0.003784642068936631,-0.004636288867111369,-0.005598763758398417,0.006645039182368323,0.004317602377071349,0.0020940804865248936,-0.006939644011835598,-0.006990414968343182,-0.006073192264085602,-0.013526252974939559,0.0011717124032045762,0.011024009928795995
PRO_001639,SUP_0117,0.9912956808596995,-0.05398469664413471,-0.012194510410046289,-0.009364709638480863,-0.0032862851361838436,-0.007191541309596191,-0.02010010623314004,0.010357824674009869,0.013312251958658873,0.007976915188856739,-0.003293145760377515,-0.005154581878017665,-0.0044863819585807116,0.003076880349320577,0.0035808774297741764,0.004083063086366389,0.004077884179161989,-0.0011518275586548067,-0.006012801105548541,0.004835031312688348,-0.004795623076198283,0.0015547299546469935,-0.002298617038304158,0.000664061666584251,-0.0018083352537075989,0.0030796426574052622,-0.0007568245954838835,-0.001160305570898062,0.0008170413818974568,0.0017951704119124185,0.003361182686600752,-0.0008569664682797496,0.001038340555470172,0.001212281210695876,-0.0028396117765598014,-0.0016519177438978475,-0.0022332680529527733,-0.0029505906107865198,0.000510948586302409,0.0035158358759594566,-0.0021810217705244173,0.002326746852851015,0.0008342381719881262,0.00023167291763500318,0.001786909113471474,0.0020001349405468997,0.0017623343005877272,0.0028511157435962163,-5.28300412196133e-05,-0.0016116675773848559
PRO_001640,SUP_0117,0.984074805525754,-0.05060722471113897,-0.01177763294465183,-0.008701634963382904,-0.0041447501615443335,-0.004753842975056482,-0.022944049945512506,0.012260752395886145,0.018448123463308264,0.012756871366205177,-0.005812625877553274,0.00044506466099070846,-0.002071348896280173,0.001732891347720561,0.002325738714514881,0.004664797570575205,0.0044578020084655185,-0.0019070434687802804,-0.005751674760122806,0.0045985356779515915,-0.003967433549567242,0.002268595296642293,-0.003839664697520729,0.0006079824703820323,-0.006004843413596658,0.003735702240967357,0.005022088659562471,-0.002626385079074624,0.00187031653406573,0.0017848491056092733,0.0032753597465552038,-4.627567220922074e-05,0.0034775726672514207,0.0018292971850396634,-0.00570154415509728,-0.004040100512376285,0.0014654302668312483,-0.0008496379586298418,0.002781867135350741,0.0024630855005223023,-0.002720069640425968,0.0038070049594079135,0.0018139791387890487,-0.0008035026896125422,0.0027325336311511605,-7.249857300647175e-05,0.0007153555476674137,0.0016318374108490693,0.0021950236981760963,0.0014507813892073946
PRO_001641,SUP_0117,0.995115562947186,-0.054190180396780877,-0.01224052429414538,-0.00939634427459754,-0.003302716361218227,-0.007218010237561872,-0.02019457703870767,0.010402378525703587,0.0133857857668447,0.008020451770950067,-0.003279749666945401,-0.005180322604974483,-0.004502914937934943,0.0031799740059258743,0.0035832053293271076,0.004065849084415133,0.004071329928905014,-0.0012155387929556614,-0.005963196500448828,0.0049269051293147435,-0.004825241184120851,0.001613034164719474,-0.002316627692061009,0.0007529789572726603,-0.0017426137359545504,0.0031221359216476205,-0.0008540729158593236,-0.0010203012613381264,0.0009343176449436025,0.001993133590325382,0.0032362458289718525,-0.0010998076559648926,0.0009376825331831607,0.001204106441338968,-0.0021983870425101052,-0.0016235148102903933,-0.0017519470485713967,-0.0024620577063971943,-1.860923611873627e-05,0.0025518212937946424,-0.001538758278322804,0.002044034904159815,0.0009165487915298738,-0.0007087020863643793,0.002358771435419425,0.001601517143281325,0.0015706058668708616,0.0015101320624388375,0.001056392995071219,-0.0012124513969168824
PRO_001642,SUP_0117,0.995115562947186,-0.054190180396780877,-0.01224052429414538,-0.00939634427459754,-0.003302716361218227,-0.007218010237561872,-0.02019457703870767,0.010402378525703587,0.0133857857668447,0.008020451770950067,-0.003279749666945401,-0.005180322604974483,-0.004502914937934943,0.0031799740059258743,0.0035832053293271076,0.004065849084415133,0.004071329928905014,-0.0012155387929556614,-0.005963196500448828,0.0049269051293147435,-0.004825241184120851,0.001613034164719474,-0.002316627692061009,0.0007529789572726603,-0.0017426137359545504,0.0031221359216476205,-0.0008540729158593236,-0.0010203012613381264,0.0009343176449436025,0.001993133590325382,0.0032362458289718525,-0.0010998076559648926,0.0009376825331831607,0.001204106441338968,-0.0021983870425101052,-0.0016235148102903933,-0.0017519470485713967,-0.0024620577063971943,-1.860923611873627e-05,0.0025518212937946424,-0.001538758278322804,0.002044034904159815,0.0009165487915298738,-0.0007087020863643793,0.002358771435419425,0.001601517143281325,0.0015706058668708616,0.0015101320624388375,0.001056392995071219,-0.0012124513969168824
PRO_001643,SUP_0117,0.983812076050086,-0.05387632503652306,-0.012384523290643613,-0.009040050612056321,-0.003295753795680067,-0.0072642381646295185,-0.01958252541224417,0.009857014376180261,0.012901530127009874,0.008053839625589414,-0.0020120169072085233,-0.004487312494799695,-0.004339516947684937,0.003264116991262049,0.003974568246943042,0.0027823280863135446,0.003935767833696871,-0.0010862438974760268,-0.00419515355923229,0.005453898382425645,-0.004022578585031737,0.0013757196613620251,-0.001795594207352384,0.0007496945253554929,-0.0011087799587393408,0.002242723266008071,-0.0015222272990669478,-0.0004885054304469687,0.0007237027693492307,0.002454506983070469,0.0025207311517038526,-0.0012000098234614027,0.000733029513393213,0.001103670865111218,-0.0004828956249465794,-0.00103322406773982,-0.000521490908256662,-0.0007166742764897446,0.00019730757253696605,0.0006579420079929745,-0.000725599227143457,0.0017484494980281292,0.0006929499384730577,0.0002671633907231543,0.0029387086120776645,0.0013298385362082701,0.003240185619178622,-0.001094998527346627,0.0036593165819035042,0.0006876810486086493
PRO_001644,SUP_0117,0.995115562947186,-0.054190180396780877,-0.01224052429414538,-0.00939634427459754,-0.003302716361218227,-0.007218010237561872,-0.02019457703870767,0.010402378525703587,0.0133857857668447,0.008020451770950067,-0.003279749666945401,-0.005180322604974483,-0.004502914937934943,0.0031799740059258743,0.0035832053293271076,0.004065849084415133,0.004071329928905014,-0.0012155387929556614,-0.005963196500448828,0.0049269051293147435,-0.004825241184120851,0.001613034164719474,-0.002316627692061009,0.0007529789572726603,-0.0017426137359545504,0.0031221359216476205,-0.0008540729158593236,-0.0010203012613381264,0.0009343176449436025,0.001993133590325382,0.0032362458289718525,-0.0010998076559648926,0.0009376825331831607,0.001204106441338968,-0.0021983870425101052,-0.0016235148102903933,-0.0017519470485713967,-0.0024620577063971943,-1.860923611873627e-05,0.0025518212937946424,-0.001538758278322804,0.002044034904159815,0.0009165487915298738,-0.0007087020863643793,0.002358771435419425,0.001601517143281325,0.0015706058668708616,0.0015101320624388375,0.001056392995071219,-0.0012124513969168824
PRO_001645,SUP_0117,0.9921483574102447,-0.05381890645975349,-0.012181258048703417,-0.009237431675102247,-0.0032578942226733675,-0.006530005389926302,-0.019712568049124912,0.010031424401976064,0.013205111059034052,0.007834157141282577,-0.003679838149720728,-0.005156953238060568,-0.004849590309532422,0.002808711314515759,0.003444963825217765,0.004060240186993233,0.004010051316832396,-0.0010378287507197513,-0.005931884533995701,0.00429875522810719,-0.004178604229808193,0.0013710531480961446,-0.002365304910610966,0.0008610088527601129,-0.0012629313801049498,0.0030879553334306445,-0.0005250951605286651,-0.0010445451346080103,0.001213175806137071,0.002067884408739098,0.0024180701051916384,-0.0010791599780749293,0.002313760882618159,0.0007903465141525286,-0.0022980012412572113,-0.002619613829013446,-0.0021446438706947133,-0.002633756763281019,3.2369065782026935e-06,0.0018729058178720936,-0.0022678702749349233,0.0027573230670080813,0.0013052881172265997,-0.0005959792932971591,0.002835408173503199,0.0010459246075350246,0.002001130080594036,0.0010215182416918502,0.0021920549233348727,-0.00019315765568977305
PRO_001646,SUP_0117,0.9914104982003794,-0.0543084045858074,-0.01243743657503164,-0.009215631557162039,-0.003332138458866437,-0.007343145038179563,-0.02007255158468114,0.010033503839729119,0.01330394091899789,0.008086901038354704,-0.002229314286733788,-0.00488421109652959,-0.004558066796721319,0.0034586336891574555,0.003791291556673414,0.0030894403402019705,0.004055526583108716,-0.001330269384866932,-0.004023050199690727,0.0059271095461735975,-0.004379118630306144,0.0012229821479581902,-0.002511565941284175,0.0005453185557856707,-0.002071237160535107,0.002559184457375333,-0.0003458678351824754,-0.0005590736727099975,0.0008165849068058473,0.0031878629493687603,0.00355712798739881,-0.0016228307837843087,0.0002885396800508171,0.001283345384690725,-0.0011071141790998933,-0.0004895132957918842,-0.0017748290446482915,-0.0013801645027051686,-0.0011197004048636564,0.0005837707681363082,1.4634146086178875e-05,0.0014209941145676137,0.0019697533412426057,-0.0001472730852139809,0.002774544795085033,0.0016191130644479892,0.0021552603479914377,-0.0015272769048353806,0.0028937546118127473,0.0015475149764981413
PRO_001647,SUP_0117,0.995115562947186,-0.054190180396780877,-0.01224052429414538,-0.00939634427459754,-0.003302716361218227,-0.007218010237561872,-0.02019457703870767,0.010402378525703587,0.0133857857668447,0.008020451770950067,-0.003279749666945401,-0.005180322604974483,-0.004502914937934943,0.0031799740059258743,0.0035832053293271076,0.004065849084415133,0.004071329928905014,-0.0012155387929556614,-0.005963196500448828,0.0049269051293147435,-0.004825241184120851,0.001613034164719474,-0.002316627692061009,0.0007529789572726603,-0.0017426137359545504,0.0031221359216476205,-0.0008540729158593236,-0.0010203012613381264,0.0009343176449436025,0.001993133590325382,0.0032362458289718525,-0.0010998076559648926,0.0009376825331831607,0.001204106441338968,-0.0021983870425101052,-0.0016235148102903933,-0.0017519470485713967,-0.0024620577063971943,-1.860923611873627e-05,0.0025518212937946424,-0.001538758278322804,0.002044034904159815,0.0009165487915298738,-0.0007087020863643793,0.002358771435419425,0.001601517143281325,0.0015706058668708616,0.0015101320624388375,0.001056392995071219,-0.0012124513969168824
PRO_001648,SUP_0117,0.9764905024018002,-0.053022814955174066,-0.009943411122897773,-0.007906194402331035,-0.0032129588771656814,-0.008054809111736137,-0.01457299279971421,0.011549594489383053,0.012771389301008362,0.008271739604152638,-0.0027143640459797408,-0.004400806677409663,-0.003812940548138699,0.001034487388528849,0.00229876821710352,0.0011964662780421117,0.0015745245431060303,-0.0026582075290911065,-0.0015349512508555947,0.0034076185971791437,-0.004780999174484448,0.0019310516858636409,-0.0007494135928112944,0.0009643874262600945,-0.0001269303693318056,0.00010740726043303008,-0.002732578142136444,7.312305122717427e-05,0.0010810707599580678,0.0024833216083459215,0.0006586466641196847,-0.0016094746488394935,0.0006960581596647489,0.00044271110470353093,-0.0006694837227481868,0.00042467616025033896,0.0014360961528791692,-0.0021773247126506863,0.0015604447406202431,-0.00011476198628701377,-0.0011790391998057555,-0.0002595791767246008,0.001517317891339765,0.0006513671829970857,0.00027816027646819573,0.0030648313769770855,0.0008347462352385047,-0.00500191631639745,0.002043531998952686,0.005218876473734105
PRO_001649,SUP_0117,0.9923448941311687,-0.05361338503690264,-0.01291456895585973,-0.00916081843123968,-0.0033567817212312528,-0.007698282268840678,-0.019796119378092208,0.01028139791605063,0.01345375542463672,0.00824752185900968,-0.0023260343748438546,-0.004923083122725449,-0.0030399533944343313,0.003987246656748156,0.0044885679782755575,0.0018171694116851495,0.003960288380251946,-0.0011077748584111648,-0.003774975434849855,0.00552948518371784,-0.004590985048226043,0.0007763162200507332,-0.0027611929885770366,0.001595725218316737,-0.0015438807810445204,0.0031133943735219176,-0.0016694887835548775,-0.0011849481252769732,0.0014825385389287096,0.002027791309116618,0.00230874659798206,-0.0018003999629204416,-0.0013590464032356751,0.006050173025367744,-0.0012263592374938998,-0.003257729079134552,-0.0008815477692687937,-0.0008423313446383007,0.0015800501524691026,0.0007605467222917641,0.0023397413289049625,0.0007068285642928157,0.002430761710306327,-0.0009656731335005568,0.0018852264620885682,0.0016929974385241418,0.001520529455674719,-0.001889095921737856,0.001824587581509581,0.0013961031051171423
PRO_001650,SUP_0117,0.9923184918586211,-0.05399066559277257,-0.012151175929060657,-0.009290812315894171,-0.003241937723158617,-0.007152624145430713,-0.01965840171961971,0.010066813880083365,0.012930608940889739,0.007816766432450217,-0.0032842756828770437,-0.00497787988272113,-0.004448556913632943,0.002820753193974326,0.003419612107619032,0.004029597225458976,0.004089144086033047,-0.0010335823670302047,-0.005954667787163336,0.004580157557344455,-0.004575812536663812,0.0012073615754499122,-0.0021999182292013523,0.00022832423857182675,-0.0018415219665278853,0.0028089330248579963,-0.0007220317362263038,-0.0015047268379882613,0.0005201925302174646,0.0014297044682229064,0.0034844999883736523,-0.0003400723238746286,0.0010688050321244365,0.0015470861067815433,-0.00379639540133551,-0.001390688746066245,-0.0029024269224760995,-0.0034057129985271247,0.0013497836780378978,0.005186975554365645,-0.0029286189738470165,0.002773824886480337,0.0004616382131127115,0.0021019857753317513,0.0006245833141501165,0.0024031075005157727,0.002239650482656062,0.005191056720304618,-0.002020776791958851,-0.0017057015997026918
PRO_001651,SUP_0117,0.992029469026759,-0.05398484578176119,-0.012133305038349688,-0.009082466021367027,-0.0032932871258048533,-0.007182148537774285,-0.01953525211922244,0.010036760151515601,0.012962406360369475,0.007730798436640233,-0.0031917486134977364,-0.0041326704829275605,-0.004459437655922944,0.0033370575802022496,0.003454748482145846,0.003896348610655758,0.0034401882331276815,-0.0018170679827364047,-0.00468902367590438,0.003640036805387831,-0.0050155647414487645,0.001957424547399798,-0.0003745064419813642,0.0017684473644502584,-0.0022496587877047173,0.0033164319689194814,-0.0007072377655744865,-0.001237901013223361,0.001009266745968641,0.0013407365768148723,0.004154319873839254,-0.000798338397208901,0.0019132987958684943,0.001315235742557831,-0.0028914013178210443,-0.0011997792283856832,-0.0008919054550660159,-0.001850379377958267,0.00017713325973577596,0.0025988163472702402,-0.001118760123783688,0.0021785446422551103,0.000454525069330656,-0.0002384204146615239,0.0012272579771960906,0.0015161553966394484,0.0001672892198968896,0.0017618468241782528,0.0012425085198703872,-0.0003255402950351211
PRO_001652,SUP_0117,0.9949027360628125,-0.05458819279073554,-0.01253007922492834,-0.009269605193739058,-0.003371821784169938,-0.007446882096936825,-0.020359535376181154,0.010399409616615478,0.013597396325738937,0.008352265159230432,-0.0021805101314522892,-0.004977207456329422,-0.004640242401728226,0.0036240893438196455,0.004152795033689082,0.0030823241826727476,0.004134272945799894,-0.0015054601734538762,-0.0043449219005386045,0.005942911810467111,-0.004502415994375026,0.0017402279074989358,-0.0020817044791220105,0.00076308674095009,-0.0016343933258152902,0.0026935279877498045,-0.001209001983858313,-0.000560568983033767,0.0008622401030427784,0.0027331792329828375,0.0033690135635486332,-0.0015212873997133241,0.0001986736905082018,0.0014801229202767436,-0.001006572161971694,-0.0008002907529282658,-0.0013903163004465977,-0.001468480409139715,-0.0007000719421068732,0.0015172249587798,-0.00023931965057567015,0.0019180956128859675,0.001719718611873262,-0.0011947777742255371,0.0028488108337650486,0.002496772555592926,0.0023583433461259237,-0.0017030521887731655,0.002644939911467493,0.0002510539282038902
PRO_001653,SUP_0117,0.9123674524627201,-0.043716118726991875,-0.011349494273300703,-0.006766238935632061,-0.0019349835004737743,-0.003923426251837277,-0.010848178778294082,0.005786014472875167,0.007004095741008114,-0.001049640664308996,0.0009890589412608359,-0.0018960731289432882,0.003425441875745056,-0.004039872111146696,0.0024836713472386925,-0.0017523751216573383,0.0003304161707822568,0.0007996966678948635,0.0013647322812857044,-0.0014524762789227793,0.0035212182129942004,-0.0023722958579933656,0.0003256589649801673,0.0005662973226658943,-0.0010313925252402505,-0.002186335432629756,0.0010240510800906934,0.0023597230619323887,-0.0020555905214986797,-0.0002226773304493182,-0.002658902745748883,-0.0024709044065456664,0.00037885612386794575,0.0024482556620678535,0.003959442039822494,0.0068393876671394545,-0.0008528784535966651,0.00511106956960263,-0.0011029584609739888,-0.002041153969673984,0.0006772868688806281,0.0020460476814106315,-0.00012164759493329524,0.0028872160359362602,-0.0008385403253251232,0.0016463441877744706,0.002018804122776342,-0.0036821317236942104,-0.0042705051304483665,-0.002768867752782764
PRO_001654,SUP_0117,0.9829984271361069,-0.054046390135226274,-0.012025031091717944,-0.008960726765948378,-0.0032620274839208624,-0.0070479108776608035,-0.01953331965489162,0.009884857226931542,0.012921838283206281,0.007916989042493158,-0.00202130891669397,-0.004681742440589713,-0.004665172935641321,0.003335218292397924,0.0038062221318288045,0.003017111434656588,0.003844965277826187,-0.001460015393100346,-0.004133771773684534,0.005560786319548067,-0.004354615315831179,0.0014056657954526082,-0.0019435655956067971,0.0008403275805799893,-0.0012784190197788362,0.0026146884468146976,-0.001140661132355748,-0.0004584893403488208,0.000775019209175162,0.0025970299800457237,0.003084319613772145,-0.0015297648798286575,0.00018001697125740325,0.0014359754210928985,-0.0010183744249264361,-0.0005031190454547492,-0.0016476662813468914,-0.0014738612259749015,-0.0007396669000763042,0.0011367372588465346,-0.0001637756710092435,0.0021210224000070225,0.001451483518703787,-0.0009910960111037216,0.0029363956184614032,0.002105391973310515,0.0023315377292802376,-0.0018499492751093928,0.0022486113348196266,0.0005343932027225589
PRO_001655,SUP_0117,0.9854429175266026,-0.053259236109664924,-0.011523901705375487,-0.009507279074258225,-0.003295448385782189,-0.00695671721043406,-0.02056355695303095,0.009841873686367847,0.013616781618938,0.008044467725213111,-0.0032488944004235225,-0.005109276744689258,-0.004166875608948588,0.0035166378652292172,0.004405168906613267,0.0023317418214503266,0.004073830704330093,-0.00045982212325916343,-0.005392344063764329,0.005409706862922188,-0.0060475168124656045,-0.00035359574337637495,-0.003184969618864601,0.001935751203375843,-0.0023855232585974816,0.0024723903241298624,-0.001348213454727697,5.181515603799007e-05,0.0009292446101092913,0.0010114770297948686,0.003711367774458279,-0.0016899924901396194,0.0009452668811534453,-0.0005523931584104968,-0.0027419937692557137,-0.0006302769609262541,-0.0018343520611873363,-0.0024246826171540814,0.00042862195955001964,0.003658629808166942,-0.0018627471558704213,0.0025440812084583913,0.0010176647049522647,-0.001009290814687644,0.0029851608898481923,0.0016849794217081537,0.0020696046006173177,0.0014684279533435526,0.0014098878548363775,-0.0015912458562507515
PRO_001656,SUP_0117,0.9850834595595872,-0.053476746851560314,-0.011964501201180316,-0.009298004136584843,-0.0032407181445483777,-0.00712794622996261,-0.019400729185180515,0.010029020421713861,0.013355451545966339,0.007946464389224948,-0.003325757731343011,-0.005049914821588535,-0.004414582641759445,0.002661485153134719,0.003051090834980945,0.004367327854257962,0.0038869661612439916,-0.0009183333517634793,-0.005679934214653335,0.004437984106161214,-0.004445354689621248,0.0013816260514588807,-0.002302954302990593,0.000306130497144093,-0.001161115272438947,0.0031959010538668937,-0.0004106989552137755,-0.0018274368405644113,0.0007596473599733987,0.0016842443602676173,0.0022481504747788855,0.00010177154064528889,0.00203522744680284,0.0010710587189336485,-0.00223097632116486,-0.004254264887723597,0.0016184687762824572,-0.0035658249678399275,-0.00012078147050038858,0.004919984289875049,-0.003397887712133521,0.002536859472011687,0.0012853753997361492,0.00010347351155451357,0.004266458157690212,0.0012911551342521552,0.002037349893898606,-0.0019114206023855243,-0.0010121029680989122,-0.0001667742983278112
PRO_001657,SUP_0117,0.9084568754704465,-0.04610227805973309,-0.0069440631906753,-0.006045386875057385,-0.0016350726665704065,-0.0050969198141114225,-0.005133953621268096,0.00664029443970025,0.006106307376029511,-0.0004903789941393417,-0.0006488710329362836,-0.0009913545122621449,0.00019494169316285601,-0.005747062917025445,-0.0015194173748168697,-0.002363132169001687,-0.002835125736963655,0.0008044787278971661,0.0033901083363746705,-0.0035323921850059408,0.000953803409378641,-0.0030410629452319003,0.0019662400532430803,-0.0030990012327071744,0.0014412572040808232,-0.0032945874950289977,-0.0020687757809619324,-0.0007448601747697418,-0.0014494681222626353,-0.000944123593167294,-0.0022752896803844157,0.0006676714152002361,-0.000673051774305235,-0.0008521134240563949,0.001569869908194907,0.004403139044557682,0.0031594361995526017,0.0009335662940589693,0.0032583858354095505,-0.0032234151047639157,0.00210020792821862,-0.004588082970882244,-0.0016857695140571676,0.0021030094659585906,-0.00323391483605354,0.0024431953837210536,-0.0005026402292487757,-0.005816427860572145,-0.00011596117913198652,0.00547036201177376
PRO_001658,SUP_0117,0.9699968858133454,-0.05258986263457455,-0.009710557635000101,-0.007509248327741862,-0.0030130429359799117,-0.007975975485899383,-0.013570660494335817,0.01102879868842869,0.012007481109607334,0.008004311027038103,-0.0026763125370864284,-0.004239995678467308,-0.003709017348950961,0.00021535224263266681,0.0022001873456545078,0.0010224471453387058,0.000300004328138521,-0.001773877524130865,-0.0009629682063130043,0.0023452897336025272,-0.00437668097539001,0.001212760945848193,-0.0006462710509659412,-0.00021836576353073786,0.0007694505015526554,-0.0004494841012610156,-0.003576677816359552,-0.0004536747318697311,0.00029412303429183573,0.0012491142381122605,0.0005472604620199936,-0.0010949098725750014,0.000761631403178534,0.000718154477272471,-0.0011797009144256317,0.0003709842862881863,0.001844083395419823,-0.0022798295226029914,0.0016412313633418284,8.631137526934527e-05,-0.0018941609386556133,0.0001580231287469431,0.001530841087497274,0.0018029375479509543,-0.000481908343579263,0.003780515228714852,0.0007548354241527765,-0.004620657212396578,0.0018765760616700363,0.00598263862081166
PRO_001659,SUP_0117,0.9949027360628125,-0.05458819279073554,-0.01253007922492834,-0.009269605193739058,-0.003371821784169938,-0.007446882096936825,-0.020359535376181154,0.010399409616615478,0.013597396325738937,0.008352265159230432,-0.0021805101314522892,-0.004977207456329422,-0.004640242401728226,0.0036240893438196455,0.004152795033689082,0.0030823241826727476,0.004134272945799894,-0.0015054601734538762,-0.0043449219005386045,0.005942911810467111,-0.004502415994375026,0.0017402279074989358,-0.0020817044791220105,0.00076308674095009,-0.0016343933258152902,0.0026935279877498045,-0.001209001983858313,-0.000560568983033767,0.0008622401030427784,0.0027331792329828375,0.0033690135635486332,-0.0015212873997133241,0.0001986736905082018,0.0014801229202767436,-0.001006572161971694,-0.0008002907529282658,-0.0013903163004465977,-0.001468480409139715,-0.0007000719421068732,0.0015172249587798,-0.00023931965057567015,0.0019180956128859675,0.001719718611873262,-0.0011947777742255371,0.0028488108337650486,0.002496772555592926,0.0023583433461259237,-0.0017030521887731655,0.002644939911467493,0.0002510539282038902
PRO_001660,SUP_0117,0.9863959547014906,-0.053512626334082415,-0.011031897185922263,-0.008860358661958043,-0.0026125953742509754,-0.007161478596130014,-0.01706808407634388,0.0072334428424663914,0.010163816951178514,0.005743057001578183,-0.0007384233823705766,-0.007059974204809255,-0.005402174730883934,0.0030322446239725823,0.003929314214624622,0.0025147838047077428,0.004455806702700974,-0.0010114278297753158,-0.004303060788262605,0.005553949173117133,-0.003782968046257206,-2.044442414121173e-05,-0.0023231219033198486,-0.001509084183530136,-0.0022358960435732663,0.0026489513217202564,-0.0009502546598304842,-0.0021934973663397545,-0.001311064935532365,0.00015257257652400905,0.006467378187640143,0.0007402355163074093,0.0009244428360796748,0.0020530571789889613,-0.0015438716797314996,-0.0006753764856698376,0.00013038221277627963,-0.001757949228633116,0.000850106467624295,0.0019072650413474404,0.0005842862886415725,0.001887160306250894,0.0018018681791621988,-0.0031714150421197525,0.0012355040037066729,0.007049245213974235,0.002243188433801531,-0.0028737745322761554,0.005896020787979394,-0.0001787815832962341
PRO_001661,SUP_0118,0.09109953965025736,0.03245541891074914,0.0047448847309556445,0.01098397596576672,0.006421614444924672,0.03042653593615833,0.05822362739035773,-0.027532340421152796,-0.03125111405986293,-0.02410142407310998,-0.0029174523838318162,0.013114196031118786,0.014996903592586475,-0.04671395143506841,-0.022304226522388965,-0.04100080139796218,-0.0033222457083546177,0.03135223881815872,0.0035053454198711,-0.02398414838925161,0.07253108015497606,0.010856132759308202,-0.014082410506229926,-0.026813664691604743,0.003316627932235957,-0.011473839850453126,0.03065382316567941,0.02423112877100976,0.02319899996208328,0.006480461132906516,-0.011245047256891603,0.05926973275459085,-0.03983676848355545,-0.011485849552216047,0.035602061088578225,-0.021214622401631085,0.05066601351900251,0.07100553079176644,-0.00288315395562929,0.07636203416145547,-0.03300740326248619,-0.094937091670127,-0.0363247512272543,0.0031677453187529754,-0.020683190006190552,-0.08335873099013173,-0.031866571854504325,0.0028806446353689718,-0.04248219506690219,-0.0032618531810631696
PRO_001695,SUP_0121,0.04448058191681104,0.1709998021141244,0.2423959973258777,-0.02900639516241199,0.00761008336863318,-0.0012580095660565224,0.03076565090620459,-0.03823092337909059,-0.02795192518117861,-0.024940833131947514,0.04504895004360315,0.031908537134181014,0.05549375624397937,-0.03129710290605416,-0.04204847614029681,-0.009195694116721774,-0.01973696429623643,0.044065126822682335,-0.04449886772366956,-0.05084501382858825,0.011565778559976217,-0.004306900247476735,0.0182515236496571,-0.015172665368192714,0.024456107509584202,-0.03066428774370245,0.005633448266829767,-0.0048442951136072575,-0.030688914791288595,-0.05026251469928386,-0.06595142524280245,0.05143457519493517,-0.0014780569699522376,-0.06027044772705843,0.014634868372820273,-0.037817163916989555,0.017493482912952982,0.029931909489441407,0.05151134848644615,-0.019945611662917827,0.04866862292778486,0.04398097298657206,-0.011278639340408625,0.052753535409304886,-0.041442635140006255,-0.02938038656456291,0.012081592225714852,0.03292486987587357,0.011795366753480127,-0.0728699971904893
PRO_001696,SUP_0121,0.02047476305890466,0.2214789806811179,0.29926042510190043,-0.02071922920099905,-0.002857588668396643,0.053315860310274216,-0.10185484078877627,-0.07290193922822343,-0.06420453023233752,-0.058348595534534045,0.019832942373032143,-0.048928588954498184,0.2635835648830546,0.025656814725572824,-0.14375588218349078,0.28218015754910675,-0.03420196830855972,-0.044547922195913636,-0.2515810011362497,-0.17122107175414655,-0.11294743864310526,0.03332674849432525,0.04697622329097078,0.028610346230782235,-0.0042676603234,0.04257760059502687,-0.02209480136120525,0.010719371310741332,0.0681144171348914,-0.02733946195856218,-0.02131660863693865,-0.03324094390702014,0.05076634582893946,0.03288505303542426,0.010296157707745172,0.002358735182107742,-0.01419673689365683,-0.0914937831120825,0.03712009234915309,-0.02863782638170872,-0.05141329498685038,0.02234049615320124,-0.018149533376458936,-0.0893094400280784,0.0173806152123924,-0.03683928965467503,-0.02191202525265169,0.0075272627496557835,-0.029644995932285187,0.0004301881099294598
PRO_001697,SUP_0121,0.10141854623760858,0.1565946873575493,0.21888756334663476,-0.039270131015042654,-0.000918661123636526,0.02380417159188563,-0.030598716405919903,0.030250582850030648,0.001113423480529767,-0.001521617372514106,0.02815177754664002,-0.0008998405153473872,0.03245699404262375,-4.8337104975063007e-05,-0.006308671518744825,0.019675665434376356,0.0013942700121041642,-0.0031803678246374394,-0.027756455795787283,-0.00990629480895602,0.030536759720037582,0.04449167216782804,0.018187470953221454,-0.03904435123110938,-0.01330771359411393,-0.016151077379491702,0.00920558760108644,-0.035062662618087985,-0.025162196142596422,-0.06418890369342346,-0.02325596757552105,-0.016948229314439033,0.02922608946667179,-0.006235353577155604,0.036844732573899246,0.013336123808738793,0.02936499990538625,-0.039029454465705056,0.013979635047392002,-0.001034405910528678,0.0006043044005623523,0.04391462445682026,-0.0014762233985384635,0.013875639359167087,-0.006409652574659787,0.07853527943048907,-0.018006600834691425,0.01097614459202512,0.009207167327768925,-0.06573347112477092
PRO_001698,SUP_0122,0.008935015829240094,0.035890035069035306,0.026778474521003553,0.1148261596251364,-0.017249196507684483,0.06193974592579918,0.1593862879891077,-0.1435135698167484,-0.1861303265688305,0.6568173326650424,-0.09070760439018923,-0.05700233175544902,0.00038520904780504645,0.0975480368940379,-0.016239714699426193,0.030473318220525025,0.05292801407117419,0.04272538172299737,-0.08801786437694037,0.09603943931060228,0.028384482717070694,-0.07356911118776895,0.05955695914485407,0.008555981899598827,-0.0231568764072459,0.08902842005307024,-0.01357148446026046,0.00927046225905775,-0.015709201237092314,-0.05749105897796728,-0.08854481199893108,0.0371861743045198,0.06269044199662221,-0.08346702630312308,-0.1114897487624019,-0.05415146410166571,-0.17994920817528343,0.1183871820755539,0.0235106320755572,-0.12750164728277136,-0.04790369794984417,-0.017057184411737304,0.02539102009669282,-0.11643647088157363,0.044061916717637824,0.043063699854602955,0.052874239182237506,0.02972622987409266,-0.04076879124650693,0.016466069896445043
PRO_001699,SUP_0122,0.0035131331290952366,0.05192343245323095,0.015731459568483694,0.02272312753154255,0.001129542959496343,0.03631170388929138,0.12328333538006857,-0.2725586561840253,0.36655633991176234,0.01294031029137891,0.005555196685970421,-0.014634730800735168,-0.008954109323441067,0.0045701792433687875,0.0019194928873030905,0.04287624884456111,-0.0263958963820415,-0.019015845670347187,-0.0011072915690645622,-0.016327990484114766,-0.02265264260585334,0.029966323250600606,0.013269515498145742,-0.030272111097467337,0.027360428412202906,-0.005243528304778668,0.013077049335319417,-0.060742115104913896,-0.05428172872134579,0.036112718624246073,0.0061241269454412215,0.009621192251852382,-0.04058531963135773,0.004640839692783622,0.011366227262601638,0.0090529588519874,0.031297376000282894,0.03193398180695313,-0.02273866623858573,-0.0121532817896816,-0.005482895968973908,-0.04125948476650712,0.04391508668429562,-0.007996432433788357,0.017888698133320627,-0.0072249529004096355,-0.017510164454524607,0.08006811536914855,-0.012436679287223699,-0.015262704442563195
PRO_001700,SUP_0122,0.004453637897646962,0.0672295872044037,0.040829237697903205,0.0021590564629481368,0.006313416609841206,0.05837066358610439,0.15725190193379182,-0.37247482822160516,0.49252486955441793,0.013290883112422366,0.007410302315295324,-0.01197861740761453,-0.02099099999947921,0.00036989253572551465,-0.015008586034348868,0.057471932708671736,0.0027260864628997268,-0.029730284891068163,-0.02458835635177021,-0.01604856431275254,0.004310554061552238,0.01675174879522319,-0.0026231379168392705,0.008631617346844252,0.02066435390997187,0.005036978684828067,0.002319180565596648,-0.016485518853983926,-0.022139334999036676,0.01935194510400252,-0.006090941840282662,0.0005916886071654923,0.02074325488999602,0.018785172567335987,-0.03529493268300624,0.0093085465627714,0.0016338261415613908,0.023003001298154222,-0.02258795017464721,0.019886421164617373,-0.02078079123981772,0.025617586853473748,0.0335330340360141,0.005706499553844148,0.03465480904517543,-0.09541160381772226,0.0051426064809618624,-0.04452061152173315,-0.03398388574108292,-0.07873393512205601
PRO_001701,SUP_0122,0.0029473717859241156,0.039555031626463996,0.030609144659331386,0.010452577142770607,0.004287025344354343,0.08418782144614134,0.1813059858938771,-0.40443086152180485,0.5536772571745137,0.02466370484170399,0.008698112942329651,-0.006014860403794016,-0.03390784709497699,-0.0016279363673364117,-0.005511525824872125,0.03640983370677679,0.023298133288308605,-0.05091648791842895,-0.039554048145746694,-0.014813135080223227,0.0133231854315451,0.038745281596808144,0.003352060754491434,0.014309163052447324,0.03437687640228325,0.01787103362104461,0.0021626226871381015,-0.018397306714217583,-0.04292316470196095,0.05166448745294103,-0.005062933571787651,-2.2496801106417852e-05,0.005948017028475002,0.012852258882264996,-0.015544194326846512,0.02454146757019787,-0.014665805836785792,0.00763178841449527,-0.004987111595810128,-0.006016142569235276,0.004654401706474908,0.020598298217905937,0.004572357660650177,0.014091754046350716,0.013299919160121229,-0.021630678821126296,0.0054183517558352165,0.0019030613896625342,-0.01954957415166646,-0.029289945177959877
PRO_001702,SUP_0122,0.003756185774780524,0.05569383283653866,0.036756789576956106,0.0033934095017784053,0.005352928125089557,0.07599377433702195,0.15585718148159747,-0.39190315226424244,0.5230083385325388,0.01709568441882742,0.017382624144994033,-0.0030015193255638374,-0.016654200615750122,0.007980121399589911,0.02763571865559767,-0.026671040628895745,-0.0060556309834374515,0.025856724430210476,-0.014286633850961315,0.014212029822458302,-0.07335748085261133,-0.07265789983459976,-0.025044985205786633,0.05130509030038935,-0.039649401152071384,-0.04552473304693792,-0.03240407734540909,0.10062208747847873,0.11316441568972783,-0.07786322815033415,0.02420516993346697,-0.04516391965517544,-0.004411617159558637,-0.041341867527549765,-0.025144954526303883,0.012222860540845523,0.003538917478073905,0.021441510978766006,-0.08335067940581065,0.00437988043506461,-0.02923501809990914,0.036383882142844645,0.024041286115776096,0.014486480465635653,0.0004655523433178713,-0.05546908834491557,0.016475635568604246,0.019213328279917615,-0.03146411454633384,-0.06443204709301074
PRO_001703,SUP_0122,0.004005856156538779,0.05475116372237386,0.03473281207125725,0.011825720214558426,0.0037956009327434377,0.09860847275741794,0.19226863203867087,-0.42786043105759497,0.5968250991475078,0.03407062711135483,0.00855045500201742,-0.019543224389993428,-0.03982987557402942,0.01744336335461673,0.012000829548882434,0.058776714259657546,-0.021509049072252588,-0.01317463882692336,-0.022464890648446364,-0.03625607465121324,0.036122462185494544,0.03522087386490996,0.017078099717294685,-0.013151184629894102,0.05297620761051062,0.029900364753485315,0.009982084017831332,-0.041424087811239296,-0.06723042425816801,0.055437764933026566,-0.0013811504853737501,0.024714162875673722,0.0032614179162139224,0.029071941089351683,0.006342229409029645,0.017036167912450512,-0.012582628895916721,-0.006749820094617399,0.028653476628245404,-0.013710910302483682,0.020987975056612675,-0.005632936436689257,-0.04199137154530083,-0.0028364927152417924,0.013083084275866332,0.04922735121537243,-0.014726551630453116,0.018667732134856483,0.011660004451039138,0.044577066618424414
PRO_001704,SUP_0122,0.003014167834002959,0.042102916734116785,0.030012501687214713,0.010138103127340042,0.0033465465302442636,0.08485671801018087,0.17268084358341584,-0.38823696076487785,0.5427265373714881,0.02905125590795119,0.006936729000910809,-0.02411338983941497,-0.034523596008529396,0.021739430801227852,0.014328025938948637,0.0583382624355588,-0.02010833104462157,-0.011159921490561553,-0.02543373863792752,-0.037221742910138564,0.04021158885475215,0.042303116930827195,0.014877502345866923,-0.007534780769815721,0.05910403915861271,0.03229880520760557,0.017604769950520915,-0.04576297657108265,-0.08065228224589406,0.05344626362022524,0.0037379742018533724,0.03136695056840204,-0.0037657896753043357,0.03779921228540461,0.017611508763716664,0.014563117710232224,-0.009170006348457967,-0.007039964596921133,0.04260630554014272,-0.02006394031863761,0.03203117141917683,-0.024646867305243347,-0.0538953854776297,-0.010353269780540556,0.005943379435286739,0.0771590635672544,-0.01849518832995933,0.031043573430639435,0.01477390074545089,0.07226639641885714
PRO_001705,SUP_0122,0.003409396254551743,0.04568654697063709,0.03245383289242598,0.010184904683744786,0.004525412538317222,0.08654586778935866,0.18297742652120016,-0.4067145738432083,0.5485225030956399,0.021491920770920325,0.010794727823864102,-0.04308435055190039,-0.044351085878967356,0.03484193465931496,0.0192082939524047,0.062119225180828644,-0.020470738006979933,-0.015416231508171683,-0.027312513887563266,-0.03488950633377235,0.03919255797207178,0.04697450673676067,0.016378595683550445,-0.0005003173670021773,0.06014741354925505,0.03406330971452402,0.01570582570844978,-0.04587163482457429,-0.08107660284362189,0.051070300198066104,-0.0010094218645256554,0.03294791097006963,-0.003474831623210351,0.03488578030408991,0.020429145117189768,0.014308456618636473,-0.007613230418146155,-0.006516357743221481,0.04275800759593608,-0.020094769088107305,0.03219983702853643,-0.0251781768819468,-0.046127388341394855,-0.0037416217450477116,0.004342243205104906,0.07839744803194292,-0.020518206597792264,0.027634644251608553,0.008829981272735262,0.07195372109330189
PRO_001706,SUP_0122,0.0041123126354869165,0.0594715914329114,0.022956865879307457,0.009585328382635977,0.0029570419597618005,0.09292555745563437,0.1543800567106561,-0.33860724014075133,0.4820901841539083,0.02662121150933938,0.01272448425622394,-0.017693070647601433,-0.022014247637747765,0.017141589441532393,0.01599960612783421,0.036408208854810165,-0.02115662919660239,-0.000761139205815637,-0.028070063722454804,-0.021240672648094695,0.06919326797353202,0.07347525410625226,0.025363659700453376,-0.044691516195562477,0.0035036518103145706,0.0030358111342891204,0.009544125298042674,-0.02221649029874262,-0.059980399321090776,0.04281722358922769,0.02231842486190194,-0.0077894317065420665,-0.028655746556340445,0.010748913845918943,0.07321375294539664,0.015748937438676593,-0.04403852827349139,0.0014196744914174312,0.06601932439264542,0.03451086483026092,0.012904666882779189,-0.028317211642656142,-0.07003232162269643,-0.010176994867264989,-0.024567543448498052,0.0323291313221452,0.00019866893768346423,-0.011558767047963846,0.022717571362312842,0.027788205354204676
PRO_001707,SUP_0122,0.0035417395299839733,0.04658232087782347,0.032814834553485946,0.011605730953924543,0.003659875677508144,0.09343936798876233,0.18468074625493366,-0.40900841497566714,0.5666846096378959,0.029821983376748802,0.005479822407227477,-0.01472078465841814,-0.037429173720337446,0.007415197324245212,0.004015822837188236,0.049039230963673124,-0.0009827742222240524,-0.029853084523862528,-0.029063714158755853,-0.028182528761907834,0.03350079671024567,0.041764125593662535,0.01239045157932018,-0.0031163670471177777,0.05260766080950357,0.029849172656138175,0.016850771999591268,-0.039207032198729376,-0.06508841541882217,0.059009722276356556,-0.008928909356417975,0.018959221521118584,0.011905222751282231,0.024673463197388182,0.013669828062675613,0.01493108025524036,-0.0071547633845061576,-0.007549475700936182,0.03553131263321369,-0.012215655066518801,0.018805422447307076,-0.005796982098339234,-0.026339031119116812,0.0016967834097325269,0.019805627464380547,0.046218162068769005,-0.007220073151945788,0.029135769390365975,0.010029181580344066,0.04652344876213134
PRO_001708,SUP_0122,0.004347339773561467,0.06212179605576155,0.04205201066820888,0.005909887688171735,0.00460391017806901,0.09304887531850568,0.16551481102580295,-0.40177423924930294,0.5419718707590306,0.025224047707251816,0.015017206155601948,-0.009599411044285576,-0.018257610770811034,0.019563531044952974,0.042321334784212655,-0.024612522748980133,-0.027029165509148828,0.04578793278685419,-0.0019130038673669872,0.009270943491539282,-0.0538794776417887,-0.06944084743511263,-0.015053436307809944,0.02592696129191391,-0.033485528520587164,-0.03668901830561654,-0.018714254135476917,0.07497427529967404,0.09964722848836582,-0.08065023025342762,0.02252718042757371,-0.04254982100233629,0.0015851671833196014,-0.027431109982024974,0.03442120712026087,0.009379448478249602,-0.010411149939230679,-0.008627016974415869,-0.04052313816428325,-0.008159942556857024,-0.013416449881596057,0.0011671843390405326,-0.019561384765942234,-0.00020980914553890258,-0.01221115783014673,0.040273559662314204,0.004384064374866598,0.05266433759038084,-0.009539208673007886,0.023555564876675417
PRO_001709,SUP_0122,0.006530535231871682,0.03783086135591433,0.03325356782136023,0.18766520289188357,-0.03222118331280502,0.02933471715829887,0.16108437316996296,-0.13324053678236242,-0.1889985208331966,0.6565072898665542,-0.08588377695264658,-0.06814524275301595,0.00865626951676098,0.0441578736612956,-0.012890646862039525,0.06719391704819096,0.07151334774111057,0.049864383807844345,-0.051630966030873186,0.04238981005845903,0.003678922910262391,-0.013167574793415005,0.004349830977423208,0.023837804152023977,-0.0028627714613210105,-0.061882276520411006,0.023699482082411207,-0.016853745759375302,0.006382183005815247,0.047489917154709356,0.08073987736633645,-0.04991231454218051,-0.061208497158919205,0.06572547324391205,0.1084847241142077,0.04166738171663044,0.1560132190103405,-0.1191017593371376,-0.023326146460923448,0.11608462622015192,0.06367601433179541,-0.023621731261334933,-0.062237494166684025,0.11806278034837281,-0.02423717538147633,-0.037968265444501874,-0.053702930455172986,-0.003505522240026558,0.018215408327655284,-0.018108548476432854
PRO_001710,SUP_0122,0.008872500445302882,0.06075532967179797,0.04061608324573376,0.27001033549194026,-0.048884066131543814,0.02397531674453029,0.16592726968472526,-0.12605841276220955,-0.18942253285103353,0.6501836717775475,-0.06948474734536636,-0.06695464631859319,0.024819591886743278,0.01827494503243333,-0.005871939436526003,0.0644344618823364,0.06002073998582859,0.04347607024273613,-0.030186504413192074,-0.0007401119277472988,-0.012000165445633537,0.024681940629894004,-0.021616604305972602,0.031167439324670546,0.011300398460698555,-0.10422414288876176,0.024510313805090146,0.0010773118787688293,0.021028611405157698,0.056491928446439514,0.10602043393631148,-0.05415476529264621,-0.07730105510143717,0.09027402597015025,0.15188794563811975,0.07644645133112944,0.213446473514305,-0.1570037748819389,-0.015851790827521944,0.14596785073324686,0.07140338487215606,-0.01456253780010843,-0.06719539577372755,0.1578986254832801,-0.03822035121795064,-0.046666591337836745,-0.07362437689161101,-0.024306536065639216,0.03829938251802467,-0.015545612121443541
PRO_001711,SUP_0122,0.009086023606381468,0.03198126780226701,0.032971791704643635,0.16479404072033335,-0.028257483853666204,0.04053539654002045,0.1563116540700284,-0.14298270030060914,-0.18063950111020297,0.64296067337288,-0.08665709634320726,-0.051319169525587134,-0.0055833953034289075,0.09397172539083168,-0.018189600638185227,0.015371274763011743,0.014270924369684352,0.011622789064005884,-0.06948849157853583,0.09213079983897818,0.01801238850856619,-0.05634340117260396,0.04728244761873408,0.0044077498975819245,-0.01807460207746419,0.08493276043766197,-0.012613034898933466,0.0055774393234898885,-0.011879491876653258,-0.05959251713635764,-0.09317914269269283,0.03984705846143836,0.08291561144384496,-0.10540361034152491,-0.12661145041343902,-0.07707287992897362,-0.20909288988025349,0.1059630843477372,0.016057493513045553,-0.12190395768508751,-0.018899447085059234,-0.007943881228236882,0.03308444919643266,-0.12343549592432951,0.03685555670727236,0.05164059869926444,0.0505527852631658,0.021006885622623914,-0.03559277948268561,0.01041862358292364
PRO_001712,SUP_0122,0.007669931701995485,0.026505956144907902,0.024096626677172935,0.10411998512224699,-0.015604130547309063,0.04434819847005284,0.14444290210867772,-0.13243044213155422,-0.16862459733366184,0.5968235879974172,-0.08018158367057986,-0.05089992350186935,-0.00462661661992673,0.08673676021770045,-0.015487639621752772,0.029284724525836164,0.04883056019777147,0.03673728396546602,-0.07164300266460337,0.08940037722062981,0.0257316236391096,-0.06574934335809599,0.05178368126217558,0.007811012064205569,-0.022120604534415958,0.07887184124833686,-0.008600414687575393,0.0029589805973181927,-0.016868124095149914,-0.05654085954092164,-0.08186971116374385,0.028548420930022876,0.05414030705311187,-0.07629466695984644,-0.10494477066531063,-0.04450454033348898,-0.17152699584272896,0.11316895010487467,0.027332133063366158,-0.1274177933236466,-0.05609694093501697,-0.007020691970463645,0.0350095127183668,-0.11903638482419,0.03906855639788232,0.04630421565559787,0.04045392593480937,0.019242419184372334,-0.03837019855804602,0.013879728993394388
PRO_001713,SUP_0122,0.004256377239413695,0.02244908080853037,0.03514197832940542,0.20859518501164448,-0.03717080379968571,0.00912521307479405,0.12380556194958023,-0.08553552953785634,-0.13894844206760978,0.45924775352309305,-0.05377984536424446,-0.05021587464085762,0.01586963449008842,-0.01931607077874603,0.006474488931794825,0.057353129022464866,0.05107368873937054,0.026429909357999493,-0.0026606381423280407,-0.018955723887070428,-0.026728231343844593,0.03836976000745915,-0.028310947628628198,0.023861949375056594,0.016547959852664412,-0.123006426463015,0.0175296775432081,-0.015410732878573717,0.01997019501436495,0.08911122574530198,0.1568769567423385,-0.08171322999739854,-0.11266089751156699,0.12779017630611025,0.19685591474726566,0.09952021695144132,0.3011744079981179,-0.21860212519048208,-0.03787394423833899,0.20738200993075934,0.09829004592241185,-0.020383809754739766,-0.09789672556290861,0.21387239670187372,-0.06324241846353448,-0.06830530324546587,-0.10769423775213503,-0.032506806643213544,0.047471666498815505,-0.023462303075566612
PRO_001714,SUP_0122,0.006050795865089441,0.030969760257505457,0.0355252439313837,0.1895933504816183,-0.03208872966769325,0.032097398396116646,0.1652988136039936,-0.13537588738935022,-0.19322096136044006,0.6686752705065044,-0.08633789688882508,-0.07028520659815243,0.0110091171798164,0.03701958621886615,-0.0011026501098190989,0.07382725963174894,0.0699744158196757,0.05348516088331034,-0.050297661244666364,0.038343397627443244,0.0011250281238280083,-0.014810084681566676,0.011588632649459113,0.023506453233788638,0.0007594298911614227,-0.06502822164365712,0.017124558362012363,-0.015010402032941338,0.005059015484527483,0.05184694047291288,0.08990938817810701,-0.056086064737427326,-0.06327915577037724,0.07057704244665508,0.11890701978581433,0.04534907552321076,0.17368900264167558,-0.1419637373997783,-0.024791333045767694,0.12432460821684271,0.06627592453042262,-0.021931002262341702,-0.07168681998030839,0.12705861059335294,-0.018500410845630807,-0.03520320304599107,-0.0626542056354865,-0.007695492114735658,0.017655600301229278,-0.02996147141074148
PRO_001715,SUP_0122,0.00810116238240479,0.02456406615469014,0.034608027000940185,0.19156210878384117,-0.035637393950133045,0.02482414742621346,0.12905214081115843,-0.11363006919990182,-0.15473327802230152,0.5521053014459942,-0.06721019012846813,-0.04668077620248,-0.014805616242824622,0.08236551161753485,-0.014526339466170414,0.013939598400917387,0.010810551762657604,0.009303070820456226,-0.04845936517454605,0.06892152685933933,-0.006835412182387203,-0.035155230102125415,0.027331974508752056,0.009821368935596006,-0.016505229919561656,0.046683111871651965,0.0014362929363249707,-0.0006544476409371097,-0.015780868547117535,-0.05520448585730833,-0.0750160641928119,0.0331515287185589,0.037885814938362114,-0.06307255395022957,-0.10354825136389269,-0.026629498189108803,-0.178072005210946,0.13807434699094578,0.03161376028141274,-0.13570383695025193,-0.09305240494962698,0.00957266324534366,0.05084365526529054,-0.14339012877633445,0.0449794997260761,0.05144140461249758,0.047878484365142825,0.027578963383480246,-0.03804684354880377,0.0028965130483879307
PRO_001716,SUP_0122,0.00841035963156967,0.025746218201115667,0.031146965456459487,0.15341200415876108,-0.027577071156852224,0.03072253748267685,0.12098366400839532,-0.10829778309763614,-0.1451151355683371,0.515873911083707,-0.06433121649843287,-0.04259560847609153,-0.011910593374567558,0.08241410305784294,-0.01126934398742922,0.018177869754121966,0.012944253545660114,0.011054922640849651,-0.0613624899921734,0.07791661224129676,0.011277770373610673,-0.04944971772124645,0.042914684125063066,0.007141929856225783,-0.01774638689375583,0.05562339664965779,-0.0022689066853329764,-0.0012473595234700377,-0.014552821510042153,-0.04942397961508106,-0.06946908498980964,0.025215988756458245,0.04290560066309583,-0.06683421751140023,-0.09497803653039374,-0.03893377730563394,-0.16783190112049867,0.1252815576644378,0.022163401878988628,-0.10452699562906895,-0.06591900825393318,0.0020160020836753325,0.03977060577506913,-0.12455881830762568,0.05013714104817749,0.05225546943250916,0.042789572980364704,0.025407302216049626,-0.03454090495973988,0.016645035955762187
PRO_001717,SUP_0123,0.050171460854232026,0.018377017781111175,0.029183329122029585,0.05866606761278243,0.004488286743757058,0.023511042688460878,0.12393954318460454,-0.07890844939519494,-0.09577171868475151,0.02805117734283875,0.0034117494722263157,0.020506913567668473,0.013353502805856064,-0.05633895525008377,-0.04003227704549518,-0.04751776551810775,0.03691086318509789,-0.007147727453731771,-0.036194932238769566,0.04537828827505376,0.02342085634003887,-0.03920882546255032,0.008462848921030833,-0.045085799450844434,0.006557156770798961,0.035817474722321885,-0.0011538155790308613,0.01177373023130316,-0.026171714469211918,-0.06356774511436115,-0.09114625769422531,0.03811386337608188,-0.03493106866538965,-0.046076149510704434,-0.006649051049294296,0.007180571538558541,-0.07288776346562002,0.03916393114489031,0.02738508950734158,-0.11835671605007535,0.07033548298131571,0.10538340025271067,0.0249651900151493,0.01298781262182423,-0.13868177574601734,-0.11668887002232674,-0.0015409242086622576,-0.025307945040685988,0.029528272407939215,-0.03291521524379665
PRO_001718,SUP_0123,0.05205993071797522,0.026053713685099747,0.0312918583274045,0.03709800045016054,0.009705287532187851,0.02177768298370714,0.1268463466709845,-0.08267052992565581,-0.09547641939709214,0.0012259699484189859,0.006278932523801163,-0.007077152154694872,-0.007469007260331906,-0.02219929593582028,-0.017787774424864025,-0.029077054451952147,0.0029880748498180044,0.008942105288982776,-0.019067955430807054,0.020964924804639257,0.02086024563623685,-0.034344961560968224,0.004987499149388578,-0.0312845197968004,0.014307347096213863,0.019989059790134843,-0.0031837206669214704,-0.003911325574933834,-0.01950541532730318,-0.05844134385168798,-0.08307653495233941,0.03994109303121846,-0.02818960065015307,-0.056921632292797154,-0.0007331069694154601,-0.009300822006086944,-0.060343313807327804,0.04132939958560869,0.030873371988781477,-0.10170248411713768,0.1016302351218837,0.0987459668852597,0.044998565717089975,0.021998254548318157,-0.13329362353364874,-0.13407027550280806,-0.002571665512377178,-0.021486028546492217,0.022867345001397473,-0.0435767539123405
PRO_001724,SUP_0125,0.027936614813320333,0.04267986172811502,0.009227856612625233,0.018217542376418587,0.003892236874932286,0.03475744306286223,0.05378903069122728,-0.03130984992275169,-0.010659425148527158,8.481150344277245e-06,0.0289418007178809,0.01482790571677193,0.03042925496723362,-0.05115390468974933,-0.029819996253515113,-0.030533025317689616,-0.014917156441147507,0.034702413924993444,0.012339816172371124,-0.043385911594137946,0.09672280209700047,0.013152127693355142,0.005547611505654467,0.008403943045137741,0.03746453861523374,-0.02173332373462567,-0.0022274896567380303,0.037473853347793656,0.010974610491556184,-0.008741133102694192,-0.055122634348211956,0.02783155045493099,0.09882987274289898,-0.004822740414728751,0.0434093194822113,-0.02842077641491035,0.06308578541176481,0.010396751904872681,0.05484847627070778,0.01362656326864094,-0.026795377343513123,0.047086423839410994,0.056967363755336405,0.061620482669503936,0.034905348325048546,0.01888292179931286,0.05456366293402493,0.007344646289475755,0.02217890795574313,0.0598105549479586
PRO_001725,SUP_0125,0.05339119208410244,0.05310188209742013,0.03250855688582549,0.049248766649692105,0.0006402845810898387,0.028707492100902936,0.09423144264238867,-0.05661808193206339,-0.05194006629804443,0.046313532850649416,-0.0035998622232901283,0.02308619900476172,0.03111582213749207,-0.05675663371257382,-0.05878018559445871,-0.026519655290256114,-0.04519594699024179,9.746599595665409e-05,0.030308064538630233,-0.0743718470136131,0.04063060719163459,-0.024631707788783683,0.02638956368719327,-0.010575655005721791,0.00030677584719290916,-0.010954049570339259,-0.02516195938346531,0.036317304084174426,0.012548990314933367,-0.04480513805364454,-0.07006131559356854,0.0344408245870074,0.03279623665727605,-0.019477584009789002,0.0070774524905306,0.00391333942222295,0.06998151343101867,-0.018854222130270718,0.05293464730127849,-0.02374950333027223,0.03570768995503373,-0.014599280252341208,0.0032614525164819923,0.04458284163344626,-0.08913278088450234,-0.020183243386433757,-0.03196786434837299,-0.1080213790475858,0.03835128142611323,0.14907626108509053
PRO_001742,SUP_0127,0.022421695137836258,0.021402683548710694,0.05118990063976426,0.3855294572281981,-0.08321708446496165,-0.06259619133229592,0.0013207185928626982,0.011934931344202477,0.008800427284064816,-0.007613971715242571,0.014191009057468111,0.009983804113383258,-0.00027186368810676656,-0.015063214769687557,-0.0192239733162723,-0.08301444270679532,-0.18503407494593754,-0.1464518011137636,0.0864736613106837,-0.06639514961007366,-0.09794035252741332,0.12972110097837664,-0.03716405371478486,0.04417813651866855,0.008478191560353766,-0.1097799998787789,0.018904270093106232,0.0005241666005302782,0.037441528028327474,0.009776604179396608,-0.00796363716222833,-0.0008348200353483258,0.032184516564293185,-0.011765805887905295,-0.03019756096462807,-0.022730527346259112,-0.04339927505419701,-0.10441205530449198,0.006889053598998417,0.023965301039603332,-0.03572456206024314,-0.005733336963429396,0.009559214174762574,-0.055295470995485485,-0.10275632416380308,0.018135653660981833,-0.04514229970757509,0.06268349504256064,0.025810780207487977,0.07339405122895504
PRO_001743,SUP_0127,0.012856693750574322,0.02073341356359728,0.04730934101024624,0.3113969556959389,-0.06480402278176783,-0.04745709347169837,0.037024303120009545,0.0033328529818226265,-0.015170390026357969,0.039021719164047,0.01765520628086977,0.011248198063044557,0.0011474979152599671,-0.026965968958119486,-0.03673237839306708,-0.13205982980359063,-0.3215950248189325,-0.2155910584999366,0.14261387688918226,-0.12917174836774603,-0.18862035998989682,0.21546039411993745,-0.11572693605838993,0.005453950601787884,0.04576390215214093,-0.21591545515664143,0.03279525495186957,-0.009639632205986215,0.013735219983938056,0.020501894806184296,-0.007437574889094975,0.046840837002128884,-0.04379909783193709,0.052540185922460035,0.008221969482400102,0.06181527099468692,0.05824056409043345,0.0683170461403771,0.09001612812179882,-0.13399590734790154,-0.24036634881886407,-0.014169872994761579,0.007833973577460157,-0.05376894273090451,0.03239634198436388,0.006510420531724802,0.06839625708396685,-0.004476681744816806,-0.012779706512083508,-0.03336630840185479
PRO_001744,SUP_0127,0.027263246468102093,0.019373543420168973,0.04758809217508801,0.3239874425390912,-0.06879511216490447,-0.05086217826400472,0.03205745293736844,0.011444431838622132,-0.01041983573518151,0.027076047551493697,0.015692318657382853,0.016184326051714958,-0.002049184748333554,-0.01250716201850158,-0.02936928830581272,-0.11490820486507967,-0.3096314089737323,-0.218036641310934,0.12140978959850629,-0.10817200426133855,-0.15442164990529972,0.17993885171063162,-0.04913026852407404,0.04864783440903415,0.017762702890199548,-0.169602178979983,0.06134073466182052,-0.017533477404533624,0.022227657696463763,0.018246456973904777,-0.003675779168073527,0.03507708792164069,-0.015241846084694905,0.027720148322144342,-0.008232498335889807,0.03045363307528852,0.009314237621370012,0.06510562034893824,0.0617698570759226,-0.05549938855699736,-0.0761816803678716,-0.00227691354281354,-0.03335963352495806,0.02385699895112024,0.07387337993967448,0.024383644383969106,-0.04132323249406974,-0.0064935506546492895,-0.01768642768806941,-0.002158499191600413
PRO_001746,SUP_0127,0.024592133009503383,0.028237768071829077,0.05128158877104282,0.3024930870860461,-0.056839858337677664,-0.04600847511129241,0.06388176936785178,-0.017252332323658907,-0.04007884160209351,0.02844898171093639,0.023352396024353076,0.009572369683579975,0.0013489558106084842,-0.025760299171577697,-0.04297117593975251,-0.13276362667370004,-0.32134574009281464,-0.21207099299420698,0.13804808404104346,-0.12704592075212165,-0.1823943650908799,0.19813897826151997,-0.10313747946357671,0.0019668866822689186,0.046639576331465614,-0.2232398112485475,0.03163149457700304,-0.012593631795835504,0.00969602327197843,0.01521677711137509,-0.016434414324953413,0.043254342116432226,-0.04558679287945032,0.04982479294532397,0.008662324205782604,0.06495585914613444,0.06088653915415294,0.06874449727665573,0.08911249247481025,-0.13553239255660096,-0.23135648625013913,-0.01920591924066492,0.0024848200522662976,-0.05346302801522251,0.03217750878112832,-0.001590107158310699,0.05974937469683543,-0.010358706514432072,-0.018366649910360855,-0.013700526360242037
PRO_001747,SUP_0127,0.040894545005338845,0.027353885355896345,0.07113494110738058,0.31034980896118397,-0.0620612582278562,-0.049617995300957576,0.08346127330559334,0.03277132449759363,-0.012507732972200565,0.012135138699839988,0.00834461511840735,0.019531413505799594,-0.0001729646907172595,-0.025078929646914536,-0.041473718632169004,-0.12237167571074774,-0.31894956947293196,-0.22031511499378434,0.14142509972857817,-0.11596925122517221,-0.1561067831023425,0.1959050118382836,-0.05781729636365728,0.034953325525414386,0.02611312903132151,-0.19609573525980215,0.052894113154918154,-0.010748691410480751,0.024456962606871257,0.021492840121249294,-0.014453949567273932,0.027128363678522106,-0.017093904273134196,0.025332807121503303,-0.011071748372653517,0.03728284527628287,0.0028440245317082205,0.0657067118358979,0.07035592766936044,-0.07330533585042695,-0.09691313258488364,-0.004860543541908333,-0.04582075084660447,0.005214129674773928,0.03406981452856603,0.01335619964467106,-0.04807735708420784,0.014963853100176458,-0.019719057009545984,0.012006033282048887
PRO_001748,SUP_0127,0.025588906304933285,0.018863284292472422,0.06639838063381001,0.45526826621098826,-0.09822608557570026,-0.08197872770737918,0.002786412417799953,0.021166946694511767,0.014589038744113443,-0.018336577842284877,0.010424874082861375,0.013415206749017824,-0.008621561735598231,-0.014237152661342402,-0.019092802032309755,-0.09860858685832405,-0.2798476889471897,-0.19533161374992233,0.057050512776674646,-0.03320390043107548,-0.09129742968888215,0.11153738648489867,-0.013242180140161314,0.055838371392463955,0.013945782179037584,-0.14443470748330856,0.04723932918688756,-0.01709440983563321,0.035762506954264944,0.012804094543742003,0.00890486618307099,0.01720986306197227,0.008611816080584027,-0.003195614742768491,-0.009287286482393632,-0.00467049126141398,-0.02189903880771481,-0.009468823441789936,0.016265992909722353,-0.007115104660532929,-0.02779608377722426,-0.006601740876994933,-0.015908364042437857,0.004822179153077665,0.03759846086038405,0.007057937920936598,-0.016073955971623914,0.014838611430873797,0.021891035117292797,-0.02393813394222945
PRO_001762,SUP_0127,0.0026565668301650417,0.01628430362083279,0.041360141839916306,0.09221572149857304,-0.019296077345942877,0.03473045692957651,0.03243505917877656,-0.019870045501784915,0.013251200398341845,0.02199834574253582,-0.016302138343743607,0.025991300286853133,-0.0167890652926699,0.010333918631033365,0.006490737533269642,-0.04615674944905575,-0.07653625903153409,-0.05847055200561418,0.04276369379284624,-0.0087412214117276,-0.005815251003324213,0.024706669171724326,-0.014555355289780948,-0.011080111275848528,0.01576045624235531,0.02218090162717111,-0.0017950992263048692,-0.005264317603893684,0.02339203735331915,0.015827072017171567,-0.034454324894423544,0.02847609360353191,0.060864791540231125,-0.0720118004053408,-0.06417195976647404,-0.07843359016806567,-0.05794717389244329,-0.06929484735906294,0.0038914281844343395,0.012170353008818356,0.06559918890359945,-0.022390101551728044,0.00932681371070378,-0.0035743821584417476,-0.04839321559203467,-0.01421833496100499,-0.0009768537053391167,-0.02785601362241564,0.015741327723716024,-0.0009267903751132635
PRO_001763,SUP_0127,0.001274565296694164,0.006123165569216207,0.018708195658850124,0.09039814525801074,-0.019360906800601374,0.0006695484692473986,0.014751794063833187,-0.005254327199921765,0.0037837425851012883,0.008718283719822747,-0.0039507997965055035,0.016389117565131704,-0.006882931419360465,-0.00272584264701154,-0.007376182696128411,-0.06680144829732665,-0.12397528099208033,-0.09547543695387586,0.05273736344217066,-0.020863349788763006,-0.03725391047376015,0.06197705405611041,-0.028326540443276708,-0.008361518100655418,0.03673455649811864,0.0006003090865175928,-0.00778295246392586,0.03513024115382191,0.05817030084128119,0.058960580330656286,-0.03032511616227178,0.04507569620392505,0.18498822709877896,-0.15317963368651158,-0.09518626192887063,-0.2019069899161035,-0.19555251893138761,-0.2480818403289682,-0.09358119761515608,0.11194016697270738,0.17523628771522362,-0.013117755419423848,0.0272211217919069,-0.088571155910964,-0.21475306554455914,0.05634580144772456,0.16010648777633543,0.09394294511322494,0.15574151042619977,-0.1157704870025518
PRO_001764,SUP_0127,0.001274565296694164,0.006123165569216207,0.018708195658850124,0.09039814525801074,-0.019360906800601374,0.0006695484692473986,0.014751794063833187,-0.005254327199921765,0.0037837425851012883,0.008718283719822747,-0.0039507997965055035,0.016389117565131704,-0.006882931419360465,-0.00272584264701154,-0.007376182696128411,-0.06680144829732665,-0.12397528099208033,-0.09547543695387586,0.05273736344217066,-0.020863349788763006,-0.03725391047376015,0.06197705405611041,-0.028326540443276708,-0.008361518100655418,0.03673455649811864,0.0006003090865175928,-0.00778295246392586,0.03513024115382191,0.05817030084128119,0.058960580330656286,-0.03032511616227178,0.04507569620392505,0.18498822709877896,-0.15317963368651158,-0.09518626192887063,-0.2019069899161035,-0.19555251893138761,-0.2480818403289682,-0.09358119761515608,0.11194016697270738,0.17523628771522362,-0.013117755419423848,0.0272211217919069,-0.088571155910964,-0.21475306554455914,0.05634580144772456,0.16010648777633543,0.09394294511322494,0.15574151042619977,-0.1157704870025518
PRO_001766,SUP_0127,0.013655767163218736,0.012622799796281031,0.028010822422062022,0.08688942651395756,-0.013364213075275817,0.00774348325699695,0.0555036143844012,-0.021328115006828584,-0.02028218279237158,0.0002635523189830234,-0.0008168129685219416,0.025286498016848062,0.01924192714137006,-0.04687907521803337,-0.04142030963770472,-0.07160016582752615,-0.09481235015473109,-0.07183882733088953,0.09433350730234503,-0.08290496485597076,-0.05568068746143511,0.06189924728488828,0.016998846458800863,0.009466108359303536,0.0411554136074068,-0.0872005506424141,-0.05579040169805723,0.04041647847121742,0.034664794013152596,0.006020509632079049,-0.08315674224001735,-0.0021460911439534222,0.08244940393021898,-0.05370696355713812,-0.05057193445586627,-0.050323102556433276,0.008535782161859504,-0.14738934543395413,0.059888360011399966,-0.012457728266728195,0.012847281162530304,-0.05162993806953842,-0.004773817010040789,-0.08498687761698927,-0.23005399530664145,-0.01808325720656173,-0.02496499619294184,-0.0726840302535282,-0.027448088920285107,0.2724175239433471
PRO_001768,SUP_0127,0.042568821409951434,0.015152235863247014,0.04024270677235936,0.19721856555642334,-0.03420766816473323,-0.029931473975648163,0.05960550683064226,-0.027296456967211957,-0.03821126446572302,-0.06451779068654287,0.010856010383818802,0.09650434009046996,-0.0036939101703255236,0.012914813954967458,-0.02003926692420956,-0.060631474434834194,-0.20674979490003031,-0.11604030123972892,-0.0008186955404289619,0.00011568137023225268,-0.007850119922905102,-0.010209635501209888,0.06427864950170348,0.026665163485957263,-0.01334299491866759,-0.019944765689154667,0.04676436824744895,-0.022438242503802764,-0.0009422474535320448,-0.02346447602761191,-0.0679520767493709,0.03286450556824039,0.028158828466839946,-0.07532613185164927,-0.020547392630650328,-0.02943402611912273,-0.0057874530692944215,0.015424108005171699,0.04299558833857969,0.0026239982850850335,0.12356934392943542,-0.01886665762986322,-0.03240486499133575,0.0615454226711371,-0.05947404305251447,-0.04607938246961088,-0.09859812208054558,0.021435142376738645,-0.01136132874045928,-0.009538100078160593
PRO_001774,SUP_0127,0.005366675374305014,0.03542238189220571,0.04122973595227281,0.3516791999131827,-0.06995492198949596,-0.04006896425371597,0.029923064171504678,-0.0066718999619661545,-0.021073646862592037,0.009037365194439869,0.03432150234313139,-0.005114221247897009,7.977662951939185e-05,-0.023466349538379488,-0.0023645997930522257,-0.06781690111061789,-0.1375597557167058,-0.11832739541493749,0.02529519374496362,-0.032408787514941834,-0.0421035893304301,0.07095325083993347,-0.08327119091071201,-0.010944650069060452,-0.011947457292671427,-0.01623829378135662,0.03316113741652075,0.00570367042788701,0.015325991127590607,-0.0029868814805516296,0.010179309926020034,-0.0027608650420603534,-0.012001252285532029,0.02918481716581057,0.005952466586623977,0.011595722686471232,-0.014429763343400919,-0.0504396386380081,-0.00932547025147646,0.034317746296245615,-0.03562560299909971,0.05517476957214905,-0.001470614503615143,-0.005793779884949217,0.002683402380724557,0.0465894674873424,-0.011715013622058056,0.04296665154143017,0.05271359997386119,-0.018411918955254944
PRO_001787,SUP_0128,0.022616407121532123,0.009585283653905747,0.011673198074906195,0.0495833824356999,-0.006917266943973984,0.027708651428810707,0.037846286314277,-0.014087549045405833,-0.015034481323939404,-0.015494232357796693,-0.01656241401904118,0.028897905284571423,0.007831456094168687,-0.059919343213066974,-0.046102237738922684,-0.04794804265009028,0.057581978635676816,0.026566246952577335,0.3273203197232002,-0.24689246933451292,-0.04044386378621264,0.04200497544555805,0.5978173550242544,0.34726368100837296,-0.28133800900120626,0.20510360581153173,0.22642623851570626,-0.014188926549592529,-0.011340201330756208,-0.018093777255385548,0.03246979951114051,-0.007252547417007876,-0.03438369860026103,0.017223337259800506,0.04349693132823982,0.03455063974257968,-0.04206097392197837,0.013642933316559374,-0.03241809853388521,0.018881081870154248,0.024529974272774212,0.01109290557890911,-0.000434393550151348,-0.003925816535522853,0.05152840623683011,0.017281709118584513,0.020041879521360703,0.03440091667582257,0.0037086871211191906,-0.03827425937241544
PRO_001788,SUP_0128,0.020261575575424955,0.0039112643161312455,0.01048314132159498,0.04964961067574469,-0.007830673668011975,0.021685310967242646,0.03423090906674229,-0.008488129292602184,-0.015024851325225394,-0.015328163036756062,-0.017073396832707335,0.028947872969268873,0.006320715737910745,-0.05767439634906847,-0.044842897667103615,-0.049772963143651996,0.05294589582066638,0.020698574682622803,0.3355218044330616,-0.25133405268704917,-0.0459809207953036,0.04695766270045873,0.6143849030928547,0.3587609593236468,-0.287216205308358,0.2093207657996361,0.23127825551563586,-0.012925594263678064,-0.011427160969315994,-0.0114116856535409,0.03770291896324874,-0.009339943440038617,-0.03406563807298904,0.01715654587101986,0.04164740539278195,0.031857683927168506,-0.05282827262250823,0.009216586661216565,-0.03718350322841456,0.019896594555584575,0.02773820945924245,0.011754005673288237,-0.0017292119056424636,-0.010967586132506323,0.04697922599337442,0.019419926984326985,0.02458539876971953,0.03721502362866561,0.002449831622648409,-0.045464371495710594
PRO_001789,SUP_0128,0.02150814277895117,0.005669091287124042,0.016018825823947504,0.04892391907343832,-0.007196335906640681,0.01819677371543416,0.044536111003531824,-0.0008337602481523678,-0.012957632962881561,-0.016271056749293956,-0.02097015937299027,0.02786081443785883,0.003557348869539722,-0.057921202383749565,-0.044381003122198406,-0.04698574112840798,0.05407799955333107,0.0229347865478606,0.3253111670725678,-0.2464485657232431,-0.04382845421722218,0.04440914546983718,0.5965658731538944,0.34828130457509354,-0.27935918484279154,0.20087741342543528,0.22377614602777912,-0.01494904846999631,-0.01215447221871397,-0.012976676496162699,0.03784397440924144,-0.009005640879004573,-0.04064516042801578,0.020276011690871117,0.038305341516404495,0.03410003891229761,-0.047593278453164814,0.012863427216744562,-0.03499645160454808,0.01704709402226047,0.01944532907567332,0.011667321375593837,-0.004113801660154285,-0.008009964712332838,0.054450716399242295,0.016199708298535048,0.019836693199682245,0.03013393209926031,-0.003901580949595747,-0.038820043130040754
PRO_001817,SUP_0131,0.0035821596977985487,0.017348895413391283,0.030787368760504065,0.04265815214456024,0.0010275561750559181,0.01839770712670953,0.06957069669727174,-0.022126708802952,-0.03174960637978494,-0.021790891647470813,0.005574368005998823,0.008726247613743958,0.009345202656501603,-0.05772543733633407,-0.010582559787267042,-0.01363749939327636,0.039268724858862604,-0.008382952260168044,0.0077676975787895775,-0.012005534162236844,0.046642389505775095,-0.05090310174972403,0.0044635695201929605,-0.04223964544365272,-0.032335960359751725,0.02046563579068479,-0.020211005089488986,-0.017181187144614717,-0.02499040035939513,-0.004414701577508456,0.03243874946903721,0.0071052740496009535,-0.0246953875934974,0.0426348723267568,-0.03318255467192451,-0.01416629171990002,0.02657005345266866,0.0011825595726796365,-0.0018622802094462845,-0.008827844877564986,-0.03560089235130811,0.02324870244918355,-0.023316023230742618,-0.08003673240863254,-0.09711892292453972,0.11790562893766623,-0.04966705319068643,-0.050588209882934214,0.09904240069789101,-0.019348351084572456
PRO_001824,SUP_0133,0.018923732292098316,0.10418465644289122,-0.006417391896382341,0.010273430034167653,-0.0015115328794517951,0.07341482395713353,0.015454665858865416,0.009862245478695249,-0.015053658118792142,0.019986812364886995,0.023032068591320214,-0.009235803897010942,0.10481761692892967,0.005278090388711692,-0.009143326359763101,-0.019656899846517594,-0.00022685848236017744,0.0158004937902213,-0.008576660004676186,-0.05118107602610211,0.16350278544360658,0.0854426005648221,-0.03696407826633202,0.029051545515282603,-0.03745448008403265,-0.040315678787979266,0.04520068133481074,0.15654576215567684,0.01525819281612304,-0.042637130718621415,-0.00933392144014794,0.1039863315065655,0.0501597555881494,0.05391778626824446,-0.0028383142684090834,0.08122911901115991,-0.01966384939155887,0.004164185025373391,-0.004362799822918786,-0.05547950926956642,0.10614634588585788,0.0045298561044823,0.03885301368411189,0.018771101537764647,-0.01195998638120067,0.06471747388254867,0.05957546818555465,-0.007938302070021476,0.0697979418789289,0.004890011907471682
PRO_001825,SUP_0134,0.0015031618224770201,0.00460543755628982,0.0075139645886060855,0.01557335505477012,0.0073057793875982695,0.010855983895024455,0.04331364126898278,-0.03753478348917628,-0.05252244925358871,0.03245079451375092,0.0011819030323781516,0.0018795474490094209,0.04437195110334991,-0.14757606195350464,0.19361556856313433,0.08610548007276601,0.006028134260370653,-0.01870011060368376,-0.01046391832742945,0.004644138782589754,-0.017349798028162763,0.0014965264788134496,0.004180944421932962,-0.005488035114313797,-0.014079047565191459,-0.017461028907071248,0.012095945123375739,0.008376775526420372,-0.01867456393194499,0.010432115970410823,0.06832844222482855,0.007453061334729368,-0.013866948809835196,0.030887825439916354,0.05901300847874195,0.030093698283888415,0.01803296179014659,-0.05309522983567358,-0.018027242157417765,-0.0009782027907064804,0.03087507679024589,-0.010016126071215981,-0.0362818351264208,0.03931028385764848,0.02194703218237071,-0.007325055875073377,0.03709004305617735,-0.020619913712100046,-0.03485996293625313,-0.01212032270403569
PRO_001826,SUP_0134,0.00233463540656499,0.01000224139427915,0.014061565358762882,0.025274949263799383,0.046132693645253485,0.014064849384936635,0.07161991089996524,-0.045609060376899505,-0.06932849869599385,0.002252341553702519,0.005220971560952508,-0.008266693888283019,0.08601102450856578,-0.3001261631017959,0.4472891922831853,0.18729402510176169,0.007434935940038709,-0.08899295050915523,0.015189850909375925,0.0057905943337470634,-0.025451582363941936,-0.0038836249650661507,0.00319171005351062,0.0016862858145584884,-0.03658481827006792,-0.006039123217309506,-4.475444712555971e-05,0.012468286956263683,-0.00747072455130808,0.02063663801917016,-0.0036739379022881916,-5.0622293103440774e-05,-0.029291015172461313,0.017292681363895807,0.005967746508444377,-0.001540434170641701,0.005278002860843881,-0.012469319651874037,-0.028091409865861425,-0.023579246225854437,-0.016364486098666694,0.024567820013709503,-0.05446251563534369,0.01316523843144188,-0.013940825685698969,0.007573437817131146,0.0018439542070094461,-0.020164088411089624,0.02858945287336817,-0.028410921064679667
PRO_001827,SUP_0134,0.0007834062354147942,0.0025265963106698313,0.004459629794417063,0.008542821773625031,0.00959171921187685,0.01033054151269754,0.04443940558988021,-0.03845851627010101,-0.05755804679002983,-0.0035199483416566693,0.009798981929831363,-0.004919463607600637,0.09007210215610433,-0.33448770538374695,0.5370991168528887,0.22633837579261776,0.00300186826687861,-0.10790213840348127,0.010604425541628416,0.007322621020036656,-0.03498871651781277,-0.0013955573714902096,-0.002052939479322175,0.003303251047834408,-0.05043293370744406,-0.01810457348594854,0.014355418711183666,0.031797827183886775,-0.005900220132966556,0.023687242505660972,-0.022369845443197582,0.00526695705441662,-0.026837607263623293,0.00801129520119752,0.007125455435735113,0.0005376861042280853,-0.02653002175951326,0.0008524960046059427,-0.016375508844777904,-0.017822796819932464,-0.011341134355424144,0.0200706568523063,-0.04810106251017762,0.02529544395702441,-0.002163988612584933,0.0009673581955568105,0.030368147625733803,-0.009884865316819863,0.004335215484364217,-0.016459245519901817
PRO_001828,SUP_0134,0.002065847158970743,0.005937983742973756,0.005342280956774814,0.010974774892762204,0.010503105433012846,0.012002116126158565,0.051587859117418255,-0.04389153392157914,-0.06061511459132197,-0.0108541146678441,0.012801035021709853,-0.00521129047910812,0.07135667689475027,-0.2727946650365627,0.40776500693979667,0.16934961811906232,-0.0008514219345057295,-0.07605664548949097,0.012668963776995851,0.0002275292276768036,-0.014728155516199895,-0.006354630121705616,0.008049624405780194,-0.0086307702171367,-0.031711223164354894,-0.016816460923772963,-0.00753371928864955,0.028026934513946816,-0.013798157718265081,0.007537622562089472,-0.008954224937702584,0.0007022592101805427,-0.0024853750850390836,0.016142068012768893,0.011925409618238427,-0.003982492691176814,-0.017117748901987792,0.008848944317226408,0.0054163601691449015,0.0005545226401699127,-0.006972577535877692,0.025467174578419294,-0.025227434418433652,-0.009347405133134644,0.003186087962378533,0.00221712542624868,0.037026049601967044,0.020643529483748608,-0.02879910949770373,-0.02093642595455795
PRO_001829,SUP_0134,0.0010630862918850682,0.0055781526980105585,0.0024472234144699177,0.006923245555065313,0.005996684436705658,0.004827325874846191,0.02758518427643311,-0.024256796340305385,-0.025318396835261034,-0.0061270392115956,0.002144259036145516,0.004443838013200481,0.032861324715763,-0.10337709491365636,0.14160570122673966,0.05687488026780253,-0.006956816173933919,-0.017234098229720437,0.00718395736281482,0.0037017414174972552,-0.022953896039993513,-0.011692987556454712,-0.004683592193163267,-0.001981206951994277,0.0010777181391155048,-0.0030693516257579274,0.0008144405192330708,-0.0015660430062448332,-0.023447071462690712,0.008738899895842788,0.006926178219725191,-0.0031952657374571536,-0.012178099982732586,0.015787033346009182,0.03801200772045258,0.006589154306309871,0.006150361383771958,-0.008518197138258344,-0.03572751242960837,-0.04234866356865803,-0.02177807217318417,0.01991659335494228,-0.004243497153658146,0.039535639450382576,0.027333537246524695,-0.025036118408615214,0.03276387343071713,-0.02865414239731969,-0.014608442707014484,-0.04949600827072315
PRO_001830,SUP_0134,0.0009049888312564512,0.002428288860563359,0.00399529910053493,0.0078704794899352,0.008295082077700293,0.009799744985428465,0.04250073066053896,-0.03713886633021097,-0.05560242226729742,-0.003877622028187756,0.009449509823972404,-0.0038428473616669203,0.08809539418140498,-0.3219825498375861,0.5177344810722391,0.21630428308072472,0.0027824776807951037,-0.10170773045997203,0.009421212162347472,0.006282536694984291,-0.03354759701960951,-0.0010167364485826466,-0.002129876322169785,0.004867209811643786,-0.04503984361297957,-0.016445219293968198,0.016371492773621325,0.03194940140887393,-0.011445047325945944,0.02243627142611973,-0.015316718443107847,0.011080344910151859,-0.02912233369039818,0.012139056147204494,0.019315934520639868,0.0017884563546370531,-0.028680158237485428,-0.004715440243786707,-0.02368356837823443,-0.024109628062001467,-0.011583521356717297,0.02148674449871412,-0.04987679929728606,0.034625426392587935,0.004928355225001955,-0.007250244868683245,0.044508429364310535,-0.016298026466794877,-0.007351616569941665,-0.024218060865299023
PRO_001831,SUP_0134,0.00520713396044489,0.008508949095531598,0.005498045782934507,0.010962186880100075,0.007940085474525425,0.01560282606868281,0.048872694624362174,-0.04561111965585769,-0.06350514207165077,-0.010967884662242815,0.013480524468956664,-0.020139642209651226,0.0948411448804532,-0.3028820223404538,0.5109110410041386,0.2079451918816067,-0.0002730857477754433,-0.10108421650951224,0.015421533321251207,0.0013074132494720887,-0.012792825403283385,-0.0018540845005895485,-0.010124654558248172,0.025868566790237794,-0.02878917555818133,-0.016716834206645857,0.021075028379454068,0.015925813853462843,0.02602036864839449,0.012831646756507966,-0.08681663052159715,-0.024666023350341244,-0.000992871052144372,-0.04262747908370819,-0.07431908128353511,-0.04334988011750868,-0.0028055480642764164,0.05477383392634451,0.04198305553192355,0.028796596312090507,0.004902388477151299,-0.025221140314200273,0.07146642337779459,-0.052191625698134396,-0.008368313714572875,-0.009115561632465078,-0.05006748541091212,0.033869704907668954,0.012964150541840753,0.05609656580290387
PRO_001832,SUP_0134,0.0008157028172026393,0.005003405652959651,0.0029235571904354467,0.006724924598417146,0.00479143202120598,0.0034770972159139297,0.018870230555791713,-0.017791862427737726,-0.023958104500102675,-0.0009220787516145857,-0.00636950180609586,0.005441828550172328,0.008985607820465263,-0.07621981503392627,0.08448555717997622,0.0304000199913068,-0.008176976882202735,-0.005227024789257499,-0.012542524976344779,-0.012840246740624006,-0.007014701008619041,0.009297511352304107,-0.010758912733187919,-0.01181170114341418,-0.00955703777120325,0.030351650493283908,-0.009410401021762856,0.00930061404422626,-0.00490708974006662,0.002121151162712006,0.034164847802001984,-0.005997661912035161,0.0014809289869735435,0.004689017599141859,0.02045161894855281,0.01939783757663184,-0.012418608048444652,-0.02000913848447334,-0.011726242769132686,-0.00928974660514537,0.029349396445026734,-0.008997673106075051,0.005020566470973083,-0.005400785877125128,0.021823402221098936,0.0014098630071545486,-0.00412566223595133,-0.0019439280576093875,-0.04422581807424584,0.00236210190120953
PRO_001833,SUP_0134,0.01719234905576966,0.007958583633794753,0.0013843093996788176,0.006862808657142469,0.006859284176304788,0.007019155369735823,0.035002022449213355,-0.028829991292123495,-0.041852641515987665,-0.003742576019123371,0.004768770075865991,0.005157441938823482,0.06508493283606322,-0.16845218654769806,0.2544196992629014,0.09331309368304122,0.001687437118115253,-0.034391926880821294,-0.002763503561446941,-0.006770603098963957,-0.0005180883240272459,-7.53431652470429e-05,-0.004172231274828454,0.013113252266600189,-0.0017008322022582054,-0.007623840667050627,0.020660215900032464,0.01408913678292993,-0.028762896334575086,0.0016864199521048535,0.029393596658912134,0.03469642643449724,-0.018985301296074897,0.017002597826170994,0.041859467546837364,-0.006432387553549127,-0.0095330344401519,-0.017573429587710368,-0.04192694602606607,-0.030544501409676815,0.007939582303809811,-0.010629312844686569,-0.04598386926262092,0.025116694037479743,0.017757958479673815,-0.01918286636018807,0.03863760155020228,-0.014977761753005088,-0.02878239105083861,-0.009498170846871386
PRO_001834,SUP_0134,0.0010721948098744172,0.005059652403902008,0.004564540063774598,0.013503142843970169,0.008973101802467286,0.013607232420719605,0.04669123219267024,-0.037460165965407966,-0.05592835361469058,-0.0030152695803041525,0.009727937603171408,-0.009771199108863527,0.07935581608848759,-0.26934039914683816,0.42598256382300426,0.17139304083367882,0.004992561085051984,-0.08309421815917395,0.014738630762819246,0.005241340340132799,-0.021382660183162316,0.009074898312136606,-0.0091026993219189,-0.00043699191520899135,-0.011094059833281112,0.009332403103100318,0.0009082076194141882,0.0032018941088734687,0.01847331539915843,0.006960732815689834,-0.00349309515086673,-0.0013272874675276302,-0.021732468626283634,0.0010362457167176398,0.013581417239875434,0.013745845258827908,-0.019043220673751762,-0.006202641361088106,-0.01630330577124432,-0.015820061673885364,-0.01006782529281736,0.03219841767985209,-0.04588785475496274,0.03154805956550015,0.0014656164471195626,0.007316877146501365,0.026020212269039125,-0.011393776535661699,0.011672272375311207,-0.04575710529425998
PRO_001835,SUP_0134,0.0013439440980192883,0.006614873727926307,0.005426764105387795,0.009929572850350347,0.007715845483191571,0.014894336355109146,0.044291611476506586,-0.041354100533562504,-0.05775206300232375,-0.009711076572220513,0.011251815295571147,-0.013597825571571721,0.08931334107082917,-0.3053990672113241,0.5042300657072619,0.20760051286903503,0.0005491137707853205,-0.1024299803594138,0.0143400566220755,0.0067246037395913266,-0.01929992399835892,0.0008455404299579837,-0.008491463728959559,0.016812707424961187,-0.034989662146228805,-0.015561006986716551,0.02132554165916232,0.010139474970413957,0.03448463610186402,0.008627987138011781,-0.08774734818861044,-0.02794974709294961,-0.0014097170296143012,-0.04466755113667771,-0.08410100678674624,-0.026886903700091804,-0.016682376696812204,0.05825823458661973,0.041882607984879854,0.024070237093486692,0.002617299084441094,-0.02179592177937847,0.06398889976293265,-0.03737913059983842,-0.01795385562539386,-0.005258175438073634,-0.059014053585348565,0.030989293775399475,0.03587877292868556,0.05627034073059651
PRO_001836,SUP_0134,0.017529237037792952,0.001848404167662227,0.0032160063667805005,0.006812052478689785,0.003609136242545069,0.007611701207359427,0.01651951126168011,-0.01529258147828792,-0.020828093997974396,-0.0023940115493715696,0.0021063667637610164,0.0026046262788403723,0.03023259728876377,-0.08442117526896242,0.11862581276957432,0.055606841329096185,-0.0037656752931386948,-0.013175199652019087,-0.004800860227656262,0.00331949327021591,-0.006319923859620171,-0.010754105820202382,0.008587774114469513,-0.0023248454186905357,-0.008517482370269542,0.0006048829600712376,-0.0001705899743170878,0.0008779007307885941,-0.0006867729762001589,0.00633804654304693,0.010117533441395436,-0.0131977929917997,0.0024668255398061305,0.009558286377672242,-0.005606972189645459,-0.017795005332701386,0.006292664689999328,-0.018973053628202736,0.03456260548400822,0.003982617473722751,0.011582323687566176,-0.009853129285329615,0.012112098015298901,-0.03016753970522582,0.016144767768020762,-0.020167420565145987,0.04624091531644626,0.04008399292593156,-0.05750911501835977,-0.017802094020180306
PRO_001837,SUP_0134,0.0018833917827045465,0.0025810410453621065,0.004061167067978909,0.006726207338475941,0.002868821741044376,0.007548518731340619,0.020843948529792003,-0.019531405732249263,-0.02387650888476634,-0.004892703859909038,0.0032878123983215058,0.005878660151704738,0.02724821471649394,-0.09642465188234764,0.12753976259297947,0.055777941303077394,-0.004604110658597872,-0.015924863026216794,0.01312899049228081,-0.010151061625684103,0.0039031684016635065,-0.023109275017663928,0.020143272056722752,-0.008685872997236648,0.0001446256548049304,-0.005229360546417807,-0.012063500831268437,0.010125823725069868,-6.674456755826437e-06,0.02651086200148938,-0.014273243467855131,-0.012070650182336948,0.012392112243640254,0.0028844148197329383,0.007008811173818456,-0.05888200791521655,0.04658250288077632,-0.01173650285803213,0.05570959145428492,0.03348895793303944,0.017188791305199243,0.00997944977594972,0.049355307037490706,-0.060163204855392886,0.026932199673304368,-0.006659605219799754,0.05500795688267657,0.038495196248538116,-0.10143518967187008,-0.013311382006365308
PRO_001838,SUP_0134,0.0011139347867887262,0.004473980075832086,0.0055502914633106986,0.009471091939092612,0.0076541404482044955,0.012067693938808743,0.044860157558751695,-0.04199004435683064,-0.05899096272073734,-0.005932672156384683,0.009603236203911118,-0.01271873682141823,0.08651748876871194,-0.3180340993925974,0.5187839190768986,0.22305166854927602,0.0018902257251747977,-0.11051929798389884,0.010914980306636957,-0.002361595487401019,-0.028042293817894443,-0.006190047895155595,-0.009789858476547363,0.011037286776172698,-0.053526265061550025,-0.02509873749059772,0.016214469134405187,0.025966181413084724,0.010798425765191837,0.01858265670030705,-0.07485149509402927,-0.018639489660474913,-0.0044727623469348445,-0.029936651969083385,-0.060109688734656413,-0.02232575341725109,-0.01815150284544454,0.046488187029436585,0.027888795235174936,0.016651485717474494,0.0021912156731971302,-0.024267373270658366,0.05050397250467534,-0.016585688697950386,-0.007911399561699738,-0.0066840813196381525,-0.04020971902401914,0.015134874736776514,0.034905757260518436,0.042726932500396754
PRO_001839,SUP_0135,0.009696562415046154,0.009894576618948369,0.019764735170287772,0.05653900247962489,0.15577209284723445,0.0051129979777754225,0.08145035556417458,-0.04888955224048329,-0.06665169181715216,-0.048960510616076876,0.027671125808576648,0.051763080404460336,0.030424914632732374,-0.0992317982069633,0.012204203774978361,0.00740231423390821,-0.0886317231097819,0.14284618325310863,-0.042022822117460876,0.11812126560867757,-0.05754529150760783,0.08421196385065974,0.0061484175311332595,-0.0021488054943781024,0.012503918050118431,0.05089360463225758,0.03010208960139463,-0.03128807685411374,-0.026357516619632777,-0.029386561094326767,0.047033582882656924,0.0168415114976951,-0.012057537897485733,0.03044168900960017,-0.0029512671804556856,0.03968924645616164,-0.01920974709989635,-0.047418610784798254,-0.08190768502349464,0.007531650842935764,-0.0074112977313477366,-0.051285907509403414,-0.052353824366134415,-0.10562899294271999,0.17231992701290946,0.05161222569527053,0.026107092547008985,-0.044239757627486755,-0.005402144690220415,0.00894930856954284
PRO_001840,SUP_0135,0.03634509034184912,0.015420085137498466,0.018970333400814502,0.03694685658313318,0.07577697468159898,0.02825619509249873,0.12163637040908441,-0.08875366116762455,-0.09102246994907288,-0.08135986956186052,0.06223990237351349,0.04042968162140287,0.045805705965952945,-0.1831804202428372,-0.039849499919293166,-0.03874285561912148,-0.15448685705576282,0.31396237362233764,-0.07099166883452293,0.2428353232289511,-0.13211385251061572,0.18406137906067047,0.03501401468756595,0.06501765881793897,0.031799689987350416,0.041796668139417924,0.007727233746912379,-0.025144497415099852,-0.009017698826183852,0.02994993142208918,0.014966730528243552,-0.008006216449909202,0.0054527322457647714,0.019492679338491414,-0.012549313824625014,0.01629288368514473,-0.01763432812212201,-0.026452056913523668,-0.04690860991009383,-0.00012266452325150222,-0.008014950988294892,-0.020522491560310746,-0.00794369832537048,-0.04169260786990091,0.056285800015703054,0.03387573546214298,0.004424739000935184,-0.017594949510875976,0.00986718137001493,-0.0013993793968094695
PRO_001841,SUP_0135,0.0022118433974718907,0.007983190265546121,0.019391197320215856,0.19877507969918476,0.9692342308639996,-0.013049777521366147,-0.09195405532138887,0.052032418475438574,0.05400517720682252,0.03581538942405906,-0.017891897589957396,-0.002235161800337979,-0.007600291535154813,0.028812643833520994,0.008299039549126185,0.0005760854235034004,0.012868562035430426,-0.027459169227098918,0.0046545666972674675,-0.012472423165978979,0.0038388173015346133,-0.005127361210925985,-0.0021266048908232657,0.009781298246911341,-0.001928667160369915,-0.0025124314910919825,-0.0013045986989078271,0.009588942423334294,0.00577204807394612,0.011172847784207723,-0.015641648557503236,-0.007674944506771265,0.0015707117320884474,-0.004819550680297736,0.0044129770645783386,-0.0027196300231085817,0.0037243916583150558,0.0028124773700198566,0.008232043733079775,-0.005388394249397393,0.0035747452574942176,0.0007731624664076325,0.0046525389859803125,0.010814116154731351,-0.015741304274602956,-0.004376326851145143,-0.0007536552246909414,-0.0010283089903314771,-0.003162455210395129,0.0013304056241846835
PRO_001842,SUP_0135,0.006500033094628035,0.012582512694629627,0.00722645930234708,0.020218632309504523,0.05223682499028904,0.035891320361162014,0.07289226020045132,-0.056473219169651825,-0.05144614329356255,-0.0561836825021634,0.06598088987668778,0.07194871083472483,0.05213415027684333,-0.213531902085163,-0.06074828518971123,-0.056053960718458314,-0.21962229408249656,0.49029579972800874,-0.1199993358951454,0.4171817587345467,-0.19339875557143743,0.3349409234633644,0.06534042453614262,0.191781516543637,0.05634761090190606,0.1101590159587391,-0.018927449502096672,0.013017353747353026,-0.00287499869125897,0.14202431561564738,-0.019821890781921807,-0.0327835281003995,0.009806010929249785,0.028775166169401754,-0.05743603041294868,-0.04071840987719269,0.02132178953349062,-0.0012091491635551246,-0.005391861345108198,-0.018501014351635946,-0.023722269387655058,0.06822688067802617,0.05070755518920913,0.012285977049490006,-0.07532561914244171,0.0390906342723764,-0.05673509644907866,-0.02214442276466938,0.01209442296095089,0.009184167256262818
PRO_001843,SUP_0135,0.0022118433974718907,0.007983190265546121,0.019391197320215856,0.19877507969918476,0.9692342308639996,-0.013049777521366147,-0.09195405532138887,0.052032418475438574,0.05400517720682252,0.03581538942405906,-0.017891897589957396,-0.002235161800337979,-0.007600291535154813,0.028812643833520994,0.008299039549126185,0.0005760854235034004,0.012868562035430426,-0.027459169227098918,0.0046545666972674675,-0.012472423165978979,0.0038388173015346133,-0.005127361210925985,-0.0021266048908232657,0.009781298246911341,-0.001928667160369915,-0.0025124314910919825,-0.0013045986989078271,0.009588942423334294,0.00577204807394612,0.011172847784207723,-0.015641648557503236,-0.007674944506771265,0.0015707117320884474,-0.004819550680297736,0.0044129770645783386,-0.0027196300231085817,0.0037243916583150558,0.0028124773700198566,0.008232043733079775,-0.005388394249397393,0.0035747452574942176,0.0007731624664076325,0.0046525389859803125,0.010814116154731351,-0.015741304274602956,-0.004376326851145143,-0.0007536552246909414,-0.0010283089903314771,-0.003162455210395129,0.0013304056241846835
PRO_001844,SUP_0135,0.0022118433974718907,0.007983190265546121,0.019391197320215856,0.19877507969918476,0.9692342308639996,-0.013049777521366147,-0.09195405532138887,0.052032418475438574,0.05400517720682252,0.03581538942405906,-0.017891897589957396,-0.002235161800337979,-0.007600291535154813,0.028812643833520994,0.008299039549126185,0.0005760854235034004,0.012868562035430426,-0.027459169227098918,0.0046545666972674675,-0.012472423165978979,0.0038388173015346133,-0.005127361210925985,-0.0021266048908232657,0.009781298246911341,-0.001928667160369915,-0.0025124314910919825,-0.0013045986989078271,0.009588942423334294,0.00577204807394612,0.011172847784207723,-0.015641648557503236,-0.007674944506771265,0.0015707117320884474,-0.004819550680297736,0.0044129770645783386,-0.0027196300231085817,0.0037243916583150558,0.0028124773700198566,0.008232043733079775,-0.005388394249397393,0.0035747452574942176,0.0007731624664076325,0.0046525389859803125,0.010814116154731351,-0.015741304274602956,-0.004376326851145143,-0.0007536552246909414,-0.0010283089903314771,-0.003162455210395129,0.0013304056241846835
PRO_001845,SUP_0135,0.0022118433974718907,0.007983190265546121,0.019391197320215856,0.19877507969918476,0.9692342308639996,-0.013049777521366147,-0.09195405532138887,0.052032418475438574,0.05400517720682252,0.03581538942405906,-0.017891897589957396,-0.002235161800337979,-0.007600291535154813,0.028812643833520994,0.008299039549126185,0.0005760854235034004,0.012868562035430426,-0.027459169227098918,0.0046545666972674675,-0.012472423165978979,0.0038388173015346133,-0.005127361210925985,-0.0021266048908232657,0.009781298246911341,-0.001928667160369915,-0.0025124314910919825,-0.0013045986989078271,0.009588942423334294,0.00577204807394612,0.011172847784207723,-0.015641648557503236,-0.007674944506771265,0.0015707117320884474,-0.004819550680297736,0.0044129770645783386,-0.0027196300231085817,0.0037243916583150558,0.0028124773700198566,0.008232043733079775,-0.005388394249397393,0.0035747452574942176,0.0007731624664076325,0.0046525389859803125,0.010814116154731351,-0.015741304274602956,-0.004376326851145143,-0.0007536552246909414,-0.0010283089903314771,-0.003162455210395129,0.0013304056241846835
PRO_001846,SUP_0135,0.0022118433974718907,0.007983190265546121,0.019391197320215856,0.19877507969918476,0.9692342308639996,-0.013049777521366147,-0.09195405532138887,0.052032418475438574,0.05400517720682252,0.03581538942405906,-0.017891897589957396,-0.002235161800337979,-0.007600291535154813,0.028812643833520994,0.008299039549126185,0.0005760854235034004,0.012868562035430426,-0.027459169227098918,0.0046545666972674675,-0.012472423165978979,0.0038388173015346133,-0.005127361210925985,-0.0021266048908232657,0.009781298246911341,-0.001928667160369915,-0.0025124314910919825,-0.0013045986989078271,0.009588942423334294,0.00577204807394612,0.011172847784207723,-0.015641648557503236,-0.007674944506771265,0.0015707117320884474,-0.004819550680297736,0.0044129770645783386,-0.0027196300231085817,0.0037243916583150558,0.0028124773700198566,0.008232043733079775,-0.005388394249397393,0.0035747452574942176,0.0007731624664076325,0.0046525389859803125,0.010814116154731351,-0.015741304274602956,-0.004376326851145143,-0.0007536552246909414,-0.0010283089903314771,-0.003162455210395129,0.0013304056241846835
PRO_001847,SUP_0135,0.0022118433974718907,0.007983190265546121,0.019391197320215856,0.19877507969918476,0.9692342308639996,-0.013049777521366147,-0.09195405532138887,0.052032418475438574,0.05400517720682252,0.03581538942405906,-0.017891897589957396,-0.002235161800337979,-0.007600291535154813,0.028812643833520994,0.008299039549126185,0.0005760854235034004,0.012868562035430426,-0.027459169227098918,0.0046545666972674675,-0.012472423165978979,0.0038388173015346133,-0.005127361210925985,-0.0021266048908232657,0.009781298246911341,-0.001928667160369915,-0.0025124314910919825,-0.0013045986989078271,0.009588942423334294,0.00577204807394612,0.011172847784207723,-0.015641648557503236,-0.007674944506771265,0.0015707117320884474,-0.004819550680297736,0.0044129770645783386,-0.0027196300231085817,0.0037243916583150558,0.0028124773700198566,0.008232043733079775,-0.005388394249397393,0.0035747452574942176,0.0007731624664076325,0.0046525389859803125,0.010814116154731351,-0.015741304274602956,-0.004376326851145143,-0.0007536552246909414,-0.0010283089903314771,-0.003162455210395129,0.0013304056241846835
PRO_001848,SUP_0135,0.0022118433974718907,0.007983190265546121,0.019391197320215856,0.19877507969918476,0.9692342308639996,-0.013049777521366147,-0.09195405532138887,0.052032418475438574,0.05400517720682252,0.03581538942405906,-0.017891897589957396,-0.002235161800337979,-0.007600291535154813,0.028812643833520994,0.008299039549126185,0.0005760854235034004,0.012868562035430426,-0.027459169227098918,0.0046545666972674675,-0.012472423165978979,0.0038388173015346133,-0.005127361210925985,-0.0021266048908232657,0.009781298246911341,-0.001928667160369915,-0.0025124314910919825,-0.0013045986989078271,0.009588942423334294,0.00577204807394612,0.011172847784207723,-0.015641648557503236,-0.007674944506771265,0.0015707117320884474,-0.004819550680297736,0.0044129770645783386,-0.0027196300231085817,0.0037243916583150558,0.0028124773700198566,0.008232043733079775,-0.005388394249397393,0.0035747452574942176,0.0007731624664076325,0.0046525389859803125,0.010814116154731351,-0.015741304274602956,-0.004376326851145143,-0.0007536552246909414,-0.0010283089903314771,-0.003162455210395129,0.0013304056241846835
PRO_001849,SUP_0135,0.023834834053137553,0.02543403329854052,0.02265498732469771,0.05848420940951841,0.14264821481250606,0.02185422270648711,0.12086419394188584,-0.07476924978098153,-0.09061787779627156,-0.07137239846148677,0.06046873639981033,0.0803974616898528,0.060174353913812956,-0.19500199254111647,-0.02664431211475003,-0.032095798074785506,-0.18230467474436585,0.3508149835075446,-0.08387791142895931,0.2858484175311937,-0.13621775107482564,0.2235226012450554,0.037083936405665124,0.08662268509364283,0.042676363854722774,0.0842364676508468,0.012021594469127508,-0.014115399884546052,-0.01931212445612832,0.04060210450130766,0.01994544586712975,-0.004602101075693479,-0.001388054503754421,0.037163064344223506,-0.023337974066891157,0.02072413594176366,-0.0009364462427670049,-0.04143725540365668,-0.06860962519894452,-0.0077136693036468995,-0.018049266768624832,-0.01893215327006353,-0.022019483114318363,-0.0835287524158212,0.10738155131617577,0.057905282450326556,-0.003172157118117045,-0.05399435271081359,-0.002934712558118241,0.02534810920483839
PRO_001850,SUP_0135,0.010600396187318162,0.05118098682833666,-0.004643346060320314,0.023406507346729388,0.04326298430380987,0.06769419008986724,0.08348049322276477,-0.03806993012120017,-0.049691865219752426,-0.046638836809289146,0.1278484316809005,0.08026187730660347,0.03696897934347932,-0.2206976708472631,-0.06624751624330054,-0.051562988310196886,-0.20968054963738952,0.4710021370731886,-0.11775068662737541,0.37083519612090526,-0.14537410604155174,0.31964598821160844,0.06406678799776595,0.17463721178569924,0.043242947603282234,0.08760090889044264,-0.036893541855275054,0.0515032198890483,-0.002363052824215971,0.13271410753748156,-0.026549600264766725,-0.03352378445061513,0.003742721429615868,0.010129252141757214,-0.03744997286713047,-0.052318862904989695,0.02626204117563325,0.02696028370872463,0.028296731016921525,0.016318895510688686,-0.02265236405211896,0.045913749472230383,0.03606368065475439,0.026817604507226245,-0.07062262132317146,0.017463556978515652,-0.022246515784780742,1.4231069544276174e-06,-0.0018428306025633288,0.0094416046963701
PRO_001851,SUP_0136,0.012977983321054704,0.016863387213506664,0.01185268554819646,0.023695059104653377,0.052621343094387936,0.03852276286858084,0.09659387663249698,-0.07710484618264436,-0.05006729584278152,-0.0652687564907835,0.06934836616584783,0.08394550672345778,0.05236175150052862,-0.21666040438377634,-0.06860499354180005,-0.059367552763794296,-0.22587177234968686,0.49496067489388734,-0.12138312531473239,0.41030125344840834,-0.1882961573473176,0.3234676063945786,0.0672955505558377,0.18122091722605724,0.06030602973188403,0.10446869252422368,-0.01353073701684427,0.010014033545765794,-0.010684832568609167,0.13199848903773034,-0.04114309987694467,-0.0257668968478283,0.008668608537152261,0.013167604367020327,-0.05302444277381382,-0.04218355352560382,0.027043285970976466,0.010365903980821359,0.009964672975062169,-0.0307724078677601,-0.0012811220718626864,0.06964529356969489,0.04800427556737996,0.027343001396244803,-0.09599812814634766,0.020558070599939908,-0.05954678337730507,-0.01497223950738471,0.01052875976520206,0.003138605612139244
PRO_001861,SUP_0140,0.01622158317647547,0.01370867841718032,0.027499595716827887,0.06735544397283916,0.11827843257333308,0.007374250621459265,0.09896612648056205,-0.06772694930663684,-0.08475167592936217,-0.05333025455551234,0.028587858227234912,0.057030436419536056,0.003385947604602641,-0.02387298068196459,-0.007782608702419065,0.02164171170154676,0.008201128673797879,0.034216428596261235,-0.008925832851380575,-0.002440738423348729,-0.007679381824666371,-0.015075030098559157,-0.012197403294668235,-0.06253718445242107,-0.0032589282482362284,-0.008279644432159509,0.023149190756973633,-0.01914651489990072,-0.03542112271531262,-0.08094209849345056,0.1401706848855938,0.059140969545985564,0.020373854668827716,0.0053272607085879786,-0.0055371702291168775,0.004016555957073764,-0.0022967488870409155,-0.027875715255578092,-0.026044432202797146,0.026562197961379923,0.04682748850956327,0.0016581553997297412,-0.01911322070405281,-0.03678161292027291,0.03677709563439195,-0.04851187329646469,-0.020567779052543065,0.008548002080950027,0.027145012548756512,0.002220754090526522
PRO_002726,SUP_0145,0.002339319551478052,0.006941172286814028,0.01337742900438019,0.061908500702638515,-0.0004249195779189429,-0.005833035326439405,0.03915800677045895,-0.03553862507732925,-0.015580879299221514,-0.023924051102457662,0.016736226064788726,0.012554930779759508,0.01160990695029603,-0.044094281866029456,-0.032142712889169985,-0.02428708079593925,-0.07519775771811132,0.011747211312094188,0.017151884061465974,-0.004665034137488878,-0.05668287204287075,0.051979834416016044,-0.03206688233104089,-0.02878451369060006,0.004632200526772673,-0.06311561082078447,0.03757612644120582,-0.03392314096997189,-0.008135587366178315,-0.02950591040229769,0.02217021147821913,0.03245538738129976,-0.028980085726396713,0.01550543592293961,0.011640824393716095,0.029553472700922304,0.008294641355701371,-0.007793688769228785,-0.005665099068166823,-0.03274481568918148,-0.09911024002511713,-0.014326900130697989,0.035893746365172355,-0.04124327537315026,0.001186476967485986,-0.033856489463497216,0.03693402618106481,0.030569990395008528,0.031474997073728375,-0.05601880964284286
PRO_002727,SUP_0145,0.03580718534410478,0.010357415145088943,0.023399608918658665,0.02395637499795308,0.016054035772974,0.023937343702029084,0.1789458484485959,-0.1137701890215461,-0.1457621706139963,-0.08868864154613108,0.019086616148600893,0.626385984912925,-0.07948780906911908,0.40063994977837925,0.1650787413021906,0.13217630344014547,0.024202070621204802,-0.029425173484448564,-0.019310098365730843,0.007326273093428534,-0.002228257350946049,0.06342452624239893,-0.009772804140969552,0.04634739241244432,0.0017452074699626653,0.015033470522865529,-0.008934757257179637,0.023323894010597056,0.017498258967659545,0.02102765617603531,0.0030819859370434604,-0.008197621787028386,-0.004807353695677201,0.011805510400150997,0.006364769608950243,-0.01035125385499008,0.011907810882525904,-0.017193083193781943,0.00349046209819694,0.022275015325450037,-0.026664268475346052,0.011419648471282965,0.007171639128292497,-0.00887828677522556,0.00924759058585475,0.04013971553811178,0.001135002745232132,-0.01688945029082038,-0.0002173986963052442,-0.0035997080709329866
PRO_002728,SUP_0145,0.058326702625160716,-0.0010349775711243699,0.008858300507278007,0.034728304571425186,-0.0024331720475791498,-0.0035105719662876993,0.039741699424757165,-0.017165683374056436,-0.018859071973542803,-0.016511911606402124,0.002559742612043203,0.0884803816160977,-0.00820896535871307,0.02976346376965395,0.003982878068366685,-0.005254488144382313,-0.03285277354236505,-0.03889468267980623,0.0750029058091562,-0.06506372968051684,-0.023981040913410443,0.03699554733343358,0.11038517941814621,0.07317285924332771,-0.0493370080735701,0.01302176767833528,0.03516647863171078,-0.0038597755451203414,0.0012495190767032583,-0.019909578639112347,0.069842436770115,0.015577088468013426,0.03526941639886255,0.00047458337492396426,-0.024162719955720734,0.014562756471465954,0.016272315763854996,0.019770760026522817,0.016604367140453605,-0.0062937144746483716,0.013377636491325577,0.011278905533169162,0.0003210271642562761,0.012855217935466439,-0.03055215381627106,-0.012264716731434911,-0.03860403639293865,-0.0005561185649787148,0.010141620470425121,-0.005283637079599695
PRO_002729,SUP_0145,0.03313807458915939,0.009915530616236633,0.0221708080885661,0.02361299660112135,0.015147943082895056,0.0248344604749022,0.18487634424508115,-0.12077164560319904,-0.1558566598114356,-0.09623020554612209,0.021329428885157885,0.6852396652400057,-0.08577092972193091,0.4462009533977719,0.18474951828228572,0.14675435189427802,0.02440884015291674,-0.02701671206545557,-0.025063960142050146,0.009747579307191067,-0.00649273232997964,0.0665313039221684,-0.016917942065766887,0.053690921862337725,-0.0014969581588923906,0.012453553671716308,0.0028798673049745737,0.02757599429310958,0.026884360864076647,0.03292634609990644,-0.041469728321338536,-0.02290422107573283,-0.026417427387157723,0.01632256806953955,0.0180974760143093,-0.0012010245943451573,0.006078422011385005,-0.017380339982385137,-0.0009064765206685295,0.026292560868167468,-0.02466890816036451,0.009187012136385229,0.007120869110347171,-0.0038022189331366587,0.010957267534353485,0.03706206724010331,0.0025176457066841424,-0.009657050944375113,-0.004084695079970237,-0.005026745230765158
PRO_002730,SUP_0145,0.02577811146212301,0.017993333144050917,0.021553113305104357,0.025341782024740925,0.014143258887414783,0.024521858805158926,0.17305306647818508,-0.11904891038506596,-0.14870281608965608,-0.08501571105531491,0.0202140696442696,0.6066275060811881,-0.07602332621703918,0.39108014033417693,0.16095159854128244,0.12278185184462735,0.018798876165821547,-0.022761178168600564,-0.018774771906834176,0.0045125591859125624,-0.002077620538135672,0.04997271986853505,-0.014011729801678719,0.04066769778430147,-0.0019828968392472867,0.007963658631508915,0.005000163884573079,0.025567357013286208,0.02359596534429317,0.028028565277843448,-0.04313199292380055,-0.02146061734773401,-0.016891356178357343,0.00530792672751279,0.01729463975317895,0.007079250614825427,0.014722465084571838,-0.003114039405149492,0.012082038132014238,0.009564799799221289,-0.0007391985070106461,-0.0020947371120528086,0.007384706297700737,-0.0024272243049124347,0.006870091745223066,0.022771021265709835,0.004198117930052415,0.004585710514878243,0.006507524808093074,-0.005682497518736281
PRO_002731,SUP_0145,0.043418850133989606,0.013822684334628684,0.019739909788382266,0.024741748781878493,0.01532938181616043,0.022722171254775873,0.17553888127871425,-0.12113576318018064,-0.15227608836581333,-0.09837150166921353,0.024744821780742887,0.6397464790334457,-0.07829364435041815,0.4095173424789911,0.16885673060543444,0.13194505977158666,0.019402650729486604,-0.026909505652238357,-0.020712236002705685,0.007838541208271998,-0.006614006877129558,0.06251966034650817,-0.013834908433527842,0.04498506928055238,-0.006324072936290195,0.0068239984282160975,0.006590284207088063,0.024739902152833445,0.0253441610298991,0.02768483499884496,-0.04052959892317986,-0.021258139896799207,-0.022458283365001882,0.010310055449955403,0.019527401073359853,0.009120124154098904,0.013309493781707989,-0.014759164883738175,0.012217857280217459,0.022873667208052402,-0.005057968313610199,-0.0037832631767672348,-0.00012422793405770724,-0.012373489573759477,0.018062685201531172,0.038662953457692946,0.007846810541498713,-0.0010716933544095359,0.012310733685974946,-0.0013535628336854215
PRO_002732,SUP_0145,0.03111134642438881,0.014612169606625794,0.021090481378848613,0.024161026733575973,0.014896165532226514,0.023626412732901947,0.18761437717873086,-0.12521224868581182,-0.16181498755013313,-0.0970075610242259,0.022260786362926215,0.7096689443376154,-0.08961558801643824,0.4652663182902245,0.1942037692056365,0.15182168758612555,0.025802683438096285,-0.029153564861583908,-0.025376536890966108,0.009303994586272315,-0.005792499902201213,0.07016680398439351,-0.016832303837939735,0.05606678110932621,-0.0018533725703732866,0.012398386708298282,0.002224979933240616,0.029688736713043253,0.028846773173426907,0.036876562017218485,-0.04750457192374951,-0.025643012832577194,-0.02878574033179599,0.01814593095074133,0.019664695096863326,-0.00047013365726832545,0.008712369870629991,-0.01654117508800308,0.0015426387830108212,0.027230083020453107,-0.026174206530198953,0.007820018079583805,0.008010214604280823,-0.005665765479991026,0.01341623492103136,0.0414538151257164,0.0038236810402287737,-0.0074107398753765485,-0.0024036773062152622,-0.0024863460995426146
PRO_002818,SUP_0147,0.02738991480017305,0.03810437950929985,0.006915696433286126,0.012670769172229354,0.019201178554132267,0.026624049146964795,0.0906227697269137,-0.06332284701583592,-0.04464680251830395,-0.06067338379140959,0.024833733154129043,0.00547324678630629,0.016264930617388373,-0.05856285403123411,-0.028571821612635218,-0.03343723138238884,-0.025456389116269254,0.08210019261375714,-0.0015596987031196827,0.04351383438334283,-0.01979684300285185,-0.006075921396801168,0.0019894581449952657,-0.07153568729721849,-0.06000532261425323,-0.06545301015876305,0.021329051328468646,-0.0069547733366789296,0.030967991632270295,-0.06536414204176332,0.03618165620008689,-0.09589276074420852,0.06148673959663691,0.0009451787088313329,0.3072598827039229,0.07849299337501453,-0.2631259398612248,-0.1339385260223902,0.019328715225733158,0.014924776733820217,0.0075774849709898335,-0.15049148159528078,-0.14297241888219342,0.03884407288622549,0.011346093510702244,-0.09363937925095879,0.06064384048515589,-0.1760782447301259,0.048231290196066354,-0.1215294243055459
PRO_002819,SUP_0147,0.0033431358578440806,0.04298597820604244,-0.007893094853656801,0.013002920767745691,0.0035281782193083626,0.05352008261521569,0.036270989929980485,0.005847773971848206,-0.007948182941911089,0.01612947260969503,0.12714683047060998,0.0276455732080901,-0.022474651355475096,-0.07862728136017673,-0.038472792202827046,0.004219070342434612,-0.016671995149526834,0.08438266586036569,-0.02923091010631908,0.022224915080006524,0.05617211516149114,0.06460318391330855,-0.015659621121825416,0.0058168893317896726,-0.022186977263175953,-0.001045908622023838,-0.032906105449642495,0.06114936867205137,0.012119700118915598,-0.02056293653770442,-0.03095575461129161,-0.001711895874047574,0.08148745781288953,-0.03347951416959322,0.06815372521578633,-0.0866476211447188,0.10938015712470066,0.10411557437052778,0.09285226502624533,0.06393345135883377,0.02910012252104631,-0.09699211068545983,0.10011777083380177,0.205903241866644,0.07328359691166818,-0.07107900368983575,0.16447147443996227,0.20465880933380945,-0.14736532758180054,0.008563053170638076
PRO_002820,SUP_0147,0.026389809625347333,0.044485398436214615,0.010258821433774865,0.012980344411636029,0.019720931677508234,0.03165857295798008,0.0930746307572045,-0.06475633989564095,-0.04907663449780709,-0.065025946527243,0.02341335037381379,0.0029654815500190813,0.02819142974115995,-0.05468615560493566,-0.02897817435034151,-0.0365317227329487,-0.02355123537614722,0.0816542584409422,-0.004943960588803821,0.04227477276748413,-0.02505674655104779,-0.013655785921599134,-0.0017544012119130282,-0.0738042362617963,-0.0616406553034715,-0.06565247270869534,0.027407693303470926,-0.013762548774403414,0.020217939873156496,-0.06900639710614308,0.03792674129199963,-0.10697894951999196,0.06295490908236395,-0.0007208908180245596,0.3186210431534133,0.08540266488085017,-0.27413296031954193,-0.14128030381756074,0.020236226225269657,0.014735982842373362,0.004944343463894511,-0.15001090683249568,-0.14453461952721944,0.042063267823424774,0.020194616313332876,-0.10131274219985413,0.06681126646806373,-0.17639485611528663,0.05360425121841434,-0.1304750162313354
PRO_002821,SUP_0147,0.004310150268587144,0.06702311935967997,-0.01665415199470176,0.012574444148854228,0.003309417818545881,0.05443308115575278,0.036537975085714464,0.009415308180720788,-0.00814729586873521,0.02526283960396969,0.1391429601950376,0.027618161532192632,-0.01368160647857537,-0.0778032755512305,-0.03731177245050176,0.0017171108301511334,-0.0182888479124427,0.09169992260272776,-0.03589568255336798,0.021604243345691488,0.06322505425845815,0.07054634989220336,-0.01785806115542471,0.01687129321156465,-0.022972165070141704,-0.002559232332115452,-0.03221021301009032,0.07110061007350396,0.014280032084924262,-0.01640986858751987,-0.028974125595851403,-0.003165816287674223,0.08923615261490384,-0.031477942141066355,0.07562905861642534,-0.08819519086943618,0.10727436400206755,0.1008018015677301,0.09555788123933653,0.06294360487786552,0.031005044928987476,-0.08447782302281841,0.10352348918296803,0.21377157976693711,0.07710893413799119,-0.06883972315398244,0.1711733732220588,0.2083964731426152,-0.1370401717368587,0.00505642974671182
PRO_002853,SUP_0156,0.02060928828884848,0.06082338194847946,0.06591829238246263,0.00307084761199531,0.009528556089168918,-0.026324894346454904,0.1354608468820965,0.028841526170886346,0.005416885499104513,-0.021701581491134214,-0.015148347437786007,0.02340802795898352,-0.022760001856044446,-0.019871624439543385,-0.0320247330045616,0.015899609728987338,-0.023481863411903482,-0.007319955627312545,0.02745488891718559,-0.009413365212964353,-0.0009579390660372543,0.00012759261819479987,0.008954193787787177,-0.04210905808237202,-0.015988552479084383,-0.030898577708721075,0.007050093407973708,-0.06883592567952816,-0.023676579384588073,-0.02512929960645687,0.0037011304215068025,0.03608026770491932,-0.056729382599715016,0.0025304246034640963,-0.08377750642280453,-0.07958003581516465,-0.008322208473600108,-0.0875719135714095,-0.05091328714800644,0.06458782955653274,-0.08781919340173762,0.029984893369911534,-0.02026429046650661,0.010922164449438516,0.06243551974799642,0.004898394427765075,0.025777208921751,-0.13336819283368204,-0.03423519445745234,0.04773176214611931
PRO_002859,SUP_0159,0.050064421741210736,0.045024989390389326,0.04638637883468903,0.04516369350800997,0.0060406300136248755,0.03214231556174626,0.13272889972198734,-0.06895033040968433,-0.05615405942725772,0.014156116853743472,-0.008518263781767,0.03838782361536767,0.029236779986477713,-0.0805767718668066,-0.07315982798708315,-0.05458650830843937,-0.04639988319837142,0.022886349268861666,0.23322610389517925,-0.18452200979799602,0.02153047532216588,-0.05340050540195789,0.35278846620882787,0.12709637316809436,-0.0864856920921901,0.051600063207161526,0.021224364489851908,0.01868247652282653,0.00469827285373647,-0.019238189178438895,-0.10169141102888514,-0.01101953687898363,0.003950290392480438,-0.022393984579612506,0.0027204345547536986,0.005450408205514421,0.03626829133994025,0.005235461541490476,0.0750151800322881,-0.02521837508435245,0.014315852568731866,-0.05723434157992752,-0.0013271770680365448,0.005500005365350765,-0.07583723750173371,-0.03530916685170717,-0.015902175668379565,-0.06560983554260114,-0.001360774220473782,0.09056130301563248
PRO_002860,SUP_0160,0.01827699311862922,0.22379293117312116,0.22753456962775384,-0.015832125216105757,-0.005581277826619237,0.14702769502420107,-0.10507232626978835,-0.03839681616912389,-0.059130706286714935,-0.037405476731016934,0.012501151976401998,-0.0363047043387175,0.21330218609867774,0.022877510124996073,-0.0781291715312278,0.1780203494384478,-0.025015112247647135,-0.014023620778483865,-0.19830715195687595,-0.15837536413710984,0.005544610203783147,0.0696817808260519,-0.00029045612819817085,0.06270420930637766,-0.031308424225939234,-0.0019880640359014644,-0.010198700159887079,0.03169308899583635,0.0404854467233412,-0.03650081542632088,-0.017568011391501152,-0.01844403677457297,0.052791734211473186,-0.009125933798577799,0.053823701049490705,-0.060549989289290444,-0.061407632131067764,-0.06148211549418661,0.0567523926174381,-0.06131328732692171,-0.05175499439775106,0.03957567518655257,0.03212288783156262,-0.02135147708288548,0.05934295020256068,-0.03288149192088962,0.0019381302203967975,0.05515829218345403,-0.0068266581139407945,-0.009500605128621713
PRO_002861,SUP_0160,0.028483454863039548,0.17844608477569607,-0.02139117991417032,0.020327251645270945,-0.005203840689156408,0.10677828461894727,-0.007780278297721653,0.03843383872576183,0.0042973121846772,0.026824050385454566,0.1488365294765707,0.005249237114333758,0.0715181550873321,0.0036825620742508306,-0.012917874588847007,-0.006732362290090337,-0.017641864306609193,0.023831991321537946,-0.009825390881264004,-0.0301282771938922,0.21655646370421336,0.1369547304692603,-0.01703588929452597,-0.015032738050571348,-0.11860841851203816,-0.07121360295098643,-0.050919334677562135,0.08183416325555828,-0.02053718112341332,-0.03451135951141928,0.007866668852859703,-0.056964419171442834,-0.028775362891814683,-0.1212582531179855,-0.003639715360655149,-0.14340642705681936,-0.09621662936263994,-0.017919157675141344,0.06404048251150592,-0.05027472358607063,-0.04264207874490418,0.20059723580694236,-0.040590962692634305,0.08728976326203054,0.12250602725830832,0.014280431309084036,-0.02615421607580753,-0.00763445705433933,0.023372076717605363,0.0019846159356077743
PRO_002965,SUP_0166,0.0034114461288120134,0.027253964829534814,0.02004588203413871,0.054638383942173956,-0.0068286606687046805,0.04547856718662935,0.052510567464062886,4.93734229084445e-05,-0.012194809149650408,0.006840284762728327,0.020167447091774874,0.0260265843367766,-0.012620589078006096,-0.04193028177497996,-0.01390079147300822,-0.044421992590057385,-0.0007673266322583377,-0.06591943458070552,0.039304551767809066,-0.009913793846689754,0.030441684720558113,0.008073544378040696,0.01971575413968375,0.01734371973592729,0.06614455522780495,0.03291632682208073,-0.0707390140998728,-0.010939343606649055,0.04699561695028817,0.04728153377965849,0.049725245427948386,-0.013981362922506162,0.06890107530582043,-0.08067105406370124,-0.015191014124489467,-0.037495393453350484,-0.06428705124912035,-0.06468470328549414,-0.03194645070771665,0.011292380291405293,0.0699258683031867,-0.045287450034870336,0.06605022378468332,-0.004219602203584857,-0.05749889589551563,0.05371102681121532,-0.021634020210685046,0.00399194614313518,-0.03972451351120069,-0.04285857039367791
PRO_002966,SUP_0166,0.009377093984776453,0.01723576425058194,0.023513350528909436,0.07461285216680635,-0.012416340851118216,0.03330995237538197,0.022321148036484995,-0.012576489261361784,-0.011466043868262294,-0.00571102265730551,-0.006328766320005277,0.017860317787316574,0.020256227687419585,-0.023586571680318254,-0.01678985587727437,-0.03972966608302852,-0.05517360316990071,-0.045564523369630155,0.04147057023675185,-0.023287276541505895,-0.02312813984620897,0.03073284727073808,0.019155046920397673,0.00030323122013695765,0.037707421551721645,-0.01010844489280574,-0.05374961820269734,0.026174833164686856,0.041952230501606645,0.04801834852974232,-0.0492504894327149,0.02880003274489186,0.11616863830885378,-0.07287279198749608,-0.06127762299840028,-0.06842038300167948,-0.05746443571451038,-0.1664104222493757,-0.0023216562928977634,0.038637462773631656,0.08410451038470662,-0.011625271830658094,-0.008183685659761988,-0.06814464390612793,-0.14385036417406166,0.008272079926577377,0.023982145039339018,-0.06578943351701985,-0.029031456398031282,0.12052459015762336
PRO_002985,SUP_0166,0.003575936574290667,0.02388861809315223,0.0657294037794499,0.457444321352362,-0.10272586162058583,-0.07093319470417994,-0.044668875411258926,0.024181850088349666,0.040142800771663656,-0.03877364539155545,-0.005178257250106257,-0.008664294131429577,-0.008167402968242431,0.004035897530115233,0.0065551276557121564,0.022035826177568038,0.08458032959273593,0.07945996531339262,0.12285251863387049,-0.10727897747681206,-0.10573604302828268,0.12482636625189816,-0.12384212892764379,-0.0461202320944773,0.044629969302915136,-0.03592011559198865,-0.016445588644522217,0.018749423232053385,0.008485618589185551,1.1483412038376114e-05,-0.009543241805749347,0.0098691772796347,0.035193315778291615,-0.03821336161952139,-0.019555127047466953,-0.0690774204367646,-0.08496231762797302,-0.047239342748909834,-0.011969969493160206,0.03385547508874696,0.061182144292912966,-0.02117936434941106,-0.0039052290413480375,-0.00788854762675903,0.025036888350857545,0.00045489011858068,-0.012311116168822177,-0.0008148201324255588,-0.0446607759083102,0.03896884618700841
PRO_003003,SUP_0166,0.003641080181897033,0.02764397143336686,0.08289287635736642,0.6131877522991139,-0.1401403229326923,-0.08407558522878694,-0.09467055844650207,0.05945426809939594,0.0836723900653157,-0.12031258938162308,-0.02304125525314692,-0.025488182389465097,-0.009347069062972143,0.019792227075519492,0.030402126361769043,0.13985152166922066,0.4631543208099782,0.3586591009637205,0.13056309934622437,-0.09726128868076465,-0.02534758749503406,0.04858508372920911,-0.07908632541553166,-0.0648215929313536,0.025301262968845977,0.015591157331603843,-0.016949691301380836,0.0270144056702034,-0.01291273047879949,-0.01117278613964753,-0.03601069224164246,0.0013736942808825908,-0.007309784460762834,-0.00639940643898464,-0.01648444079153642,0.025962284964652246,-0.0098007052418757,-0.001988484115517413,0.03824814237379077,-0.04015488308455671,-0.08011120836996899,-0.03850336658470793,-0.004650486697476943,-0.025257218523879642,-0.03073708087378681,0.0026971810603480125,-0.012823558971981347,0.028589966011491347,0.01800076526928858,0.009353527007932861
PRO_003008,SUP_0166,0.0036522544980653452,0.028001078105395517,0.08241070336669618,0.6105130606855763,-0.13905926436468377,-0.08256634863686861,-0.09122122155114651,0.05672583820777761,0.08026660293068665,-0.11487973592303698,-0.022871797399902465,-0.02503833751665294,-0.00564298337286575,0.02038563856424171,0.02722339119673825,0.14124306836188102,0.45560741987046827,0.3535629406143108,0.1296005695135613,-0.10165490101476515,-0.030405628435309435,0.0540635365322689,-0.08213271806692075,-0.06698905349267525,0.03749721747345756,0.008456314523328868,-0.01643188383806388,0.03210570124368128,-0.009295153443511738,-0.011259793644966645,-0.036766174832265436,0.008504516097275483,0.004861202993483754,-0.01876458086448607,-0.026140413172104197,0.008597524401380908,-0.02772966801397624,-0.020163980216980272,0.039852690922983984,-0.037231250595157014,-0.056532590273062,-0.04025856264501246,-0.015086116747748592,-0.025013429491184284,-0.0215972345072491,0.0007084331434592301,-0.006072499960738773,0.01442068105912495,0.01931392829135412,0.011972102515121177
PRO_003175,SUP_0169,0.0316419325169789,0.037673432165681406,0.015191112476488147,0.04581969949082905,0.008074574988232218,0.0035702344774102986,0.10375865252689419,-0.07107680569767671,-0.09186313634238336,-0.01727937091420837,0.0008571569853094038,0.056018054631965374,-0.007759594462668107,-0.011614666384642883,0.009815267193746324,-0.009809211855551406,-0.026535587313374024,-0.003066496676003937,0.015345272859129478,-0.04125845450348436,0.014313021945992821,-0.03373603874918496,0.04161726581687755,-0.027366394464705894,0.017254506645096847,-0.035687912900066156,-0.04413226330794145,-0.01927398739386419,-0.01986203976308424,-0.017034213246501045,-0.03811368830849917,0.004667882162607523,-0.0006683759543140331,0.01676255113204687,-0.003793608428267851,0.009338902112994362,0.031544324875892246,0.03477340901415018,0.013015690577909127,-0.01664490503567679,-0.038156458935395356,-0.015410875274875585,-0.017912802524347834,0.023763909385876213,-0.006704208367483965,-0.03360745062977615,0.03204066300036213,0.030162015265503793,0.01164738005201901,0.06840119585109924
PRO_003312,SUP_0175,0.02761414549801689,0.18320239025925572,0.3986422430280542,-0.06916909408945515,0.0001748763065540477,-0.02893921456528283,-0.0907642038997601,-0.048772062721629025,-0.019718300101781588,0.027910812650307353,0.10322919952192308,0.033288111056254475,-0.040833270354046686,-0.026930969759735315,0.023907046267702476,-0.09068601910060078,0.011584982671885947,0.00556870857164748,0.00795186206011715,-0.016328520702576076,-0.0019780021792214237,-0.04150443308048868,0.01564921274242077,-0.01867285000578521,0.011081121971820485,0.0034876290999024838,-0.027626004959444297,-0.009262989839982097,-0.009025534998114957,0.0022463142935547076,-0.016117318481490988,-0.013763230839018635,-0.050362945301035855,0.010478414144483373,0.010326119449746903,-0.023328727493155357,-0.004036113471989107,-0.04255100625743967,0.05052682395632316,0.0006015908206140555,-0.0071944898391786225,-0.03310378858004013,0.011869401587539442,-0.006347502866515298,0.02787455063751564,0.03260546427718434,0.019727419144643467,0.014930366038806096,0.02656566478407614,-0.022181932671353287
PRO_003414,SUP_0195,0.044146196677414,0.029276875188181964,0.03504192553779554,0.031075397610736195,0.02740375509120466,0.007855703830256104,0.13543314179440427,-0.07368597746883254,-0.09098388641231898,-0.08961112759198923,0.011026104086828718,0.02578046086198468,0.017465692045229738,-0.07593412115664358,-0.08522321534556603,0.0041031908021098434,-0.051143392860239806,0.05689236272940156,0.029556241363699796,-0.04130147144255718,0.06373499894891696,-0.14775242422180282,0.007481781044126422,-0.11148886512002279,0.010085382090212073,-0.06066186827771765,-0.0016230831861562224,-0.038125770667899114,-0.07341628808031306,-0.10324332677478472,-0.14489767062289252,0.036317089725456,-0.12075259184293174,-0.044087412732050316,-0.00637160793467105,0.05828521170523197,0.034232533666182,0.06967875866206047,0.13026312813146812,-0.04840952394881299,0.08164255784123534,-0.0971853674491209,-0.04826758864297893,0.035413834054042026,-0.21195627043600992,0.22199188701359288,-0.010643133402416374,-0.09677320862723304,-0.02632923602251518,-0.07560199177244566
PRO_003415,SUP_0195,0.043140582465969406,0.02953983684531554,0.03391850820405275,0.03052660658801871,0.026920283180227877,0.007694726369182626,0.13354232628127685,-0.07259534429916917,-0.08984453412209358,-0.08864594005955885,0.01117291892620995,0.025388134105512265,0.018908947088239047,-0.07466186306710788,-0.08431299202451012,0.0038418123382761692,-0.05062237077058901,0.05717988151342477,0.029267630822716852,-0.04027161314642333,0.06272227641352487,-0.14712517942331063,0.0069540463042655695,-0.11111866030433837,0.010680898466470915,-0.05996217205614966,-0.001960780169008768,-0.039533978364229866,-0.07126337902708971,-0.10231910747007049,-0.14463782168250824,0.033221824952337914,-0.12116521232821992,-0.0419459851866125,-0.00738644959690961,0.058317535444248524,0.03577654402130094,0.06906362653245395,0.12907128366834902,-0.05056480559115964,0.08343736411972037,-0.09719599703436897,-0.05228383008078298,0.03711597535237779,-0.2128545821799619,0.22127321168821185,-0.008975879631721355,-0.09398435192757934,-0.026368911119351402,-0.08156027560523149
PRO_003430,SUP_0205,0.06363528120296243,0.014650700616544991,0.02125121949404818,0.016796191602537952,0.01211217784370101,0.011756961728751552,0.09914138049118175,-0.05585070899354554,-0.07073608708395503,-0.033491532636242945,0.010645876041365639,0.02044053384516799,0.0053019507329582355,-0.03490059825900079,-0.03741105798683708,-0.011936751025247116,0.01078738919898496,0.007922286092042949,0.01036849175973129,-0.0140829121649678,0.029927775621402412,-0.04326028458970645,-0.01654340374553151,-0.043750754212500576,0.009569759454481734,-0.012813483593610243,1.6749963967837775e-05,-0.000310082227972369,-0.00852466146839245,-0.0043277852961022545,0.007806609851573585,0.00905531986083115,-0.01866322945609704,0.010901877891288022,0.02572009759515387,0.02792756173807176,-0.007575659794748088,0.025596540351539788,-0.010907202162639379,0.0023496376325436025,0.06155662810720064,-0.009157410440045904,-0.035733598322663006,0.026164291820414715,-0.030983008234901292,-0.044517846926648175,-0.00526362463803857,0.045050396184148404,-0.023885129765436438,0.01758234775053634
PRO_003448,SUP_0209,0.03505623938002167,0.04956235112702535,0.010686563949876443,0.013373805198761584,0.002076218440996952,0.0817133832212168,0.034071765927201826,-0.014593072210456219,-0.005494514839137161,4.639426312960139e-05,-0.019075084415722192,0.00867119334750346,0.045394890923789746,-0.030649062068190826,0.017129337457831927,-0.058594216082336295,0.002168698949085097,0.028470594969830818,-0.0035484163962510055,-0.0270065586738831,0.1726737410748099,0.09648646148981804,-0.027945491679019555,0.00794109384290911,0.0380551902679444,-0.002024192572089226,0.04817694166418735,0.001956207292258725,0.07585719692784153,-0.03187074322227643,0.0036112915652861772,0.10742073024605943,-0.0671900798636964,-0.050619397925394174,0.024727093692764133,-0.023501921484873907,0.026154116391142505,0.09401810276542882,0.02510687082174986,0.1375600074656423,-0.026986482663498585,-0.11612905514785378,-0.09691114410547748,-0.061801118830651806,-0.05027276994727702,-0.06008429000802133,-0.0003751247719397965,0.056618620673516425,-0.033873378422176866,-0.0766907536110304
PRO_003469,SUP_0214,0.026717650678170807,0.015789147969371725,0.009015585482440587,0.009226895522738636,0.009032435906615375,0.01618360720972533,0.05450338019552157,-0.04015122486122857,-0.05072597153796588,-0.03575371361801311,-0.002759534098595931,-0.000864803009698014,0.02576174517016308,-0.0854126912328084,0.07839995917261797,0.020002457507892212,-0.017296908161007204,-0.0031467294899962008,0.007080583471956631,-0.03647119258320662,0.02734480710474283,-0.040778863573474315,-0.017605637195565352,0.004498693870660635,-0.004457711991291142,-0.04677320884119297,-0.0008830889299143332,0.02219862421615035,-0.04175042403779443,-0.013243281796230147,-0.07170397384606009,0.006900026061026151,-0.0011209901963417917,-0.023228631679942997,0.0021736213125261644,0.050984920397391206,-0.018769665814872175,0.045065629073952056,0.0347717565017311,-0.04789957969925337,0.01136300973968122,-0.01904738136735158,0.045346363824912396,0.04050692426926421,-0.05886834100962671,0.013679675664928228,-0.00929485857322532,-0.04190400600440774,-0.03711247880462909,-0.013054827566523501
PRO_003541,SUP_0232,0.026808085254892422,0.05711629977093981,0.009404135951246199,0.018560357387927485,0.004204863248816854,0.08508052966521588,0.06670017075242779,-0.008528049262333422,-0.02932592246998143,-0.016495114995568185,0.046789594618219056,0.02091267723124866,0.0066614729153437755,-0.03723139647369571,-0.02391574691269134,-0.054238725774111915,0.0516378005611973,-0.02487201325523876,0.02351185635301239,0.022504975132441287,0.05635598838841595,0.011853509982727996,-0.045244611578208194,-0.0006006960680991804,-0.02712154590590361,0.007622225038428149,0.033754245524864106,-0.04193229396726366,0.02347680861858539,0.04446790533379714,0.00943426944667668,-0.0382001189015336,0.0391271162292513,0.060401749691828426,0.0596176979928498,-0.013466234727692147,-0.056510011284483026,0.004257998488046618,0.040997314439899964,-0.04436235188513909,0.017479140393111114,-0.017384620430126795,0.055081781668532344,-0.018405387931585523,-0.11962776929982566,0.01886350839790133,-0.04692854242181962,0.004542083251901422,0.04357591962848384,-0.09045972658193975
PRO_003542,SUP_0232,0.034638417770804855,0.025807462384579375,-0.004051445832644625,0.01736747652433155,0.005544144259329704,0.00551066202102428,0.05433559881780688,-0.029362929648065708,-0.04102934510637167,-0.02751619370935527,0.012480651141173447,0.009769855632535171,0.022669564167554883,-0.011769551268776903,-0.010760089900481577,-0.023677705796973644,-0.023805354347275754,0.011761849053212006,0.031515519790984936,-0.022920991590100588,0.007743243112404832,-0.021275012230854796,0.010398705005992662,-0.016991392861241458,0.030894398702015255,-0.00290240045979037,-0.043988151353269715,-0.018434801183774482,-0.019383352680883602,-0.022821230068107285,-0.003598611152987389,0.006286549379744023,0.008715081072131156,0.03175810834376359,-0.012166989491088704,0.0097003102545449,0.021148078153569005,0.02993944345956168,-0.04231298877071008,-0.006468023375283722,-0.015445771958735451,0.006630334359352386,-0.018240336643017243,0.05682438926524202,-0.006132325378146198,0.0039109568105872745,-0.02891960100982439,0.07121994559944692,-0.022713850163732775,-0.02421784114215208
PRO_003829,SUP_0247,0.02185270053301345,0.05715735090552077,0.03336447657470136,0.022278607212111907,0.030097389200572682,0.008381155875845548,0.14057290814915302,-0.09165390611568623,-0.09912115624543691,-0.09063385302203748,0.030841427407530306,0.060271283438320895,0.015109263941773851,-0.055264640167468376,-0.05671380726187232,-0.002317280332097429,-0.02561756304985325,0.06786319512323262,-0.013714867198314346,-0.011372569658465264,0.017375696779801997,-0.04619425497362549,0.0195520700138151,-0.08792276443897193,-0.013815333559928448,-0.04845225402599593,-0.02313004241444824,-0.05463764720608043,-0.048566942255024705,-0.06259692768754772,-0.004382467699612888,0.02153360126496058,-0.05757454589796887,-0.006136437512956915,0.007312002818818274,0.001628401856843608,-0.0685808001026061,-0.03205340274713679,0.013195476572845302,0.029320447598505068,0.022177508235048292,-0.030970180358946713,-0.0797258622259558,-0.03639835255435911,0.04118787385896173,-0.02524580529371512,0.087637781959623,-0.03486278773178764,0.0821099687371871,0.003337932680475438
PRO_003830,SUP_0247,0.01253888766177974,0.06904109588661438,0.037415999271229836,0.03279489343289625,0.11480139726484655,-0.004863496783164005,0.15612754253576247,-0.03902408272761856,-0.07540559700211667,-0.04370777009179859,0.012594534692613495,0.006553813835574412,-0.005384013128346788,-0.05010246804541455,-0.05088572134692716,0.0011617485216193716,0.00022872688894071754,0.03866410603019882,0.004808105638337049,-0.012177372089155104,0.04867446667282281,-0.014097615346988784,0.0005702959145847963,-0.07119418795634931,-0.027972855317454103,-0.03567968809082014,-0.0029509741931666774,-0.052793522919335735,-0.03829580518449943,-0.07719531565901386,0.05716595788780784,0.03001489544792722,-0.018533068203762135,0.01072106250742733,-0.0076962604613881715,-0.015350411927182657,-0.09020986759676103,-0.040166006526674604,-0.040912200867954183,0.04870947985040664,-0.04094900066233794,-0.010078059249615955,-0.10471158564135755,-0.06002765944686008,0.14521775026171285,0.01057259146676527,0.06556433948499264,0.014605117555637464,0.04576779160065808,0.018590701488259368
PRO_003895,SUP_0252,0.018662822908439854,0.08801234411914796,-0.017247288832347007,0.03176063501446245,0.0450283942762627,0.025309210326251743,0.04423419857741872,-0.022892675513373217,-0.03511564786188444,-0.0025402144086280613,0.030542416177827953,0.017300908623939928,0.09289207523797968,-0.05307167586648477,-0.023009495833321264,-0.06879582352606249,-0.011565683200364016,0.015278757424431263,0.0679103645248175,-0.09355239809681455,0.10817202967982839,-0.02544658262812747,0.10047316145514422,0.03978736652916116,0.14455453508124358,0.0005776220296806345,-0.2125435987810899,0.10453479298829794,0.02860551521504277,0.1369063798812174,-0.046290474229864306,-0.08810487504284674,0.035531279793360314,0.06143798300854082,0.005706454583701618,-0.05318939044865782,0.052686503347160844,0.035618776928238914,-0.0109883073072953,0.03151325774089956,-0.09285365417176131,0.09711898929228252,-0.009599433561597339,-0.024073197471959733,0.03403546326704457,-0.00660276792957525,-0.004750492973620668,0.026837438201614,0.06874670193174476,-0.04194624834869961
PRO_003909,SUP_0256,0.024670326302009448,0.028176938214077435,0.01564237374735739,0.016351189960972394,0.023126631204158903,0.008620516288888515,0.06814092533999873,-0.06241757608323714,-0.07765292224060634,-0.054706495481954755,0.009907961051467221,-0.029141370966709525,-0.035771627579162205,0.0010580850441297858,-0.022422026931439246,0.0072359382842602,-0.008587219078089745,0.002746738556326387,0.01369677494532609,-0.0352605926953723,0.014183732407960111,-0.0297857798094084,0.0006127623727572917,-0.018435707590795877,0.018667045139405723,-0.017475643498562003,-0.018461788631600935,-0.011125186691368808,-0.01959111538771821,-0.011335885023356017,0.006267844838180599,-0.001706147755325325,-0.024913206562707173,-0.0003839441231151458,-0.009284103204083094,-0.0057303043929755266,-0.04138007708040936,0.03787533851293303,-0.043006995112687296,-0.02524444642200792,0.011577566818073542,0.036023817004698,0.003219489391424687,0.0626953119402219,-0.04653276711608538,-0.0027625418912553793,-0.0017730361676627881,0.012521852848519748,-0.0022168017021939775,0.03952618145054927
PRO_003912,SUP_0258,0.002868264477970704,0.014453081341257126,0.016539485970227544,0.013700126209222944,0.0015491308608390477,0.026672171274935055,0.06343117740281683,-0.08553820848355512,0.06647694237072244,0.010604425993318359,-0.024520738636860506,0.06055425980664394,-0.034022255745989306,-0.008236150425288625,-0.002834990038700063,-0.01825769754259859,0.03238318312740042,-0.05372150007554302,-0.02318236392997071,-0.03992281274040868,0.029819604445139345,0.03188020788556893,-0.0060406796561683195,0.032458787167786385,-0.017281062675714564,0.02851219755998006,-0.05760264067395797,0.02560346160461267,0.020428347363483267,0.016698119391446255,0.024889004849882518,-0.03329397209286811,0.02526691098987984,-0.03071453402151706,-0.14095042417296785,0.012380408276468118,-0.006366883103208818,0.03128020290501438,-0.09185425938644091,-0.045201507311435525,-0.019440477669256738,0.17557129548973072,0.1919754905125314,0.08235246610191164,-0.13561772274865844,-0.24155310643303599,0.03825275659490185,-0.20981776654458495,0.02324639334965769,-0.26414381660593644
PRO_003913,SUP_0258,0.010882801676747227,0.029298976862698698,0.02402875661108,0.012365750164232591,0.002318186933687516,0.038097487685264365,0.08429817947060006,-0.1397450351192062,0.14805668815926176,0.012467963859308744,-0.007646376568038208,0.0496652038722125,-0.016837588406869008,0.004641502528395519,-0.0030670177902440776,0.0024536440397733795,0.026808148690604428,-0.05659703193807874,-0.010603933302506995,-0.032144128071456626,0.02998607653007068,0.031759090314108125,-0.0035511499182586254,0.02337745154975853,-0.01721164068140835,0.028202622359879918,-0.04991915109848859,0.011573810477666143,0.0101834599888532,0.01980629925560938,0.020713396036212983,-0.026604881414740947,0.03765006201642443,-0.028118986408958956,-0.14189793551408492,0.006278872227645651,-0.0018264457436162848,0.032427976282060976,-0.08517714207495293,-0.03437709868104631,-0.022329901136329575,0.1613934950571006,0.2146597102473457,0.07322041607265939,-0.12219976521658377,-0.26245319077552487,0.0364938191763815,-0.21200280990133563,0.02612872212107971,-0.2651599627335911
PRO_003929,SUP_0263,0.0020455196159889846,0.008796974801360368,0.005867781780878227,0.012595537891243142,0.003570588819845938,0.008813378948621168,0.04350087341200858,-0.03029510545552231,-0.039087836415236166,0.02943558321024934,0.0070064415858521745,-0.013355779571273265,-0.002372778869037666,-0.008173090672546129,-0.01661222928117023,0.003042388648463737,-0.0038651206900696625,0.017592581698588232,0.004468472733673839,-0.031243882427669047,0.023303162666399223,-0.04255283213708771,0.017883106901486607,-0.02265302329819175,-0.004431602329721253,0.004865086223076744,0.020878101649856925,-0.0152491331621811,0.003633997594087673,0.014101720726202218,-0.008015406092272553,0.013617736611434804,0.04670880765168231,-0.0016933154352764411,-0.06984483511863593,-0.03294270897062612,-0.04964915622312559,-0.034850915455805286,0.060754472479807364,0.09462749382689942,-0.09040202042182167,0.028956682015679035,0.05595281353013173,0.07210939139479595,-0.0016501887527653053,0.033918441239786434,0.05759616933482563,0.07343076158683201,-0.052445986161684804,0.017295522767219677
PRO_003930,SUP_0263,0.010448584075198742,0.014493473765638986,0.008206420451326777,0.00457044270676059,0.013262033721548466,0.008192722597690728,0.02664445731882231,-0.018543032703438756,-0.02071267126933653,-0.014231612516194193,-0.0042762581323745105,0.003957713525794423,0.0068635363479206376,-0.030046003677513297,-0.014339105877347031,0.0036471717938700273,0.0012207560343885304,0.019300378242707947,-0.005750888039686629,-0.02656242003770136,0.018490998884038316,-0.023597528428997518,0.006043937420834313,-0.0429091321186338,-0.01713795783437861,-0.012002639584353086,0.02195121322385844,-0.04503992042157707,-0.03616569572603857,-0.06220559174629615,0.03416183094444685,0.0764032039529592,0.01775185680154312,0.021551828046030123,-0.16592579263515386,-0.0017186514918763034,-0.12543581985952926,-0.11373945076054558,0.1149505365006089,0.26426133786377454,-0.16502346198492807,0.07961889816094463,-0.011454455419155178,0.23561781106033317,-0.1401737600972286,0.09882194402604928,0.05526316583079706,0.30775083868638786,-0.2759373212127571,-0.08528215169944942
PRO_003931,SUP_0263,0.013767361686313512,0.009689848282805127,0.004864806383916767,0.0023249056779704453,0.00452973722044676,0.0036242381945036607,0.021726757563619498,-0.010345305193306498,-0.01796070113774212,-0.011383115444577077,-0.006413655706593559,0.004892247542848048,0.0027942253788342465,-0.03235852817637503,-0.002950502470441343,0.009157356799716854,0.00033646818071479066,0.014078638929887165,-0.015800000522539395,-0.025917383647757475,0.010830447620285752,-0.016933647084385512,0.004294180517678133,-0.027204605558487537,-0.014650898929552078,-0.008868299346981185,0.019078297334465852,-0.03370603064839219,-0.026646867619135206,-0.048560251201359296,0.024572048577992615,0.05443321690131445,0.023596319092950978,0.002128400026593723,-0.1296994734653675,-0.00847779689695595,-0.09411501008375263,-0.09381181890205113,0.10544735189366546,0.19381330647990022,-0.1305262459600701,0.05493286057432833,-0.013367936699191235,0.18702281557017755,-0.1086170872980009,0.07406939180312536,0.03610770371883192,0.2625412563901961,-0.21391870071913446,-0.07079060868866066
PRO_003932,SUP_0263,0.002497682460230136,0.015244844815519916,0.00751765002377219,0.001575188377895284,0.004524896959165369,0.0031193318268966305,0.022323687539551287,-0.016458687339682407,-0.014136934650687251,-0.010095279626839865,-0.002559587748180686,0.0011373527947729513,0.007269454097547339,-0.022272299776718105,-0.01263711007631596,0.007233832693762375,0.0016776526570879207,0.0130716508530898,-0.0012843004655499301,-0.018880332874969256,0.010249695763960037,-0.018487669994509418,0.007818432790005181,-0.03411629963327023,-0.014705210634303448,-0.010531585666845023,0.019780979115989448,-0.04077152366509493,-0.027546583188088503,-0.04634988427241935,0.025495811749609243,0.061536527429655034,0.02413997095801056,0.0188398610497672,-0.14146767033433827,0.002444213253075863,-0.10130384637889678,-0.09907359337586265,0.10619529027089449,0.2280783190024339,-0.13802117596917746,0.06436161455790024,0.00014112871844779336,0.19754608754028855,-0.11277467016676158,0.09029440422038607,0.0464188334696456,0.259172720953193,-0.2395840152677175,-0.06543828123095458
PRO_003985,SUP_0266,0.018778769564026344,0.37897501068045936,-0.12590818581368649,-0.003786478085922913,0.00023619467681112901,-0.01962552638584056,0.017567996452049046,0.009628326260326994,-0.001960204058299468,-0.014109587851609203,-0.020178539514387295,-0.02271767278815734,0.08114085311302835,0.04037836780198325,0.035613449101224,-0.05055707509875164,0.002782100148740661,0.0069848295307648614,0.0036853821932561585,0.009555395319487113,0.03435797325999457,0.03533982448530982,0.0065129695322315015,-0.06686297592834502,-0.06424468239669641,-0.038278254661574695,0.009029834496481471,-0.09375339788458599,-0.0013687670838913228,-0.04496095275926926,-0.009795869284553112,-0.13638774982718088,0.06121440045941577,0.05736340688190249,0.21002303448933257,-0.003115356786823841,-0.0999638774719043,-0.06251887274662088,0.04520114058839503,-0.04480077118411204,-0.033157094404898814,0.026920067947120836,0.017508475101085184,0.04911906540220366,-0.06374983107725334,0.031508221256754496,0.04379995484729274,0.008357327637726121,0.012772431900104407,0.00548184738570554
PRO_003986,SUP_0266,0.011659695662766367,0.24599911754268294,-0.042652013247849466,-0.015716457013195087,-0.0017608020623455982,-0.01691795246328291,-0.024362154916896705,0.0009366483882548844,-0.011338606773475788,-0.014746632310238315,-0.20518705033295953,0.025341705761084632,-0.2159902522845665,-0.08496464624634241,0.0435539004346236,-0.1111307934358919,0.001252475741000012,0.05744632759583104,-0.19291648210230963,-0.12400235924459713,0.0959057283951049,0.10391615232271272,0.0038328740250488874,0.03634299843371174,-0.022714374313737934,-0.01894463259761792,-0.005620719027328181,0.10723631884996507,0.014735480824440327,0.030498553921396113,0.057695314429718876,0.012827238926070177,-0.14459234978441002,-0.008352605898240157,0.02014192224900677,0.07400715635479165,-0.02297535921683969,0.06082841746130539,0.08514215763729925,0.13439938429596568,0.023297396227891246,-0.102169977210797,-0.050183799544899904,-0.10134891882149945,-0.10106963913478455,-0.03254510371428462,0.04249124149819134,-0.008124743985120154,-0.0010935527111589614,-0.05824374570317426
PRO_003987,SUP_0266,0.018463114607990373,0.2840010968450016,-0.0517024734927472,-0.015406025371644852,0.0010123920876261249,-0.05176807396188801,-0.007217874490326322,-0.021771899288266526,-0.03398767478614983,-0.02946847013011487,-0.20708335325105265,0.01045767424354612,-0.1617220035556732,-0.07793453344810938,0.003019912992600965,-0.016682637884041996,-0.011072371382512818,0.039297577171687297,-0.19222848195002284,-0.16260382892972966,-0.009351417404629008,0.016299395896979523,-0.03669700702411242,0.066420144149809,-0.006310676238793309,0.055153600163624916,0.009307223701149095,0.0026815818797467,0.031222180811662465,-0.009132518711973625,0.0022467455317019686,0.006756401236475128,0.029647345829619563,-0.03378888114887281,-0.02050403244797772,-0.03501327991542102,-0.022982419302705528,-0.020351811367605447,0.0606254210427287,0.020574312866408186,-0.01824751920658018,-0.07034864228216788,0.0474808697557161,0.01252630243414196,-0.01353827969094251,-0.027946390267648513,0.025032607358064948,0.05222032590185413,0.021199994586744392,-0.008497377817714492
PRO_003988,SUP_0266,0.009491987814241086,0.18899683454344116,-0.06772867480972193,0.002182353021454069,0.0008108021330846695,-0.01086103710136276,0.028176207913721482,-0.005962900390383356,0.012013044981412807,-0.009808688805158464,-0.01793904228027721,-0.007548790260280142,0.1032536044718198,0.044939353840565355,0.059564183412059754,-0.14681823750165307,0.008865035958842726,0.03983093007034639,0.035273582651715915,-0.005846346053416686,-0.06997911980062432,-0.1057829549099693,-0.080017363556367,0.05917800670547032,-0.07296226155069352,0.013609828265667166,-0.10348059190669219,-0.02674301641287713,0.1507620795254871,-0.07503929544275438,-0.010068892513045118,-0.024052580107343294,-0.08744580550256717,0.5540697452147063,-0.005125444003525867,-0.2182863607925107,-0.1050265162954721,0.052604075708738735,0.329931070025948,-0.03790477132333634,0.19594638283658122,0.03798690116829889,0.0786777605046872,-0.03385240994818297,0.05670693480630208,0.05429572686140045,-0.12149993952841945,-0.004449737396883783,-0.09092955285681266,0.00011613020114244817
PRO_003989,SUP_0266,0.014422644119572515,0.3178364192064995,-0.10994929094521085,-0.011696711717279533,-0.0004972181545154336,-0.0775042171547486,-0.004165582006913619,0.0020008385802736182,0.010127507432290057,0.006117955369965763,-0.006209224870149663,-0.0054461190474859675,0.04458923090743712,0.03189038792557312,0.03892265215673908,-0.04903112833883504,0.02278139766716529,0.01795128942373838,0.0049182441016178005,0.03983792125115094,-0.05345377174391904,-0.014579635946553263,0.04138953207687601,-0.05147689545298661,-0.09887456927524294,-0.028581609857178593,-0.02971099437242934,-0.08107771541972192,0.045835275465828565,0.14831219380414518,-0.01658588273117378,0.15671500819207906,0.03604580750332468,-0.06737939293016885,0.08666671863177305,-0.005986947659593794,-0.024630101638597888,0.0005640736678687763,-0.019345026925692312,0.0033334958720006706,-0.029002423976916873,-0.025588438589810084,0.0409591446338045,-0.002531625298625647,-0.06203402814506986,-0.022688825414922988,-0.0407778052692021,0.00914394426888984,-0.0052104041276426274,-0.007913323779083511
PRO_003990,SUP_0266,0.01601448692497101,0.35999850657839094,-0.13883660852836438,0.003712313359867844,-0.004227143582117067,-0.12479990022125348,0.012086578102474911,-0.0006013245552313911,0.04281463858200727,0.0002825650624883303,-0.01605747734681021,-0.006999608936898914,-0.0035180094021968647,0.03646023475696509,0.0241224849895641,0.01658910649827308,0.0011430737841647276,-0.03861368186922448,0.06207150215533286,0.07792273718352824,-0.10660482166807055,-0.006003622028524199,0.07487748647472725,-0.11116253120636026,-0.04282204879391988,-0.01413715757088714,-0.03071527135450822,-0.1181244867479276,-0.05129936570467397,0.05494007940006792,0.0407403195461156,-0.04037732301534342,-0.1081710299589998,-0.07222443080976838,-0.012520332198273537,-0.015269706373170003,0.06907831738046437,0.06017142762876157,-0.08217506845693566,0.014051262265124823,0.021073069410804054,-0.10583953525492468,0.11603544669931241,-0.028530347346991225,0.00979393499310864,0.01812168376808511,-0.0778739223475207,0.09442896878926689,-0.025064716723610485,0.007410580464254927
PRO_003991,SUP_0266,0.01623664236624438,0.282411994053732,-0.09250443103542208,-0.007182643914152973,0.0015683343396803607,-0.04726326434811337,0.015356831888672215,-0.022499732367260078,-0.03346173264393086,-0.029829946705484413,-0.13603348878196836,0.06480414441354743,-0.09237773693656295,-0.022493847901628252,0.0044960907752464845,0.0058222889632606935,-0.014686531672036734,0.0336433833412552,-0.051230607634861584,-0.035203232132293226,-0.012028682711180374,0.01804810492241227,0.0082884737483647,-0.004150378164056408,-7.793895658044638e-05,-0.032879300246186814,0.02199246948690381,-0.06894377325935927,-0.04427479504008292,-0.08134942253403073,-0.13548567516838914,0.026506004462095143,0.24163338956904817,-0.09406112406822004,-0.03585199137109102,-0.07219199442652224,0.11660621267989975,0.060651332983219425,0.07200633827011399,-0.07395177923140869,0.03334588404091159,0.004252225903522753,-0.10745253065736676,0.077140039618376,-0.00016589753020657973,-0.039482060066902275,-0.10571580489229836,0.14897197713531818,0.07553024498996683,0.048463446118696865
PRO_003992,SUP_0266,0.007355414569887273,0.1479338288968559,-0.03524101780844773,-0.0020253829978544263,-0.00019314778494764948,-0.0016692679018007661,-0.013048358645643491,-0.029352193368175666,-0.013031955528072205,-0.010349310176939085,-0.08777767015387133,0.0095861558132708,-0.061720198151501385,-0.045512888026919274,-0.02566137676767725,0.019633244108342173,9.513900089626132e-05,0.0002821129677042833,-0.012355559499749454,-0.035243461551859534,0.004842041823647482,0.01794356856036506,-0.01964969887092655,0.013911865527464509,-0.04985955802413364,-0.0333088027879453,0.01846266861191174,-0.04184582288236764,0.006825891510225666,0.027964655770109013,0.018218636639619725,0.028269970800252547,-0.020262931116614626,-0.053646774129276764,0.0008856185132821891,-0.08925608665369568,-0.04103285855675477,0.057355575970782155,-0.07197539186452874,-0.16118726926806787,-0.062206903945614574,-0.06793966042281717,0.08199764427839862,0.24367920303362617,0.019040618555015175,0.07709787005554747,-0.02094808981599674,-0.0016982261825034734,0.1116872252457224,0.1921775410487661
PRO_003993,SUP_0266,0.020275896056532277,0.15094503833304457,0.3120637769708184,0.011470954933002216,-0.018391522393838195,0.02176385980187432,-0.11496779451852689,-0.006730365801175021,-0.019328344459998998,-0.02729064332910223,0.0343675419773124,-0.00665302214020401,0.08872517268328264,0.012867209959633067,-0.060567267189251345,0.11916809015068104,-0.059192135453666514,-0.06777975508745085,-0.18585857672445055,-0.04727196144600788,-0.015013080588709687,0.0030322409344106134,0.06722039014191487,0.038549861354929486,-0.005009996838044963,0.008895338438263727,-0.017463726958160716,0.042179474543913215,0.009798794926510352,-0.01879956623060686,-0.007530042051533758,-0.032693764124483146,0.024254313608877663,0.021754629412287015,0.07626133430674889,0.03369176098919213,-0.03083315383203568,-0.009996552282943537,-0.007577290971293465,0.06541256783417719,0.03360406104922188,0.014957325672942903,-0.019193812159259548,0.020377474745218376,-0.014222996322710641,0.04596233675789569,-0.04751910132664109,0.018830744392234883,-0.005754582070719123,0.03294719219142492
PRO_003994,SUP_0266,0.016372344364457316,0.3296744633724142,-0.1205610573689738,0.006341258638191946,-0.002996624816291899,-0.02571538320825208,0.013595276018731403,0.023268066237984452,0.006182660518852984,0.009903663356848655,0.01712281990104655,-0.00959145480642384,0.09980793095709325,0.036341748733305035,0.022659635524245,-0.058011710598922156,-0.005517645680035576,-0.0049645512436082015,-0.0020464383191290568,-0.012974399735300483,0.10740372205130863,0.09821358520811112,0.01849616987290286,-0.04439889702606058,-0.07239451752318261,-0.05299680776099659,0.020441199638036544,0.11183308059598088,-0.012470057018311243,-0.0073225986817708815,-0.0009379248571041918,0.04847934136987841,0.005988986660019388,0.09514936437792121,-0.12277373074810045,0.1644363574791312,-0.043844322843087924,0.0062011418934075305,-0.021724628369660284,-0.03811949443595607,0.09819600513843092,-0.07588546281819585,0.04213441703441649,0.03120929338460631,-0.03859643146607441,0.06347553997047957,0.03265234200161484,0.006820800228932324,0.06697414970954749,0.02060196619122666
PRO_003995,SUP_0266,0.014931561096081413,0.14064205257193818,-0.02619972681393831,0.014824876647285755,-0.0018828605692530235,0.05547315092823864,0.015440120161320821,0.00038950762190067623,-0.01857812593877882,0.03238364056354513,0.04946016773904358,-0.012166190949581204,0.13135923877670214,0.018758453443208343,0.014016817975448037,-0.06682587862838975,-0.00467924988225064,0.01939831771192226,-0.012889926362163483,-0.05174259428118565,0.24038474671967294,0.13760316591351884,-0.024422031503399978,0.002408747781498668,-0.06593459388231267,-0.0665765144351144,0.06350314403890167,0.2180414285079298,-0.001558750085191739,-0.05227941689676636,-0.02533479004365423,0.12778622763078648,0.05379577991776823,0.11411419196048771,-0.09793834445183489,0.19735405039482193,-0.07429895494186604,0.023136984693347632,-0.00014734055939350933,-0.05621523357176204,0.13679059604280935,-0.03523335098341215,0.0703939100148537,0.03255264240881938,-0.02025035989746225,0.08921717694963115,0.09574475948975089,-0.0006057054887006934,0.08407423529551693,0.015125709132705827
PRO_003996,SUP_0266,0.02137456349579151,0.30063893446879947,-0.10653688021715807,-0.002566935548351431,-0.0022451507739608364,-0.03178307093902653,-0.0006173311080879661,0.014723487634700152,0.005871595734571516,0.005754655195137852,0.007598374865473891,-0.010508041551770615,0.11101342156509438,0.04625202641636336,0.023883428655129615,-0.0367946380971614,-0.0014671036957687655,0.0030934958276010527,-0.00854678811354979,-0.006510442706327534,0.09543824255337488,0.08385663965206067,0.023264259739546888,-0.06185335556024407,-0.06592281671551155,-0.05768856909253493,0.0021265072718665862,0.187692916598705,-0.012383039645862173,0.023446348079548648,-0.053737522528490636,0.05402347532707592,0.14458135013480783,0.16663990069389636,-0.3155753751779496,0.3291410218029137,0.0884844794906993,-0.11204045974261917,-0.13893993069245833,0.03581334965038665,0.02840368478969105,-0.04061123011784025,0.12809020994021042,0.11289405171388558,0.07533783184291491,0.017103291369355938,-0.06334068164986248,-0.003939846597550937,-0.04212168771621476,0.07275347736953089
PRO_003997,SUP_0266,0.008317144692609132,0.13560674356318964,-0.021853594505221056,0.010055944719198632,-0.0019821095837636482,0.0560617041235353,0.00041443984275606655,0.009044652200820544,-0.009104254869413514,0.0038276403196381916,0.0523551872560145,-0.010970305852637216,0.12744044769308985,0.02661851871231421,0.0128383214973081,-0.039318039947562014,-0.01058237355528829,0.017505791379762627,-0.044895295566751627,-0.057467078825024685,0.16795665906567553,0.09862551427923559,-0.013808251244322039,-0.0019425669274458794,-0.03876725227817477,-0.05242484950826904,0.03063257342423693,0.22372250888304213,0.005501498617694064,0.007660879432249673,-0.05957194578369566,0.090814226348404,0.1364411223612741,0.1564102974974078,-0.24638450106376933,0.28406373601185064,0.039935936118115946,-0.07924764894100088,-0.07882451825397341,0.04008702346889231,0.028707665803804294,-0.010726349161939071,0.0997886655345124,0.08905294083737349,0.08834821881632972,-0.003238728840998487,-0.0012607523715393813,0.012256253330444616,-0.0359232194163312,0.044426301044638426
PRO_003998,SUP_0266,0.02020820196379661,0.36911575899431487,0.17910481021123217,-0.04077003260302836,-0.0006512995294969379,-0.03994332731458648,-0.08711659999103732,-0.06681403134608686,-0.06081065299565384,-0.025426838199256487,0.0007443415832016172,-0.04634689122089227,0.2012410927466751,0.030653053047903174,-0.12879277446297496,0.23909909781252098,-0.023460444122988547,-0.033597280200711094,-0.16675167192212365,-0.12894377301237936,-0.09032290468865976,0.004095966962396014,-0.017579724950334392,0.09908770183277886,-0.009876803359255207,0.0335790358827872,-0.0006654576285246004,0.024561479726753804,0.061561967985851875,0.08558770350654894,0.03086094996361856,-0.016458208954032633,0.022282853445619658,-0.019686918637040307,0.0268867811584188,-0.040297076225817775,-0.09713612722946321,0.01736118060566825,0.013945158558860644,0.03131829250262338,-0.040781423216284016,-0.13406905916271072,0.12726849643893878,-0.008150283715809666,0.009914982721413949,0.07094389961470689,0.04471159771118524,0.038316541318203653,-0.0014503063819437507,0.04689597206130123
PRO_003999,SUP_0266,0.0205309920355157,0.3132102474897711,-0.032745703420913826,-0.027185637107107995,-0.00022239977333526705,-0.06256081327384448,-0.08248676977129525,-0.09060939962315637,-0.034863238691760376,-0.03001649379924689,-0.1744292960089619,0.008209157674283223,-0.10654548103872433,-0.06118025263523656,-0.14834377498658335,0.25272096732979044,-0.045546455557182515,-0.06853031574735839,0.30485371954020785,0.215308086164279,0.10314317504366136,-0.0542577150000868,-0.1243667105603784,0.14594704612301362,0.03639947071081199,0.019448836173819213,-0.01795767372193524,0.044322364716386196,0.008870110647469964,-0.006386738389613595,-0.011803662227025117,0.053924312448336696,0.0060916820857948965,0.06594729840420482,-0.018541738310760173,0.01745398449607418,-0.022509677945266482,0.05703215405097853,0.0077383432283857365,0.07754792852468743,0.044243600695927705,0.10406007867911038,-0.08958597475245711,-0.041355059207710314,-0.00766366958714505,-0.03686081024692287,0.04565290929832414,-0.013177416802377533,0.06124718075766732,0.028551215163929413
PRO_004000,SUP_0266,0.01699707760865655,0.3496890595774736,-0.12119588174747178,-0.009752834634433067,0.0029774433486102346,-0.07477959768852142,0.019654196496699996,0.0006079897533150616,0.002288360069103126,-0.00013425707418066946,0.015974808728839916,-0.014984372857575659,0.05410083018868053,0.02733408766206491,-0.0017822490456509057,0.004223110143056332,0.012489732390867297,-0.0003828610505217425,-0.0033467692687314827,-0.001466797109004576,-0.026525739692537628,-0.007191029545257912,0.014998622102289886,-0.045174790401376015,-0.030489409207550954,4.5848931432848736e-05,0.014190953896851863,-0.018955897966273193,0.02517699512067744,0.02380050899998025,0.007432106761163665,-0.038507221972194416,0.00803577002426436,-0.026726648499999915,-0.00920131793187882,-0.02930771738845859,0.03681150455351578,-0.014547643698688766,-0.01716176764893444,0.017038857649201173,-0.017478337669875454,-0.0052585477651066895,0.045529629184128825,-0.023834846168222654,0.035923193626854366,-0.004216451507314846,-0.007454853431848446,-0.008043678034265969,0.06442838199198173,0.009704497686828508
PRO_004001,SUP_0266,0.04136588499982003,0.4570721115798623,-0.16231413078201187,-0.01371849712394968,-0.0016715547992929452,-0.08278685601773299,-0.00011561417979326924,0.009175569004599982,0.015344937246384539,0.00956472735608476,-0.015182296402137049,-0.009530363272470631,0.07769162568946733,0.04528775989778546,0.03021750073261438,-0.02439903768726058,0.009963174808013063,0.0014037258229295862,0.030159785564443813,0.0256495248281189,-0.01451511876529246,0.016586881037331407,0.015081587055139912,-0.03902711314326615,-0.04055932375401301,-0.010632921635026247,-0.022684475599189523,-0.025509993519141773,-0.0005221177706396217,-0.012246025338117085,0.0026824269322564195,-0.00329007633152964,0.002629231223647852,-0.021016053474983726,0.009612475457395716,-0.027470775733841848,0.08771592334666024,0.015708760106475275,-0.04513853485162865,-0.004397453074249281,-0.0038625102849588833,-0.04844055318569677,0.029268498854423973,0.011876794389111447,-0.00792429623463704,0.010106485349945269,-0.03697356110830712,0.02621546636889386,0.019661232896257784,-0.02910866059010111
PRO_004002,SUP_0266,0.02709284037623917,0.6111213138318435,-0.23133649497926537,-0.03161363752232981,-0.0006405885758639341,-0.18740885168654822,-0.00578466754558852,0.012099264131145919,0.024521162678376444,0.0020108904471173947,-0.05842422617785405,-0.014302816917690085,0.006714846677119909,0.055862120662431534,0.03203807816078192,0.004685410624627287,0.01760797314079924,-0.02591300532491201,0.027939498710151424,0.06471711334174125,-0.11305580198792711,-0.005878691199992242,0.0637908147744269,-0.08979115625174791,-0.04237533655745051,-0.00551155387314209,-0.02377989741848829,-0.09789834057521679,-0.02712278198943035,0.049726056082190044,0.03875789408290517,-0.05158706723831041,-0.05091578877968555,-0.03379368167386097,-0.02774389764943317,0.0063470859948712545,0.027673869458378644,0.016768994702505,-0.041965968501387584,0.013963444164577135,0.011911730547363877,-0.07799190090813228,0.055975178888363446,-0.05423141770087725,-0.03158897439564854,-0.003184275729347071,-0.04280534994407574,0.020345207409863328,-0.016817038096054154,0.029728963492790677
PRO_004003,SUP_0266,0.025678078759590856,0.5664931604003692,-0.21595457645141178,-0.02753673518181156,0.001068002704738544,-0.1727712676458436,0.0048805697257223064,0.004864780729829664,0.01546902650210421,-0.003840256549734711,-0.05457874437206161,-0.005367866782622529,0.008329074897531558,0.048124993436855334,0.025168044899260576,0.0005517977909950912,0.015570942376010644,-0.021127105620877894,0.029655942070995544,0.06364650124523626,-0.10602507788538154,-0.009871317066475904,0.0629102395101863,-0.10046294659971228,-0.04422203923093923,-0.00839285740718443,-0.021110235005444226,-0.10038238875206626,-0.031227524801475733,0.033919418647463576,0.03589527042898713,-0.04701672508598806,-0.05364125794808528,-0.024090534515205413,-0.03707371675962937,0.009816762039512993,0.03094174622783751,0.02021663613291879,-0.043013069968027694,0.011183721424398366,0.025283546359774357,-0.06296731395635162,0.04161179162230307,-0.05742315717423739,-0.04110530451502247,-0.0210293588913096,-0.06786131477323398,0.030678632024051994,-0.02254751085322378,0.02433501399988652
PRO_004004,SUP_0266,0.02149306401626292,0.4714638096973561,-0.16578648118598716,-0.021899872198994426,0.0006375479355579855,-0.13593778662876368,0.005319453388655787,-0.00238791615105484,0.004135606366101268,-0.011244244218174482,-0.048533812915506624,-0.02732027134270994,0.02208798215770255,0.053059326919753014,0.017479397083499312,0.018538305865401714,0.011662442310509473,-0.02748794757649971,0.015216878852424691,0.03335712662349198,-0.1008618154922072,-0.0074784315831595595,0.06098189531470914,-0.06819968751743441,-0.02661961602506687,0.005802448004978008,-0.0375591003618427,-0.08356045592907267,-0.02788156706280878,0.04102552255231784,0.02730227150897872,-0.05885861230551587,-0.035021140274924686,-0.0330776722905723,-0.03352187551611752,0.0008009474653119318,0.05820409212974581,-0.0016850683564310239,-0.031839130370863576,0.028423015984985076,-0.002888756603470763,-0.07124839952660979,0.04587926204969742,-0.04811514787081644,-0.03569684211364203,-0.021322806098211543,-0.05536991269355652,0.004129720802623016,-0.013272262162217933,0.056054138088145064
PRO_004005,SUP_0266,0.039067936990170256,0.380385957748476,-0.11169001136856521,-0.020037063150721734,0.0017493037378192033,-0.09667436424282994,0.007658122513125511,0.010851701165115319,0.013693504600140748,-0.000166488787234412,0.022035263158979426,-0.010287798647500151,0.057196821639608264,0.03385324513393,-0.012127968594463537,0.044558960964956,0.0033912134851515115,-0.019810696802263914,0.017139377898970055,0.02313088583982854,-0.054810421333049676,0.012829519380089525,0.05844579185414469,-0.0897477701648291,-0.038458699469358794,-0.0023917632442085855,-0.032885276277990524,-0.0691315271354979,-0.014701191000473481,-0.012374374221600572,0.020977961104970275,-0.04877981696338892,-0.05524998066479595,-0.06081569612122779,-0.007675960937664336,-0.031147519644708386,0.08052322101740557,-0.05798181948686172,0.004756230953953367,0.009743796401675303,-0.030030138915783728,-0.011238962769748286,0.028623016001844942,0.0013038871797264378,0.028962655915220473,0.033612840096482466,-0.03862734549009524,-0.0408180855214956,0.021620213228919917,0.0013204013132665981
PRO_004006,SUP_0266,0.022470401350499433,0.3186240944181498,-0.0918511946326193,-0.01834560280469087,-0.0006330192802483461,-0.06062241151755361,-0.036786608342823005,-0.01761463807911076,-0.007461674601978083,-0.013635493915861763,-0.07031363304323837,-0.006995267466046559,0.010965384106705722,0.008467019389672505,-0.07577419289090857,0.1561477496476291,-0.030333381567729356,-0.04727312474935044,0.1839464670149197,0.1472753368691999,0.05596080490563058,0.023146636553096005,-0.014387032200749775,-0.03153262887278666,-0.05120196567893258,-0.01967824517274411,-0.07186508650440476,0.057186248621745324,0.008701346370920598,0.005698252156416906,0.07585021856912515,0.05579252682009295,-0.2444323909265362,-0.0881239224057832,0.036087302925298013,0.05308670158425121,0.04196102739013613,-0.1735500527732556,0.04056335341731378,-0.17381337978443756,0.010076391665198452,0.024021241346224232,0.08237414176200729,0.032809851762028504,-0.044156065038872074,0.011542345712910974,0.06912484223001335,0.059315250533692444,-0.08093429803155397,-0.056374767853713655
PRO_004007,SUP_0266,0.012047231202475793,0.23162848387109924,-0.07017965010892026,-0.014259648731111506,-4.840454328658619e-05,-0.061801289037167785,-0.023563621901692998,-0.02475623868387214,-0.010053591908815239,-0.009609820545450079,-0.10822712620705445,0.014053503356026918,-0.10388843555564811,-0.04585738817628146,-0.051861046822897355,0.09289806227219706,-0.01424492444271712,-0.034568528471537636,0.14700414212975285,0.10384476242646362,0.05180640502224586,-0.013810388656634578,-0.028632955365476345,0.030634052308051125,0.031597018984451324,-0.013276028664577503,0.023641913269524417,0.06815256539829163,-0.04142672907869424,-0.010096887946140252,0.035317248901872114,0.10919957260725802,-0.09869597450777359,-0.013951167659716145,0.06947301227565886,0.012822776088975238,0.03046986555637146,-0.24988919986894037,0.04310721081945065,-0.20571064032250003,0.14861276845200902,0.3760515355667812,0.0345926579797702,-0.12996020909658487,0.15437479736975876,-0.10300300860902996,0.021382351495031166,0.2854213798838724,0.07597234168157134,0.13239190342958723
PRO_004008,SUP_0266,0.012001499049295367,0.2308299049679889,-0.06994045621968384,-0.014248792675440127,-4.881980470105478e-05,-0.06171505616083415,-0.023664528018948337,-0.02487617384321022,-0.01010482918610091,-0.00965677889704738,-0.10838184070470684,0.014047724516021863,-0.10392545499236228,-0.045929063938851294,-0.052198828686656165,0.09348257715835512,-0.014341221400227902,-0.034735966560606374,0.14776332559885685,0.10438073075925726,0.05203659993083463,-0.014004047264266151,-0.029034237022624625,0.031195744555767874,0.03169711623265419,-0.013185500959697805,0.02358719516558761,0.06822418392382093,-0.04138001135424162,-0.01007241146832721,0.03526979314612606,0.10936523959059591,-0.09859170094163644,-0.013574852390447272,0.06932044859284434,0.01285819088485182,0.03031275148208079,-0.24947907195179542,0.04312649427917613,-0.20524088996330725,0.14880216022314377,0.37645835783925846,0.03413354811147757,-0.13016507913941192,0.15429661198288602,-0.10320338677220157,0.02161525646713202,0.2853804638772764,0.07633441510100729,0.13261796948367982
PRO_004009,SUP_0266,0.02336578191534892,0.33805336572219996,-0.10954281963343596,0.008711908677367017,-0.006493171897828325,0.014784389223653905,-0.01141012116376221,0.03581146270511348,0.013498644099248922,-0.0022652181546380422,-0.025232479439591685,-0.022762505280694678,0.12015839547811671,0.07635924402931599,0.02923201195319511,-0.022138335097304708,-0.005044630157494396,-0.03811911347618868,-0.029624278420482993,0.030391283635547595,-0.06725205011113926,0.027237356316016034,0.10734484840036562,-0.13110954361288263,0.08254529746000569,0.04261317305479968,0.0225794461421886,0.08073228261920312,-0.009823385908805327,-0.006971816316234527,0.008833307994507121,-0.0256853735932751,0.006906128156812917,0.08192286366809612,0.0043329299091947795,-0.061007242627134126,0.004532105140835094,-0.03489711633694044,-0.11424916304644879,-0.027236810284648055,0.02130169959011007,-0.041870433252398954,-0.1048492753287954,0.030885556737761805,0.05028932359543834,-0.11173451841008854,0.1348776593305884,-0.03737121722121988,0.09966861809013738,0.025547000295904267
PRO_004010,SUP_0266,0.012457780948715427,0.268740110816374,-0.07240785247175784,-0.014139884565911112,-0.001246217714613893,-0.06407621664779975,-0.006062578545763988,0.0026784786570943323,-0.014541242597027281,-0.010478897886101471,-0.20243359621042997,0.026700951193299963,-0.2127597609876187,-0.08472086768753123,0.02607823612258125,-0.06864107223945232,-0.0009886484082316125,0.045167540521053845,-0.18328518854071613,-0.15086226237812525,0.01589912700572436,0.02589909652905381,-0.02323103027029441,0.07682984091166861,0.03815754585644247,0.0136907474821919,0.0034159859813641283,0.03510631241162763,0.03204223437008422,-0.01169242933380226,0.009590642561209724,-0.017070881272072347,-0.010705509484090905,0.026581983768284162,0.03341303530492292,0.027430872884812652,0.01821040137546717,0.013378026929041217,0.006423464106774414,0.03833671841775898,0.007485727932479083,-0.0024376287995341714,-0.027497111598459474,-0.05012667551833477,-0.011435692456827622,-0.0034775625003688566,0.0520122883077734,-0.050476612901188295,0.024278065423941307,-0.024170264672487188
PRO_004011,SUP_0266,0.027782377886045026,0.33606929456130924,0.11395203212761151,-0.04075836669460023,-0.004136269374249288,-0.04076890242036025,-0.06828587452797856,0.009160729897406985,-0.006171903111491131,-0.00581883570336956,0.01757760797268708,-0.017281101843811715,0.13769695402878962,0.05685132717296531,-0.023238106489692923,0.07222240333936986,0.0009658513762079862,-0.03853836136257755,-0.08399042505313424,-0.018982780155852867,-0.08173968849858838,0.041744649706254536,0.07678035467518528,-0.05689157958432482,0.0016290949557033086,0.002812234250625559,-0.029251491573418536,0.0019481728109816817,0.004734112535840453,0.0010621130024063602,0.008617458178240273,-0.0278718907616079,-0.03744335102812054,-0.007879180782092366,0.034435474062494795,0.040235032599860006,-0.02816358379508244,-0.013856605078460668,0.008811031911473529,-0.028341950676357995,0.008368033622007547,0.004021346849484773,-0.023898830934430546,0.03789538717175868,-0.004072985114492853,0.01983503517681659,0.0667479149784761,0.0138668235903691,0.027338214720076127,0.009735716605281901
PRO_004012,SUP_0266,0.010521837892314838,0.2352581299955763,-0.08810343745901479,-0.010624035719970115,0.0006806244930086553,-0.07442488324806017,-0.005426862745694002,-0.01884747709874291,-0.025002776431101128,-0.022835477649290697,-0.1952334284261531,0.016391205668268627,-0.19760902331174116,-0.08118196735145611,-0.0074106779953477435,-0.009423045976558367,-0.013157601733143162,0.022784872305600258,-0.07955639679544439,-0.07643981132072498,0.02495428049241067,-0.00843134360796502,-0.027232660654436257,0.07347092690757084,0.030257814618512097,0.002251018940348234,-0.020978496561627254,0.04705370952350578,0.034120520080691136,0.03990182231943787,0.046605698625493644,0.03740990810440041,-0.10026753150127315,0.02891933196707389,-0.005340361846777256,0.02126437460443624,-0.014442753380091131,-0.08773485774127351,-0.010939847417314368,-0.057357627518870205,0.05707456710780424,0.11818802253017614,0.013943161204215323,-0.05167683068168591,0.05003507339498404,-0.010298287906481619,0.039855890449311954,0.06305257052377714,0.041098884112203825,0.01975256504897075
PRO_004013,SUP_0266,0.014283331942391715,0.3044154028490327,-0.11186453752705458,-0.009639971626726907,0.0013750609649852107,-0.09176787968716812,0.01167398807144329,-0.023496690124190447,-0.03011292552294331,-0.02345636100195298,-0.1869748839552576,0.01655947887613115,-0.19518003213375967,-0.08563406394777089,0.008823215398636649,-0.04318148054697647,-0.002492482430695868,0.04013638756588406,-0.16408308284937667,-0.15264086499478974,-0.0028725442310895246,0.015026530624986628,-0.03140826086738252,0.04678602798411019,0.003937733770391548,0.029476130530000835,0.01400565181631991,0.010643527656276883,0.040364763034054306,0.017980771411002475,0.022103757113561804,-0.006091204347575291,-0.03212216808790797,-0.015330726910518549,0.0020571087769595316,-0.013386595242012037,-0.017789690084418913,0.00431943730933815,-0.02577497486736795,-0.04927870330418876,0.024328022829125703,0.018288210956466325,0.034211617104547815,0.0531129425770676,0.0010054857414955088,0.012026445244548734,0.005114499956345411,-0.044214084273913344,0.01869058066554092,0.01679047585989115
PRO_004014,SUP_0266,0.025364606011458096,0.320282301689828,-0.11500678835702864,0.0027040972178415217,-0.004323821327067131,-0.01642999906642829,-0.0033438299514414915,0.02977199858890146,0.011746317773549241,0.002752008685513083,-0.021183636231626377,-0.013086009041033563,0.11569887763360126,0.06086556717681666,0.02952251945178091,-0.05321906131162727,0.032629176434669595,-0.06812268880999421,-0.006670846872922534,0.06646737318466402,-0.085936423335387,0.031360556003475024,0.1309403581493135,-0.16589084642119173,0.22106967974335562,0.09351593057499563,0.09600912762190192,0.10922866704163757,0.027850696953975417,-0.03768500582757197,-0.01986647147089077,-0.05022264698585591,0.0471642528175425,0.03895596060653604,0.11485207583015482,0.04478239499014014,-0.07137474348288844,0.047476356949775096,-0.0515835913685762,0.04562934214970695,-0.04791000940063515,0.06352457329140405,-0.028312162212347624,0.1452649361019814,0.015616022281310992,0.062390873521656516,0.02550922416703998,-0.01506911575376976,0.11338450793317326,0.12565549377628438
PRO_004015,SUP_0266,0.014005031871308967,0.2779184485943825,-0.09883883243781044,-0.016090991180353193,0.0002733453988400634,-0.08213454863794145,-0.019875405502408017,-0.021290894824072423,-0.025738289569435,-0.028028777511000497,-0.24997876411956924,0.028279327694438725,-0.24237395235677495,-0.1034146170995478,-0.01337912405312348,0.004184760193466468,-0.01830714427653448,0.024324121610605095,-0.07576679153116885,-0.05861698247443425,0.04538243107954629,0.028685353237715844,-0.027619842879776903,0.06390624178283498,0.020449390220641593,-0.004234901582326834,-0.0010945920316359921,0.045159416596229456,0.009773624361168545,-0.011094064971227533,0.04385778788025608,0.04279255581920134,-0.13597063724978056,-0.021053712186172295,0.043050541357729344,0.048869332636752756,0.011009624521433826,-0.14992219900014647,0.025477432021556824,-0.13317388370751565,0.06194913425117662,0.11872054771732947,0.06497194050877055,-0.038250673392415925,0.016299283640253907,-0.007587917521311584,0.039535129778553654,0.05576235418107892,-0.048721728199064694,0.01098689729558158
PRO_004016,SUP_0266,0.00978318539002067,0.2083296883011199,-0.06250571057068738,0.0024577501555947947,-0.0025796348006783027,0.001492129706557844,-0.002967953667533051,0.016209296117923457,0.009289413983262742,-9.65373382092326e-05,0.006261711866013063,-0.0057674729303393195,0.035092262868704524,0.03181256003861982,0.04187954484483453,-0.06203621696048655,0.029770063445189475,0.03606329323052281,-0.01558177217964533,0.017062896908704675,-0.07239694688022723,-0.06572399147755932,0.018895005253133732,-0.02361232441248133,-0.11174072329311452,-0.0047015693468305374,-0.10363945071295234,-0.07877089942634884,0.12466586397265426,0.20858047494109117,-0.06362140149976389,0.34151624821606974,0.06619561214252463,0.002956114464977143,0.09661989985885756,0.0454958098220075,-0.055453641436562034,0.004436765704092597,0.02286177427982666,-0.01525067076646803,-0.002353791116772841,0.03450550278330024,-0.022635585713783556,0.03856427159941039,0.010132145010385871,0.00592944007253106,-0.07246158000185046,-0.012059617652820907,-0.020081988297916187,-0.04598966766924432
PRO_004017,SUP_0266,0.014605033364557771,0.3321505890025733,-0.13168479933452337,0.0031821039467800397,-0.004368582394021258,-0.11866393984270907,0.005289722288133611,-0.006966691944867348,0.03998170829654558,-0.002605354666691788,-0.03342131580041748,-0.008934962334233439,0.0017603774470482533,0.0397408695914846,0.023986076084809467,0.01801645088682763,1.0452007738870323e-05,-0.037764144814888594,0.07216676252732582,0.08759584234106736,-0.12868961059506934,-0.0263853372127641,0.07007525479044484,-0.09867036066169732,-0.02644627332045726,-0.00848249330181745,-0.029140203414051463,-0.09306772033506994,-0.04513741109699624,0.058079580416429105,0.04200450975443735,-0.009732918830737729,-0.10910011333074947,-0.07687612682741372,-0.010563732304622868,0.006178441230940855,0.07987753801644658,0.07841371448699788,-0.09397499945877685,0.008619055063550943,0.013885333181501534,-0.11532124402377653,0.12858355451497155,-0.03772745508328942,-0.011234081786161434,0.027135687370103898,-0.09553708952428419,0.0946526102612222,-0.05874361009224558,-0.01880840029439702
PRO_004018,SUP_0266,0.01938903646157101,0.2598326179499472,-0.09455668486931423,-0.0044320873037255945,-0.0015187157484908666,-0.015944254001949806,-0.0019389183625623714,0.01873821600983677,0.0036161701241993623,0.00702044019958214,0.005457369325931142,-0.005080840789218708,0.06935293924496125,0.031235499951338053,0.022653782918660808,-0.03487413108442182,0.0031477486303230647,0.011969021496240823,-0.0178353663091802,-0.008605526430620365,0.09115255983699298,0.07834935774284073,0.019902316430333737,-0.060789391331737296,-0.07463477973186813,-0.054859531901255386,-0.008190677644462097,0.16699456994286124,0.004945249535011942,0.02702894953700855,-0.05873587957907341,0.056163283675092456,0.15353404754557015,0.16651398243617524,-0.3074115264501051,0.30826555868766203,0.07987204312804215,-0.10007667057618576,-0.13491224190130827,0.03306275899937693,0.016149005229210322,-0.02467564317131871,0.09506725784298173,0.11754058095333243,0.08640884913925538,0.011450070098738394,-0.08273408240970963,-0.012188017211874418,-0.0533338998420243,0.048382044570633206
PRO_004019,SUP_0266,0.02189507328880311,0.3112340196932089,-0.09270198635977432,-0.017605752784694187,-0.0009656314305420419,-0.06106796990814253,-0.03942392836665501,-0.021572516112263167,-0.006814964456281154,-0.015356588468372722,-0.07852252459290747,-0.009350241589872563,0.01987817615810647,0.014519310557700926,-0.07171395690746973,0.1522776968718402,-0.030257475261976207,-0.046853011125610536,0.18737263049575087,0.15262615410771016,0.033521436688689114,0.0070325885692544814,-0.013830000548496476,-0.027400427618073233,-0.039441257982444945,-0.014140401456271538,-0.06923466315623834,0.06737690634730754,0.012617076205857022,0.012762389218116125,0.07631107562038648,0.06985812752656137,-0.24007481013327434,-0.08867818623462251,0.03199392608097087,0.06530498522749317,0.050595475653611284,-0.1409113088837336,0.022658791631956804,-0.16468162479883935,0.0016343184475680187,-0.0006726800118426102,0.0950762841898328,0.027053134666997596,-0.06112296791889593,0.021166034309355018,0.05028926299132226,0.05499293869999213,-0.10555742388648603,-0.07533693262237796
PRO_004020,SUP_0266,0.016202365181394743,0.31130723754144884,-0.11193349436949133,-0.0036856189057868916,-0.0031534141114755313,-0.020864170125380745,-0.005558821958996783,0.023995522833624043,0.01039459144457296,-0.0017530739920959444,-0.049772269768753964,-0.007330005193229768,0.06782614058742696,0.044918734451564704,0.02849143482592442,-0.05262276658794796,0.03802470766029191,-0.062434864648887534,-0.0006227204353326031,0.07189678801316472,-0.10178908302365625,0.01872757943430812,0.12610518355703346,-0.16151979699821026,0.2104181330083739,0.081895622594613,0.09743833553313445,0.11701537866671381,0.0061952489279057535,-0.029039474666225574,-0.028341859492854275,-0.04060782179702143,0.0714730003843516,0.019176529284431414,0.11759729101252547,0.047189448580735885,-0.05622433742628785,0.06929174876744924,-0.04855789794351326,0.07114547446349649,-0.04692266462854306,0.06927196900627344,-0.018729183160801716,0.11641530496452421,0.01593071274695718,0.0565524514789084,0.01963677410606539,0.0002522425181857492,0.10430246196148635,0.1260012594947182
PRO_004021,SUP_0266,0.01970938727495186,0.4234865461090493,-0.1690015827158457,0.009634399183834042,-0.0032643515317252684,0.04534485347525808,0.046310234302013344,0.1505427329947061,0.050403097961030374,0.08089685135664085,0.4548968407338084,0.03779822313245467,-0.16733439451942134,-0.061107499690835725,-0.04345673562406163,0.07073580930068613,0.011057621456989585,-0.009859576346402209,-0.010011514933391717,-0.047205593561121174,-0.022592828484742308,-0.07450053881883925,-0.03245618746887606,0.04502251477386536,-0.025032459146088606,0.02756972045030004,-0.019279765160093658,-0.02560434170764059,-0.005027361657281192,0.0068279654852833535,-8.611135995921078e-05,-0.024287571503034906,-0.020308919023376063,-0.04087544194691118,-0.04342044800309621,-0.035479093419598734,0.0031016825965662362,-0.03124056493702816,0.01972255982088918,-0.036012157976716454,0.009325933196041506,-0.029498782597254972,0.0130747190292373,0.0600040982159059,0.04303944045178058,0.018891556667286213,0.06492612147753174,0.0072179291751649725,0.07135921754420926,-0.01455055719257956
PRO_004022,SUP_0266,0.023053659128967802,0.33467069803347044,-0.01145772407152602,-0.028802890351607074,0.0010606888362303351,-0.055380361746509385,-0.08626112674376395,-0.09504739600701771,-0.0480138977255382,-0.045988903118654285,-0.09169923689455242,-0.03608050280263115,0.08964393711111497,0.014694866657550421,-0.18387482690659437,0.3389859126606881,-0.05911670332595099,-0.0746139307017348,0.17779429790655313,0.13776583302611642,-0.029388134782922317,-0.07002302452419658,-0.0974816772018139,0.1153232078497337,-0.012457995032876005,0.04789148180000805,-0.04985698263907369,0.042510102353905205,0.05108613058837054,0.08346229277435285,0.08461580268743842,0.00014778407543560666,-0.13231960406415863,-0.0020612162594683104,-0.06950475366693405,0.01310816763393652,-0.08476312643062757,0.0989023641174131,-0.023616016646464785,0.03848813863259558,-0.061390173276698726,-0.14819340186601163,0.06604368643983954,0.003845795234440245,-0.10242692812544474,0.06046043878052491,0.10413120093755791,-0.04637796400536723,-0.018902146289618223,0.02041057183447211
PRO_004023,SUP_0266,0.023847605405560784,0.3092958802792729,-0.1216201829649476,0.017975789604532985,-0.007363974891472806,0.12688463501006572,0.016741867395539112,0.1566541413181313,0.04669065406077493,0.07646976232636961,0.39562319822470193,0.03702557115319737,-0.1912926905303543,-0.06770479597074754,-0.035614280704936635,0.07887499938606803,0.004012562080082099,-0.018035447999839756,-0.040573366127062645,-0.06404591733452862,-0.04849124908626651,-0.08113890886004457,-0.030692292530710933,0.08983239491601167,0.04399042230718659,0.04790789080547268,-0.012582644020310781,-0.02856803732246375,0.010678610239016003,-0.016190636220529565,-0.05156560778668511,0.056623195489969656,0.05845327211010115,0.06583497832588134,-0.07162297642003285,0.05627389509663446,-0.01891915067552922,-0.05789310235608766,-0.061094901100507054,-0.08811225099727517,0.02176578802260498,-0.04984712089071538,-0.16491415874065185,-0.007642282740247114,-0.0498127224180001,0.009773425753847183,-0.059921371139070784,-0.028033846833610772,-0.03333949906863749,-0.10185828739589103
PRO_004024,SUP_0266,0.007810687485779988,0.17150620328605162,-0.04957554967955962,0.00325402630682683,-0.002698128309635521,0.0025979778107322717,-0.008107439143779803,0.01007538079206768,0.003138992766569348,-0.011799314138539687,-0.015934628968836854,-0.019608685321740846,0.050473295922470615,0.05542215202974658,0.04104130962751969,-0.048841752244408974,0.024501692347488724,0.024188700724781357,-0.018142462423616647,0.0322352836278691,-0.10634504806161721,-0.09833470715290954,0.0388993590660393,-0.053762522218798056,-0.1180573833279738,0.01391902834842561,-0.1242480824745035,-0.10095870948887946,0.14685032297512757,0.30309824776156347,-0.07382181810519865,0.4988329896451252,0.04054568288760187,-0.043508633493543815,0.131156417779635,0.08572271915854952,-0.04456821499483613,0.014434136353928364,0.00010277111883071007,-0.0035582244664650363,-0.024578964540221755,0.07327736837389491,-0.06404541548211831,0.04553205595533654,0.005807227072795273,0.036454758651336606,-0.054496155495805575,-0.04016363983326636,-0.004958044034871269,-0.005810153802444744
PRO_004025,SUP_0266,0.021678859235382084,0.31431511159300385,-0.1186410818786272,-0.008544934280063636,-0.001680594362441302,-0.036634188595192275,0.0024111496658717835,0.03373334501641255,0.019626395731776814,0.01720045928656424,0.06761284091265425,-0.0034223631454079594,0.045114088043415525,0.03146948538783715,0.008844282030409465,0.0060566219189565566,0.013474518851177853,-0.007617024242403553,0.04021268140829061,0.029214197784188385,-0.024483170694251065,-0.015763816656055873,0.014934917490059603,-0.0200120076296972,-0.0017675081786563338,0.013876372488036035,-0.015561056505002144,-0.00813484336012643,-0.04501375446788718,-0.0255340239742188,0.029170057263178173,0.002323024236712446,-0.002658379311602051,-0.05289848039760441,0.03384377270138582,-0.07236224091387389,0.1772954041621076,0.029885087528161356,-0.12450855169371856,-0.0517368857668139,-0.07216520487586515,-0.08753636945088386,0.11750257224449798,0.0916833152400863,0.02497209768289862,0.14702480505487145,-0.15225129825591008,-0.0585582395797774,-0.04646208948428951,-0.165753068000325
PRO_004026,SUP_0266,0.01639433230480741,0.32677681233692274,-0.1219461769465294,-7.462742891131712e-05,-0.0044745358429275975,0.018168892837465186,-0.00522574886846663,0.06786383021080518,0.022715493417200625,0.03082395495009363,0.09202394996362644,0.023949804673591434,-0.16967806232444174,-0.04873727343132326,-0.014731238294141658,0.06182845874966679,0.008842876338321,-0.03631799033166845,0.038383737678670704,0.04551417769990595,-0.13404065750790023,-0.07475201104041095,0.05271824727450094,-0.023402939560095187,0.1580740810488508,0.04663698081457749,0.10066001135542771,0.06096358946314522,-0.02509402838742072,-0.04785262254321342,-0.025740718228708825,0.05576082560661488,0.06530593221748378,0.016001479153383253,0.08528234946798052,0.0756246780243828,-0.006240110689283438,-0.012986915877897322,-0.005676174578602973,0.02594724378239652,-0.014183939105422446,0.013630267727219685,0.01801715641527686,-0.11941152909044611,-0.09286304941869242,0.04225013597151775,-0.07157666804441075,0.023120940355425553,-0.08181242333738285,-0.050959391356887096
PRO_004027,SUP_0266,0.014146169038409451,0.31329431522448736,-0.12395935558589592,-0.004510854561019002,-0.002849567821604147,-0.03647292563000487,-0.002394438992789757,0.026589534861423424,0.016545849043065185,-0.0015752171564517052,-0.06438385673573566,-0.004342693987289699,-0.00955889142825475,0.02361587315972764,0.017592736427208218,-0.0033781290017605246,0.016458050711154908,-0.05533072387171882,0.039163742396102263,0.08651119974180575,-0.18385730929326707,-0.048419534621495675,0.1595881169009034,-0.18917607028725048,0.2598571647375895,0.07140120963901529,0.1801392649380314,0.2356371687984204,-0.08739623459730911,-0.03512654204982827,-0.03542763742981476,0.07683880052283525,-0.02595290935467214,-0.013678949542425092,0.024740562668204864,-0.07506664920153222,-0.041075161218270075,0.05933082870272978,0.10036499011828226,0.02611887322472031,-0.04103089311320045,0.03450210139014841,0.05182327243214749,0.029457577355782166,-0.012017799054123042,0.029293301399201725,-0.049701136872605696,-0.01908010270851023,-0.0380994039855606,-0.09085157260116315
PRO_004028,SUP_0266,0.011684263861601955,0.2481601788416513,-0.07547190950198851,-0.008127563153671764,0.0007095359632752888,-0.010222804535950676,0.03410044623715966,-0.048276931761778434,0.09607555692107375,-0.003014022828063267,-0.023772591092569247,-0.003925990812583461,0.0639963446882664,0.04418510357408612,0.0710830230403192,-0.14545643455796275,-0.005438913853652827,0.09757195868522035,0.04178678226762349,0.0757889778310441,-0.21913766075665084,-0.2337752235666844,-0.04774342790314701,0.08209992607204426,-0.16546590675511003,-0.11691695954297021,-0.10234926491070054,0.23797203751032225,0.28370589439834254,-0.19098010678906976,0.049216255194618204,-0.01843358440468846,-0.031090370240688923,-0.14343632953001503,-0.019146327454496903,-0.013555809692204306,0.04917243129480847,0.051292229493839936,-0.118797489764744,0.06576357111656365,-0.042942380435106065,0.019891649541975476,0.005385304663508563,-0.05365960524911305,-0.025899447072480798,0.06329508844752453,0.04935948753686989,0.04557092922321821,0.0038155837968873044,-0.009053493292332116
PRO_004029,SUP_0266,0.017337107833542746,0.2278318477823726,-0.08085134219330828,-0.00237639551929544,0.0009432756293346908,-0.014106835209285594,0.021449200604222105,-0.004753294493941672,-0.0010958102746052374,-0.021122655075423467,-0.034868722438566556,-0.008715929659740048,0.1510795346890702,0.058864585365522464,0.05118783663448926,-0.12371208589645084,0.003974392073923446,0.0437796780318264,0.050452511590454906,0.014980391518789748,-0.13849688674571242,-0.18652005994616097,-0.12921319024269903,0.18779959852897748,0.01713097966376547,-0.01961218301823401,0.004213070233875295,0.04926595653550927,-0.294825581953143,0.03198771048468575,0.04023721685251273,-0.06788340128739159,0.049290379302029265,-0.24455191002089033,0.009581720686824897,0.22343258976548652,-0.05981398670201979,-0.023288767940893643,0.11002137265709405,0.14803974865086705,-0.02208434094706821,0.11848125464814775,0.09201362582096258,-0.07116115937498554,0.06654600570121795,-0.028401208896079586,-0.08773721379326033,-0.05634335651715611,-0.014212681605359186,0.004267567623964862
PRO_004030,SUP_0266,0.018571201477795934,0.40897932620831967,-0.17014664329906812,0.012450582342849502,-0.005661117000685151,0.07515974186648963,0.03764827206193428,0.17424048053512176,0.05999361615366335,0.09081572146731773,0.4737630119718318,0.054124422496386645,-0.26158141271689606,-0.09490826025235662,-0.05437372924975283,0.10115538986382978,0.013679585251175925,-0.02210423555933972,-0.02262095004891262,-0.05317130007894101,-0.06751284501806448,-0.09890754961823535,-0.030101602800587365,0.07806711154427391,0.015184747848411019,0.044025605223942554,-0.003686338807100859,-0.04372687633472335,-0.019438243359942448,-0.009547538191449406,-0.01843660094622776,0.005979370000519825,0.00659870324073117,-0.02377783997306503,-0.060325745379024506,-0.006641626320040551,0.0037842029507202052,-0.04489092910072849,0.011040366929578879,-0.06671061064306776,0.020704267067394224,-0.07294105528506585,-0.05633286616876488,0.022737340064311922,0.000905578303518396,0.001397803926529431,0.02144856148263714,0.025016117563881075,0.03059853757424243,-0.04704856139793802
PRO_004031,SUP_0266,0.024682478808048892,0.3530978771386554,-0.08308986531119296,-0.004222710481536317,-0.003694836634593393,0.020822082801098863,-0.02093281172302971,0.03735396101554574,0.031242973096827706,0.030701527709152812,0.15550620259941525,0.004696804671342157,0.0015567874877325774,0.014637130879506813,-0.011885431382792935,0.03122801041863037,-0.003878306283201162,-0.004536168242932858,0.0188725263479423,0.011929441386955222,-0.00887423021953888,-0.0005235119297157584,0.01953611860478588,-0.03224448380927458,-0.03986453715914449,-0.010715278730494814,-0.061410854363908515,0.020106299368345754,-0.03131174144015856,0.011127724368778995,0.019484516011923025,0.07194606240715609,-0.06175591771140553,-0.009315863068854909,-0.11297847468079296,0.0019027120184906773,-0.02490066184742199,0.004031613647437395,-0.07046010365189143,-0.0019076963509243193,-0.01842879280789755,0.07861199175632425,-0.1512085469129518,-0.021017354436864314,-0.021451964307923423,-0.03695080075706274,-0.03578935050238004,-0.13479395864391763,-0.03487638195865164,-0.04839024870129378
PRO_004032,SUP_0266,0.01913912876494408,0.2655671825407017,-0.037467833934764536,-0.015337799648043307,-0.001880119294792242,-0.06192091211234008,-0.02087042370974542,-0.009732165822976353,-0.02160830425606654,-0.021300768173129734,-0.23724180399978204,0.028597248969260754,-0.2356454560771131,-0.10415470446771631,-0.003790328935949368,-0.023127978173774422,-0.018008097133653984,0.026970565617148248,-0.1210543662810811,-0.09585018224970283,0.06350988518273189,0.027428484125433777,-0.04532256710603667,0.11136651486199627,0.039731785101829786,0.01714704411123006,-0.0033622330696126087,0.055500390569295684,0.02569870221895482,-0.015392331451013593,0.002805951169820873,-0.03304209999913085,-0.0104194485394428,0.003566491622605156,0.020898873986994734,0.024421374685059265,-0.0051646142387028705,-0.005972694721434025,0.029627778998502455,0.05433756924252923,0.030617851268207007,0.013091035276680957,-0.032748550563811804,-0.031050524607085465,-0.017416320763944886,0.012496326383544415,-0.018924319398281698,-0.007930049821209978,0.01490312533781353,-0.07420433057374186
PRO_004033,SUP_0266,0.01654054134870294,0.23893569707194653,-0.08677192867680868,0.0014951199641177874,-0.002692641215726808,-0.0054888586195398804,0.0009538935611381178,0.020782157207818355,0.009905005471717247,-0.0010109645029424401,-0.028791842783634558,-0.009604338285723334,0.08659578250754972,0.05335211945398626,0.03376327120091812,-0.05660543496369175,-0.0008834400407065265,-0.015184602896831477,0.02270467265117736,0.015507618130775983,-0.006688094422300277,0.02146100995175449,0.013275901794180466,-0.012111186890447915,0.009738714927193953,0.004200643739851601,-0.03316897536098358,-0.02502975434927552,-0.039272288503766205,0.030014485244965597,-0.01978626285262413,-0.04258482602517856,0.05317149509884816,0.11932815021675781,-0.0035864056744253337,-0.10106107576796809,0.05647073414686838,-0.008600597384696353,-0.18335966098557369,-0.018798796785562615,-0.014279052703495353,-0.061676536066313584,-0.05242573327161985,-0.10793915604088586,-0.059894939126462404,0.003466700071757768,0.33114519900783373,0.12495085013001796,-0.07260434297429441,0.0661325445816412
PRO_004034,SUP_0266,0.016851179289017613,0.18360448987171465,-0.047206102497676865,-0.009032600531688237,-0.0008138823769320964,-0.04252561761219011,-0.0017707204371487778,-0.0024933821276208737,-0.017799774996197226,-0.008901144452622786,-0.185947668420506,0.023218062357724913,-0.1834486286280816,-0.0753308564382675,0.021748118347290617,-0.06277312102375616,-0.005378004946793913,0.05033688651048788,-0.18835636693790173,-0.15937239903305725,0.009948260437362884,0.021016581179729845,-0.02366551130262981,0.0759566480687323,0.027760329442707482,0.017551156627593097,-0.008810217343821479,0.04774544096038594,0.03965843282057127,-0.004427767159212329,0.01977176153332454,-0.009360704300962608,-0.03745172037358105,0.0164552292237877,0.016645585410674797,0.02835501460168021,0.01828976474896683,-0.01068603340815448,0.0068662786880610985,0.0336221258844547,0.017633239384089845,-0.012413206190524974,-0.016983771463533706,-0.043861273103986395,-0.01296490527315267,-0.00010263733285526588,0.068042081733729,-0.049984840859122734,0.031851953382593765,-0.02514320746271173
PRO_004035,SUP_0266,0.01635649291553228,0.3194910559401392,-0.08979017675356779,-0.018164827156528996,-0.002222857617008973,-0.0726101626168109,-0.04595779194967045,-0.024531513512577707,-0.008875969399594763,-0.0031044483759690928,-0.10940892826814014,0.012986451028630691,-0.10221014833392358,-0.027915210746013313,-0.01644187888742027,0.048356408053547746,-0.005172372879881099,-0.03771959995871874,0.13788410558999295,0.11722896572624071,0.01922769947881165,-0.005884288456339006,0.012720963154385003,-0.027920606581088612,0.0362036311560969,0.006978107862329987,0.05309237866304685,-0.0029824539559279483,-0.05681814713232439,-0.03761455181803516,-0.05714504041723856,-0.01746751709586212,0.1202232765360568,0.042240140300704825,0.051294808830555386,0.039876986503858305,0.044340876898289715,-0.07048008301344086,0.010986780339820182,0.043873776111070364,0.044499462392647675,0.10457853691139599,-0.036324469469215304,-0.10449957126309367,-0.059673275932962254,0.08948932067703652,-0.0025081137859561584,-0.12242275852263439,-0.07438135482530644,0.019429332374764012
PRO_004036,SUP_0266,0.021421218134510915,0.3251590485332418,-0.11054367787423168,-0.010183368482687954,-0.0010560707066397039,-0.03612817174120816,0.012894635359736749,0.024739142773067924,0.014760447936120769,-0.0021006502653142627,-0.047742368479527696,-0.012607797333363582,0.04708158193819395,0.038541866879010345,0.03496713933065247,-0.03487425413041376,0.010234192939800086,0.0005732418728300617,0.01803386080415243,0.039966139403626914,-0.03873077002371582,-0.006492733123745902,0.0070025388132692965,-0.0234371669802114,-0.030628656201302753,-0.0010063005857698375,-0.02683582077376221,-0.07115157376790897,0.015897837305575847,0.035235917244589965,0.020693242409052508,0.03650834495689994,-0.09341597964070017,0.034765080084928554,-0.0059292394697845726,-0.06558197489068013,0.04427871007022744,0.03478274351538912,-0.03648101155797404,0.05504756259245322,-0.0020146583238738044,-0.12572625389595982,0.07003871733274124,-0.05141441010319096,0.008905028928457938,-0.06207266575720435,-0.013650874013941383,-0.010174055106853173,-0.01610592058464478,-0.0008554461295051571
PRO_004037,SUP_0266,0.021737891526394496,0.36223115607842915,-0.13023741782374712,0.0027155503787566608,-0.0015880330480203503,0.005020252145757308,0.015581444674590605,0.05833917841729827,0.020715698090554846,0.01942372850752892,0.11165513786783204,0.007307433078099604,-0.0030999912966652773,0.0018399236464003146,-0.007793717669123542,0.019328814007035757,-0.004180870869991439,0.001296650160999644,0.0010939150068939908,0.039715889764341365,-0.11262728150642146,-0.03587052161342195,0.05954512809011962,-0.03952440077040092,0.08060292757922949,0.0319878644290866,0.04240962613842948,0.08329472870411324,-0.017140458303107627,-0.007088449481371757,0.0026093964175467675,0.044567319284479545,-0.032810987845867653,0.005224079375872631,0.03954469097699845,0.009565229427241131,-0.011391318451110582,-0.02611295801682199,0.02286133834359169,0.028222915611928898,-0.012807701630495572,-0.039221393050298876,0.00353180794806436,-0.031892847443110335,-0.043295490329636456,-0.002803420976001167,0.017168090306292728,0.012012957042648969,0.009322502358903228,0.00501412401480176
PRO_004038,SUP_0266,0.016415559287264708,0.34299438207553895,-0.1370360252090499,-0.004266014603157469,0.0014237910413904575,-0.029372824216581085,0.016622230709680535,0.03649703166760798,0.010090017608946478,0.020269978058526084,0.06318308925152082,0.012008752930969722,-0.007768985379862867,-0.014922815727201888,0.013023957319182424,-0.04125977811860227,0.009816804111803855,0.04191652395376573,-0.00772212236287641,0.004976213461876259,0.07147105418755585,0.0708573875053741,0.005198731116770613,0.0030920558999991527,-0.01800749271807859,-0.01933822489629499,-0.015586666882019012,0.01070064370144398,0.030507584408024715,0.029790288138986393,0.004462219170513148,-0.01692745316487616,0.061332785780077934,0.007650588078897489,0.02817073349883398,0.003447214756714805,-0.017638364387532197,0.07641361423413363,0.048517980488003376,0.03804595849768309,0.037725117577656564,-0.08558406569522699,0.06807094196585078,-0.016428684136836035,0.004434762726725384,-0.04222251785878369,0.03987255632108756,0.1047718351012135,-0.10426227641806296,-0.07686017748473374
PRO_004039,SUP_0266,0.011333823401618433,0.11490979259801322,-0.03388999627644396,0.009720889308783445,0.013535126406063424,0.05493005035321842,0.01605532549101349,0.021176464744169052,3.105516284575933e-05,0.02008490980877048,0.09948432607673123,0.012626987194052194,0.05021413433024957,-0.02372121804829063,0.0027048699694523,-0.055240180796865775,-0.001795074212143731,0.06239473073718308,-0.018926882200239237,-0.03093456958358077,0.18383245735823855,0.11207551120275382,-0.030030272593738673,0.04385525965117999,-0.01317097666961038,-0.034574989487431755,0.013118857086678079,0.11081715800238665,0.02924191695777807,-0.005705391122835674,-0.010007145974901396,0.049016472748639246,0.06424543645075799,0.014432984039573712,0.06600529985821786,-0.007531035766925289,-0.027157529133277996,0.07757067005168604,0.06923097268781499,0.05214538512176416,0.03702144607767945,-0.054804847678352975,0.0935353011534871,-0.013142271529975826,0.024950009459244082,-0.06278914380295823,0.07997036140086623,0.09263341447013597,-0.09075685158444428,-0.07520384366506547
PRO_004040,SUP_0266,0.02057661816326467,0.42185466057032495,-0.1511478633541608,-0.0017262862355074383,0.0022262148802667287,-0.03855731055932188,0.030038368389760258,0.01003594525924286,0.010381472195127285,0.017826640038773642,0.044475064494406594,0.018125565501886542,-0.04425539956480123,-0.038049099467430354,-0.013503164717563236,-0.0054063488687221585,0.01051716602582161,0.03486932933449567,-0.006519035578950999,0.014633374753533698,0.006415023414367703,0.024565862970470427,-0.0008703960176873514,-0.009939043302729541,-0.02482810993126277,-0.009850901882237017,0.029305524622074062,-0.012800188984712642,0.006643755389442052,0.00947166556447919,-0.0012129750272818498,-0.028817477394152965,0.08200491314055647,-0.04812469355413863,0.035480219890002704,-0.048483937653566116,0.02908410931937015,0.04237131883774219,0.023381409756389242,0.012478670423163866,-0.012830124444340197,0.016787295229394306,0.03310795308096076,0.027710695280414588,0.03519342698360274,-0.02703420528643144,-0.003696171313361138,0.047952382013593885,0.031470868140454945,0.059233221785558315
PRO_004041,SUP_0266,0.019482944335185905,0.32795460526781195,-0.10962397905617202,-0.0025132931539640826,-0.001664182841822829,0.010234549903627484,-0.00017562075060509704,0.023018766679319506,0.0011246917911136656,-0.004183774913721387,-0.044430385603775636,0.008562111311526472,-0.04398202513160329,-0.02210772456680488,0.010781311847677869,-0.006602837259477943,0.004671943871253946,-0.001585194154304289,0.01938235010991647,0.03882331398581406,0.0486264397703273,0.06966723928338087,0.031064417774660232,-0.08193621667600698,-0.05357389323625427,-0.06124450903568752,0.020846298659269798,-0.0360926497522339,-0.03467220189542237,-0.02415588262630342,-0.04731114410661322,-0.09858487219718394,0.19055420048005242,0.007714595977803463,0.05076979065833577,0.11655999969757416,-0.022456296403345025,0.054210754957213315,-0.01071496006319772,0.0323802771493754,-0.03752968894407659,0.08273552554533983,0.030732450731002236,-0.04851487357274125,-0.011649046553813821,0.03856483504953353,0.00026487826614018505,-0.001487121928694277,-0.10520962072267905,0.0231813348798107
PRO_004042,SUP_0266,0.02597431338136685,0.28971589686809185,0.30688604492860316,-0.04880578956696855,-0.004344624944181763,-0.0014192832868839618,-0.12157307058378258,-0.06155845016351657,-0.01690679778597316,-0.008785083510354745,0.059575040647089704,-0.018985269611810233,0.2063024101179911,0.0414449567303623,-0.08840913339963331,0.15915744259751263,-0.0027781829578443283,-0.02458053450157697,-0.1325394051656009,-0.10348340049448955,-0.07108081637810552,0.05934697048347272,0.05791470143301998,-0.0026253476251060543,0.001926340334076414,-0.008335376916744635,-0.04872807975514374,0.028913292868876568,0.018576332248611237,-0.047072533706627194,-0.029447746463489348,0.003113601072436359,0.03332693494045622,-0.0051399604311731266,0.010274909014237528,-0.002035497494717031,0.08066755924880366,-0.04472922329533287,0.025751043823739644,-0.051751369242549396,-0.0186765168991402,0.10543122375194328,-0.0767045524665496,-0.08884068057952312,0.007155700745829217,-0.03629103708646126,-0.037523582620797837,-0.048422256129065956,-0.04885562453210304,-0.057220821750095616
PRO_004043,SUP_0266,0.02344151634511555,0.26132675515994325,-0.09598038392220444,-0.0052734639922284105,-0.0004546237137050357,-0.027305911413714745,0.007943546908028547,0.013388527217345628,0.006928465311324954,0.0033076556635411817,-0.007417971325343837,-0.007770865960354878,0.10865768215779487,0.03275355180276311,0.03871063521755775,-0.05202270583116104,0.03415601415345116,-0.029057264201914318,0.014297649255359462,0.012611916796932156,0.031987820151078566,0.054252715942948435,0.04246023067450526,-0.02755658491627247,0.19364858147874509,0.08764482660457333,0.03798217472189718,-0.11440012259956375,0.2122473625531327,-0.0597839572016702,0.04408507069056517,-0.01406590463687058,-0.0035849199933774296,-0.07351068213780906,0.013110152582346825,0.09838547316729025,-0.0018930604262086502,0.05339289798948008,0.00023102183998184345,0.04024130788796764,-0.025658056156381292,0.0674503077801543,0.006331751953473669,0.036393817572203994,0.038988258609929854,0.04332101237421652,-0.04096679345815931,-0.0011384903795180334,0.030870070155586297,0.08061553449101534
PRO_004044,SUP_0266,0.014616933619886042,0.09972319442201963,-0.030242827269423966,0.0096276761435908,0.0006409798328176514,0.04333050736365858,0.01643693896266277,0.008289103608689192,-0.005486481834480739,0.006055322577354148,0.029232643114837906,-0.004922588976735555,0.17428999991100413,0.017606783209222685,0.055303158672796233,-0.08979986269164747,0.03299824012349655,-0.018354528073575575,0.02436119251649464,-0.02829197597204188,0.14966789147596737,0.08879324862313495,-0.001658820037391124,0.048851564951404275,0.2946106345532197,0.12497366232472543,0.07147630783343598,-0.16760944744980127,0.32924171395151847,-0.1166752695364549,0.05291579741455162,-0.005319792084790849,-0.004964966146232423,-0.07972703220616482,-0.029831476702545802,0.14135623224133353,-0.031788585555484195,0.04477770081626096,0.06814390572974025,0.0330162293585912,-0.0021519703887121163,0.11465378822860946,0.0005153637539340771,0.05181922689765795,0.05337169989996954,0.04658238344427091,-0.005324857088596618,0.005319510046844579,0.03203284503453218,0.059757144373746324
PRO_004045,SUP_0266,0.014171787388216367,0.21823740671892752,-0.07922549401317261,0.00443817233096751,0.000850038274343034,-0.000499341710448459,0.01837659202565142,0.013206074982361374,-0.002365305991988853,0.005240768216217883,0.002102648843825472,-0.00809270582942373,0.1598766015468064,0.02097348176710495,0.06124222116190837,-0.07048569521066327,0.03623480614582026,-0.03382784674323672,0.026871357523090285,-0.013082405963585468,0.09741968216401577,0.0862711686911132,0.0366954656711005,0.023280707301057295,0.31189549582986575,0.133962572889452,0.05833157693276575,-0.23618413461113455,0.37029180681527224,-0.09724312255148593,0.07910298510998759,-0.022825229999855604,-0.08076882841257961,-0.13536473316738998,-0.11660273951796174,0.14329115235194068,-0.01590237436588366,0.02976167495828471,0.059655946212672464,0.036028069572901604,0.029636741766377032,0.04509773393126715,-0.02628367011137303,-0.005197241584583616,0.0004502780753406548,-0.0052890022099632075,-0.010982414169844922,-0.002701458308787121,0.012344389754318945,0.013707069091807158
PRO_004046,SUP_0266,0.05780372521750235,0.3268234690488785,-0.11612349618677226,-0.0009365252578358095,0.00846096257291569,-0.017694188560906342,0.005443049924708024,0.020990386237746957,0.01128023756065195,0.0025880813702013647,0.003170237457212604,-0.016005395509060796,0.16911471760156582,0.05929259731072088,0.055469003630565145,-0.08276161348738889,0.017482638223081392,0.0003192336116845795,0.02704925795381508,0.00023041163743583407,0.03883749345613318,0.018410829666802676,-0.012215603998211576,0.024233092020034232,0.09273863515884649,0.05139234768662859,0.02073240667067667,-0.11074984420753135,0.07454238445761122,-0.027426686686294822,0.009002936315465,-0.023299258505049332,-0.022383499276777793,0.04516543125449982,-0.020023795094109984,0.026439529391875834,-0.004539510494742209,-0.01711490852958745,0.05971666036801663,0.004241314612656869,0.014422775343468941,0.01892978598395985,-0.007993214110454908,0.02593905134637516,-0.028956954058462096,0.004555102068846214,0.04366802203386416,-0.00993233033546284,0.04057606002324057,-0.005789550080172079
PRO_004047,SUP_0266,0.01495282623743133,0.2006396359151609,-0.05160229794594453,-0.005193034210640565,-0.00026794815907055084,-0.005118605530190495,-0.017592332299116113,-0.012460904049460366,-0.019666816579458225,-0.017842030900602872,-0.09578879987296723,0.007212968364431219,-0.0446257712392393,-0.04139782371483567,-0.027697684751958804,0.033864114001344044,-0.00797696158496294,-0.02129081507000722,-0.004016886148605846,-0.0010002637112566976,0.03785904525010211,0.014651511657885646,-0.004277353523624989,0.005938953384988168,-0.010424647213593242,-0.033677059729166826,0.007539959845520496,-0.012309238408263014,-0.05025458651892716,-0.015028221332656235,-0.07206916540065791,-0.06873539706578552,0.20908176728685965,0.0465868676879567,0.024525448621801248,0.0973031694488715,-0.021680663110308918,0.12884849295689865,-0.04617037332712157,0.09139657923881445,-0.049502933870288944,0.048362729553814314,-0.0627617601165584,-0.11629008684475103,-0.023199047659844013,0.040548238409799556,-0.014522089725131622,-0.015661728744351323,-0.19712433399300414,0.0035857057761046803
PRO_004048,SUP_0266,0.01872248807403183,0.39810369294967096,-0.15637344448294832,0.01343337265238559,-0.005014721349800626,0.06607489103133768,0.03733010782416178,0.14371839368415462,0.04670940395125129,0.07434014612040586,0.4075158511911743,0.02850576409108444,-0.14362171131857232,-0.04650319471023944,-0.03628627683052027,0.07015337993104019,0.004428241069071177,-0.010053021631025182,-0.0250109642865721,-0.049813610857740144,-0.054217822100536155,-0.08299756864262108,-0.029972096085545415,0.05219910725695032,0.008026252339667733,0.03596997533809521,-0.0009072093295569414,-0.0024681410311747066,0.007250884752058066,0.006558850650818791,-0.002424501048194612,0.008397048186033701,-0.017804409462006753,0.0045590602928257595,-0.035788727599384944,0.0022660330417621586,-0.0016846495923873539,-0.030669201364530805,-0.008151238708083876,-0.009254981825311872,0.0038448610208414434,-0.009559971260108694,-0.02785060950133589,0.02456646447485434,0.01496707610588435,-0.01190772410327003,0.06652618558108446,-0.010451689804411864,0.062296364788405285,0.022640591560843228
PRO_004049,SUP_0266,0.01702272215635004,0.16227076886294667,-0.05669598498461771,0.026487292365801926,-0.004605598509667828,0.12932905641165218,0.029460168107877036,0.10422767345774163,0.021984774641530633,0.0622206466985491,0.3528249907704127,0.03328181546997439,-0.06303128355888636,-0.064694900734854,-0.03380400527124745,0.02520332969463236,-0.002778469776286837,0.020147908357950405,-0.03386474582399982,-0.0854009132965387,0.14077852456932777,0.008581010406649808,-0.08960929651319613,0.11103106655762005,0.013745636468538037,0.005946136738131506,0.024074214624057684,0.07334675290843713,0.024732948427654108,-0.04462358687264016,-0.020751972525681568,0.03065409718699454,0.04081292184936498,0.015993734894620814,0.06028011338429826,-0.02553225320481183,-0.01300834232424782,0.04206386602481025,0.029405986697750963,0.0026247953627852928,0.0029555047282394113,0.06937098554700595,0.12311213504965421,0.0680872608949654,0.05639420552096145,-0.00815305956526762,0.09910107605697747,-0.003032626117081127,0.06560540989129611,0.05351591330798515
PRO_004050,SUP_0266,0.012630486247300664,0.25697501171542864,-0.09811854871041514,0.0002955735592927029,-0.0001593993471551572,-0.029408640235220218,0.02692795440682665,0.0016888243078572493,0.014982584058179217,-0.0022936720445299536,-0.009509480327226217,-0.005366724566815486,0.11045325923133739,0.04606935952751896,0.06056147342754026,-0.1494713853609045,0.009224871099778853,0.04384719940449268,0.025521101999139043,-0.01547794884354508,-0.06336740797673542,-0.10116059071413516,-0.08164019163760078,0.07380770268655702,-0.06439153626335517,0.01098911323267876,-0.09349737128545874,-0.0071750183228448785,0.14116875437065185,-0.06619349898177103,-0.019209105105883226,-0.032953087134089565,-0.07335871159563394,0.5131840141549886,-0.003324699709002911,-0.21214264791134285,-0.08632432304039257,0.05742320425355268,0.3121474657911124,-0.03352231632677314,0.18861749485660737,0.032944841354419524,0.07063661953240169,-0.012113071348061416,0.0657538280435103,0.044460738360728065,-0.09302583121928719,-0.0032324713916688816,-0.08950072669295024,0.013572167120679159
PRO_004051,SUP_0266,0.022576275424065033,0.32476837619989535,-0.0039282706645845985,-0.02936579217026434,0.0009699084327691604,-0.05372196406179961,-0.090726347328184,-0.09917750086606293,-0.051181232009348286,-0.046339591546223254,-0.09763015532110363,-0.03503408643893133,0.08454694475230869,0.010256707951896406,-0.18809314903576088,0.34435324573460946,-0.06126004851817646,-0.07524089144223527,0.18347038062030452,0.13947896710865373,-0.007727935145693813,-0.062277766131626125,-0.10762017655463597,0.12757977440024987,-0.012072492725585955,0.04905120226246799,-0.049894231851404854,0.037706164607601365,0.05388839414181444,0.08165943143155982,0.08173204315997301,-0.009334140429190205,-0.12659309282250808,0.013755065850038516,-0.07250307977703452,0.0084676953305692,-0.09340185410456422,0.09754616006260582,-0.017789645100202825,0.041942176907255074,-0.05524677060921536,-0.14440882253045734,0.05404528126917153,0.009663427136157393,-0.09899368865756475,0.051844396797232434,0.11704168646015814,-0.04527458839395306,-0.0037668621029376707,0.036064690782161894
PRO_004052,SUP_0266,0.026545033137300906,0.2376452409389408,-0.08966279288471347,-0.00803211554117222,-0.0011144751311172418,-0.03534424513213453,-0.005727867979926011,0.00013316040864023646,-0.009146145589088215,-0.013215829996265341,-0.17396374004704257,0.01454948611157899,-0.14760759543115404,-0.057054246249799045,0.013575979705885827,-0.041216778681664776,0.0011877233352200187,0.02472759089108799,-0.12771942620139215,-0.08767120078636126,0.007639826461144598,0.03015213957988988,0.005065743163258704,0.0232391636680032,0.041438663438166955,0.01699487343359676,0.023061450134973405,0.06709849301297507,0.03493602568184841,-0.001877539226131346,0.008693372313699543,0.016774476146761037,-0.02266185674499404,0.003129354466952419,0.01839305230015643,0.024014127903567245,-0.026975405165598505,0.02216402982188641,-0.015511846198818237,0.013541104152137357,-0.0005210713470187177,-0.028671437207388573,0.0026154906796878085,0.06733486920520522,-0.003288028195628169,0.021425442888482815,0.014512302587462186,-0.016662111670032932,0.08688551978398684,0.05054284664669175
PRO_004053,SUP_0266,0.011280771412137165,0.23603630217193783,-0.04362336512741758,0.002817765256218816,-0.0007865660196547608,-0.09972806799341592,0.03494147837866671,0.007930976340839654,0.01732325314033546,-0.0189939597754959,-0.054319661218255544,-0.011724422189944426,-0.03516874657169501,0.012174243913483639,0.0053995110236413554,0.007391303025452175,-0.0023248039630290526,-0.014228173535561323,0.007968489156554185,0.043254510037673485,-0.06693632762795622,-0.030307548346404103,0.03466794132356586,-0.09041380662252653,-0.07117039992987734,-0.02199765181980725,0.0060125751196803,-0.1408661035466872,-0.02842868815192818,0.06592405133989228,0.07148725728732146,-0.039402653334727505,-0.004008935837561576,0.08064254503492123,-0.1337218476907449,-0.01188968219348796,-0.010593818900545867,0.03654149177731685,-0.027000910774094628,-0.01885500984221168,0.049172495642160335,-0.09337866608132186,0.04941144142527784,-0.09426117341458391,0.09203688328349782,-0.028879294681301085,-0.1123384661606823,-0.10948894541727222,-0.14124764000566156,0.04775735272196304
PRO_004054,SUP_0266,0.037898412076083875,0.35235682763862747,-0.13434884810234596,0.002182769400109016,-0.0008744931157182987,-0.05614124471352512,0.016106543988422296,0.009387185660625174,0.003393187539488296,0.01306141615065828,-0.00048279114502945973,-0.013498639158684126,0.18640109835049434,0.048544044468202666,0.06586761417155974,-0.06935572522210698,0.00108334354954746,0.004169713836280669,0.03828303880483655,-0.009972226962725247,0.09094748004270495,0.009300782356562213,-0.07475600401561572,0.1207990475201967,0.11198896127204874,0.044524302737708035,0.06932368158382651,-0.03671325018561737,-0.036748493142442676,-0.02902673429061881,-0.0062929816419765566,0.052349934649615106,-0.07282263795510839,0.04767171477251791,-0.00635684956396988,-0.1237892022303581,0.06106712110561053,0.02899165788093895,-0.13686889910436675,-0.028882398766618522,0.02215681576682629,-0.08014022424745654,-0.0225617325375998,-0.03342258169825904,-0.025492923819596943,-0.014271323797517162,-0.024780012016804364,0.002913590649857166,-0.011391570005441429,0.04030652274218322
PRO_004055,SUP_0266,0.030234429973927387,0.1372982894947854,-0.041155315816289846,0.005873329866238321,-0.0013281341683125721,0.03611629361658209,0.008218870237888492,0.013774838739857746,0.002214592361613847,0.00948930434170976,0.05134763299613982,-0.01348789151104435,0.22881518871321302,0.0510525385573395,0.05929896334827348,-0.09287582710698927,-0.0014614961972132141,0.03108853779136674,-0.015066069452223312,-0.08905969272762741,0.22331887997743755,0.0448701632406458,-0.14249890535917098,0.21344107396771128,0.14507292049598652,0.04247645525629504,0.14699634263025385,0.09174857576962092,-0.09401615398158164,-0.0821549589356783,0.01021025813876371,0.18643880300754814,-0.03510214998177222,-0.04318400705277145,0.11512390772243646,-0.21077323627994787,0.062758162365648,0.03307541525787507,-0.26551723151909695,-0.09447289322206666,-0.02629224176114489,-0.052480459176576136,0.01499079999941035,-0.09051336610212327,0.031161972293547956,0.039699683074730624,-0.14947736586511734,-0.054205202646498904,-0.09751596387258094,-0.01417795370173664
PRO_004056,SUP_0266,0.0693517611958357,0.1381195925558467,-0.034938202449414174,0.0034888663215618117,-0.0012424527276466383,0.047572334878389765,0.005669316218546151,0.009158259141468051,-0.0001893979592307903,0.008813711210258755,0.053902654155047115,-0.014173297782189872,0.22769637394257156,0.040999554754003034,0.04309389339139221,-0.07465893804314797,-0.0013891593021640057,0.03637921760728653,-0.010761306514130028,-0.08520502530172992,0.2701364108842579,0.08362199141489034,-0.13941464747405385,0.17462674400631423,0.08207217630168344,-0.0005949431596053417,0.1495903614367183,0.13962955002888688,-0.06912323521962166,-0.06815253351713166,-0.013603312376486524,0.2220667237136878,-0.03435703718890173,-0.045089513633636245,0.13282621539995268,-0.18178414162560588,0.06627509523906999,0.06124969946586049,-0.21527791914533395,-0.030102406437023093,-0.02377488625337131,-0.10293685941428299,-0.02427686891838804,-0.13592361808477632,-0.009491360731899582,0.0007711910633537047,-0.12864168433781445,0.00784810084808198,-0.06733998149422833,-0.04379581468357213
PRO_004057,SUP_0266,0.026274644403500403,0.1523276217779431,-0.051369650282114585,0.01108386252372546,-0.0011577491081857043,0.04560176869947312,0.02287248238681243,0.011615072708386924,-0.005120210196619091,-0.0042416304706052324,0.028843966418987222,-0.022016976525306355,0.315885631273143,0.08061618829828628,0.09442369710476281,-0.1605166141868149,-0.004466842952580954,0.044002502774484635,0.005509312644742189,-0.09317712173444524,0.15391810862395147,-0.054198457550398656,-0.2163702681278757,0.3173905657478114,0.15207405291519108,0.04160200696330664,0.1456728660114284,0.06981534043033331,-0.29303633532435996,-0.01812733587805699,0.005167509827465069,0.12349748539739158,-0.031724645298193695,-0.0740544941618807,0.09764075749435865,-0.1030394440410279,-0.01149815686400317,-0.004096948251697024,-0.14986411751334963,-0.03619820555605751,-0.025925284768250175,0.0032505183187893083,-0.0026968347865098078,-0.08626167904063153,0.024366231811814146,0.013548580180836019,-0.09596885901914672,-0.04862325318025976,-0.06356566871433766,0.03664411096096806
PRO_004058,SUP_0266,0.016788493111648234,0.14042561739290846,-0.03733642158256755,0.007546774581647866,-0.0009103794028050772,0.026093985782027825,0.011263996075244437,-0.003861685335637728,0.00776464780187777,0.008462439789076187,0.05118467627061983,-0.015603810369568476,0.23390141537863424,0.05625734590234197,0.06414468834621369,-0.10589213306937223,-0.006603165546206579,0.031392369351946205,-0.001688540304877373,-0.07884700207913661,0.2226724176207642,0.03993150844890153,-0.1389220364951356,0.19277994496391485,0.1405880756344608,0.04321721659631402,0.16602052227608347,0.1103343685393738,-0.10746100221414875,-0.04340307912033744,0.006285867951793629,0.17829057797389572,-0.027894358400703135,0.009396262554492524,0.11503358730358991,-0.21488421852876244,0.04414539203288051,0.03331371984493283,-0.23737271958004785,-0.0855970521940449,-0.020841507652801915,-0.05382748172421167,-0.00261928745555113,-0.1096190878512219,0.023514336992139926,0.0475574294866197,-0.11358992796538177,-0.05702196064924542,-0.08961997391394795,0.021210034383714917
PRO_004059,SUP_0266,0.01950058396896516,0.26169909972109684,-0.09461324354902068,-0.0006728512336796043,-0.001140843367165073,-0.02925446563489576,0.007410426510700329,0.011570330413190347,0.0019336956860372745,-0.005183644760301828,-0.02877312606093437,-0.014327996005128449,0.12448078020671564,0.05270367263676389,0.0375421116729297,-0.059083071121471105,0.002203382617220504,-0.005114136806587937,0.03249364601598527,0.0031394273193061572,0.0014584118520475434,-0.023494396962216384,-0.030816660281929562,0.04663126855135889,0.037613948725715635,0.03544254771402885,-0.006954182992634712,-0.12864684314497293,-0.08855663700820751,0.022194078983677267,-0.03769153147712178,-0.0439832138766841,-0.1283462205939606,0.12210483022404657,-0.09037599725431572,-0.08032756707111276,0.07138699919582475,-0.023199667935650193,-0.05012203253131229,-0.032977729625031246,0.026253484626673516,-0.04843495883638632,-0.05872964845641461,0.0336489105783977,-0.11641778984701036,-0.02888982151113265,0.11762586893001202,0.0595747054552112,0.042763769594129086,0.05992857715977341
PRO_004060,SUP_0266,0.019947040599226737,0.418902467173206,-0.150911745186006,0.0003307574172960792,-0.0016656470338528044,-0.003937207991431687,0.025093022114831737,0.057155512633903935,0.04703341793763189,0.040538878170871644,0.18397058913205455,0.011542415391676003,0.004853335373917984,0.0022151403314663014,-0.0017329968008620974,-0.007250006084683697,0.0033899205607380587,0.010079406283181831,0.012400390540825122,0.016383870111952966,0.11942882493871007,0.10199051386492138,0.02491895986182383,-0.06974723989429021,-0.12168613292615536,-0.04397711095405481,-0.05824936201399829,0.001781997453696326,-0.020210505228760146,0.03152957226381254,0.04910634767594387,-0.08650156980014667,-0.08944941408982678,-0.12293087662201155,-0.010502490454291401,-0.11023040273350913,-0.04285465886869757,0.022109944732186193,0.1058826377247923,0.04477407222778541,-0.01769722552635324,0.07615023997320247,-0.014088211335421286,0.04937047989460482,0.04821587516918389,0.01166749305453326,0.003942717534471728,-0.0407892269470646,0.061231322733191804,0.032247111904112655
PRO_004061,SUP_0266,0.01631397274244745,0.21684936764414592,-0.0737836705996751,-0.0029766417476188743,-0.0011434918931754535,-0.04918252139203686,0.0016928297330822367,-0.002754284991022605,0.0003436381526471671,0.007956828340414345,-0.0036585632837514456,-0.005016025271186096,0.03938177755473584,0.020957393177157353,0.004927711131341908,0.00622649594477225,0.005738902562010654,0.00517692157426015,0.01289118871732809,0.005401535594504902,-0.012222179791270544,0.003369214411399545,0.011388757299104716,-0.026638906178308164,0.0005989883142814244,-0.007432753862027108,-0.028794538297059982,-0.017551974123185342,-0.0061091125177140165,-0.008138481225099609,-0.005949493938304566,-0.006730691904421836,0.035672818231799935,-0.00015444929379682156,-0.007192523228317163,0.0066225615322781095,0.03382219944720442,0.019042842341352985,-0.03180197832972922,-0.004516878431268655,-0.0024328133336366953,0.017294888660339847,-0.0014400526424141688,0.004903787637851289,0.003595248684372686,-0.0040015737074873044,-0.03201802232778355,0.04172184881570758,-0.0071718514719519965,-0.017702561967985028
PRO_004062,SUP_0266,0.03020755812811103,0.4298586364876047,0.1748396861696401,-0.05570036277258087,-0.0041939276362142645,-0.033819903325423104,-0.10405622394726441,-0.024291155158772837,-0.024253891274103576,-0.014781997706191076,-0.011135677608228884,-0.024040617355392715,0.11204368835061396,0.0374433925615324,-0.039878491057736803,0.10166025192943855,-0.01370579046983956,-0.01782976260677863,-0.16817002519976867,-0.09594861944123335,-0.07148177488564397,0.06310912319865399,0.041574860875023274,0.055353295097742006,-0.0026118003133805624,-0.005771066113753542,-0.04941958883381336,-0.0053489296614658444,0.012497809917449995,-0.011772843097023929,-0.01997547978281378,-0.011127022788111014,0.013801215203176238,-0.033038927166082234,0.046889643147792995,-0.020879219468099994,-0.034274012897166015,0.02152743711277948,0.0053882677732775075,-0.06598903570751068,-0.0013592978122458708,-0.025366745221543214,-0.027043659965736967,0.09967781873117532,0.013908834262480477,0.07148269093811177,-0.0512926018742483,0.06806330887078448,0.018934825584695322,0.0034003138126198363
PRO_004063,SUP_0266,0.01569757179971175,0.3060942708481477,-0.10218227083882528,-0.016980332424727167,-0.000932301364843128,-0.08274773600249935,-0.027683753609314805,-0.017212515091819987,-0.007203033313323674,0.0022586327331652317,-0.10173819908953438,0.015872318587037224,-0.09043214495488751,-0.03221637968513353,-0.0033468894005654016,0.01726396292815705,0.007219689671110937,-0.0031399943487347547,0.046142973153584364,0.02822996037429826,0.02666580892600065,0.0066731724529315445,-0.03877831305603449,0.0464270921479683,0.008000268889498906,-0.009322134168299872,0.04022472094649068,-0.019527960804400866,0.01634986622681056,-0.007058935122097827,-0.058261296983177877,0.0037529837484877623,0.21405501548157538,0.03871071891279634,0.0205047040751633,-0.011547431807030554,0.0012302976019310297,0.14881067009595653,0.009221566419790876,0.05493653585527792,-0.0561780942954246,-0.00841917773272177,-0.16894818281979943,-0.027734215547690566,0.09127880963031365,-0.1261659941900286,-0.025276523171650345,0.039911076135804656,0.06752757939204973,-0.0859401223671691
PRO_004064,SUP_0266,0.012823085840171573,0.26252677656668305,-0.08852336385742136,-0.01055701436661,0.0007793321552737127,-0.05568408811499785,-0.009573557426712795,-0.018864056106163794,-0.02146138136297708,-0.02004567132837454,-0.11307864554977613,0.01118169837305958,-0.07584694297339876,-0.04827484775161642,-0.039884839346648604,0.057226423933886786,-0.004988943382937567,-0.02726572810527608,0.04351367470901794,0.025456395599596345,0.02982156219243014,-0.007503674082087307,-0.01340186578413126,0.028653150686476992,-0.00013465722776990054,-0.018023022948808233,-0.05087223409514319,-0.03476822923150176,-0.0021124390464237136,0.022572671888663288,-0.04814065016478433,-0.058755854714337044,0.10278106474810943,0.03677765401460813,-0.018672613060026308,0.04548780280920716,-0.0005782634806200444,0.11444806756953238,0.001574631198859899,0.10768259886276467,-0.025737103416277215,-0.02758283963815549,-0.05750186469865929,-0.08632208768189453,-0.019724816312704768,0.008492066142606251,-0.041265344524716946,-0.008439446718378948,-0.07992893456093833,-0.04404701008851036
PRO_004065,SUP_0266,0.016022407029588185,0.3420729511101749,-0.1280194988393982,-0.0035516784293624067,-0.0021966783027658654,-0.03836673566006515,0.006626815052413182,0.02185221014947461,0.014907880664054435,0.003905784303566332,-0.025122194713994628,-0.010990369847672567,0.0938380107635391,0.05858598315807571,0.04297955013343912,-0.0667631005734021,0.009341668076372059,-0.007663300032932854,0.022084920720177634,0.01862182762022823,-0.018994787668687674,0.01214287007646627,0.011640239710766618,-0.013924513729208434,-0.0012116562896435949,0.006744673296284996,-0.02151384824797762,-0.04629904395249778,-0.023827844588718356,0.04457442530682205,-0.00617584441873954,-0.026887443849721745,0.0291181148162536,0.07901523060362714,0.011124272153197725,-0.07401451667483465,0.029955973746393125,-0.004370575493219078,-0.11696555228362421,-0.0049831612086067645,-0.012982067191497276,-0.059557944076711986,-0.022903440252711568,-0.07266559200248034,-0.05274656503907501,0.002192292445760344,0.23892265846868418,0.08393136899500009,-0.028806793507063222,0.061596475858046465
PRO_004066,SUP_0266,0.04152257261307964,0.31184524638215105,-0.11023603081908874,-0.0038572854816220684,-0.0012350740500304716,0.005275286547469688,0.009088714681699453,0.0299609762209741,0.012650225051107555,0.008917123203188132,0.022602969842824942,-0.007517022612887527,0.07999891921986,0.023830353010333555,0.03269323970382739,-0.06068843451896441,0.016111930977334193,0.0180432954652378,0.008996496203967983,-0.006706227907063663,0.14676913691826168,0.11040550873401236,-0.01784596979778304,-0.015991092853191956,-0.057198443309175694,-0.046294072933029125,0.03574666701049631,0.04250648576482206,0.002086088042965722,0.006517714122922919,0.006343497364638956,0.03580645416736897,-0.03434744715178658,-0.00315842506187732,0.08214104464036483,-0.016896198330597093,-0.0033665494351535793,0.07679095164449914,0.0441861977494174,0.0807233970230253,0.011597338469427424,-0.07968547547946875,0.0266962574238173,-0.0856768318199266,-0.10461392269571566,0.0431468814060398,0.0011765805756618671,0.018021935408356837,0.03530040475406492,-0.0818210047764182
PRO_004067,SUP_0266,0.05630421586557085,0.09475176850252232,-0.025520880268405675,0.005797532643818016,-0.0003977184566548526,0.05861621629067033,0.007813390393625873,0.01159898647463327,-0.002643477342129353,0.010569035372399626,0.0433812614684759,-0.0031968606420385228,0.11055175147937922,0.0010999350628976066,0.021133902931156193,-0.06558685074555459,0.004636822603580649,0.03625346467463049,-0.017074661818101054,-0.056563099046407106,0.2611652168284538,0.14764619218032954,-0.054904622358648986,0.038646736807806274,-0.038412902122520055,-0.06217010875263763,0.0773568503068419,0.14745652051536123,0.01983449370223377,-0.028961051024937956,-0.01736119456597685,0.1273310821564244,-0.009751194265419687,-0.015142842567537491,0.07207421946558464,-0.0017925671746948676,-0.012945263461363257,0.09905982489962523,0.047735762610266026,0.08778218438920926,0.019057554018726653,-0.06980326979601907,0.02017147753780441,-0.08219644649479013,-0.058270293161386585,0.02561576190900302,0.04341334603608931,0.028236397786015714,0.03749041856029481,-0.08983051534763378
PRO_004068,SUP_0266,0.014229676256262341,0.28514190521609006,-0.09774629956697417,-0.0044196746939040195,0.0004403226378792532,-0.017423634510833234,0.010698051715814293,0.00693096644475679,0.0015790564344533879,-0.003409117949351951,-0.04443943590739434,0.002498362968667672,-0.03188620079397003,-0.009456282700221719,0.009226127870874514,-0.017599367080307696,0.008539738551635624,0.008206642002351413,0.01757438302086747,0.016568296438792932,0.012542647697855357,0.020050576188526306,-0.005068905250192373,-0.018782543276505262,-0.019410881615815466,-0.014228915308774414,0.017471995619173824,-0.04182452193303511,0.009100238608590775,-0.014895242352632593,0.0008974027944550205,-0.03304145085700721,0.06138121347437729,-0.0017091985732887508,0.050884507680308305,0.03462937637120533,-0.0063585809230445245,0.014174142765289272,-0.0034713535472812233,0.012669033201295334,-0.0014900522855896621,0.0007587965577154395,0.06755716071509651,-0.03347601261411078,-0.013869170306819237,-0.005819033796054507,-0.032977757721309855,0.027507278734292775,-0.012748213064010552,-0.012811402660216914
PRO_004069,SUP_0266,0.015805403191122763,0.23081166148727514,0.07556392166706426,-0.003979984118412852,-0.002325108508833489,-0.029312427335355225,-0.0625660486092563,-0.09843990537956336,-0.02115688288539097,-0.010297841142270014,-0.00563613961974553,0.0028818355626213797,-0.011168800550497546,0.004312408867639475,-0.03363624274836602,0.04399546323757631,-0.0168445024379136,-0.035161537613464765,0.14392673990736302,0.09888023622081497,0.033930777830594325,-0.01642076251450982,-0.005000581219600553,-0.05744930229867476,-0.019874120471281686,-0.016620332276770212,-0.0003868787941108535,-0.021411565887420703,-0.024140458775735445,-0.002382589676479671,0.052877202590456064,0.04288617886442158,-0.09640125886297424,-0.05571512022178182,0.0009656601677309364,-0.002734421146044155,0.044947034828765324,-0.06541668808197577,-0.0531742461146227,-0.07986479871739902,0.056779295801428445,0.04574967898012018,0.0714120099809405,-0.02033991742668574,0.02865099414244589,-0.11108388882755336,-0.05554403237196118,0.0763480250777315,-0.03340824557577922,0.0816898289811393
PRO_004070,SUP_0266,0.015222564149040808,0.28188384291829394,-0.09715697447656187,0.005872281420679652,-0.003764126815420795,-0.07767353834136913,-0.006986054745538453,-0.008153546140752706,-0.0062636844386288046,-0.01259249506282899,-0.07657408813916844,0.0046269132697563985,-0.041377661405735254,-0.00818363163270359,0.016252875119352545,0.00827576025516169,0.004468056075109133,-0.0182970443082467,-0.0012300289388292541,0.020055942628202664,-0.04469388749076452,-0.0055919288466196385,0.02784199128762698,-0.041974286753393014,-0.029721134621273335,-0.026130070972028574,-0.0039713877247506985,-0.0726554769949437,-0.03073215119592634,0.02781557874945166,-0.01629347878210137,-0.03239945129066655,0.07316638528357707,0.025158704950079457,-0.006088264345767526,0.04021540842315466,0.019549387355493525,0.08073481378174706,-0.013024457858757459,0.03890915295627361,0.019524807463639104,-0.03873311430858003,-0.016826752619070632,-0.04506858523978129,0.022557799769066814,0.002473510054924302,0.002056927679551125,-0.0026287175156511963,-0.03372489765564677,0.0010980046103995311
PRO_004071,SUP_0266,0.021408201347235926,0.2410973191182797,0.0624422496947095,-0.020339888975352768,-0.0019452216251501584,-0.034654837038859874,-0.08407486147846724,-0.0992682647810783,-0.029799828996072402,0.022698520670855923,0.0011821253607036612,-0.0043768747625672275,-0.0012973219199282338,0.026089556715462422,-0.011838317228830877,0.03005812019618729,0.0014322420661782881,-0.01573064472411729,0.10648832090231927,0.07083440197744814,3.621974152411152e-05,-0.004211793316839295,0.007646342675926486,-0.0404814300254712,-0.033908943979740466,-0.025948406011263286,0.00611699617212944,-0.047991356337285435,-0.02215874031830864,0.034335678778669276,0.04409379030178011,0.02696346400795287,-0.0709980472144219,-0.04008245670048085,-0.04351298144871295,-0.05403542994494411,0.02563677033439501,0.036518000264506904,-0.06847305791360901,-0.0491384626738551,-0.02354604370037988,-0.025538835997458237,0.08538496625077464,0.038304394312068404,-0.0484371623088513,-0.01206182689991141,0.029998923047239084,-0.04823753035057861,0.019728624551733496,0.14263623099228065
PRO_004072,SUP_0266,0.03100209028922586,0.36811547918595494,-0.12284683820213788,-0.002865116613771854,-0.0018925792441724352,0.023815899801000913,0.011735576278699741,0.0072807802872806755,0.03288563103433059,-0.005496446605707344,-0.019051547090626213,-0.029687139803659817,0.0962315162578659,0.05696274792918115,0.04246650714583971,-0.03081927106498858,0.006252995539437904,0.000172976189780251,0.01276667619705453,0.035837807982437506,0.040612863497396845,0.05424883339261457,0.02366357732319112,-0.09403829978421754,-0.04301976321821713,-0.017082232528403705,0.025889091850706574,-0.08152293670934073,0.015325556348806335,-0.03946610972596939,0.002286676453980549,-0.10730769077507747,0.08658033811317217,0.0761292204045376,0.23070244668997655,0.007233816714016606,-0.07123323569588783,-0.05588301609287126,-0.02821723344453066,-0.05051837997448319,-0.027781284317988944,0.007543464436385663,-0.0109087348427278,-0.002861345101544694,-0.07013818483690001,0.028648282241914538,0.019891388183785347,-0.01908530696394147,-0.013739765135548974,-0.02120775561548074
PRO_004073,SUP_0266,0.025957214597970315,0.3761264343381917,-0.11805783432267403,0.002704225304211138,-0.004012534126442543,0.04363588393301805,0.0015682306544526335,0.05210726029117329,0.03659554973006565,0.021623884828036708,0.10077948998728013,-0.00257667088674938,0.052726591886749746,0.025724476965120407,0.009827606342817253,-0.019470980894671717,-0.014119964908847317,0.011549689375215062,-0.01745518606036386,0.01002599277604003,0.1668021645357923,0.15940693935380687,0.046525527679837676,-0.090665769004027,-0.1413141338341207,-0.07572915122815113,-0.053557476891019085,0.07984573433950011,-0.03703505988148769,0.03674777656342865,0.05612589090653987,-0.04226848509583403,-0.15802910555993732,-0.09272107601923094,0.007355937228397915,-0.07801780193035915,-0.03265888825828024,0.07006382716987772,0.1115645084362875,0.12037323355906333,-0.032413646411495974,0.03358233914651069,-0.12865866767552345,-0.05670756948040378,-0.05366159480041076,-0.031054839416440362,-0.002037384920099424,-0.050368297642806606,0.03563442904004468,0.006834011603353422
PRO_004074,SUP_0266,0.028448955275261267,0.3356874760156657,-0.0845953635704675,0.03747465155065194,-0.011167023878534637,-0.04204382222171503,-0.004371179817985285,-0.016261754610948028,0.0033357550348839127,0.017627591124875767,-0.030895278018656568,-0.028575698427909985,0.15286521349004392,0.05250288612703196,-0.007013450296877432,0.04136878087346967,-0.004660893147755498,-0.01706246763061633,-0.029744405727944564,-0.007811204018338077,-0.033086432824187585,-0.012777474619263702,-0.020940974996515368,0.0483113057406676,-0.007759142592443529,0.018186401106869234,-0.00584733017362218,-0.07110893682312674,-0.011043655830810274,0.03516311284665824,0.008429900627848121,-0.03593281612024162,-0.09065946058451096,0.07903804318676576,-0.025640896263032505,-0.0667519331469935,0.08761860736752258,-0.014570703441383656,-0.07429465633686609,0.028521508627470882,0.027286574309536175,-0.11394098306981768,0.049557384039196135,-0.0042220223521337984,-0.033033360604007744,-0.052128051500186234,0.03348362949047212,0.04301740780933707,0.024100114719667547,-0.00783155716819023
PRO_004075,SUP_0266,0.015379792550090095,0.3334273930820435,-0.12444125343405703,-0.007502519343235095,-0.0016795296765513056,-0.0370100380462793,0.005025787717049965,0.020443566525614548,0.0129835669680225,0.0036047910732966994,-0.03283525098899036,-0.0068157317451028685,0.024822350299003183,0.03319884352503741,0.02801199090199656,-0.016134218741646264,0.018734317535011705,-0.0025763466023798033,0.027506768355864485,0.036321665589948565,-0.022888702440510538,0.02676138429181548,0.025570721148412693,-0.0544152534013327,-0.05242558418201058,-0.03967043468359152,0.006113222223324593,-0.0756798541021264,0.009137129804511878,0.029113595781588283,0.010497823308847262,-0.05283817102410107,0.09662835904313564,-0.03984747314567723,0.01023753936104725,0.0593458907473878,0.027823457348218936,0.02276630803601643,0.04851853585331145,0.012818450151447825,0.0008408553034376876,-0.028332441337507782,0.06168585875335853,0.035305925979711314,0.031075581570626995,-0.004371034135673836,0.11086496099996489,-0.05698594322603538,0.021488800843718903,-0.017731771739897224
PRO_004076,SUP_0266,0.020634864939182943,0.173362918571907,0.07673167284101277,-0.0072891888176623365,0.0052559206384487946,0.022871422804239157,-0.012449508009240306,-0.09496394457666783,-0.017936674305963213,-0.016329963063423793,0.016958224362666287,-7.971285113924015e-06,0.06176607097683118,-0.03563402356282264,-0.04501550392365632,0.043290676729959766,0.010515931788571091,0.008722665018800172,0.001842246230229552,-0.04255597937204548,0.04006212512212148,-0.008621336036524974,-0.0029887779392549704,-0.028184745427110434,-0.052479242980371765,0.003647569456719439,0.048338482422211435,-0.07239728019516459,0.030584136568367854,-0.05527085610734399,-0.0642725940536438,0.08905001202247785,0.12869832726812758,-0.0090178029369121,-0.07609525858454821,-0.11888024517604202,0.024786162231730455,-0.04775822813117872,0.08469936631549874,0.09844022750763617,-0.07193165568676536,-0.08021888739459657,0.3474044690871723,-0.014924163141635334,0.07942231260380317,-0.30131005866470445,0.050250653438650136,-0.1810752446081999,0.06975710012576344,-0.03437954014613755
PRO_004077,SUP_0266,0.026062052175961224,0.3093740126201917,-0.09648757316540683,0.000528400946287708,0.00029325954015694855,-0.0008461034433196095,0.0392299981637799,-0.021192603838739554,0.059910156541757624,0.007408769538838832,0.08536973801343169,1.2095511738609115e-05,0.0646393025692733,0.024707924712696398,0.030458553321744908,-0.08929104592894864,-0.010978038623224544,0.06377937453936698,0.02953853136813271,0.0039050905882062016,-0.1107640807039427,-0.15834264846590793,-0.0500976822558381,0.057579131998088035,-0.10207844193092243,-0.06235435089194488,-0.034766457069813426,0.16315376824638503,0.21932793396903474,-0.15689161121427653,0.004845444321536216,-0.0525170658982659,-0.01512653661007361,0.0367172560632863,-0.008065783575809612,-0.06816948055254268,0.05955758566799906,-0.0042976153847065135,-0.04732548456220516,-0.014066906763321433,0.012281392600300284,-0.02390754548272692,0.008681036961216004,-0.024177029278593564,-0.03966867632189219,-0.033859362067643915,-0.014954697907058934,-0.004084780425732804,0.01024216754353209,0.04259313499280125
PRO_004078,SUP_0266,0.010919888131216953,0.23208736518089382,-0.08301328307437468,-0.009394241782184969,0.0034972915023328156,-0.07218423193553132,0.008336680244797352,-0.03099044393586036,-0.03313275937000876,-0.026704783554192212,-0.15617838866599537,0.006997143849937863,-0.1581073190758311,-0.0747134411293988,-0.013471886538307458,-0.00896445349218865,-0.0026816857882085354,0.025317775249723104,-0.09327771271752493,-0.08961728994743565,0.015014593159569323,-0.004181419382694436,-0.03702275654749614,0.06187908011888774,0.014584560542770929,0.00366886072799478,0.014166510123418888,0.013298247116102672,0.03941191113686401,0.034757820794943245,0.0068264851403132655,-0.011316125920542448,-0.006812322041276374,0.0028547582983189145,-0.004768454232922173,-0.00562648842572983,-0.011106383597648244,0.016909018587394246,-0.009732586588456205,-0.010544448253026499,-0.006223681155995293,0.018352307162726355,0.012062544408257266,0.021146299396972608,0.019611460528934317,0.03371946515861655,0.010865003674163258,-0.04883186509938024,0.030151694538063052,-0.01364806591268989
PRO_004079,SUP_0266,0.022953753381394777,0.29115331874054745,-0.08583625455842006,0.015778533966117222,-0.002937755739476628,-0.03449184436057075,0.01653299516823526,-0.010433016685198741,-0.019226198687233485,-0.009235402453216718,-0.03098347339164997,-0.019778838054896712,0.1385526348475635,0.04054276408603603,0.010968703308305893,-0.03294446926677284,-0.010786736613227856,-0.0017181689456154373,-0.00019413062261508475,-0.04570253435547138,-0.09332290208546808,-0.08988764499614485,-0.08802855868408505,0.1363722376216897,0.011350225745508287,0.009757351292985958,-0.0015341247068301547,-0.016716884008170674,-0.18425297376896166,0.07797767646295171,0.06345628435986998,-0.08665943750527988,-0.012180136346770103,-0.09920901015977791,-0.025439735227194244,0.10313376025360178,-0.04332085037989263,-0.0341938656486437,0.04838100795043231,0.054564880963755676,-0.03885220109029444,0.010415905567240443,0.06137558542991586,0.007210604292410296,0.004241351094152919,0.01368013143282127,-0.008377494826778801,-0.007075666892370009,0.027306006214762753,0.013177365504715806
PRO_004080,SUP_0266,0.009910536978186417,0.17894441452533605,0.015268043009225019,-0.022156099018578006,-0.0010062845599758297,-0.03400988780517214,-0.07039845232627125,-0.047424981533105315,-0.0198978668473539,0.008978821282620671,-0.046046762124192696,0.018078427113710167,-0.10976572854223392,-0.04196936588942736,0.06405165365343139,-0.04798534032489125,0.0033862394763910348,-0.0027154374655761677,0.08439129984050263,0.06193186818049462,0.0327503658031546,-0.014018807941248173,0.019835007144676585,-0.0511320920451223,0.04300456289353689,0.01082217644418521,0.08670574765905639,-0.0017446060999402933,-0.044435061023721696,-0.014917848029701239,-0.03214979974847536,-0.029480770717674697,0.0965527519705811,0.05994816987947856,0.008653225273811137,0.017428838672134878,0.013799812827570986,-0.12655406763628113,0.0046831060188298156,-0.05460730789499982,-0.00032548813684122246,0.02695645538606923,-0.01639602547701813,-0.0989030783532557,-0.010219772923006057,0.07687186441429632,-0.034425724199182946,-0.1315142350513443,-0.09817096965413863,0.0007217182286649445
PRO_004081,SUP_0266,0.015214043439934958,0.24189567405359017,-0.0774305605348925,0.0035019465997744356,-0.0037858249975743223,-0.020480076717768244,-0.01164891831863077,0.010459705689497653,0.00099934755671817,-0.006277395958222883,-0.07645403247440757,-0.0018684551308589675,-0.03224905062774584,0.0015079445295541984,0.009510213916604213,-0.0008068765136817302,0.010382619359224843,-0.039505498438690806,0.022355298829440366,0.056069923016418895,-0.07559387911634916,0.006740948953350809,0.08204969873925075,-0.12312680149575078,0.10023384047586543,0.007096247204145526,0.09983136117138126,0.07350124139973752,-0.0663484096946201,-0.03862282370696721,-0.038355618029321005,-0.013291603529264692,0.050268270735203395,0.009889351193525284,0.048366405970153035,-0.03089736920252631,-0.012959216770205905,0.013509936465780439,0.018325488878971452,-0.003609272018265874,-0.04145300801569362,0.0783588254895849,-0.01596073788908346,-0.04986290484166091,-0.011974724504458096,0.00022365043130475622,-0.013340075858617231,-0.019301315186303743,-0.08487553525683904,-0.05569590782223514
PRO_004082,SUP_0266,0.03157099912463363,0.35966855551229976,-0.12157762417905744,0.002565039780480262,-0.004008339629667226,0.033795835644512245,0.0037286640930458046,0.0627792326370591,0.020581773957953707,0.021047794067591705,0.10431310237229735,-0.0008949300203096901,0.03971319761310296,0.020739064967028903,0.004475502971146113,-0.0010302804326041202,0.0010817121348181897,-0.020917929984352428,0.0298969790657334,0.03137039453702553,0.11498897381778488,0.09985535007025129,0.052221142859785984,-0.12025804184312339,-0.09579271173088515,-0.05772343035765637,-0.02496828781907712,0.025519736674206636,-0.013670001810945407,-0.03280393578132346,-0.021559422772796835,-0.11497965540559842,0.07236271487325578,0.011229657457875766,-0.04075113542381127,0.07768513000259022,-0.06266411533857255,-0.05915231547634292,-0.04267925936182059,-0.07367296990065478,-0.02972017511987845,0.08704570570913858,0.014006166948489497,0.06468529122138379,0.014530785975074434,0.0820344170355027,-0.025015195486756417,-0.030005071307317697,-0.045797716848857535,0.006879731699093963
PRO_004083,SUP_0266,0.007188573248781848,0.10989595471281322,-0.030264586376087435,0.011792071642283205,-0.001331900877847546,0.06078936816655872,0.011408063539745588,0.0278078263494934,-0.001818223892601151,0.014715043633994241,0.09845309256380752,0.007873216138701698,0.0416883306831779,-0.017629666387454054,-0.005313017496100633,-0.008274362713222738,0.004737907033049892,0.014274789712551268,-0.005104151045158291,-0.03337278335627026,0.1435187764913947,0.07444159634976535,-0.0024925832512809974,-0.012332132064897708,-0.04761472163481151,-0.05014794050496825,0.007809477104777963,0.06880823507780653,0.004331054306498962,-0.023115517860339604,-0.040775678170502413,-0.03529012601974385,0.11094776360426147,0.0014220956243822412,0.016836797997084242,0.057382936233222964,-0.06619996219848046,0.03843836632451362,0.034211646489053726,0.0012636621236794142,-0.029408514324410474,0.084261932852972,0.02098521079704419,0.02985732209384478,0.04232935303386514,0.03112899076077529,0.08260879809487406,-0.008842606044378646,-0.05524715120315888,0.011929677600003975
PRO_004084,SUP_0266,0.023130402632937506,0.3658994400731098,-0.11936390775672892,-0.011208084988467464,0.004059029836178222,-0.0742798191858995,0.030821098817150682,-0.0023427435217461307,-0.0008226831830078171,-0.0059502265048765315,0.03233692630985558,-0.0016687953085389778,0.05378637972577715,0.0040456381687864,-0.00963547587263965,-0.030453398661949713,0.054942765571568346,-0.029403255015686615,0.0022497284228854457,0.04251802441076692,-0.0147477110470309,0.026745267900748368,0.01563389875283281,-0.05630953195290646,-0.06865120883948247,-0.03225754484215516,0.007517196499871176,-0.03913277792350326,0.0002118945514634005,-8.822439174516325e-06,0.005121830720381931,-0.053631333361798025,-0.0037321545477093073,-0.04545925162891454,0.07716696533971099,-0.020370131019337833,-0.03584587195969462,-0.04466524480068081,0.004054665386441682,0.01976752077529398,-0.010785219721839375,-0.03466325884674792,0.04925910970565682,0.009069803904486055,0.032717205825887614,-0.017984772011598957,0.029239561723020155,-0.039026291339311216,0.055249002486073895,-0.025451163444442145
PRO_004085,SUP_0266,0.024508422167153206,0.34725448255998814,-0.11296892303090042,-0.0013208415574620883,-0.0006331853019558531,0.0371272329527263,0.016794015393874547,0.014134761116713992,0.023783265125818753,-0.00550483369234347,0.0147818536542213,-0.021498910890543097,0.07628251737261423,0.03490429838441879,0.04003610771951231,-0.03881508214696948,0.005750442037713577,0.01668620250453908,0.0215496682643762,0.050331754068014545,0.054667048725158686,0.06418755173414181,0.018679626794392223,-0.11138096794213984,-0.08574948221726093,-0.044086944347693516,0.02055872880729113,-0.11693002604733002,0.04460640903420519,-0.053252341439212016,-0.004151384976881901,-0.1747252044153951,0.13931494325513266,0.04329411416162881,0.32182141317945434,0.025485105782498397,-0.1522392227431009,-0.08407037672229348,-0.012436114517571954,-0.06179854531306258,-0.06498203067366719,0.05500666413343165,0.06549399885079775,0.03951047271590499,-0.09165634257520529,0.05373165733537547,0.014856390077820957,-0.005273039941323122,-0.03927255592586928,-0.022295228676393858
PRO_004086,SUP_0266,0.015443948869606918,0.13211457730484616,-0.008748491713151311,0.015499257723314326,0.0044178179916133575,0.081923343814971,0.03242654170514951,-0.022727297109798844,-0.023445066719371955,-0.013105196903422532,0.05409239085473046,-0.015299238823451763,0.11641617722336164,-0.01657760002343956,0.011930252325003743,-0.01174823852274044,-0.013945070015834834,0.03769780496540739,-0.017043390049068272,-0.017127014335060423,0.13506874847200012,0.07068552785626074,-0.024089414267227466,-0.05497291526719871,-0.05428928842217705,-0.040059765971018145,0.07786260445503541,0.010791779043663744,0.055822097678022625,-0.09522355842478063,-0.02170190895533966,-0.10061167521451816,0.1715359663926142,0.06677221079779132,0.28404895434742117,0.044338182202115904,-0.13337565950487676,-0.0740942549576005,-0.005984921711997949,-0.05690459041335214,-0.03484926130686067,0.06026977747252467,0.06822096822877391,0.03762441428649072,0.004108918401007846,0.01659589987272151,0.06854097029160623,-0.008547598697880285,-0.02734785751592685,0.00021788938045772205
PRO_004087,SUP_0266,0.01872343976690705,0.3986986152802931,-0.16403522612526847,0.005398601708030189,-0.0034838965688501907,0.019591766888646972,0.032018104168313945,0.11167044664648933,0.04191695177289298,0.05603942009399301,0.2916315824782112,0.01976845925602571,-0.04158994701969888,-0.01101424241074247,-0.013230895885688312,0.020929366909607398,0.0120575254346058,-0.006417536625464213,0.01220398807855512,-0.014983295002633805,0.08388340121362824,0.029658506763175465,-0.004702037219423024,-0.020587901409080886,-0.08455091907473203,-0.015109889188134093,-0.06991775031396485,-0.03682300243748692,0.001694318370492903,0.031211100850558875,0.020738653260440398,-0.06264487955660572,-0.03683168357339733,-0.10714227013728621,-0.028881988229290334,-0.09758203918799793,-0.03133480540787842,0.0013693873860279098,0.041387376270098614,-0.052426921091198224,-0.006026012592371005,0.06565619819865592,0.03048469956876568,0.09680044390863705,0.09151453662405269,0.03455216883469557,-0.019713400050856835,-0.0184640170995293,0.014793993866160355,-0.0171380103725381
PRO_004088,SUP_0266,0.02433048399139149,0.379856345983346,-0.10629670641892996,-0.015918088870774453,-0.0012312916297467444,-0.04352191562993747,-0.020224653693130118,-0.014480440129878116,-0.01939826038319248,-0.02369011818103725,-0.1583774663138405,0.029574568777649017,-0.08934104742322621,-0.02462997185190468,0.006697047670030371,0.0042285112235422775,-0.009297794767834629,0.01429167798231482,-0.036842732354089254,-0.019623080586984514,-0.011129406008166975,0.025830142129122935,0.014299728049116243,-0.010419564848635602,-0.006004099445931852,-0.037000706421371814,0.027582330091941623,-0.04663780390061196,-0.07572217565249656,-0.0742276056824478,-0.08918251047649724,-0.003820006734907466,0.18238110241124503,-0.08391254982982907,0.004017857429634605,-0.05399154412083464,0.07379572933913776,0.0387555519588713,0.016589897825564085,-0.07616686376323972,0.011574165810953184,0.030482367621715883,-0.06675383140536136,0.060261689320884916,-0.0010607751499552038,-0.01432368650326191,-0.08830467423907462,0.11907312949576468,0.03565092931213121,0.05275623518794085
PRO_004089,SUP_0266,0.01480371553995499,0.30352252348253395,-0.08987308303935203,-0.002540621930879187,-0.0028239763584384635,0.003164597098847641,-0.006599063357489523,0.024345296707696047,0.011204283639557142,-0.0020383739321396224,-0.013359979326549514,-0.015405595993462211,0.10339498630977428,0.05649821932122165,0.02547038745913648,-0.03311158864004595,0.0072446247917395444,-0.0051101492923935595,-0.040043567472685164,0.007383496824741998,-0.032576251926815146,0.038904192541180084,0.061648422113415056,-0.06447866649009672,0.008442599685748942,0.009053614765846736,-0.004511249345213999,0.03977656216547951,-0.00027794540139263813,0.037052369211115224,0.013663266887728258,0.005545782574482471,-0.02763384588745482,0.017150615531517695,0.003499686585479813,0.028692197058308267,-0.018743272358567428,0.016533529193736077,-0.013094441237549402,0.05863060318603573,0.012161560829804196,-0.051770690332842206,-0.06857409651766638,0.029494944654823406,-0.009465272737457411,-0.04344648706993336,0.04802313710774248,0.0075568955252502965,0.06477393752176858,0.033556098298032674
PRO_004090,SUP_0266,0.010656413048075315,0.1747714180592997,-0.054271731296207916,-0.005817922145002892,-4.6459195930193636e-05,-0.026507243332474024,-0.013262671450571476,-0.005683917650910549,-0.00994854616065923,-0.012324974855412854,-0.07273566191293024,0.005400405260366555,-0.03466519783087219,-0.021648340680940625,-0.0026779395178996145,-0.0019453315632910824,-0.003168252480934657,-0.01824176425862176,0.008540092398405589,0.01555005733382985,0.008932543427431276,0.005457158583320079,0.017624872662363362,-0.024245000932415113,0.0014642299865963318,-0.027383820399709043,0.009539685847915548,-0.02265048407721472,-0.06824761123103053,-0.007273041284023081,-0.053077996713326185,-0.06494705074278105,0.17863456677887782,0.038174723617019846,0.00995530380962877,0.08478327256991712,-0.016317752960735687,0.0971148421283935,-0.040243691086903975,0.07808135776097927,-0.03301269535902469,0.0453409819663251,-0.022567159381700088,-0.11903444816520545,-0.022262590586528904,0.018801240642265352,-0.02335501139309489,-0.022241302738270494,-0.19533284778993495,0.01627132348185415
PRO_004091,SUP_0266,0.012678885201734371,0.27564066831710016,-0.09773984037196502,0.001623699558084861,-0.002984315134036783,-0.021424139680636528,0.0003088141322932846,0.011345451524796508,0.006354516806698126,-0.01460894008156527,-0.06309589906815986,-0.014130656150675217,0.011886813983608488,0.03773062433066547,0.049971006934179565,-0.07806227160780765,0.017194695211897416,0.03398203847944003,-0.033411335910927584,0.01888003218570119,-0.09860115752341969,-0.07614632533582698,0.019951054495955835,-0.016872278404009792,-0.05611648316779817,-0.01119817763511162,-0.055366977209401785,0.01855699202026707,0.07978525352204367,0.04879728278574133,0.0036925241565523527,0.08747356629279077,0.003451301777281639,0.00874564314574039,0.0718528868856488,0.052047318526868024,-0.0490632453212722,0.02204469774217791,-0.008569467672517121,0.05375432671938215,-0.0005911185773911758,-0.05235806577273475,-0.05927995808556923,-0.03231704334520424,-0.022872753972866786,0.005804737240849347,0.06712603338487207,-0.005221622061293309,0.010228562465526848,4.170734923007963e-05
PRO_004092,SUP_0266,0.014874133941379057,0.3203546796758835,-0.1391023499134532,0.016016186047947384,-0.006204006451535724,0.10547281101826553,0.027341402664323007,0.16381319030559624,0.052054934010122955,0.08242584437241733,0.4290436942645129,0.04208430581101731,-0.20403794599391126,-0.07349341893638989,-0.03889066080148599,0.07694076389081575,0.007205667273563335,-0.010697558853745773,-0.046719629807569475,-0.07326797284713142,-0.0479572452078046,-0.08553413197179222,-0.035341146669079275,0.10715401446207568,0.02490596392159514,0.05000902950837848,-0.03215456092988972,-0.04411296022043172,0.005313930929874242,0.0008139454569054844,-0.039301369163693,0.04738308139588176,0.029725381342060205,0.03438716400553417,-0.11324352812083069,0.018793488482371813,-0.02267615932614073,-0.04647879419955612,-0.02821399228721513,-0.1049638980022358,0.03574147410224458,-0.08729919323780823,-0.18874772482285285,0.011716423939514472,-0.032543491797773265,-0.010283806406126429,-0.04371354859078374,-0.009587609652495378,-0.028415547704950604,-0.12314976061941275
PRO_004093,SUP_0266,0.014687156677723433,0.31668533095185436,-0.10945844641591759,-0.008671738215241066,0.0008039952115853512,-0.0751496705995414,0.006913307318991024,-0.005536924403861217,-0.0002986578317608459,-0.005090467699443907,-0.010939481349435308,-0.017050750238818364,0.04943597815445871,0.03857434038998491,0.030471314893471033,-0.04134976102738652,0.02070424606532075,0.014285764751554441,-0.00437291307808141,0.023527397665440132,-0.056700914548564886,-0.04048318026171631,0.03168339061136222,-0.04995269779693106,-0.09818206363136274,-0.020566342820865495,-0.01664944427525063,-0.08088785605810746,0.04579890138366441,0.17229897857286583,-0.017654395939558396,0.18795098937593052,0.02698631097287482,-0.07286770554348881,0.07287922480245451,0.004782775707026758,-0.013080762891956652,-0.00021619484770527887,-0.019255637956057142,0.011153655723996514,-0.033740854484378746,-0.01179838454487377,0.024832325829121846,-0.008207308179388976,-0.05594923792565426,-0.008343763407321073,-0.028867395307928347,-0.005530833137878374,0.007325772055239373,0.007553460012379974
PRO_004094,SUP_0266,0.022700724454885513,0.3228815569237696,-0.12091874193767563,-0.00852103070604643,-0.0017518635846216386,-0.03700865018480428,0.0030153869321852536,0.035140721912082194,0.01833056093381994,0.018450506246960163,0.07138695132288354,-0.003276765256593532,0.04907704224663956,0.030941625066097826,0.011047720846749338,0.00048261761516766514,0.01446540722645276,-0.00562658832041772,0.030255885963030502,0.01771400797983228,-0.0017216877823164225,-0.0008146004381615901,0.01042705341187367,-0.01546840774219335,-0.0051799131962345195,0.01392340989477282,-0.014166769328601973,-0.021127194600200846,-0.04491698591402997,-0.024593081515061285,0.025965958826636625,-0.012434400583615213,0.009520127802778404,-0.03821284139607294,0.034285659727041534,-0.07767842593547876,0.17704255774563638,0.026702736837250572,-0.12410356555426186,-0.054281850389008894,-0.06625866055105323,-0.08740023247015598,0.11094105090794439,0.09788508891546184,0.030512596526422534,0.1399090046520932,-0.14401675426556346,-0.059198796493111945,-0.03647746134493755,-0.1545965974413811
PRO_004095,SUP_0266,0.01081894568311087,0.24259687591416904,-0.09449234200887101,-0.00689471439239396,-0.0006766437880048035,-0.07283928170248745,-0.0002144025833486696,-0.006732542897440318,-0.013585304589356735,-0.01622620400884333,-0.19194748124219613,0.021059288863587378,-0.19698997069468793,-0.07907743292729046,0.018700300691869755,-0.05271351253532164,0.003607191965261074,0.05228822165235938,-0.16403128221344213,-0.1304447292717437,0.007653613748281355,0.011267669962558922,-0.013704945297630574,0.063779657596283,0.02084080257550036,0.011421855266985843,-0.003460148851598895,0.028430293572507374,0.0468782972350043,0.0005368688555595613,0.018008409202164576,0.028409532892889725,-0.060476065117620104,-0.005112362208026261,0.021692314582300122,0.025354598716909323,0.004549670349649902,-0.06257529137981138,0.02695467870573318,-0.05564601171609526,0.016533722796520732,-0.0030594013137489424,0.06462146477880872,0.005138739912660756,-0.019541481724369415,0.04353159761570959,0.08172449149415627,-0.07404623567570878,-0.015928600138803387,-0.0026839151117503952
PRO_004096,SUP_0266,0.012183045043217447,0.1962360424593738,-0.05414938816765676,-0.015837585259679807,-0.0005353291167852646,-0.07537838939232207,-0.010388259408224167,-0.0052867553692565695,-0.01475798685758433,-0.015355817649067242,-0.1965754850627485,0.022784506233023565,-0.21290825373084754,-0.08332492660286786,0.01911619727709138,-0.04674938678342337,-0.004363288679024311,0.04541525663452949,-0.15572391927005938,-0.12337463620756178,0.019077102747563364,0.023568600841729848,-0.014213612181489206,0.06670195267865227,0.030835650492184338,0.017709583824901187,-0.008123649459797396,0.037979429272235306,0.03442937055449267,-0.005834899528704433,0.03520934436945925,-0.0040601829946564525,-0.09402864479511375,-0.004235286164681468,0.022458647922036397,0.03632565362579412,0.003588418040607056,-0.07696959823168696,0.04684805784005481,-0.050573387754393184,0.023506921420939565,-0.022980183077984207,0.07191256098286236,-0.013896259136044904,-0.03769212283325185,0.04705337456790578,0.07932334965317628,-0.0857697773631697,-0.03372648899855257,-0.030914804187663163
PRO_004097,SUP_0266,0.024835704837601,0.3282843951458759,-0.1223022063728717,0.0033862415529127866,-0.004955741300640412,0.049378348995390606,0.0014086645459996624,0.09265761957403691,0.029613085610923084,0.042818634054297346,0.18428790674398046,0.02660693436750777,-0.16011899621861952,-0.05107493539506939,-0.026498064782948496,0.07774962220505516,0.009497965582678061,-0.0365242693873859,0.026791601367579927,0.03145754789829511,-0.11915762899366862,-0.06805768464237713,0.052052754541355814,-0.013427419294606576,0.15561101317870396,0.05747997830132437,0.0854631436397205,0.04667455418278945,-0.00314174172528076,-0.04921179510883981,-0.022966605271706488,0.044087792448638426,0.053144117421834634,0.024551604796230638,0.07391148373082547,0.06801314262640512,-0.0165545683461688,-0.03849076866677049,-0.003979061828383147,-0.006923586561065686,-0.00994368405489803,-0.023180570093473952,-0.0024985477659514657,-0.08131174862095904,-0.10167134016771863,0.03796577575892261,-0.058931184896663345,0.0274148554478261,-0.06697383662996158,-0.07389024069614436
PRO_004098,SUP_0266,0.019932660895304384,0.3382111501686339,-0.12181216344840999,0.002552695617522167,-0.004348413915060934,-0.027599933965552662,-0.003745734899435872,0.031712814489933475,0.014918367225466534,0.0006829696318489944,-0.02335964611667042,-0.01103031773349696,0.07346796931623062,0.047542078077225006,0.02061831138575957,-0.015359790677957522,0.009153732119798634,-0.06114412590012231,0.02511803185028949,0.07000393202253008,-0.1486485064435772,-0.02266848602786005,0.17139799163966968,-0.19469161287012016,0.2801417248496025,0.07851955965894405,0.17509085611051745,0.25323503669475356,-0.07668285206666406,-0.035664557336400504,-0.030349265017020906,0.07496996532600356,-0.05198419955958421,0.011116907919878526,0.010400534328899034,-0.06937945274091675,-0.06096986275750932,0.024463829210968582,0.11538238601903625,0.006326226082831298,-0.01740970979969866,0.023846959993250268,0.05644638705754663,0.05925429145857885,-0.0012960675932148053,0.011122601303071671,-0.017029465582608837,-0.029078060472327846,-0.019667581936495378,-0.06741582239537257
PRO_004099,SUP_0266,0.016448641453228014,0.3039195885284751,-0.09087376646810463,-0.010153406468257914,-0.0008553377537076041,-0.02457082113592839,-0.008929623066707021,-0.0007438113462700706,0.004053536663471357,-0.0026492166766700735,-0.05289674321751969,-0.0033661117130767606,0.02556002657679778,0.008248170614885437,-0.005684720163197059,0.003390118945127522,-0.005492564522638473,-0.009886571892555374,0.04549450098212815,0.04445802655934314,0.07989033634521985,0.05221671659247107,0.03197858929621109,-0.04484170585814818,0.013095608224966252,-0.01269461075291656,0.02658079650440388,0.11480033060856798,-0.0011140106757384185,-0.00646805572816295,0.023115535559828856,0.1447901973647359,-0.08914161086449995,-0.00255074239387398,0.07656102713183234,0.10228048341268003,0.025037448246604074,-0.08522817495123843,0.022994146924174334,-0.07834603171997748,0.023532281728353373,0.017253851019920628,0.08977297386414385,-0.04156123718472741,-0.00830593621468753,-0.04569941002055011,0.05017836660177346,0.061708093692166344,-0.034007808922548205,-0.049193432020611015
PRO_004100,SUP_0266,0.011117282792003828,0.10738801607728768,-0.017365965827145242,0.004028864419211953,5.9987795902534654e-05,0.029865787713477362,-0.003732003065102574,-0.009510702703021647,-0.010040564607269537,-0.00696017341239246,-0.03202948395199704,0.0013650435300502542,0.031636934367142246,-0.014342917965318258,-0.016487279956257837,0.0014514402502498315,-0.01702452472915964,0.019357719600340623,0.024976220406011645,0.020423844426760564,0.13615777277865276,0.05959395741253906,-0.0031347606216319077,0.00740585466095267,0.011300689868282929,-0.011366273985543228,0.02342245958495483,0.14475057256051113,0.013154842100291036,-0.006920066902925697,0.014599512835837953,0.18378244753573197,-0.07990500319188883,0.016761530639698277,0.08684713607273907,0.0987448877936639,0.01353724492768584,-0.09732498610968651,0.01699645905018434,-0.10097192515299822,0.023174574174491112,0.03140848386058056,0.08947731517510833,-0.030564912529048076,0.00786692982339391,-0.036651070547048754,0.06624424543558825,0.05493614841233403,-0.03097105156844124,-0.06858595934745174
PRO_004101,SUP_0266,0.022009737835480467,0.33875476135008686,-0.1080269792560418,-0.013743927885710118,-0.00027958321791547264,-0.05834069617232541,0.008147367344666293,0.011821816794421857,0.0003468692296273775,-0.009139084006072312,-0.10342357700241914,0.013764464851263845,-0.07448791844622094,-0.025144779591579593,-0.011286592677000122,0.0284236255612012,0.00478591595837919,-0.012540460133242918,0.021297064210136826,0.032949798409716645,-0.006137201385568876,0.014320845457650989,-0.0010901477810660333,-0.009335454412637039,0.009316810735262887,-0.011375424179554694,0.01954482882793115,-0.03087950175844252,-0.017989046455020724,-0.05005466001627963,-0.07039195027620562,-0.028861795846280205,0.1637308475084746,-0.033948528698368736,0.01866019087185097,0.00189899465430868,0.06983238731592593,0.0469171107462841,-0.006953471943183761,-0.004013596772336705,0.009926473580299588,0.03287152104713371,-0.05440753063442359,-0.014132482584147248,-0.013583446138302245,0.010191633092745013,-0.09950082349666442,0.0617635301257293,0.012770183705226774,-0.00028832570222108627
PRO_004102,SUP_0266,0.011865984668199634,0.24503922142607534,-0.06838122550404392,-0.008904357300390853,0.0006170979487802229,-0.007241013627478327,0.03176249918929221,-0.051935126698359306,0.09720291892876813,-0.0021901960524942617,-0.02461789470923772,-0.002994585592711892,0.06298288958436171,0.04369463577923873,0.07735515361866661,-0.15918874674960207,-0.004958628485483628,0.10344320526308617,0.03543010167322727,0.06979325829099232,-0.2120373495370356,-0.2333046541047673,-0.05282549298738297,0.08876493780663033,-0.1714906747135176,-0.12150577092902981,-0.10351903373046165,0.2365111844791151,0.2906832364010944,-0.19898668616268678,0.0477563397283637,-0.030870974504107786,-0.023302403889598925,-0.13856730929789984,-0.022368750461283022,-0.01638950952090093,0.04625585612016503,0.04810243562609261,-0.11455529460531474,0.06838993157657003,-0.03971187722198973,0.022726785935569167,-0.0030047034055064323,-0.05142904236344088,-0.02078791589194148,0.05699122777632246,0.06101028154636471,0.0472786848433305,0.014190000186817472,0.0002710802660587325
PRO_004103,SUP_0266,0.017538939744637244,0.22424779920518903,-0.07556813372628797,-0.002695850893781165,0.000875593572159468,-0.01115110110189177,0.01994375055441183,-0.006584666235594131,-0.0018110346684246173,-0.020937242315113753,-0.03622389368235816,-0.00818743895869133,0.15202165579051272,0.058684983375169635,0.05572656098626358,-0.1342771763679335,0.00448062356987034,0.04772082447347879,0.04477291957002426,0.008458680227873702,-0.13090912938751595,-0.1850181255823418,-0.1350247426087242,0.1954287656186244,0.01501874127475403,-0.021735471748471884,0.004891969421535281,0.04441913807781819,-0.29913982608186823,0.029206866574928474,0.03868101193966628,-0.07913714142720589,0.05768450314599451,-0.24171980804744297,0.007169303456535541,0.22527632537631662,-0.06416900403013999,-0.02696490670165644,0.11843035972663027,0.15184304646548677,-0.018530416387530176,0.12297376882337321,0.08593134187932269,-0.06932871655836223,0.07277600961659861,-0.035326609597062054,-0.0797983234559909,-0.05730373318834286,-0.005220029478404125,0.012145375378647152
PRO_004104,SUP_0266,0.019011676543888183,0.41819136544087077,-0.17852071259670116,0.014938160934844293,-0.006273748634160563,0.08556987034795853,0.041892554166536304,0.1867316665467588,0.06542870117434603,0.09891192120850517,0.5240014019504465,0.05146853620559765,-0.22835547703325115,-0.08382618836223782,-0.05388134705697718,0.09982494280808316,0.014068902699269303,-0.019867574403598695,-0.01970686454990972,-0.0527786733547136,-0.049066568216134476,-0.08931202697970805,-0.033681615560676656,0.07970587255600312,0.004543340110515052,0.04278314205248435,-0.015472484646934462,-0.03725096903134954,-0.01730177254216575,-0.001978379637258041,-0.012074662455255394,0.0010268357505750837,-0.005070509712596996,-0.02829539159702925,-0.05911093351001788,-0.01522847527530314,0.00047873269426157027,-0.0388303799640502,0.01637949056727217,-0.06499026782370072,0.02390488126337023,-0.07337487344299368,-0.04051071180907564,0.04912471154009031,0.006471703242873149,-0.0006020587838251638,0.043011689168456775,0.023445933986806278,0.02957399555249784,-0.04060070088401706
PRO_004105,SUP_0266,0.01595575278322712,0.32629000905934297,-0.11853057964740038,0.01597535228981981,-0.0037171972125985453,-0.008929536995107543,0.024594392422250158,0.060204380725697434,0.025773711225803467,0.039517451293404324,0.18035383758817278,0.005029429118696328,0.02802980761486135,0.01391657496620336,-0.007179023192333895,-0.0007813083474750794,-0.005348556610530303,-0.0005868894190134282,0.027719140024912832,0.01019494575642644,0.1312712729046205,0.09855481338127667,0.01904072775396155,-0.07658642868318813,-0.130532890570787,-0.06040486529877952,-0.07764626957113449,0.009014653286725682,-0.021696705503907444,0.0010153923712839913,0.036032829687603976,-0.09697915420501879,-0.08861485768983207,-0.13790504780215151,-0.03246305054915413,-0.1314121755001223,-0.09358142538929087,-0.03799940189548661,0.06049652954614359,-0.010333387667276334,-0.035219655471227254,0.17632548484699379,-0.04640233200408501,0.06163611635877263,0.11015494479777294,0.018443360734139172,-0.02337174498256406,-0.045821207601561886,0.051225557498352094,-0.002178868945073001
PRO_004106,SUP_0266,0.025130758842442487,0.3584409015018814,-0.12617695604920046,0.0020801468920276273,0.01502361495432735,-0.025309467398227332,0.013588827447963813,0.03937144017502831,0.01349931449635508,0.01657378381716456,0.09931083920260238,-0.006388215121151281,0.035705825126735015,0.025609866541174593,0.0049769623926076085,-0.01195168826572862,0.0067118158683820515,0.005843277470434872,0.006209719038897938,0.001633719461448728,0.07805264592699127,0.07142965818242242,0.0229991240809203,-0.06341444879864283,-0.09353169584405219,-0.04994758736391605,-0.07061920532611575,0.027176988872659593,-0.0345943376072827,0.011373883884922633,0.03215255038563483,-0.004784683874444859,-0.06154966267089351,-0.05928371486928874,-0.05762139262807717,-0.03219145906474975,-0.0464496616964593,0.0032509333599623135,0.007846386787856569,0.04375006496233445,-0.012528335965934433,0.07770664410512489,-0.10759206417712586,-0.04796905741964186,0.04135173335166939,-0.039604381695121975,-0.026440440918442963,-0.06440787573813728,0.0006211605897230832,-0.0248967590655203
PRO_004107,SUP_0266,0.023311797322321658,0.3170725322997743,-0.1172480695739997,0.0057051213354946005,0.008485230821219922,-0.013315076211278386,0.0189325453730233,0.04373207696362576,0.008748473433894604,0.01908060657554909,0.10714249555827438,0.0031479683874309898,0.016100205125173603,0.006931306677642073,-0.001783967348145768,-0.019820464352394714,0.0037563255231239595,0.01393727833577072,0.0032163693192966063,-0.0193533781727759,0.11879973116612931,0.07811160192328497,0.00972837639160393,-0.056420158548164547,-0.1077458822685534,-0.05599864839056297,-0.08895638507273972,0.03376739245368387,-0.014649805710935075,0.0038337263783468504,0.02778402013324778,-0.03422192018297699,-0.061917078310369494,-0.06137760189685954,-0.06961628109287415,-0.06659889219699439,-0.07425194124755385,-0.007496930088416352,0.01879392047123513,0.002756950409353062,-0.016214447123795474,0.1171958206071843,-0.12220491323351823,-0.014155288052052866,0.08295838172538722,-0.03690141075502456,-0.05122713688742091,-0.05016301967906796,-0.0016174289880028624,-0.02662305373997149
PRO_004108,SUP_0266,0.009826516083974807,0.2170732529951346,-0.07286818011375239,-0.013487559889347786,0.006209826119665574,-0.09780399978381746,0.047323018672373623,0.00831864370986892,-0.013719149378430877,-0.02851509502573372,-0.1858466205646457,0.03415972575500002,-0.19902629139269076,-0.08652106230329638,0.0051244776326119686,-0.03293979263946235,-0.00143264146586451,0.047422260897123224,-0.15452330633762604,-0.13799311146184243,-0.010945191242042459,0.015162851976547603,0.008890311706082534,0.04100479343795928,-0.0156996329444254,-0.03498651358107978,-0.0026290252950256607,-0.054211856653521316,0.01641010538095925,-0.002810899688540397,0.054513958292921126,0.020091781523936165,-0.14903038985918743,-0.0039117732268698895,-0.10447088921169025,-0.058367686094949404,-0.10046939855915192,-0.09072462309108209,-0.07357457737465652,0.03155926372501824,-0.03985707193926823,0.021066876470335037,-0.023727175704722048,-0.005953578532483777,0.08141165967084987,-0.0033972261020546015,0.08025465904124926,-0.09345389394726406,-0.07121415023498025,0.006431362988456288
PRO_004109,SUP_0266,0.007269479693189298,0.14535555821856916,-0.03837251234654573,-0.0057473923942028176,0.015234748522011265,-0.07296038212912219,0.06486212131519936,0.007012012346938546,-0.01865423020176213,-0.03259642374018004,-0.14180462214296946,0.03560996799168973,-0.1560675379327681,-0.07555542515328607,-0.004243723128848617,-0.022363724561078074,-0.0030757227580571556,0.04476710946296952,-0.11916892608000251,-0.11999950547498754,-0.006816998814627835,0.009024030942476474,0.015305701414509095,0.02418315139656596,-0.01821644828748193,-0.040700154750349354,-0.0035172673197031426,-0.06296686063777587,0.004565283860250563,-0.011112294848530093,0.05507122128245596,0.030144792192113568,-0.1457712410134163,-0.00037615779145538914,-0.11506882730028065,-0.07007613019449552,-0.11235282332063237,-0.10117709549072695,-0.08942569044560411,0.04835916854479571,-0.05492445966666818,0.026998287016618425,-0.037303228642521474,-0.011346592561426243,0.09519626662713913,-0.0020870820961205296,0.0890799171173184,-0.09868753409139844,-0.07327563744532267,0.015219004825362903
PRO_004110,SUP_0266,0.011863702197861275,0.22704599715550014,-0.08499790017331058,0.005983906362911107,0.008258715542840142,0.008145552488416308,0.022937343023950094,0.01582702496226309,0.0013904336681791357,0.002921695040221654,0.008957315122705669,-0.007489695598520188,0.15978491137053527,0.018536738132008394,0.07488379706890648,-0.0806146264534266,0.033768760198341276,-0.0187359626915865,0.03217490707954523,-0.017554693616273685,0.12160859229966248,0.08077642133193377,0.01299488584246094,0.04397445594750345,0.31002545161127015,0.1406624325334412,0.07294638349506782,-0.27285108649073714,0.3763856327522777,-0.10921373161349177,0.08520755572325144,-0.008951027090496297,-0.06977496157678806,-0.14289283714826764,-0.10484684273585668,0.12701682006054016,-0.008561854555484557,0.031658617498299714,0.020613038611317105,0.021637696140920856,0.017175982078139737,0.03678075593935937,-0.02222843255449627,-0.027383631233142493,0.010289710652898118,-0.012358896916382284,-0.0398363111484772,0.006030550047010584,-0.009224931774159374,-0.011976395789565886
PRO_004111,SUP_0266,0.015173636444319839,0.33184559854596607,-0.1294812004222766,-0.01360956803618908,0.002085583587386042,-0.10386885723013041,0.012488116852294048,-0.020264175002756412,-0.026675158053889494,-0.021309260776775585,-0.21204004479341487,0.027419233461919896,-0.21870054159430735,-0.10286574380578717,0.005884623740845983,-0.05823066231673241,0.001921605743198425,0.05112994609854346,-0.176904848129704,-0.16951723535016272,0.011385841834725411,0.006521169678556793,-0.018196032350183258,0.053560374145907634,0.01061266865747519,-0.008098813490445842,0.005002321726915039,-0.01261860135735587,0.01564318727158887,-0.009512796479702084,0.025838005712129953,0.01266474092901207,-0.06345401971824266,-0.012162104971561446,-0.016001064616606765,-0.05493392131697643,-0.05428846574602437,0.010129733869661085,-0.04132284702042295,-0.06186089619645574,-0.051934175854653056,0.03561530059968243,0.03229418562785501,0.11561242635723053,-0.029604212469839332,0.03595063695081343,-0.03655969838102833,-0.05252984134179803,-0.006522414283873393,0.03882041310726026
PRO_004112,SUP_0266,0.018357087269701824,0.3723456574191628,-0.13907824062720486,0.0027031753469037014,-0.0019852492895827455,-0.01561487835225673,0.02655561222670143,0.034950995901571476,0.012766144709482877,0.000338971916592616,0.0006620444152941227,-0.016242672173299916,0.1600277149036187,0.06623688773684411,0.05625070949341314,-0.10984721625099483,0.015431725750044737,0.003590871487910553,0.032365576864401516,-0.005986738811926073,0.0069112852184697055,-0.04312489630272453,-0.061884085827082595,0.08274849154180998,0.027683110012042756,0.040220391158305245,-0.014133570977751737,-0.12845559602132942,-0.09894524416962129,0.043585447004951185,-0.04354002147792491,-0.06907093502793014,-0.08013382238281176,0.14870679481119023,-0.0560520699464061,-0.07572816281685629,0.025523465325086276,-0.018492214442663777,0.04780216713741692,-0.03669046639779558,0.04587638648741991,-0.02185542519357463,-0.05467852688116122,0.03641967155086401,-0.08832424646979328,0.004428647425768548,0.12045542472016456,0.051034683873659684,0.03997138778458112,0.016936209860362678
PRO_004113,SUP_0266,0.02501345331866506,0.359302907883145,-0.11179909598617724,0.0033682503109895763,-0.004859698268495774,-0.024121405768807166,-0.009223807851467954,0.028152268226772467,0.01195218971292513,0.0015825593139589206,0.008405682083465961,-0.018830755026522993,0.1232886661389054,0.06547317581979488,0.008310743027937582,0.007923295999301553,-0.009265611587974407,-0.038093781559598104,-0.021336965563183343,0.02221305931217485,-0.04541283125508393,0.04128912101082164,0.09643147625602005,-0.12176472502235151,0.047294429173384465,0.026198094547837662,0.011857251614984481,0.07192566160062769,-0.001169059220695973,-0.012633580979328504,0.020658991578845452,-0.03733429475339058,-0.02557024285357963,0.042509175875294104,-0.045582854142573855,-0.04166455450961883,0.012798202207411154,-0.050357854126545254,-0.06368594597798893,-0.01830201619997127,0.025690928825176033,-0.030435587422666527,-0.054915832890658905,0.03984383712274263,0.06729664147241873,-0.10413807111545627,0.10433619627873596,-0.03381311338667841,0.11392113096151163,0.018967912949593886
PRO_004114,SUP_0266,0.02054567545546019,0.27512528009182,-0.06310620920567174,0.007038170244232041,0.0009623845093233743,-0.001310848550095196,0.017362061870279152,-0.006303205915904226,-0.012297723922543618,-0.016300690452020785,0.004031261710121552,-0.010088301482859508,0.12280317253652812,0.022996038124701957,-0.0021687509519829518,-0.011107203966101124,0.009055319799787515,0.03293242234232871,-0.010144212170132227,-0.0024437858549979144,-0.04359224486372454,-0.022542067930254872,-0.013569878963329743,0.008317500807322582,0.018571819768284984,0.024018681340937327,-0.008206382012721043,-0.08974189234377827,0.01695131783426579,0.00951888514560501,-0.022029028917983515,-0.07908955760103288,-0.012525458609951443,0.040892279050843076,-0.06062406031663181,0.0013491110850664004,0.043297502847255864,-0.03893770092855328,0.022362769814889605,-0.035086039036586546,0.0278715621244207,-0.015985090258628282,-0.03472267786455326,0.05006056644345548,-0.024580831649465763,-0.024427289933797034,0.061810560546512974,0.042741434798894855,0.027307057806177086,-0.11542938305936498
PRO_004115,SUP_0266,0.026121485822345872,0.37560102943551427,-0.1154813860067729,-0.0014541103815401087,-0.0029019065083268555,0.018371503314786573,-0.0016418966378849219,0.03577529760751022,0.033772253246382375,0.021043979007887563,0.08280737281256964,-0.0032010173289577356,0.0607015849065775,0.026262892151129254,0.005987220423965493,-0.009723092120493894,-0.013404917718362911,0.017887767330986303,-0.009679852824402703,0.02819220193470399,0.15699895850633264,0.15937105249167516,0.048732793091470064,-0.09384222338893512,-0.13818451338050156,-0.07052506420343743,-0.05240685028393243,0.07659018232656659,-0.03774897304532681,0.040439107073447195,0.06329031690860236,-0.04589383317828901,-0.16368546104564247,-0.11641736174715825,0.0003244503231700178,-0.0825143878754535,-0.018079605420728888,0.07401787501015601,0.1272787259562843,0.1440178537022124,-0.03212636290618927,0.04961301239976267,-0.0931161586709871,-0.04651568058682765,-0.04327823947575983,-0.034399473488144754,-0.002055339208444946,-0.0712543293943586,0.05353572991269943,0.030070210091573336
PRO_004116,SUP_0266,0.012378234594237203,0.26838223801484606,-0.061546676830581244,-0.016488710814677943,-0.0009723501813973725,-0.07066630964491387,-0.01183803707454666,-0.0077084861776233506,-0.021372249847405874,-0.01808509573945486,-0.22870679230881266,0.025617146390734043,-0.2382741458646941,-0.08995206239828951,0.030376710329893468,-0.07161381327690299,-0.004103486509856382,0.041492487490567116,-0.1699068315854129,-0.12796852149553223,0.0197473355785196,0.029673122249164106,0.007912726071856158,0.030156470512466,0.059974904672154807,0.02874112136830902,0.040012230088936916,0.0846457002312273,0.014679995737033687,0.012276969314911831,0.03925996495895714,-0.005900145212951156,-0.09248606763613636,0.014182426821294006,0.0015858996246773047,0.01914314437329162,-0.01969115840463802,-0.027895586113357507,0.0309618353637964,-0.002167861937787935,0.0193446556468238,-0.011362794097805362,-0.0006299467354994135,-0.04082887059342634,-0.033709390876934434,-0.010902440056004398,0.029625017577424896,-0.055608727730284385,0.00063021109639,-0.05476453299627415
PRO_004117,SUP_0266,0.014477282262443917,0.276642430531143,-0.06656203969595186,-0.013012973298586335,0.0007227767097959483,-0.06722177363688964,-0.004710718023853898,-0.016467446804284826,-0.031169393365110033,-0.025953306779774876,-0.2614793521093592,0.03592636300631672,-0.2642725717296127,-0.12794485560876465,0.02427946766349109,-0.08628181513513668,-0.012799850240822449,0.05610039315647426,-0.2218696351200585,-0.2037901248704876,0.04954907831070706,0.04003795469141365,-0.06039624311257248,0.10121438699481924,0.02846776308862444,0.04795730089003585,-0.0015895532416058437,0.044792929887430534,0.029980020317266477,-0.027394002238318275,0.03547483546781713,-0.010418560164936221,-0.09184946494136778,-0.015777497830234424,0.02107008149155369,-0.004380068718913846,-0.0197456995709815,-0.03628416832635749,-0.012417001767350791,-0.055446013598544674,0.025216898352055293,0.0029440877217972524,0.024462765323094094,0.023225189733518236,0.014877977414571081,0.018511119307906165,-0.017861310503483364,-0.038443749686775226,-0.026700287218148912,-0.02304048330528036
PRO_004118,SUP_0266,0.012540316678677053,0.2635496862045169,-0.10246289606396156,0.002058140602480751,-0.0023251558767442507,0.002792078381736814,0.008043964842681186,0.04196855601924206,0.026856203017480866,0.025454683115930132,0.1012910302276187,0.002225246124750345,0.011238010239103268,0.013456699941956845,0.005736177612557495,-0.010705776365597778,0.0006662867987553514,0.0033360166393541224,-0.01760183835300244,-0.02039050669293038,0.03462316567112979,0.028727366971822793,0.013436694164788062,-0.025088467598239402,-0.048450744302448265,-0.0140054240474199,-0.06039509839748696,0.030912987494101467,-0.010487619529033718,0.023062776458724208,0.0003330600605001208,0.05555074449165345,-0.01167941176528003,0.04311867764676392,-0.15459279738258294,0.04435232568182272,-0.05433274011702841,-0.012906205447718611,-0.07442293464105683,-0.017166762984161584,-0.009686390570531212,0.07386158433968364,-0.13879023387280118,0.022109216480076518,0.019720517579063207,-0.021405663755932024,-0.04964707540452754,-0.12410790948559677,-0.020775143588963516,-0.03232547099972873
PRO_004119,SUP_0266,0.017001659527788034,0.31719751178332517,-0.023860992482562484,-0.026759695518836914,0.0007828414510135062,-0.05784732728238369,-0.07522055502176786,-0.10042344953714809,-0.030068538257186042,-0.0330504861654602,-0.19209791549932845,0.012632840615509068,-0.1301994239862065,-0.0790859205981086,-0.1482094943950403,0.23926777239733327,-0.037541515029560914,-0.06052325928364185,0.25287443376843494,0.17489350364224843,0.10320864192779355,-0.04456799546137958,-0.12848898642830234,0.15290599209303346,0.03401227370704627,0.020069603311534845,-0.00025516541957913865,0.025107160182471572,0.02052041700110899,-0.02926664946759221,-0.06325504896350537,0.027170917076102596,0.12239537592908772,0.09037305934206055,-0.032657663763188835,0.015622142690037755,-0.01793341345584019,0.15579997611612179,0.016713356674342338,0.1642307862008626,-0.013983072352537028,0.01768280659941097,-0.1590887611791907,-0.033632901471657935,-0.015222687193914246,-0.04709250107970086,0.017499674056214685,-0.12131217077524087,0.03292917271798636,-0.054741705454474696
PRO_004120,SUP_0266,0.01702772209696579,0.3213295400075632,-0.038929392987068656,-0.01515712337892055,-0.0022270483395314803,-0.03494878604214074,-0.050400564358102515,-0.04158724902346305,-0.0160592688934723,-0.020652092335526815,-0.11239059321632618,-0.004334975106917369,0.0010911088059344662,-0.019700224515287412,-0.06705305408685439,0.12300605770409696,-0.015683767063278613,-0.036362924110164264,-0.06524807252579341,-0.04404111373130958,-0.026290244728645287,0.02290236014265508,-0.01723574730008375,0.06858929810658419,0.001005610201525731,-0.006826048931199717,0.004013088479745226,-0.004721401998562645,0.010632390572637197,0.012046826847563882,-0.04343402565780847,-0.013823035416850503,0.15249008414735227,0.059135297413805035,0.03659452787926248,0.010640548933186873,-0.03121524434955479,0.12637121155362985,-0.013329683007846933,0.08210381996938045,-0.050070311921380305,-0.04789433127685497,-0.0896876045197223,-0.03496758778053247,0.06395159230634832,-0.010217065575873662,0.005574296432173152,-0.019439759436504413,-0.008981795967416944,-0.008685429720067687
PRO_004121,SUP_0266,0.015907314788673917,0.29938984411897757,-0.0803924005229662,-0.01585539185331484,-0.00032898877590312387,-0.05387519688512511,-0.047108832615585836,-0.054696190805313634,-0.03012867037987023,-0.017991359326627758,-0.19194524602199906,0.018700133209609972,-0.13272367294999182,-0.07526176543596202,-0.10067312316950577,0.1566618070836806,-0.022738391091491252,-0.04188155821098757,0.1942128146452204,0.1311138109871373,0.11359033444222759,-0.013044161706362668,-0.1059817060664961,0.13446562866574818,0.027523271299939523,0.0053436639715038516,0.003253625286314097,0.025933481016404344,0.011834909429797591,-0.027645701989757757,-0.08028979389281678,0.0023399449135155293,0.18369587301395976,0.07713161251527133,0.0029024871335042238,0.02865519077580251,0.006015212362013729,0.14406477567474218,0.016561557426104195,0.14614340525760955,-0.002043598361106451,0.04080119492338144,-0.19260593436961113,-0.04758535555009801,0.003865244277567804,-0.02725253006610439,-0.0016924757340461532,-0.06648959100582741,0.01762536821556369,-0.06472226011128045
PRO_004122,SUP_0266,0.012597433504632017,0.241633294193083,-0.07035619616373914,-0.013678024335761043,-0.0004132346831984527,-0.06281150828047993,-0.028030691348305242,-0.022976746748819485,-0.013710453598614718,-0.0037000118991057087,-0.09722447782471713,0.014097190900075126,-0.07148383936362192,-0.03426301955380239,-0.010985143367436698,0.03317538452703464,0.0017245349077265773,-0.005245421417879319,0.0414212279186048,0.023924337787389723,0.031197209916626507,0.004099089768028159,-0.03878066745706926,0.044351905079889564,0.010965622815582304,-0.007690098786072482,0.044751578263792,-0.01713636894558476,0.011954980049718487,-0.012194713764136283,-0.06519575324959434,0.00871641401863489,0.22315475861088613,0.04064555085066662,0.01810259379784018,-0.00795959405180641,0.003987977724497547,0.13892765081820327,0.01234444642325097,0.056395966751623,-0.06648159010965403,-0.0023237812595826475,-0.16711008774733355,-0.031262957387418536,0.0965568591616385,-0.13816536172747967,-0.026274125460650093,0.054629502090721156,0.06232989090761839,-0.08956792029035153
PRO_004123,SUP_0266,0.0210024005808341,0.28777289555361363,-0.10474979240661822,-0.009338435744354924,0.001513464191919192,-0.06920391439012102,0.015105651572568008,-0.018927022247057543,-0.02806940189232774,-0.024434963969995928,-0.13337957473176082,0.060562760764871444,-0.09413087657868728,-0.02573624282476141,0.01367959539600375,-0.0051477240220324,-0.010812444013367952,0.03476351233638905,-0.05031209069331466,-0.03329448149972539,-0.01581551536196417,0.017199271085465283,0.007700424677488421,-0.004958291534688696,0.007504055763584342,-0.03265500113964832,0.03530586890416109,-0.06921687363868663,-0.05296516720399899,-0.08761377794571341,-0.13799691811412249,0.03723317180457795,0.2572151159617235,-0.09359668937105697,-0.035924985612180244,-0.07287615190757211,0.12247375646760696,0.06919654342073343,0.060718903322087965,-0.07892910413097567,0.04021808650515231,0.0012858730733047042,-0.10703342817366361,0.07431113248640411,-0.0033517103263763807,-0.05090737277113822,-0.10685539129299268,0.16261776746375187,0.07936357821184527,0.06961671012605698
PRO_004124,SUP_0266,0.029570849468205238,0.30610595001904256,-0.09754790886807563,-0.012733986168028205,0.001051489490938329,-0.06137300685528016,-0.002126852719919155,-0.024143769772304834,-0.027949533581697186,-0.023770115652680175,-0.15112843321082628,0.03382463959584538,-0.08805273347960908,-0.04509904122293154,0.009255760063356487,0.007677106487805522,-0.008117351396396801,0.02808041725779488,-0.08593098117140886,-0.07457186073417317,-0.007390682874285163,0.014354460717051374,-0.0038580089496127764,0.019637347497509137,-0.0017333902763085154,-0.014537569494570997,0.04209282944995239,-0.07275236236087934,-0.03312235418370007,-0.07323659578356483,-0.10573192532530351,0.0441316621612146,0.2191683824836894,-0.07453931021010025,-0.03668764459336577,-0.09894488955558867,0.05561716427683268,0.03699996131848625,0.060876392611343845,-0.04532820671029425,-0.004628649218463754,-0.04932958851315586,-0.00612704440308791,0.06432616843488576,0.008729219472776554,-0.07892966114642212,-0.07235953359671793,0.12717877393518315,0.05792682132373137,0.07022398471923917
PRO_004125,SUP_0266,0.015041940824945069,0.2930517979782659,-0.10797319075546687,0.0026741864790114055,-0.00010431923066089905,0.003093446970188599,0.027669949634408626,0.015120033126028236,-0.004082465873392274,-0.01637865000915565,-0.018194394118921788,-0.023778197123811864,0.254414920972758,0.0916084341874744,0.08408328843620028,-0.16201495170227354,0.008299534478526022,0.030434147987663893,0.015997376420024287,-0.04697612305592311,-0.05791921018069332,-0.14813392516533447,-0.1522919204816598,0.22618828857707185,0.07118869646218384,0.03586649073631876,0.02472584114509524,-0.11943288935465335,-0.3040093668196419,0.08137811371503839,-0.01807450352746391,-0.056517742422044076,-0.028525307789765777,-0.0032084277333244357,-0.03248253584822888,0.09456822230937219,-0.06859839788833548,-0.0803748624779847,0.11049333483020508,0.006070757406138839,-0.005030578548036683,0.06032095529558423,-0.054500570709039915,0.04918732246582895,-0.043049568211809254,-0.0031928647863281004,0.06826873955618633,0.005653648842322896,0.03577406044182276,0.04813121120606925
PRO_004126,SUP_0266,0.015153408816968276,0.30002924683475374,-0.1053280642328624,0.0028341464094568435,0.0003453636418620887,0.002191564538800255,0.02917442471886312,0.009494244219746636,-0.008962403841069545,-0.022384622607179112,-0.019403688986500908,-0.03189979279187602,0.26434070399114046,0.10051021904799974,0.08160492691573915,-0.16328172535189606,0.008304082532542575,0.03190439809342195,0.009925527198304147,-0.052121653911458725,-0.0754158613874578,-0.1653059108458172,-0.15860459821678466,0.23579903159417678,0.074481930547912,0.04359710232185802,0.032678441834547524,-0.11703651458933523,-0.30800103034388254,0.1008309397914941,-0.012529089232994315,-0.055841330518862184,-0.022891373321959133,-0.01750215806469152,-0.033929510336556674,0.09827297999024565,-0.0710163372691424,-0.09616262380829846,0.10780244278924118,0.006367943025113023,-0.007719440882015974,0.06438998300886271,-0.044127005183623454,0.045740650944555164,-0.03846921562556944,-0.0077173396399606254,0.05418513003198995,0.001264573394070305,0.029829165725894884,0.0535674623425617
PRO_004127,SUP_0266,0.013073088766461407,0.24920479243373275,-0.047717043837636045,0.002732486563902753,-0.0024224617793117973,-0.10687064776669938,0.0348650796417079,0.010286074768074537,0.020126400697426015,-0.01637882598993294,-0.055931495374414615,-0.01011073314799173,-0.039533712175189605,0.014030055782144998,0.01041898994174693,0.0032642537020183713,-0.0021447012323590215,-0.015605917593866182,0.012808406723882164,0.04598760289843381,-0.06481604127700194,-0.029902318344530245,0.03597532884242107,-0.08735799149783494,-0.06899517321264384,-0.023269170186770303,0.000507093831025871,-0.14054854008506076,-0.029297096274253177,0.06950227506163299,0.07361968856899664,-0.03927459369356998,-0.004103076935368216,0.0813426076051546,-0.13354618883483732,-0.010780691890198328,-0.011908720792334777,0.042667317333003336,-0.022884788953535087,-0.022809211394082533,0.05079584568355602,-0.08990400901328519,0.04649777084174525,-0.08625519565343089,0.0798084594735162,-0.02528048254438602,-0.10906385414597938,-0.11476510779791896,-0.14309997049267348,0.04855058552369873
PRO_004128,SUP_0266,0.01515718238395341,0.33237255889578754,-0.12108434568772533,0.010196674254139346,-0.005570098005595184,-0.07371298431275587,0.00012904337833711014,-0.0030448884180719563,-0.01610567667917322,0.0038906206048684136,-0.18480194279374376,0.02525068592909337,-0.21103194391306143,-0.08693998800574435,0.013831827456412092,-0.05033343430889717,0.007975606352409884,0.024292780158586755,-0.14683481968843234,-0.11514088187788518,-0.007438285763722923,0.017452931588752194,-0.029018112930277996,0.07463139214046684,0.01745102407516429,-0.008695187528324587,0.0022093587796129456,-0.0059268233988606705,0.05115161919458027,0.007881956946043787,0.023792807156229112,-0.0157316818353714,-0.02405752007037745,-0.00047048176414129725,0.015579465379343222,0.0032386374900354184,0.01212217793941932,0.0021615313202359545,-0.028762145508104527,-0.003956864306614523,0.01985132109732997,-0.009964700543336258,0.05613826456822391,0.04035876308848634,0.020001221805753432,0.009648878252181048,-0.011229776368255642,-0.024294542849264154,0.02117862979626744,-0.004962771192220188
PRO_004129,SUP_0266,0.01291356795819443,0.24280050348336873,-0.0877725299320239,0.0027117314514011367,0.0018634988070886582,-0.0434410653603671,0.03049527638419506,-0.009292412129390332,-0.005694034465596966,-0.006580445145607803,-0.005408690320817651,0.0017517633207114094,0.06484082437658363,0.01811953565562138,0.026469660610056202,-0.09394287139620922,-0.0014847516675222162,0.023206720765702363,0.020224791362917962,-0.020826435843488467,-0.026562407928057825,-0.05792362550362345,-0.05877922917197832,-0.004736255290766747,-0.05196449351312166,0.05447091512515339,-0.04796574993545953,-0.009347681836741058,0.0768044617827753,-0.006543723488003371,-0.011783003476576695,-0.012307954377800042,-0.029519596648758396,0.29245389811041556,0.01674896112349559,-0.08813636868109168,-0.06459991191603685,0.057682880998666426,0.16172633762201907,-0.018830198390886153,0.1412009106660245,-0.01288767692247107,0.06499857657877296,-0.017275362408372106,0.0662018729354597,0.004975903345827282,-0.09711662519497008,0.019410713083285895,-0.08650505150962044,0.009579358345729741
PRO_004152,SUP_0268,0.008317718917579193,0.018557691329084317,0.015525514106446795,0.014701359166399296,0.03398177316461136,0.007709946499587249,0.047416574666311745,-0.03851834541354343,-0.047896782422501255,-0.022214441523682498,0.015116771575507174,0.030448574390002012,0.019716075377904697,-0.04512245600807099,-0.029685478416491273,-0.020749448863432426,0.0031736002347739875,0.03143037281060391,-0.0037678888311289834,-7.639786095555019e-05,-0.005460087371025134,-0.007172818685856682,0.020118344932022605,-0.03661582400734659,0.022267873676706972,0.020525769489227,-0.03204740720819875,-0.04365197025777475,-0.027636344506981877,-0.052937145720094544,0.07045775446145434,0.03766836470864429,-0.026895269735484607,0.08174839572570028,-0.03407774165145781,-0.01796717066662336,-0.07789536394440609,0.001402682369559315,-0.10903931869079551,0.06001309014141132,-0.10161217988699506,0.10004208097052035,0.004407248062076179,0.012514883337861299,-0.06341829881794289,-0.06262532636130914,-0.06710032533784785,0.003429284355153911,-0.0301388169295549,0.009507981191589998
PRO_004153,SUP_0268,0.007654636641391649,0.036553236756679465,0.05096586919516915,0.01320452077859248,0.004892990214609419,-0.01037806854574698,0.10210278339045664,0.005024087216992325,-0.01850894419413419,-0.005937803734474668,0.0012042571691862065,0.005407918804229958,0.006739370644053734,-0.04685037658319941,0.0002752705394710864,-0.0029629545340844774,0.03176872535556028,-0.03070793233031905,0.023029911419708102,-0.006485754709883662,0.021036590500871262,-0.01935453169229499,0.0209259616392437,-0.0019673116529260798,0.00044288420094429684,0.007187397356393274,-0.0326627936294955,0.004955635761091462,-0.008030129403045158,0.0006540167303112098,0.02925105071587052,-0.0009366617311272233,-0.005890175783073716,0.024507358155180813,-0.006904727106309545,-0.029712391049179863,0.02298216951710005,-0.00487565130481059,-0.01686167288906261,-0.01116254710792759,-0.007631185163195104,0.04210093343577873,0.008342459831951678,-0.01875096882840982,-0.06139264306952567,-0.0012713308522838951,-0.044009484922193,-0.025343954169355285,0.05230468400059892,0.07137107588595121
PRO_004154,SUP_0268,0.004135386598818173,0.016528863009317763,0.017021441272018326,0.02580359254579675,0.010696106709472583,0.005580265540175985,0.09303116218432612,-0.05742966719423775,-0.07589215164238583,-0.03201322835907049,0.02539469057825756,-0.004726283386486238,0.012422834342200853,-0.08256624627887041,0.0032189683632214677,-0.025827828981109278,0.06344722806361794,-0.072028552931619,-0.006878868036373838,0.017447933624657054,0.00902925608581971,0.026068287033529335,-0.010795302057041179,-0.02439868913000635,-0.024390419097480173,-0.00378558892814755,-0.01304020304058166,0.014191733558801973,-0.012412895172963269,-0.04840760477076864,-0.0025788405084616914,0.020859662710624782,-0.023016781163900817,0.0278461981240562,-0.01366079652364967,0.0019235024434771306,0.012584492579093585,0.0015233069597589473,-0.008081786785351486,-0.0003566244143150152,0.04679266028303638,0.024642480389942333,-0.0013651085410267313,-0.016887996259322552,-0.023780645725593564,-0.00805021611335742,-0.013242000842207639,0.06560994826871111,0.04181608456871623,0.06738523803988539
PRO_004186,SUP_0279,0.003360430277360849,0.027975919932811726,0.04033381798781141,0.20448614177440766,-0.04275468364171277,-0.01508677469220324,0.00431217153601076,-0.023933411630102673,-0.016746991598192578,0.02282166364078944,-0.01163275809667186,0.014344770920370505,-0.01516892105844116,-0.03941226341862898,0.010740904260120154,-0.1293099647668326,-0.1683946294421513,-0.12175947127809912,0.08424983225587561,-0.12368044880905509,-0.06840498867847936,0.13283927233795897,-0.27625513930755546,-0.20446224651756859,-0.207634496268474,0.7241740680825494,-0.1999696744258934,0.10153218318356529,-0.04327404689835202,-0.06906145404834559,-0.061174807684496714,-0.03708143162399065,-0.023148876249082444,-0.029812143571837993,0.08121517172868349,0.06744984323244704,0.06514021872338312,0.03236062794712273,-0.01931099325644908,0.017315298848772493,-0.012552983261099694,-0.0006217497823625482,-0.009686601718383488,0.01762651230608555,0.02290041311559439,-0.007121962080097232,-0.002493202200468656,0.0054814179144860534,-0.02536618114455018,0.00886004542680111
PRO_004187,SUP_0279,0.003360430277360849,0.027975919932811726,0.04033381798781141,0.20448614177440766,-0.04275468364171277,-0.01508677469220324,0.00431217153601076,-0.023933411630102673,-0.016746991598192578,0.02282166364078944,-0.01163275809667186,0.014344770920370505,-0.01516892105844116,-0.03941226341862898,0.010740904260120154,-0.1293099647668326,-0.1683946294421513,-0.12175947127809912,0.08424983225587561,-0.12368044880905509,-0.06840498867847936,0.13283927233795897,-0.27625513930755546,-0.20446224651756859,-0.207634496268474,0.7241740680825494,-0.1999696744258934,0.10153218318356529,-0.04327404689835202,-0.06906145404834559,-0.061174807684496714,-0.03708143162399065,-0.023148876249082444,-0.029812143571837993,0.08121517172868349,0.06744984323244704,0.06514021872338312,0.03236062794712273,-0.01931099325644908,0.017315298848772493,-0.012552983261099694,-0.0006217497823625482,-0.009686601718383488,0.01762651230608555,0.02290041311559439,-0.007121962080097232,-0.002493202200468656,0.0054814179144860534,-0.02536618114455018,0.00886004542680111
PRO_004188,SUP_0279,0.0023927160433625063,0.020255076089625398,0.027041406778256748,0.09044865418568167,-0.016636898017327713,0.0022470176180624303,0.01553404347707229,-0.03470434828697527,-0.028832654857247,0.0317967799187061,-0.015348634635836135,0.016219976208180584,-0.013878532036048255,-0.041231656763638956,0.00881314916457567,-0.11557199069271193,-0.14388583909532784,-0.10069331203520665,0.07283659189865024,-0.11607552024127438,-0.05238216530549611,0.10767132661478136,-0.253990380653488,-0.19708510529855716,-0.20303155316904986,0.7164465639957002,-0.1995139797526251,0.09501563073143324,-0.04337212101617405,-0.06628565037047686,-0.05639681327658458,-0.03521591185284985,-0.014323113042314034,-0.04052945155358556,0.07437854362014117,0.061941415313259904,0.06575491129446522,0.02227705211843083,-0.01662988367784644,0.019555949457064,0.0057183242679657706,-0.004911855119217073,-0.01290861359584037,0.015112904092922217,0.015052972230373452,-0.007707583203659495,-0.0015787346126106196,-0.010737317615253782,-0.024045488973481865,0.01716788782821804
PRO_004189,SUP_0279,0.004536522182083153,0.021698786664522605,0.02236952206957386,0.05591856281838144,-0.0047349834241716725,0.04497855956348136,0.08839980471221341,-0.06875924768885609,-0.05871540418222027,0.16701906216343676,-0.023548242170331173,0.012472757816175758,8.570022754333896e-05,-0.027109569904892765,-0.015654877086659472,-0.04080807396185535,0.03799175244467188,-0.029490298879168677,0.015193911807646739,-0.028264647524596547,0.03806537566422419,0.001447417095667953,0.01600599457802584,0.0035361548161317756,-0.0010876721810230642,0.07602000004763493,-0.08270817861452255,0.011769324691677976,0.016889336435749226,0.018400450118484964,0.010751560357813246,-0.020366305213039483,-0.0004466441510882369,0.0036798549906936692,-0.060012327368066005,0.008471258023020758,-0.011965576473116975,0.02795206803525434,-0.028202868154803783,-0.04981021285068553,0.012185983640804905,0.08620199735391279,0.09235876257804393,0.02596495942340963,-0.09317461642272261,-0.054734620570777964,-0.013725016873800582,-0.11308565128413672,0.011188813849148865,-0.07621552336380814
PRO_004190,SUP_0279,0.002361897884995466,0.016478235515215035,0.04490511047997721,0.025147754630146506,-0.0005756259855614935,0.01979007497535261,0.04132930285041956,-0.040608986405592885,-0.039270802515853895,0.06174300434730792,-0.005448707799717127,0.01262020110733775,-0.006332805193621197,-0.04884543572366969,0.021590985664682833,-0.0497026606180731,0.010233083608856696,-0.029134015302936776,0.0479174420831292,-0.022490900784122646,0.023660939171203405,-0.011396249789825749,-0.02312754025574478,-0.03942999306785052,-0.046758508819092034,0.15416243318126593,-0.04984931762176375,0.020267507558539167,-0.017193745356859774,0.021177665996608627,0.046843448029568927,-0.014925307757993672,-0.009670642490114012,0.010446270045005172,-0.01987487268699633,-0.007198645606017873,0.03849071226106133,-0.006622241500920089,-0.025905049864547294,-0.02545979272925956,-0.03222120114584207,0.02189469347954105,-0.03811402258883764,-0.024957716006171526,-0.06668365783583036,0.042853609247306336,-0.04765673988636575,-0.05452575994783675,0.06876089542103665,0.0017640948642691592
PRO_004191,SUP_0280,0.040273871819262556,0.03319445061344756,0.010098496364737983,0.022822445572805796,0.013477597124832461,0.021036693074710736,0.10205988346552146,-0.06891887242614585,-0.0808980592596469,-0.03632909363289112,0.013004269026204955,0.06523191620203746,0.003942938614018891,-0.049003254129996024,-0.03283661133892249,-0.030934102492217983,-0.012134390839476705,0.04803268512625304,0.009899318061784398,-0.04050752471643417,0.03851055928890925,-0.05005020139441967,0.015129073127864644,-0.028697200041952666,0.04800393601972188,-0.016829226031127784,-0.027231158834902403,-0.01162235695436572,-0.03287081717403547,-0.03279289034382608,-0.02108158772447472,0.03348727162116019,0.05681026337889752,-0.02411607808218391,0.01853656579354194,-0.021647377297823768,0.02335977118162649,0.03796801952895551,0.03686797248205178,-0.012785176626698324,-0.007703131900027256,0.008984518198604846,0.0008313228628407195,0.06105811240623147,0.0006484574399810504,-0.026795783663016017,0.04684079176289287,0.06995188573231186,0.03357962131666601,0.010631858737841362
PRO_004242,SUP_0281,0.026523117583101802,0.028320460234549674,0.021772315086400394,0.01835864009216139,0.029465156579051494,0.007767036723437882,0.10684529095783582,-0.0842723680513144,-0.09363788423479517,-0.057865258245045036,0.015101482124068673,0.03684742195452245,0.012578909553689593,-0.10873107179879857,-0.04812930239691067,-0.050920013543528014,0.07155823262344929,-0.03213393411359855,-0.029026681820548454,0.025975554082951307,-0.0045986367852262535,-0.016970883007791766,-0.009870004293529707,-0.06004932751678548,-0.017561048726393504,-0.015049634505568135,0.009782625167397021,-0.033656078630703336,-0.030432226193579007,-0.07987874078113912,-0.03036080166643056,0.029093027125504586,-0.04175956393070219,0.045550804887128295,-0.007016867329238752,0.026249089855914228,0.00779946510678138,0.02697858814606185,-0.023024373679455423,0.03136464903179445,0.07396687756686113,0.0346929206407825,-0.042405818510865355,-0.05707885739929125,0.028530843171180452,0.044052537977240555,-0.01767844427468846,0.05913924821800019,0.018665175729696105,0.029566914600724404
PRO_004348,SUP_0287,0.025807378987313254,0.09846587509365268,0.0830783795153263,0.022850432198870285,0.08161780231056641,0.013671703578482915,0.1230288001149446,-0.14180765212117669,-0.10356379526885169,-0.09899808366376396,0.042624286448971586,-0.009626111476766244,0.09334271187622327,-0.07946688651549781,-0.13690521195877112,0.07698228779135531,0.007901282546554003,0.016351331866102548,-0.06777635495501279,-0.03793115390164688,-0.03663129373058381,-0.0660220743587675,-0.02578107409830398,-0.12130352585294807,-0.07083986658909751,-0.002816716190611546,0.10819272103929406,-0.08370417381247289,0.018100333748411745,-0.07901496282284622,-0.0014126822666274718,0.033973426280079044,0.01859982099155085,0.01582246325439679,-0.05539558464505583,-0.0025006090038056533,0.01123977018962812,-0.05865883584822374,-0.013115423557326032,0.03611906285773457,0.00294631216960195,-0.035837499987432166,0.05784504101662024,-0.14239618903997903,0.1295804559552184,-0.17567608171048063,-0.04442909374773198,0.05682360452621249,-0.013307521321809825,-0.003786529656752142
PRO_004349,SUP_0287,0.002460270301694777,0.0065756322446568274,0.008993170739381214,0.023329887988120405,0.059971645638861676,0.008941618055985544,0.052439211656333966,-0.036442012316060236,-0.05038334519968812,-0.018232037852532447,0.012105643281730704,0.02957616328476482,0.011853812127215695,-0.04972277898619328,0.011627748617760926,0.0031876113687877568,0.0010617679746628564,0.021091345482511577,0.0012013402158739046,0.009621525933416097,0.003054541765588826,0.014330425122951606,0.011128636426053119,-0.025656529680183303,0.007670978992482562,0.013437828971313352,-0.029680116832535994,-0.017018670600854685,-0.019081549381545108,-0.007434435435294254,0.09328631100776101,-0.0025203713825644987,0.012706328433467664,0.044641308772822734,-0.0026979735255017448,0.04461171546882129,-0.0669919604723529,-0.005925598760767728,-0.05638265949650021,0.015305036867146243,0.006582486449130167,-0.007904148260066385,0.026929955489778216,-0.047591615218467304,0.0709510996792466,0.0015081017304742293,-0.11283148199050687,0.021665379557140665,-0.0608566088739213,-0.020198390546478307
PRO_004350,SUP_0287,0.016691740456016305,0.018754920658204055,0.011703955685284392,0.01793746619635048,0.0302574815842267,-6.413888000302275e-05,0.06497573673453441,-0.04128509128458609,-0.05476020286310854,-0.030240191233043324,0.011067456562250803,0.043489919271805476,0.00908720823689517,-0.027537205072340455,-0.01579986128024134,-0.020442391162174875,0.00045406289604931215,0.011019650287956288,0.018044775744985288,-0.008919775394878196,0.016341507013849663,-0.012907052609493609,-0.009605100728690386,-0.043876492838641874,-0.0034963797962950355,0.02308000817186075,-0.04158540239754754,0.002291757872867985,-0.01626302652287284,-0.007650752999729302,0.06453421547199907,-0.008887098232807585,0.009213323997715628,0.05041794626703515,-0.003092007098370972,0.05231395739268321,-0.07890010453724276,0.010497928978029996,-0.02828277187885233,-0.009630005988581623,0.05262284147656628,-0.028008809229635927,0.03741689957329522,-0.0401115659564872,0.07334045917013261,-0.013665726409849165,-0.13603214378409856,0.026421114471207274,-0.07773289885025055,-0.006601636089741509
PRO_004351,SUP_0287,0.03394169656865095,0.05916254499120199,0.056377658883853966,0.02798633496419483,0.08269327355024111,0.010388643080969364,0.13528377447427561,-0.13463015962970648,-0.09331905229251639,-0.08746288131914962,0.047880043148070664,0.006524436002183745,0.049484952696203816,-0.07998458285804111,-0.07214880652097712,0.028722742924933452,-0.04396929938241982,0.08322723337359511,-0.02695059853780956,0.023041173171729247,-0.027061286577453006,-0.025642833837924667,-0.02159880650564623,-0.08404011836993694,-0.03256716224084813,-0.024097758781281745,0.07931712998255887,-0.05965505253580659,-0.009920836292479845,-0.052838259530603594,0.03062850022851784,0.018704643690878115,-0.021914299896565813,0.013237826103974603,0.04909675970029482,0.04239653869986451,-0.0795044282004134,-0.03854632061955704,-0.06274408435410699,0.03444955574261034,0.025164951475874907,-0.10677397990972985,-0.022769198167209372,-0.08155974589259656,0.12530497309648178,-0.047644012703482355,0.04121689147231317,-0.015400318068000962,0.0028389353929354384,-0.0313524163911403
PRO_004352,SUP_0287,0.012724106864266156,0.030109639132224704,0.05962852665493048,0.007767839391958025,0.02150920383941132,0.003084623970831336,0.09795722997131102,-0.02811340700204796,-0.04870110561440537,-0.038150135896197666,0.020713736807751668,0.05533127849182646,0.009066444624843106,-0.03127326059400452,-0.03667353315251162,-0.01657194032261426,0.022718142587690025,-0.002161601474693732,-0.0018974868932375784,-0.007969356022752672,0.0005704977452878033,-0.02107068814353714,0.006391695030653004,-0.03275950000118005,-0.004700061822582851,-0.003998022819880742,0.0020861004796995817,-0.032243844586273315,-0.023225675307471834,-0.046211936772130154,0.047878022682441825,0.034351379307490444,-0.008637101011102257,0.039619325211627705,-0.012391248244474542,-0.0085256424273321,-0.03108730391610956,-0.0015004083183869903,-0.050867989780196,0.023028658484099497,-0.05521906002473795,0.052480492642340906,0.0307473116850191,0.009396977609544626,-0.018967261122901674,-0.03301997943516788,-0.01363556764688215,0.01221902765951056,0.03482024283079913,-0.03227454165688136
PRO_004353,SUP_0287,0.032357879994260715,0.03799241525610533,0.01876625870369115,0.0036997715652615742,0.005216972589442541,0.007228513232525786,0.025503086039293556,-0.03026228544627883,-0.03628768012511155,-0.02137242173516131,0.026005114742685707,0.02295630048155385,0.035531181890794405,-0.00990782777629198,-0.012695172100449851,-0.015737702143585913,0.01599410686301371,-0.005707310313067552,-0.011805702663293343,-0.00490730936262779,0.005306298996913627,0.00019592486312587903,-0.012972999293451453,0.0018522146588109483,-0.004952017891691534,0.006198178241669095,-0.011161789193675142,0.007401347372758515,0.007126141094496573,-0.0008017369497174268,-0.018196295664549746,0.0016985640436252628,-0.009656644509462246,0.0203230596315273,-0.0015862915525884551,0.011875638818737226,-0.00013344624853830564,0.005100319897746996,0.026375162981851642,0.028351328160953242,-0.003874877229335839,0.013117554575676996,0.019930487440271365,0.008064587034441099,0.014032882000132552,0.017277373546233217,0.05249299068185315,0.005224908044876027,0.036993295912081954,0.014822398346630959
PRO_004354,SUP_0287,0.015427858489060548,0.013024847478398466,0.013331152336992384,0.013150688618111032,0.018683938236065102,0.001330821874573148,0.08529362825253424,-0.03829543524900084,-0.06265772813102216,-0.04362041375647405,0.004288188852235162,0.04366633808167021,-0.018151812563068862,-0.02411402065663282,-0.024787870867999152,-0.024562532434462544,0.007373021408694369,0.02019853602016512,0.007874981673886193,-0.06426901421565741,0.015829948034155567,-0.05819566245953321,0.01943109877923663,-0.04787614486144223,0.05087535915177787,0.0162720700886771,-0.061840225201832945,-0.07091888365883657,-0.07767830103658584,-0.0750098719829962,0.11546477013705679,0.08630185027907729,-0.08076072764144672,0.1697340807282284,-0.048072774599975054,-0.09651194000976444,-0.21198397369331973,-0.01172906999949782,-0.258244492642635,0.12374032504207359,-0.2646524353073184,0.18483751380372757,0.003475776016328266,0.13847355741317402,-0.13445235423814067,-0.09833683896915044,-0.057590702717309844,-0.042261881819087285,-0.10697919750211092,0.062117019091883385
PRO_004355,SUP_0287,0.0014623766908375526,0.005196634187886408,0.004739301958611975,0.005814106494631661,0.005741893821491362,0.01151638763069039,0.03580035094469944,-0.025675159736255535,-0.03461987023829108,-0.028198832493680645,0.015863414199939727,-0.016090619995505567,-0.00802185063638421,-0.02176250471681543,-0.0063345941307307715,-0.016310006496614588,0.046384043109562775,-0.03215124915063724,-0.005341101457805147,0.011792807470449099,0.03321938706376387,0.013459073330559833,0.010401126915567539,-0.02637200925692038,-0.011359152109593854,-0.027352520174333244,-0.0538160942925577,-0.0466481530682832,-0.08660951035157713,-0.009078754002078297,0.030519442204932978,-0.007898625679769816,0.09390610500359932,0.17088504610641228,-0.024047022055868335,-0.011870600548344249,-0.09668795316727094,-0.022919549718375155,0.0020941717197321,-0.018645354330832385,-0.020355462229119263,-0.011463325548550684,0.20111816229894436,-0.12252701870289212,-0.11845280043187718,0.0806620338343403,-0.2640413707314292,0.06519294136941063,0.4744616975261167,-0.1451858783700526
PRO_004356,SUP_0287,0.005912907317026842,0.01921314852152692,0.008812905959695505,0.014385657537507052,0.017129474928512252,0.005298947142983821,0.07305212936283767,-0.037432248942942815,-0.05895186689495516,-0.030738119874193396,0.006357495964611042,0.03660177008581965,-0.008076151474202325,-0.03039057615414764,-0.024622409389066784,-0.03165132080182558,0.011470160188292628,0.018122989750758305,0.012499687440116276,-0.07017982021029763,0.015350851484595944,-0.060840999418073825,0.020329308728074227,-0.04270264135329779,0.03756486980978622,0.025357502382053445,-0.05480346450263476,-0.07577662938672375,-0.07681051170953383,-0.07179096668638912,0.12354616058151265,0.08044081653801102,-0.08544468319506511,0.1985353826335119,-0.04756854063935652,-0.1080306904061068,-0.20958344486790542,0.002743953805987862,-0.2517057713151364,0.11221718250185635,-0.26659483721312854,0.20515766474050082,0.00641293775309083,0.13038387496163834,-0.15053082662469008,-0.0813559159836523,-0.08198659754543973,-0.0460757139089202,-0.07472070840302115,0.061456576433736206
PRO_004357,SUP_0287,0.01978098619344576,0.007987549357479978,0.01537638562530406,0.018108113559461163,0.04921426151040025,0.003797775941205027,0.08428177910349359,-0.05035100952614385,-0.07109142719939922,-0.05092808664994393,0.021267632870555327,0.02126088548532798,-0.004100721194562908,-0.03068343844409113,-0.028377236242504038,-0.016810648404468373,0.0022411806703715653,0.03284077045371148,0.010887184927322224,-0.029568302815524753,0.00821626432619208,-0.04526137304343611,0.014465364825260164,-0.06502240756567573,0.04355637477046164,0.011538824966680695,-0.05093662765332121,-0.059317926438848964,-0.06730629663553704,-0.08130010930273096,0.11184421140119544,0.07082889535562001,-0.043938508250168345,0.13490962342998272,-0.022653075781214057,-0.04724573873120257,-0.17696267522459788,-0.002648956496032017,-0.2263848707347154,0.10017400446525623,-0.1793109941775242,0.1253429342155213,0.011544502852938253,0.0513196034059145,-0.06729146556057015,-0.09664581905278889,-0.06444368977347249,-0.019901421278901942,-0.05971485630496603,0.03820775448856699
PRO_004358,SUP_0287,0.0014623766908375526,0.005196634187886408,0.004739301958611975,0.005814106494631661,0.005741893821491362,0.01151638763069039,0.03580035094469944,-0.025675159736255535,-0.03461987023829108,-0.028198832493680645,0.015863414199939727,-0.016090619995505567,-0.00802185063638421,-0.02176250471681543,-0.0063345941307307715,-0.016310006496614588,0.046384043109562775,-0.03215124915063724,-0.005341101457805147,0.011792807470449099,0.03321938706376387,0.013459073330559833,0.010401126915567539,-0.02637200925692038,-0.011359152109593854,-0.027352520174333244,-0.0538160942925577,-0.0466481530682832,-0.08660951035157713,-0.009078754002078297,0.030519442204932978,-0.007898625679769816,0.09390610500359932,0.17088504610641228,-0.024047022055868335,-0.011870600548344249,-0.09668795316727094,-0.022919549718375155,0.0020941717197321,-0.018645354330832385,-0.020355462229119263,-0.011463325548550684,0.20111816229894436,-0.12252701870289212,-0.11845280043187718,0.0806620338343403,-0.2640413707314292,0.06519294136941063,0.4744616975261167,-0.1451858783700526
PRO_004514,SUP_0292,0.036908264742621974,0.0035937451904171553,0.00532220891043398,0.014009580102266057,0.0030509508628615034,0.0026096470206541287,0.02900895050712329,-0.02172901733827822,-0.01942807758990433,-0.009157690300989488,0.004349374165248137,0.01517513791155048,0.011042608330120714,-0.02961290103788399,-0.02028378755142096,-0.015261725859413225,-0.014295859564959608,0.012020859903429385,0.022650114546005674,-0.03808854387220619,0.02946161281826973,-0.027966392155475056,0.02522215473303608,-0.02154362470205306,0.023081288576405713,-0.005504075538619185,-0.0708171156690422,0.00887621366691497,-0.002724619196642626,0.01795290905454313,-0.026488375223397642,-0.022208461283959088,0.012218696257877542,-0.0011471676787303247,-0.011811499759658763,-0.0031123462541997344,0.02804363134164997,0.013177932713059486,-0.0024834870627579164,-0.014753237647327524,-0.03856397315059498,0.030774024726721083,-0.017902684435942083,-0.0021547682305556007,-0.01910608678485331,-0.03735228383976791,0.0022989248788030975,-0.009112732747357674,0.01521607403311865,-0.0008349268758662039
PRO_004520,SUP_0296,0.023301585707119193,0.16338972396222978,0.5475669675138789,-0.10669686765484117,0.016021210683440163,-0.17399511306471976,0.44735597764757196,0.4020810841248094,0.14643294630506037,0.009657086569908584,-0.07323870418013453,-0.025893760185061464,-0.008040735853094318,0.03016730555624152,0.01363328013477609,0.03122246378716879,0.012185480687702603,-0.009422465294098122,0.02968082293641536,0.045740679964112484,0.02167005942821811,0.010793610187692898,-0.015104110927139655,0.017703374987469846,-0.0040483371217715424,0.0166582501099646,-0.0064443597040458435,0.022845729129802057,0.004822149304502678,0.007877727847888025,0.014614112803755498,-0.004884949300567983,0.014847502795195823,-0.0004612062510631525,0.012928721218711742,0.005097375708317014,0.003114220075998917,0.0031168356855648055,0.010010848049908849,-0.010393313753816386,-0.0023621923473817136,0.008524861625150842,0.015660038212688517,0.016719916022358366,-0.008443929722126011,-0.004197603709891733,-0.0028461233370557604,0.009076356313747369,0.017418901904593782,-0.0095631900197149
PRO_004521,SUP_0296,0.025120163577127336,0.14435549537869508,0.4408398031665334,-0.06853439570001776,0.02064600340495056,-0.11303132654381048,0.38376642275839695,0.2861565056160586,0.10171573650044993,0.002026008411017549,-0.06638926421642448,-0.031152657899279037,0.0008476935300540665,0.003397078051951816,-0.0067577151909214775,0.021467298523548835,0.01263997096793565,-0.004798735396163944,0.02036512157066719,0.017727540595989754,0.02662914803871616,-0.007777972805041302,-0.02415860544144836,-0.00016897279465591787,-0.006908944060290098,0.005942286829142351,-0.0009342058172405914,-0.002702517874189249,0.011600461368173921,0.0038507830798395967,-0.005309148381079986,0.016749621789690815,0.0007718595169121698,0.007486905206732548,-0.012460767126691422,-0.022826540542947978,0.022264834370981486,0.0029563404036710233,-0.0036418667112493694,0.017841062894687856,-0.021858821780109387,-0.013695265208654378,0.01921056094411279,-0.02000756050566193,0.004625876918610682,-0.023595208614491003,-0.017113868793355823,-0.016234037749340024,0.01961427529107115,-0.014333369012287727
PRO_004522,SUP_0296,0.023738180249630193,0.16483867494483984,0.5900566494598403,-0.1168592188366161,0.015242048519589142,-0.19028448085694152,0.4794182600865655,0.44626934870187907,0.16713085505778313,0.014188590164952043,-0.09555984568173304,-0.04848007371955542,-0.008028351077814612,0.030081951417683148,0.019474374027950592,0.02919180977488093,0.010619985316219629,-0.0027938422872692574,0.028642527604363015,0.05149801870165211,0.01995683551062291,0.01045804938158531,-0.023064020080402915,0.026973226899600883,0.0026850598346407992,0.02105045838884391,0.00111472886437971,0.02816832933710765,0.01070143227062601,0.017133558990482977,-0.005663843819796407,-0.004710594326117295,0.020645450753550485,0.0026324815242570266,0.013267592360333702,0.010471530979101485,0.007201017006823918,0.011757839583960624,0.00561121000020211,-0.009256518414270515,0.0033492410491930517,-0.0009478108383511452,0.007467596754830941,0.010003781134833406,-0.010219346815091008,0.003945948301651963,-0.0007851931448178547,0.0069614853772409675,0.0035262985732369056,0.0021620824779206857
PRO_004523,SUP_0296,0.0203378576788093,0.14482667861652063,0.5257901825023168,-0.10580758229545725,0.018147863444007446,-0.18355217565464163,0.4795285003406854,0.4323891251487923,0.1576233447801562,0.006911970270519454,-0.10439060542047442,-0.0406826856102221,-0.019829905549477916,0.022900016114157318,0.015007331463175913,0.031613204328725074,0.011359424011645877,0.0028947174811683562,0.022453864679976634,0.043699349265472594,0.025657424625805482,0.010163654391748737,-0.024450722251835588,0.02383822611790271,-0.0015227170660564073,0.014597609322603943,0.0014341346127770872,0.01758637491011827,0.00826973741280693,0.01015835044371493,0.006779975738409332,0.004270180272817264,0.004290161892585174,0.007317859409188764,-0.004427070541904101,-0.0036934762557752263,-0.023117674593028912,-0.004478405181032714,-0.01873954423434618,0.005435929154552003,-0.017227575809443667,0.005353745657494744,-0.009923652974186672,0.004341467807475271,0.01706693082633314,0.0045377242696450215,0.022033203825062464,-0.0018060478460526852,-0.006498892119459653,0.007883304569924414
PRO_004524,SUP_0296,0.02263894414135471,0.15986708300282443,0.5596510966759919,-0.11178687688490499,0.014741754118544967,-0.1840913745771699,0.4620984064741772,0.4287272382722851,0.1598990403795198,0.012466063964905946,-0.09667784069082293,-0.04566223041881586,-0.010587693175772787,0.02687214987097968,0.017829904093521875,0.029261754069378174,0.010812192657804906,-0.0028897738359263342,0.027649638952750563,0.05147949885221481,0.01858793087351053,0.010643959641966327,-0.02292869917866154,0.02502761661267128,0.002952204768442956,0.019628025020718913,0.002620218653811756,0.025536916222937182,0.009141409165108359,0.010911890000681193,-0.012486524800695328,-0.005762002072765761,0.032915357259552386,-0.000531067166514624,0.013167451883661103,0.01066725264399159,0.014754250412229488,0.015411458458655995,0.0054064165720783125,-0.01074895254426512,0.005381630856682137,0.003215276125611508,0.0017414702405780123,0.009632190297479568,-0.011128019756663214,0.0044472638946654805,-0.010817186256658909,0.013922545181860464,0.006059797530657359,0.0030574172680446913
PRO_004525,SUP_0296,0.019625911958667076,0.13987975810814773,0.5152742602293336,-0.10387317868611573,0.017899865807425686,-0.1788273202416264,0.4707868954710625,0.4280216584099742,0.15726564299430773,0.007990956232604693,-0.09985825185185233,-0.048205943176281935,-0.011167313983831329,0.022469916302562874,0.012232654492404823,0.035698891635626444,0.010276910766967549,0.0020082854005839526,0.0253232129099454,0.048089473506965616,0.02514624572975878,0.009830619447662566,-0.02513786096879231,0.021686461329179844,-0.001490847456594418,0.017340263827455363,0.004818615036226813,0.022632537892261596,0.009450946509617291,0.01006973771868452,0.0015973457131286087,0.0012381515485776033,0.017354311930018892,0.0038948274494161523,0.0028235044825064373,0.0023778334085853502,-0.013955465133471588,4.969276006207106e-05,-0.005175582528280559,0.002278055933514254,-0.010536453986138472,0.0016375977760672523,-0.010687324608187339,-0.00138555559597841,0.016693567162994003,0.007199498794820525,0.020221491929586367,0.011980604405368939,-0.0033589539181186592,0.0016798868920764336
PRO_004526,SUP_0296,0.024640820729077893,0.17501463467390427,0.5762102197798498,-0.11333414805746167,0.013687770700959308,-0.1816386245779004,0.4437492691706198,0.4128875420422032,0.1533900671754155,0.014171000161517644,-0.08781329849349853,-0.03634803674047201,-0.006248266316643417,0.03324514896997062,0.0220727455302928,0.022646481020131212,0.011360992324014843,-0.00515906045254039,0.019744597271837076,0.042298254721441615,0.01675737325645956,0.009681789768061826,-0.023252868538458003,0.02702473867698268,0.008266544206664046,0.017927668556900048,-0.004654700103918825,0.02389350482429002,0.00687219351556732,0.016806364369487424,-0.0030915460093638835,-0.004283494467600336,0.013146089094055513,0.01130552185080131,0.014721528846356153,0.005420285509833669,-0.0009768298714423348,0.012132411492506106,0.0020574203098251225,-0.0089235024721209,-0.0024675591088391445,0.0038510006357024467,0.009852133626107817,0.01772825541601409,-0.026334905280567714,-0.008132624508341572,-0.005864641532831024,0.006761072809696313,-0.005492093483218138,0.0021943560349553036
PRO_004527,SUP_0296,0.019699583545316986,0.13695215423447687,0.5046818301278263,-0.0979182363816502,0.03108223274561316,-0.17522316795166448,0.4725519388905693,0.4132733697358035,0.14652040414492903,0.0013201653232177328,-0.09398599583750454,-0.04736266952953039,-0.01083340939372582,0.016552940206247237,0.007163875318224844,0.03410038762988316,0.007702489191669224,0.008587141131362462,0.02662376821015442,0.05108594606138053,0.02493876201619934,0.0057384159239029665,-0.027678411401867487,0.012058552940023204,-0.005441639913210069,0.01663466849351026,0.010528211692629604,0.01665297925461824,0.008269025985573655,0.0026140466237149066,0.006861877412715579,0.003487298254671676,0.013900837796875313,0.005533894807137621,0.0012171995521170704,0.00795139650359645,-0.014838132897141415,0.0015123281168352314,-0.016958264671104086,0.002673228216929313,-0.004770348582424505,-0.007343634243546548,-0.009006664365254423,-0.013985176222744847,0.03550804473485673,0.000468008957431979,0.017658988434251448,0.017082960698818563,0.0035186469316123197,0.00631920290783013
PRO_004529,SUP_0298,0.01161189698592452,0.08019405250112845,0.04936041744043968,0.027961954042068315,-0.008200266592130452,0.29819032309091154,-0.016782817264450293,0.04516872741099336,-0.01719985845011476,-0.044345634318088224,-0.19343954546519468,-0.008803702247471616,-0.07539463306174742,-0.0075648773590342895,0.009132497187398744,-0.00826458507691414,-0.011666833216186116,0.009735782642586024,-0.0782015587593617,-0.05262488452113363,-0.01292025547366763,0.01577133277343144,0.001463265360371038,0.030926924689749946,-0.007297775585524673,0.006719256587677439,-0.028764028889826737,0.007184382065214422,-0.04392000073365932,-0.0030905566597238194,0.018833570191747525,-0.02488988167808447,-0.023391662737200652,-0.04730872122762,-0.03914551541118914,-0.034668331983499875,0.01805468291389775,-0.03181001660390568,0.011724440597719656,-0.033665325597836845,0.011422566792853828,-0.03860756065444798,-0.02806986471812921,0.039807726569865025,0.023324895104406138,0.00011029004202576208,-0.02273595516310642,0.05518986568541019,0.017100530802153485,-0.05723171354559483
PRO_004533,SUP_0298,0.006282089433384751,0.0499224559281951,0.014265900674334876,0.027413565391813687,-0.005660102846257779,0.20723409387784092,0.012555983839708235,0.0334856997979936,-0.014982731190200953,0.016062864535889856,-0.07107355622969329,-0.013622509464647761,0.01325657995991593,0.015216942310046678,0.016881868485619046,-0.04681159501197738,-0.0006794470425987242,0.006451022627159256,-0.023288718509296768,0.0010250754246492585,0.12525444832078297,0.10584002535644416,0.03420706175793575,-0.06942664036608333,-0.08510395527572925,-0.056424025509911754,0.026306092908858315,0.14507683450804612,-0.04909853661420302,-0.008279150409830117,0.007865786250662456,0.05006623340981992,-0.01788280432572101,0.0715817780712632,-0.15102128294061867,0.19704151436134304,-0.045453883445010126,0.034279752530031966,-0.01257322239923768,-0.007889692193120815,0.09635367374862441,-0.08441315756880002,0.023981018188862283,-0.02325514896577611,-0.05950236477980201,0.05660721681210106,0.0031857021852502716,-0.006879791187589216,0.04707063637596756,0.02182639389439864
PRO_004535,SUP_0298,0.004923817082428646,0.04682599299549725,0.014274146032394835,0.026479205950975006,-0.0068980216596794776,0.1878547193998395,-0.0029831851146521035,0.036911914542951375,0.005763948996726921,-0.02291679233755343,-0.07610469286225226,-0.017868022103076055,0.02523533941503276,0.049789226687836766,0.04587887310246238,-0.06301576434620039,0.025561018425989724,0.028558283554656443,-0.009148639808682427,0.029520489321409524,-0.08956402556842236,-0.08829031247890667,0.022736348381751884,-0.03472614650239576,-0.11130144161440576,0.0019655678448962095,-0.11912595351153718,-0.07759428691045483,0.12365195100244177,0.2408168767885215,-0.06406853140577563,0.4146929262979385,0.05475593218588821,-0.02759185171440942,0.10751304375393368,0.053516469292869545,-0.03785299583704166,0.005158293285893872,-0.0021095895473713035,-0.000255283039636564,-0.017418468410669723,0.057616719673651166,-0.0727707467042905,0.03602582827681942,0.044420150182994514,-0.0008908700309996114,-0.027862194345423377,-0.026102614214226855,0.009955088470945565,-0.019646635047280533
PRO_004538,SUP_0298,0.013512849859402196,0.06667166808661917,0.05421816455365841,0.08878509794039756,-0.020057767083571418,0.44320709956239346,0.00904007679079996,0.08005691777578992,0.010498223049090934,-0.043856625219402784,-0.1674150768191992,-0.016005432538059687,-0.0501611398852953,0.023846591612550243,0.024855583188917153,-0.025799718049289645,-0.000578693338054725,-0.018441812519898106,0.045801101152714935,0.0328836182872518,-0.02328949291606544,-0.011458852788651339,-0.014010122888666338,0.00841390958658744,-0.032036007270392984,-0.009678948146569366,-0.018684437218398662,-0.10676201007444211,0.010083774780336962,0.026582168535791234,0.0009064930716536938,0.006140596997051292,0.006740462064071206,-0.0039066438836624535,-0.06275949722952773,-0.054618539796567,0.06392370970637017,-0.02516524851124803,-0.03545703811298212,-0.04781318871984639,0.004469457309941527,-0.030160015698687474,0.051583377705962545,0.02514810286461098,0.06160489996484499,0.0004036603501937344,0.0065026228998012105,-0.01111653178027269,-0.0023584861195336307,-0.05738682745966767
PRO_004540,SUP_0298,0.01911853093252876,0.021174523672306992,0.04136730684672049,0.25079982699141323,-0.04982558485740736,-0.03612447383734867,0.030812861045307678,-0.010319791163844329,-0.026516064377946548,0.01567498898822621,0.003446243079051327,0.00872952528955678,-0.015162442928967908,-0.013451354465901856,-0.020464220427752474,-0.05351899746079271,-0.13431314905282093,-0.10928737426894497,0.051777939369354924,-0.03216369583285132,-0.0748039031215553,0.038649797695710406,0.010825661083845235,0.02388695815925586,-0.004057910971538157,-0.11452733625064807,0.06911356318158209,-0.03735378915209135,-0.009591176529256023,0.05621757578953684,0.060297116149788485,-0.015243948437546234,-0.036866083895994634,0.07372491958804474,0.00564224394760926,0.0350421425444963,0.021745371606688633,0.10617439757122672,0.010056233636404146,-0.048255847963309104,-0.0556023783852928,0.008438806341847644,0.0044590751673033125,0.007001429651796549,0.10189110721393478,0.010003442648154684,-0.01771956668835124,-0.050331319477494106,-0.07564532849418117,-0.00595825365129798
PRO_004543,SUP_0298,0.00949846296464795,0.10320106593630295,0.07742076434634362,0.005076489139272335,-0.005614050904600107,0.14330018225605345,-0.06476897880153396,-0.03315608485565551,-0.028269136946563377,-0.021947115183380255,-0.09452218106625611,0.0007410279750573115,-0.056435858079034285,-0.024984814852885437,-0.027209987916538083,0.0315557248494334,-0.009466748893157007,-0.015313599429070963,0.01752268108733043,-0.010799499787966654,-0.0006410648074801159,0.007982736147161338,-0.03022400139469386,0.029021008785713287,-0.047951948524442026,-0.023618443306999897,0.0032868110888095814,-0.05889240683578978,0.006762907741042157,0.02825418418095687,0.009784256878097112,0.02812105850571013,-0.020959096756540896,-0.0388081140461491,-0.009317017707620378,-0.08687720997940974,-0.049522988248609956,0.04390927981994376,-0.07958466826927128,-0.155807395745654,-0.061488398355933366,-0.08990883998760592,0.08322294886016018,0.23774601321171385,0.03760317967900715,0.09409852492007739,-0.02281879665109031,0.007480640222383897,0.0960247130144048,0.15449692098310758
PRO_004546,SUP_0298,0.010619528330632517,0.0904830303039671,0.043254294265083384,0.09371712379483291,-0.022083150142067808,0.31706307679514406,-0.0031559776831740025,0.10581427368965732,-0.0034775091648806054,0.03685451538366529,0.1340045138281492,0.005975016161348288,-0.16128790862744544,-0.05111469361306845,-0.026598364459084613,0.07084919730564632,-0.015655585497714713,-0.02277371012592652,-0.03733379327517131,-0.05225809200589317,-0.058759511656726306,-0.045749391543594,-0.08523019935222163,0.07410049362654472,0.07598980302562766,-0.011587352719353884,0.05819324300074295,-0.029014602155115515,0.01577979229074995,-0.024196271753338282,0.02369825403492785,0.00115600601594391,-0.018619427228514358,0.09437639347366247,0.18505425973404993,0.10523743416740808,0.02115513249083324,0.1077080575483307,-0.037880317246947785,0.17264734154941055,-0.008129003475593694,0.12039080025212742,0.23950176443308774,-0.07494907280231854,-0.004754645234718118,-0.0028396247366191964,0.038214522628828726,-0.021020206044265768,0.05449842911686975,0.24671019608710748
PRO_004548,SUP_0298,0.011400708731810656,0.11086178239912212,0.03637422580870607,0.11215400568476615,-0.02707728656714884,0.3716987333048839,0.0018371428097275991,0.13774397078778655,0.012829238604456839,0.04699677791541298,0.14714573918581372,0.005427724536704543,-0.1747256158741185,-0.03426750258833092,-0.02278341234088164,0.06820193998305979,-0.021085717664439608,-0.03899751026181815,-0.030736763580857612,-0.037891991596122714,-0.10636603085895904,-0.05343021320334923,-0.02744164228436709,0.044079756088767456,0.06343969784615518,-0.0032284943055866187,0.03561487456191058,-0.02521854185815223,-0.02024067856251337,0.01132403187584566,0.014525340461229804,0.05562176924398745,-0.028288374160749558,0.06932075981528163,0.04856526503436307,0.08468112587010146,0.026789998101112312,0.007832299471494783,-0.02417980876307595,0.07182420053000708,-0.007210825505637907,-0.0052939264526534555,0.004066212870073416,-0.11783226876937372,-0.026347846749291574,-0.04590951402297074,0.0015208339666020023,0.022054004704392696,-0.03750243728789773,0.05715113232744695
PRO_004551,SUP_0298,0.012074686285625476,0.05936164464807316,0.004801886506181494,0.026115024387424367,0.01049432459314603,0.17256341242871548,0.032355866290342386,0.01700655297041778,-0.007263318831784308,-0.024535436984593012,-0.045694701372636044,-0.007611292638796846,0.11238032899842136,0.0068412431843157635,0.06125098464366531,-0.06270556884789284,0.013208702937634405,0.013241359651873896,0.03322310797135032,0.017522966991608106,0.071270022907281,0.05042746953839882,-0.00594842250271426,0.03215707395570302,0.17554394681183536,0.10007045040394351,0.041412592793497745,-0.23662365526947166,0.26410026950042736,-0.06764464769698156,0.04264523482481276,-0.012617084653270529,-0.03786707442403762,-0.04945469482916512,-0.05421334677101236,0.09012725005369117,-0.013784099166001724,-0.017692748334334447,0.042679568804550365,-0.016671964035405454,-0.0006097928226356421,0.02183854777471566,-0.06719530963663257,-0.011877803994261056,-0.022926726915121706,-0.03536663084653455,0.0014861992812269438,0.008198693087571478,0.015578584153695183,-0.05927560381220439
PRO_004553,SUP_0298,0.00869489716083987,0.07413654984396528,0.011642206555669294,0.05635589464937105,-0.012795522764153364,0.32557072212466015,0.01290976128397,0.12815290306215155,0.013823267520407941,0.03117962685862708,0.18210613657046873,0.01323059508114736,-0.19789078137487046,-0.055832753563082406,-0.015353981327042222,0.05777073644998941,-0.004273778867947224,-0.017641139149520396,-0.016416374221697647,-0.024925968691514148,-0.05946527507945898,-0.08508978094895077,-0.07270440961646385,0.06157029487780039,0.0995557253371697,0.016829524917543495,0.06900222658180626,-0.014927042063651082,0.012961359720951759,-0.016766324594443015,0.024881203407468154,0.0221035217234504,-0.04756177505061092,0.07441452274532387,0.15520423175096035,0.0888384410056684,0.026843818895486385,0.09731601817704787,-0.015801846416527307,0.17681761077531097,-0.01405016188854491,0.1099676428781244,0.24410592797226466,-0.10122007737098083,-0.013078581757270037,-0.02716255603180071,0.03180872697763152,-0.032102794757398516,0.05617342088068382,0.2743051050782743
PRO_004555,SUP_0298,0.027703651088480115,0.1317098029814895,0.18588944779204894,-0.0008416652354554963,-0.007213146892359747,0.26159239296819725,-0.06236372714456631,0.01411382775354927,-0.03657611352399203,-0.056283954261392447,-0.17156896603253102,-0.020043098992351148,-0.026663460214879933,-0.007914469315217484,-0.08339124124369099,0.15071215371653915,-0.028366007513658906,-0.046091661676467235,0.01697796969349231,0.012060934908691777,-0.002710314231627592,0.006456291513321794,-0.042519824684724275,0.09073707397388586,0.0013437648448595652,0.006064385445335347,-0.05141338353639867,0.003652435443319866,-0.0260187485046323,0.009527356528248876,0.011656248036147128,-0.07684342338254535,-0.011909650455204663,-0.05222188846318245,-0.0024492450596568906,0.004563462113044401,-0.012085308032270472,0.04299052480428784,-0.014661921862671453,-0.04217197883558086,0.01470016293108397,-0.005981331089268056,0.0004837147541162784,0.06500076402152168,-0.012629948765502014,0.10734758375754846,-0.11316864060446136,0.029094294783907515,-0.04410245568998641,-0.07569056801956947
PRO_004557,SUP_0298,0.007224929901167196,0.07846795218248268,-0.004262388147226815,0.02990427920393549,-0.005001809225610402,0.18275336046514346,0.021521570674792073,0.03137913381331073,0.0060849919901112635,-0.023795664325273153,-0.05149534769050304,-0.014412088561302414,0.10906801508463697,0.05258994726530558,0.05902406785185012,-0.1302024096567643,0.013301258548413237,0.04545360217120993,0.027929246911070866,0.0013880656926812543,-0.07614085508971126,-0.10444678564538186,-0.07929868097462503,0.07491365490327132,-0.066564297423551,0.020146985892840752,-0.10048301828567772,-0.053726593649572926,0.1317416065724305,-0.005895035708439855,-0.024456342449931785,0.07970725711919402,-0.06196184682999666,0.3905754050611993,-0.01642723867919032,-0.153270410588605,-0.07874185192597949,0.02014593655361633,0.25810840479309755,-0.027694464197905846,0.14076804101985183,0.053439047931647755,0.021398015189904956,-0.01908743573287924,0.06839241946113507,0.038725345927693604,-0.07188355340220427,-0.014872061873786625,-0.06493508546280859,-0.031988856416315
PRO_004558,SUP_0298,0.00988906925903792,0.08520929547556688,-0.006036501387658108,0.02942372809481325,-0.004339874227636131,0.18133074636557073,0.02266240894342528,0.031360738412434135,-0.0034639608199494142,-0.020376422023859975,-0.06201628227418714,-0.02112769381146486,0.155776258807047,0.06301411135118533,0.057350372918967225,-0.11139718089274447,0.005561483594678394,0.01090172213532256,0.034391748884693006,-0.016044137184954146,-0.011617794411070553,-0.08249449984880075,-0.08952472647663322,0.1277846891240832,0.06101697062453849,0.059442596342253684,0.0008211017367930765,-0.19069601341263948,-0.1187681791673896,0.03009743398380404,-0.0667595976471883,-0.0328606934229782,-0.0918494489438466,0.14348661725548692,-0.11403517757553785,-0.049110710494538044,0.04524370008066561,-0.08289182511260261,-0.0016020532588922193,-0.055711017188529235,0.01382306704664113,-0.006481122170735932,-0.12192980259821015,0.08389377883533886,-0.10392510973765746,-0.02943215061706061,0.165886862421832,0.05334750089563821,0.0691959043051098,0.04254806904908535
PRO_004559,SUP_0298,0.021681243843282866,0.18108777816138016,0.3241539545123645,-0.04176565734299339,0.007030572760287934,-0.0028481630916297766,-0.0009725942423906035,-0.06691951883047793,-0.03674731836727571,0.0015378427981709059,0.025240787307153265,-0.0007444060896612033,-0.001797875836686346,-0.039771466102618114,0.013715678445743201,-0.02687426936718491,0.01290461190143678,0.01991846357803646,0.0285140858089748,-0.01058108221531973,0.007573209991791107,-0.04286770916057402,0.004609491578193214,-0.044007549528184,-0.0027636979142392835,0.009471921395662592,0.023268388589938446,-0.04358077705813363,-0.019522000969792352,-0.005064817001271753,0.014205155262012995,0.02823877527576352,0.028508377805449618,0.011439644953406972,0.01051651594376405,-0.024696710170341772,0.07504725808958534,-0.0637291080946248,0.015546289517717289,0.027321184674319775,0.003848142732123228,0.01384004879789201,-0.007615520497835716,-0.02969162959086771,-0.006769352120069506,0.001488550057213405,0.016088667811706397,-0.07228295883747174,-0.01399570103177064,0.05736659607106717
PRO_004560,SUP_0298,0.009985807686750293,0.09629486487502988,0.03583160394127659,0.026293531374946572,-0.00465874343123596,0.2600076506280325,-0.00842415947917819,-0.00129077433642428,-0.015288829824984893,-0.03930876429479264,-0.14765536653532726,-0.013074214351582493,-0.040721495577984546,-0.025674215832137873,-0.06544991389568605,0.11493747983748613,-0.0182610873905783,-0.032403716977324706,0.14351777384845388,0.09654073102146148,0.06772713484584074,-0.02536840012464315,-0.07741007913769735,0.049058113930119954,-0.005053588940695715,0.023393245911431736,0.01000852081124047,-0.06207355951675328,0.05548485755571643,-0.01496298675728395,-0.012144664574975185,0.02904522153763935,-0.007389150070941413,0.012981949819782717,0.020442796483125865,-0.05081845052722664,-0.025832288531990853,0.0012869054983985343,-0.008011290600716694,0.018029958989247953,-0.06442856156837842,-0.09773668611950846,0.1321132389507163,0.09958987817281514,0.014917802535334972,0.006721383458712395,0.0064077050649533574,-0.037806483768847765,0.06311583192275622,-0.00011933042999263493
PRO_004561,SUP_0298,0.011804987628765234,0.04851853131373442,0.019044239857443804,0.03463899225558656,-0.006651411199408242,0.30590997052081237,0.01774776289092022,0.08034434311121365,0.0014451440452709094,-0.02014638538871224,-0.030385953644139638,-0.008296802375626947,-0.05457426494841864,0.009508846729120387,0.005666370453249442,-0.004279935893844939,-0.0029306963252350845,-0.0027611258988677776,0.01080589950897903,0.023294609909541675,0.04931724071890903,0.028183296451933695,0.007044613399858532,-0.04353899356950149,-0.06071831016726236,-0.04772692334681029,-0.03163763632547087,-0.04701349338762301,-0.003349808471149323,0.08043672251303119,0.04645696300795245,-0.053303843970436145,-0.07925974998344001,-0.11175837538017284,-0.03449244711212808,-0.038123367857921725,-0.021687486709884234,0.09405102245996749,0.06519455188407898,0.021634088261291574,0.03463504857546756,0.04255078842815534,0.029601634192919987,-0.0735635872590149,0.03340758884416237,-0.03250424202832324,-0.10592660441896717,0.027026587224712767,-0.05676115194375267,0.12977713995118526
PRO_004564,SUP_0298,0.009304338630905821,0.05548893248536943,0.10138564827490294,0.03766264801634338,-0.012381754808995088,0.010125341999483917,-0.06377433809454765,-0.05115997986160426,-0.022551376758023343,0.009419616004976325,0.016665971015222027,0.00540847700884714,-0.00019248278447584572,0.009557554053602833,-0.01380430333343109,0.023923859439989214,0.01068975525487514,-0.0019631109485308057,0.016442614534170837,-0.019210516429283026,-0.07317541065414551,0.025046997590628874,0.015374816930278298,-0.03633244329369905,-0.01474860171743512,-0.06001659914522889,-0.019701281507144584,-0.09473280178928112,-0.04966676306675305,-0.05736645841781151,0.028690654944794086,6.118227571215017e-05,0.01569209101938749,-0.0009460196344229144,-0.021526415179518112,-0.014623335508326214,0.05949084988636544,0.32013065389575807,-0.19991721430473194,-0.01977099375587513,0.3039143274729762,0.22921491232024757,0.07792492626634095,0.04877435681486646,-0.1595861185835211,0.022309745315088822,0.11679957972768568,-0.010416540938981214,0.004737119478767721,-0.06424112828310502
PRO_004565,SUP_0298,0.009681857678672,0.11221078402128394,0.30141270558907907,0.12554766094989356,-0.04362341821541359,-0.03125462843339212,-0.1293403551431231,-0.0205493145382456,0.001582385320842,-0.0018934517727337962,0.03926957086848528,0.0008504149303452541,0.013417472858267755,0.017731258158465938,0.00029875837376803116,0.03307544101781556,0.05341329324831113,0.022502721446059457,-0.006631407249568377,-0.051771168782828184,-0.10619272036979295,0.059757270349653606,0.0013148122400986953,-0.03503711299568968,-0.005091078698779093,-0.06760272763820893,-0.027353660456904075,-0.08286009552501954,-0.05104165135635603,-0.04731533104021962,0.037823215699705134,-0.008366413866035378,0.010636652447494156,-0.007594526539540974,0.006714382043180857,-0.012522101456091362,0.03522917016977238,0.3174353255516558,-0.18090571812926778,0.0025832762515182036,0.343205186307767,0.21922861955276235,0.05926208709151332,0.07884123915550016,-0.09681987660098032,0.048341046115115936,0.1006799399900265,-0.022485219324791833,-0.016259962645531503,-0.07359828999839578
PRO_004566,SUP_0298,0.011191454027213837,0.09871481395480765,0.25833264677296086,0.10985539098799262,-0.0363591315055112,-0.010101802448272686,-0.10385526352636076,-0.028183978271133146,-0.007838430194995985,0.0008034271758952339,0.03547366548349469,0.005126279984074324,0.012449296135308105,0.011577083411528773,-0.007808172942078085,0.025648092381506192,0.05857520049845478,0.01104275017616515,-0.002508887416715269,-0.04572021425184516,-0.10064446948591185,0.05469183986941036,0.016879815839393398,-0.02720499527355596,-0.01435001490897728,-0.0766227926330765,-0.026416057634666323,-0.0990644709162604,-0.05211237118460627,-0.055751742315138436,0.03252396877397124,-0.00906824796203706,0.014090540687902022,-0.0023450619209554185,7.157112432870866e-05,-0.008958895577218491,0.06458662611785478,0.35098665103830806,-0.20524644658670244,-0.006145065925950875,0.3458671605275206,0.256675619090139,0.08399728095552463,0.07174466703757328,-0.1681780972143306,0.049254722546185264,0.11682738684541884,-0.0006215286402961045,0.005879481590503463,-0.08127636701070588
PRO_004567,SUP_0298,0.010297125160254338,0.0816033607375854,0.033331111145728926,0.04051810344296267,-0.010357188726776746,0.4039781932684105,-0.0048227119492052625,0.09071225505235199,0.0013284370390415595,-0.031009917408654983,-0.1056323094885124,-0.015788456979207454,-0.05291499381126001,0.019004251397738592,0.01828324900915879,-0.01756272700401816,-0.014330014999163206,0.010645504368550001,-0.01932404277139442,0.029536919304181872,0.08240440806949305,0.0898301560385381,0.028843936791548317,-0.06177575705827556,-0.11004644507034014,-0.06942406570786414,-0.043033980396855236,-0.0018499926305672028,-0.05224305788036504,0.05462817428203991,0.05979352265320486,-0.05877110687293907,-0.11977960620552704,-0.11785150277118703,-0.026551625143936435,-0.0820972171621163,-0.005370572592943672,0.10216982451316589,0.08351828374116653,0.0634638665530622,0.010096723308099579,0.009051239543660362,-0.06197124170423933,-0.075550038994187,-0.0051015102708115954,-0.03658520417047881,-0.09376566700185632,0.030384610189706222,-0.004614517162123157,0.07403910991869539
PRO_004569,SUP_0298,0.013264807527578271,0.12274880808002206,-0.008329652106658567,0.044200639809537784,-0.010225565185163616,0.3397693543044983,0.015916720050902108,0.10959801351878441,0.01673920493272927,-0.004204011004158559,0.045543374276023924,-0.003948289252435093,-0.024661898636266007,0.008280253420826363,0.004180171170918275,-0.011672839293712283,-0.009686694383092985,-0.015453239922183481,0.03170837092626061,0.0194617480716255,0.1417732309916766,0.099835040821368,0.020477877685886325,-0.08183511591975816,-0.12944965731185645,-0.0702583641484847,-0.05551116036188253,0.001954953063060415,-0.018340137386154833,-0.01634700676333031,-0.019467805901336538,-0.11341691297795983,0.03690458995419482,-0.009207064313844583,-0.10462129862223574,0.013066239794240805,-0.056554883536313626,-0.06505720884221625,-0.034250672341596726,-0.11424133888203611,-0.041595378849582684,0.09543249706521452,-0.021546158743806974,0.0668016370176123,0.03964930635029966,0.07045867998160886,-0.05978375765481471,-0.03317063286495637,-0.05944702092765161,-0.027423370281498622
PRO_004571,SUP_0298,0.0059528985253574345,0.05807023909756662,0.010406849409364776,0.03692504817003795,-0.008563043851028188,0.32287968226071584,0.011586456806155969,0.09958296536564293,0.008354352378013293,-0.012595371939160913,-0.003792908004964168,-0.008138522692180811,-0.07234975742931783,0.00327939960950664,0.0033931049554188075,0.0026602994929243798,-0.008690538381605375,-0.008827669741246207,0.0059251855926016105,0.021649341632729923,0.0812826719371969,0.05437477527521184,0.01328394998949775,-0.05926075466918221,-0.08717151442256767,-0.06933371696312607,-0.03660535900431538,-0.03104761480179204,-0.016201256502927038,0.07110353292100315,0.0449129318489215,-0.08457631393342217,-0.07333044855405794,-0.10163232428958603,-0.04742858286002013,-0.01533419197677644,-0.036114180055306686,0.08931919482350935,0.05446772492657804,0.016640567364558004,0.017571731492844873,0.05853811686342699,0.04206600882559231,-0.07777939606349643,0.02008295416870234,-0.004941773536085324,-0.1385435351920221,0.025079225481111297,-0.07342783792230338,0.1468709567018037
PRO_004573,SUP_0298,0.004428659088807538,0.0564461536770222,0.029802740991387914,0.023138298409597392,-0.0039607295149059595,0.15506716445750987,0.019537273819576394,0.002674743190936606,0.006958162550580058,-0.015801171591146267,-0.07354989414503818,-0.0010402270942984054,-0.014630041286255238,0.004152492336763342,-0.0027341494768873343,0.009620464408316431,0.010512632385863332,-0.0007351843398156596,0.043512352542982746,0.009715819330395899,-3.893770880036059e-05,-0.004043698774074976,0.0052463568053491205,-0.011467669161837741,-0.007537989802392131,0.007874834380224776,0.006491609556586374,-0.06866534087912039,0.006956263906810983,-0.007047902762070474,-0.0370231649908891,0.025125118490441436,0.06780748222160328,-0.01899374525657341,-0.07444265776651901,-0.06604242477093757,0.07172507999634585,-0.041884427468302864,0.006391913020923954,-0.011553284563012174,-0.012116733535484562,-0.01765240416610797,-0.015294810174866483,0.005208939815799327,0.014789753827885468,-0.0272161612019188,0.011770870603197047,-0.04073565009277184,0.01904040251318362,0.002315899645169589
PRO_004575,SUP_0298,0.00881451783001192,0.12328578355451683,0.05853554063240988,-0.01039827602843615,0.006374994419053003,0.010170108605964664,0.010239972438568707,-0.09598551504530418,-0.024016546489383967,-0.04475720046720713,-0.08062072619752839,-0.015432307544291222,-0.05325853360836585,-0.037414641606195766,-0.0689476559876329,0.09009925553159231,-0.03259309632349381,-0.012461687039943534,0.06659802211937364,0.019635330360025897,0.055196529657557204,-0.043764082965810656,-0.050311120742816115,0.0429237170395323,-0.005620429129504969,-0.003407887388074772,0.016363121135845104,-0.012886701658788382,-0.0011017967896186976,-0.014725510283610925,-0.04025096482151396,0.030333229144449657,-0.01992546979443717,0.014076040432883194,-0.011509311566301552,-0.021048046802173825,-0.023220195096786526,0.02396208435530461,0.05476791450055008,0.011171669519182723,-0.020994538544707283,-0.032579809867603296,0.001721910385780491,0.04094344755095515,-0.07172319833391835,0.021676639933601253,0.030670858870989484,-0.11013074951694363,-0.018188838070498023,-0.007285669964128995
PRO_004576,SUP_0298,0.023684508357638134,0.07306337630527981,0.033642561531613324,0.03828001037475071,-0.009418803470585674,0.3591772791776564,-0.004097825368512081,0.062418815213142693,-0.0017052191727826558,-0.03711281878135504,-0.14888834656018207,-0.011907624392014995,-0.06545039292636352,0.0029285134521472764,-0.003145048028677727,0.02288756967276779,-0.00593367397036819,-0.022564412756935544,0.08853192780238049,0.0666823622188057,0.03045408900987668,0.002132743032993621,-0.02017974066721278,-0.00680150577250805,-0.007235801484610875,-0.008783332671701134,-0.01219757013943226,-0.03817535119228416,0.006296413577431397,-0.01875674459712701,0.008389608548952678,-0.001406815935862895,-0.030539110314389054,-0.025987681762776216,0.015761948708542292,-0.022895324201340397,0.04769649927719924,-0.10631601670157653,-0.03587733151118173,-0.1353921254863166,-0.008542873915019768,0.028389331229663462,0.07048772171443188,0.023728396851113304,0.03893795679214336,0.03389311832613053,-0.025464901798239944,0.03975062816479433,-0.05865225357844719,-0.07091456005699405
PRO_004578,SUP_0298,0.004181427681434388,0.06403801535869909,0.002944327130359853,0.054129965988575245,-0.01201217361448744,0.2854392195834763,0.01774732386911889,0.1194029201941374,0.021983719346667433,0.022366008983650293,0.13948518272660823,0.012370849227330767,-0.15521962599852338,-0.033787486109072305,-0.014728824669351454,0.053058263287595005,0.006163314028786145,-0.01928676020414262,-0.0006985618131871681,-0.003027469813606514,-0.017379566432220658,-0.04369124906004478,-0.005813579935122118,0.009268333195351723,0.0559112755801926,0.016139004815334916,0.025488831251120666,-0.01788818474948068,-0.019710044097577324,0.02415205626620335,0.02289756824599531,0.00912955671427483,-0.07046729699777933,-0.022496955914944456,-0.009469840974951235,-0.006844285234229164,0.021706661166423422,0.048931337413985726,0.045364947693474225,0.05860628610965589,0.013899695515887394,0.013721384670568463,0.05139991019270983,-0.06110215300769518,-0.00631988996852322,-0.0422519724101786,-0.034521263474728225,-0.013258095451596563,-0.03942640397160804,0.099497102050466
PRO_004580,SUP_0298,0.02048495318381576,0.08462822093694675,0.02630369072164883,0.05180990981057275,-0.010047760369429897,0.44522264825191654,0.017608623340513177,0.10796615516427496,-0.0005984729446116819,-0.0379789382110928,-0.0879711955155913,-0.016888551878576036,-0.0570120032837308,0.017655497849909954,0.01980986923697731,-0.02375308294298218,-0.014697689465213885,0.002204406015938628,0.010829044985856484,0.04764509754053359,0.05196482151545774,0.05311229362282232,0.019339824477678725,-0.07122049019570045,-0.06785843103470297,-0.04966072994682511,-0.015282901236227527,-0.029277933966536093,-0.018981752596002915,0.034758032725293674,0.04242821656826189,-0.07804365712775778,-0.06297649894116983,-0.04970278014639963,0.02142271181299852,-0.056054193456369306,-0.011358640130233641,0.05302407101849783,-0.0128733785317705,0.008382808870590527,-0.0007622665856250811,0.024341405144017433,-0.04097679525136189,-0.10363414809034964,-0.009945936490231897,-0.035663622213458986,-0.052988110840616685,0.03234778765274257,-0.047100472292873584,0.09152260120430622
PRO_004583,SUP_0298,0.01542890755780508,0.09105820682742881,0.037970016103626686,0.04535305942574944,-0.011196300189783313,0.4269656514025858,-0.0035162086467089787,0.08413505872498576,0.005101759858302078,-0.03516923994579389,-0.13138259521755163,-0.020364866144331844,-0.018390287756414454,0.03488616358179202,0.03489125307331743,-0.037357232601768375,-0.005826173817857731,0.01307698034710403,0.012065260198135239,0.04599562460305475,0.027185034996862093,0.05083959784309673,0.014965646943209948,-0.04538660716181086,-0.07568189432329789,-0.027676587825722347,-0.03987622734684257,-0.0486280592924114,-0.022349233170427644,0.032451964871076905,0.031306763222618134,0.008272346302501172,-0.04015709616716761,-0.014194351960625512,-0.015816449891981138,-0.030456567030929152,0.03405940883846869,0.025288219107267113,0.009206828336250117,0.0254861209453774,0.013737652816858494,-0.01974541896633315,-0.08253309044803761,-0.05765305133457384,0.001238143391984946,-0.05217403580683548,0.007155715874665592,0.0008415009261422469,0.0061569432593890795,-0.026497889046483966
PRO_004585,SUP_0298,0.010953384905174031,0.07796379041410083,0.030623024289920316,0.04992284079912343,-0.01315304166687219,0.3476174446453605,-0.010663580154394073,0.07562278150925696,0.002079806799509086,-0.038731049555312425,-0.14532370781777654,-0.026096414151431588,0.013434259121290988,0.061606722610597686,0.03888254988045229,-0.03455678494982324,-0.007073594781926086,-0.02597840293986645,-0.020953950131641426,0.04180735637145643,-0.09522000178984495,0.0034076826976368896,0.09610863775907062,-0.12887955170425225,0.05571302295170263,0.02888086692189304,0.011073814853202137,0.062496861432976544,-0.03462623196360469,-0.011464305436056036,0.021124585149181942,-0.013297906801073345,-0.0012225291431187195,0.05685262751423634,-0.0294090641486032,-0.08648333877243612,0.03506555550295083,-0.020726934059546294,-0.13867253599297036,-0.04510237831339096,0.04354766424967895,-0.06495684852551911,-0.1216602857674838,0.028369733250068925,0.05727415951267547,-0.12341757397168801,0.11305285278243395,0.02070887373727668,0.10683861058242192,0.01305487696624059
PRO_004591,SUP_0298,0.012372343252709984,0.06721553920757835,0.035049560228386574,0.05048487576448981,-0.010395151454831705,0.3882524080466441,0.006597626804966618,0.07542450775103958,-4.107647794257953e-05,-0.04479772168272434,-0.14534471951384664,-0.018522675798002437,-0.023679103381896882,0.018962843309178704,0.02500358202931969,-0.046774879821615024,0.00492095376946385,0.0058475229918546505,-0.012921116516662001,0.03610017961640805,0.056754325312940314,0.05202715657191775,0.04213366344080414,-0.07331856183219095,-0.051504548731899996,-0.0381865411909183,0.00786313020273279,0.06628596699200098,-0.0184815479946655,0.004665389276391358,0.032837862800653955,0.0024401182669284757,-0.089690571304284,0.011462327075791413,-0.07987272396875882,0.06918425037159609,-0.006980729164401912,0.03396976137724569,0.0253876683120181,0.016353703317752443,0.013537180974340344,-0.08292736819657716,-0.021366768596905547,-0.047597649318183465,-0.05242667595739003,0.029169474347603787,-0.045850879408322394,0.009682737234145648,-0.006456831346794955,-0.026784061867673424
PRO_004593,SUP_0298,0.009622975182049307,0.07953479900804693,0.06793738962099136,0.034454868178582516,-0.008834254701630151,0.33580959651445985,-0.017554161222899194,0.04274406798453711,-0.016644334986848804,-0.05040587255472653,-0.14581624678180186,-0.02049827202222945,-0.005745954068801309,0.013332121699745536,-0.03328551009358617,0.06600534020626322,-0.008825406316727052,-0.028174996449654204,-0.02507552256738805,-0.022746032940322347,-0.031095221265673836,0.012703906296376064,-0.001459338459893534,0.02715389600776871,-0.018221516230093732,-0.011238230915850831,-0.04429914848627996,-0.04359447650318592,-0.03661018537652628,0.0141550171415816,0.009685970241962164,-0.08164210397165601,0.006038807638273698,-0.06063806771854906,-0.02404453910319435,-0.009996708638527104,0.023533856895707417,0.02234180664694609,-0.025046753271003454,-0.06388095827132224,0.02397319018407137,0.008846383692628863,0.03559145233372178,0.034588332098353144,0.021171436215037063,0.072475935251397,-0.11664269777339642,0.03458141321052796,-0.04891391649139596,-0.0422389732060666
PRO_004596,SUP_0298,0.003875638970996851,0.061573912045282155,0.011321704700328835,0.024323312937260193,-0.006994588557903983,0.19504135617657192,-0.007401062432843668,0.0485985237160169,-0.00035837974471050055,-0.026334534015181158,-0.09856988355416868,-0.01873795751165626,0.02794124151843036,0.04829788325315709,0.01822788884021478,-0.015868546442549838,0.01146792194555376,-0.03487740753655966,-0.05484374567454197,0.023570236612058666,-0.14706129769430787,-0.025036960015170084,0.12087356741867307,-0.12921806393614294,0.15270694734070228,0.08213149220002591,0.05923485392886257,0.17011933435028403,-0.0323104168446402,0.006097263041043252,0.005549863571354131,0.005067206551409956,-0.00629563188029614,0.028954557757349807,0.04378437845316683,-0.004485414174147185,-0.04789263004966869,0.01537706580189834,-0.0583779208777599,0.040773278075330655,-0.012441959411883106,-0.038959254124658345,-0.07837527017417693,0.10121008010523715,0.028121156216785338,-0.00995927417657277,0.035867231017354013,0.009825367582235163,0.1361755165954857,0.08759705457437103
PRO_004598,SUP_0298,0.005293471905468742,0.06785177314681691,-0.0019217859690748066,0.03598441118545135,-0.008249577098118608,0.18770831631263424,0.004052251173406248,0.052982959914406984,0.009194362067947943,-0.01952650456877017,-0.08207089656121024,-0.014211068918350143,-0.011857280153518794,0.026877128789152847,0.012701628297660278,0.0011382225916952197,0.01152002882492785,-0.056324554244003254,0.026516272602314782,0.08595719064835816,-0.176800158193921,-0.06489021510609397,0.1837345317241883,-0.22582516403130692,0.3093108289345899,0.08409587056561721,0.2199252029762589,0.32430142661577116,-0.1083791719880769,-0.05077660460453245,-0.03142214179763562,0.10814873163270143,-0.10125015999672017,0.007907081799385719,-0.04269298979346001,-0.14705583625869365,-0.04438852951744293,0.04406425669378877,0.18673151980696487,0.007936265069045455,-0.026855073755658525,0.024256926751287152,0.04480175214838481,0.0918113738730107,0.022970277639521138,-0.0042757742866242595,-0.038237882012072996,-0.046264966090769334,-0.03548988039249521,-0.11904236577950839
PRO_004600,SUP_0298,0.005652328140231874,0.06069687097451832,0.006153517073696885,0.014880606095356646,-0.002072019812663089,0.1550681843198345,0.028580795819539137,-0.027646371273030372,0.06851182855750627,-0.019805915711988697,-0.05669670907402197,-0.00028413941410521495,0.025827269175447063,0.02165071591283665,0.05763402301918303,-0.13186319386250356,-0.009488558088402002,0.08739047528777065,0.035782435692702175,0.048551806066248794,-0.19282077237417342,-0.22539887943528333,-0.04828865957969508,0.07868946214326761,-0.15580226970383174,-0.12353144917733337,-0.07704463862847367,0.2852598648416085,0.3234154561734502,-0.2758684285112227,0.023382163043599528,-0.07028369258970972,0.021228291169072846,-0.058538407394172945,-0.01717610174695936,-0.09153540307926104,0.06915430233618258,-0.026241916696305132,-0.11945625793732448,-0.007047661123259821,-0.09747218338840341,0.0484210277833185,-0.0381214300533633,-0.016570475975438297,0.004055950056694837,0.09389144037960535,-0.05961306536782917,-0.007600989190069127,0.012069788868179753,0.020205625941751296
PRO_004602,SUP_0298,0.012448802457977162,0.08666180419745802,0.0025596447274735435,0.021249815639579717,-0.002569748992903581,0.19806885139322083,0.02618072132718662,0.019573702611397584,0.0027467700004801146,-0.03562466257187487,-0.0772014332865284,-0.019269815521712946,0.12949657588655833,0.06096836188839421,0.05478022760139521,-0.13954381333331115,-0.004672334749064767,0.06672589588552402,0.03866099485056658,0.013294905497666265,-0.12033216351406133,-0.20779043334396638,-0.1281625920553769,0.17306178973240874,-0.03986874780903354,-0.03172824188687859,-0.05106853143319606,0.028467211760307302,-0.14254746444160835,-0.026671055946852866,0.025667869756505656,-0.025072568456248688,0.03007680646316012,-0.1353023862858713,-0.06965400790943628,0.13216542927796154,-0.01794984130975995,0.016440471818873988,0.1520623579030628,0.09883677106305151,0.01126696541507822,0.08014615098551028,-0.034196446819003024,0.02125831688659658,0.09094347776126367,0.007167349124297576,0.07665345826173339,-0.06569932398591011,0.06901401267606258,-0.09013204540010114
PRO_004604,SUP_0298,0.008546107262400512,0.07061729212603451,0.0011491150362903692,0.01992540050579993,-0.005263722640750521,0.17604773146126676,-0.0015286383843845564,0.03312280849535123,8.324005477394845e-05,-0.0228620181524721,-0.10282416994108426,-0.007828318406160077,0.01666520970056305,0.029662511005136512,0.026617192260590963,-0.04993949629305045,0.0002683750803791532,-0.01298479123358476,0.03445020876446117,0.026915879056496717,-0.0007353346431779387,0.0037100692881370185,-0.0003726895430114836,-0.0006708485357470866,0.0032233438510566623,-0.004262903232899719,-0.029633752189365075,-0.033138768232066185,-0.040364333794274954,0.022116667244062548,-0.035939673200041704,-0.04343229558440602,0.09423962166040066,0.10162853366957153,-0.005663975189263046,-0.0904054770293522,0.05997570382273688,-0.008193208206764276,-0.18490512758880331,-0.015862507510460214,-0.031284064250346064,-0.033858301649765374,-0.07479664943393301,-0.11760588824014004,-0.0470015945517397,0.002390970186209723,0.32531346235822467,0.12311412318488509,-0.09167720097385029,0.041605394630178094
PRO_004606,SUP_0298,0.004452935693284198,0.054685065923836595,0.05665345321921678,0.02777856401965701,-0.006787015680296682,0.17649177890513826,0.007183478924782199,0.010043623035572723,-0.0010059504986884623,-0.0035745591240411607,-0.07429442694628133,0.004922246632976685,-0.02191534285133215,0.004993235469876757,0.024343890987921935,-0.04714893208327675,0.01606369818844007,0.0076244240965658155,0.08738640858542726,0.03918550586648445,0.0417517028003058,0.008018915879511881,-0.01762982469512365,-1.9912540237412932e-05,-0.035007564503630274,0.022896897684428784,0.0020527049971098416,-0.0397476896371717,0.01745002653468272,0.05612339637784875,-0.004872396568401006,0.002734393808362375,0.031929869817502184,0.017599673472387466,-0.05273208289073839,-0.08441156871611143,0.03892939373343608,-0.029413791098687123,-0.061434249870190846,-0.014117747446523929,-0.03768408457547066,-0.03688650979188629,-0.025504367603463474,-0.050063113030849066,-0.019024571199583527,-0.024206031788037655,0.13433979125280637,-0.00038678772292084426,0.004294635966067631,0.020118651539830525
PRO_004608,SUP_0298,0.007265552406767555,0.040995114502583585,0.01765062225908052,0.023070903226694917,0.0015825699545438132,0.022197131305743384,0.03551187816000757,-0.03587854823407702,-0.018375723380940477,-0.028668221537902897,0.0028398569042646015,-0.04562614147443014,0.012704061007649174,0.016217578642671218,-0.004113590259612274,0.01931772954944898,0.01797730579993419,0.030224403516903663,-0.02329816642325704,-0.04903716582682875,0.022206823560394596,0.03133947729843953,0.007007807397091688,0.012105605633630001,0.026039406057386482,-0.01194870374652004,-0.04566104493814557,0.014266902670779806,-0.01178431992174388,0.003669780336074136,0.0014297265416594544,0.00030597072508674274,-0.012623637240874971,0.033917859331404225,-0.00731470365197623,-0.01927844261584107,-0.012682175153251315,-0.009444260060659786,0.03474299485931213,-0.00030895807496694174,-0.015671558678699113,0.007963760994465885,-0.10240633060281015,-0.027312951143262647,0.0029623990796391634,0.005708278584592127,0.02712841488075938,0.01713671940795762,0.04333999246224507,-0.0030288947880793256
PRO_004609,SUP_0298,0.010831806945798819,0.06392830785695573,0.03391729404213354,0.04272758681165583,-0.009122343224979882,0.35357449102228233,0.02910662264566916,0.07717977684881086,0.010825482405262526,-0.028929320081481393,-0.12344242065894181,-0.016501936175285763,-0.02765321137302768,0.018485084705403432,0.02128122615551512,-0.019955455246309334,0.013703986653880493,-0.011836159595103295,0.05559392916105527,0.041394330199778784,0.0052392809163764025,-0.010872759186318536,-0.025207633771097727,0.0016817457796440448,-0.023750733603727082,0.0007299687698374873,-0.017501545796414136,-0.11701917701744959,0.03734456541581566,0.025313710533543275,0.004239273194595989,0.028995792471619364,-0.03727061361561616,0.004693108168348538,-0.033684456051728984,-0.06611180813056357,0.06123111321552389,-0.009735350497545491,-0.04237429556870061,0.014411350450387559,-0.02432148318587062,-0.09816394583709687,0.10094055203498217,-0.01674230838941575,0.04957051420405787,-0.0426210968568838,-0.006090900688856373,-0.023716006795429453,-0.021243388901843706,-0.04298287336063796
PRO_004611,SUP_0298,0.008821459595713966,0.10345027808764429,0.00186818804913455,0.04263234599203472,-0.010490079056254048,0.3449809426382853,0.011923353451103066,0.12433935148523705,0.022614259203692224,0.008815006315520353,0.08852129273897194,0.005475056173220139,-0.15458021218355847,-0.02183673869428068,-0.012951499230937183,0.053129006037815715,0.0006006593590831638,-0.02905668336544381,0.007465531988171879,0.023330674580731563,-0.15051817126004427,-0.10264350440933649,0.03330294609960417,-0.011345061323456232,0.13346747764414116,0.04531291859785653,0.07997185164953523,0.08400570857093367,-0.03942034638071297,-0.014047577009921871,0.006401002506865393,0.08182068976438274,-0.05566649460595257,0.042811596942349414,0.020878265012005272,0.04063061199808173,0.0009483512005604673,-0.003076536013854904,0.008755822570598672,0.05995197998630519,-0.007819292787294166,-0.04906313421224666,0.013599299237999391,-0.08127707638291008,-0.050930420754602176,-0.021365123972724148,-0.0011186705052824743,0.0032989074992962465,-0.008578696424154571,0.027599598643432855
PRO_004613,SUP_0298,0.007508677081051429,0.07288590042976557,0.009648508670750377,0.03873563390807861,-0.001145042854741493,0.3092386670938514,0.01440061247985403,0.09002606687564724,0.009648335545876886,-0.0030018561458638486,0.01517302639580362,-0.00039801525727250825,-0.10178910809961447,-0.018212679611962917,0.007719893620878949,-0.014633392752718945,0.005587510631932144,0.0059569850507792685,-0.020919380418961162,-0.006789790368203996,0.037517379674269984,0.03471141774748419,0.007518581208331387,-0.005365935857541409,0.005922475117712221,-0.014882251361087489,0.002111587142852971,0.033341871861977894,-0.010064976379331344,0.032385889172469075,0.039897848805993646,0.055564715424554274,-0.06462122233735684,0.025318954178633314,-0.004028485684566012,0.06180370779565821,0.007394324543105601,0.04388774416046926,0.020511208769920165,0.09453834652728273,0.02401765973913089,-0.10053327931501037,0.014005775137464462,-0.10245236207851112,-0.02442070871802801,-0.059440863742983845,0.011925407066311206,0.05819931353855729,-0.07201645415945633,-0.026451996725131946
PRO_004617,SUP_0298,0.00888251781841123,0.07239273578596318,0.015262042627815206,0.020068502051998175,-0.005636046330166277,0.17337768384734517,-0.0063455602293329225,0.02314513846890677,-0.00442093176941296,-0.018065886881927905,-0.0757066638201942,-0.0076313691909301856,0.031913003046220384,0.018731347682488332,0.01080148988353015,-0.021584193648937468,-0.0036977823360142457,0.0015486618051190658,-0.015470084234130505,-0.003883246065323223,0.04734481108829728,0.04057293833268917,0.016510443709288607,-0.03373830994353141,-0.05518828162340323,-0.04641280868994398,-0.01227464776646919,0.11349001215934525,-0.0028842793940242043,0.005497218307282512,-0.06453247037717036,0.03219244047874862,0.14916762167062628,0.12615943633651186,-0.2574368302959815,0.24122823375630253,0.07694222384243501,-0.09328525623522767,-0.1207472794365023,0.03350118124849617,0.001909905833652339,-0.001327108247435369,0.05999492860680653,0.06103051151477029,0.05882773680024879,0.007977539783068307,-0.023538659394978553,0.007168081490633898,-0.06127725790038176,0.054177410748614534
PRO_004619,SUP_0298,0.007183358897202072,0.05484859579041335,0.01154914460419251,0.030128749420819268,-0.004878179908720806,0.25294206534203806,0.016175359531999767,0.051342993803275484,0.005483341937004824,-0.018658145178264644,-0.05846585365987143,-0.006967736801394537,0.018835373995526154,0.0057665843758494695,0.036264347965506365,-0.03525340273825431,0.020784064101271836,-0.01841544397199997,0.04847281775130722,0.03145054247099366,0.040864216526663125,0.0312242864240968,0.007187670179374206,0.015118903497838275,0.16711910768811136,0.07192100960253425,0.030465890694388945,-0.17065479586764123,0.21816420650949966,-0.053984217892894704,0.04580282563319845,-0.011616278639716187,-0.011479633285922542,-0.07373709650076414,-0.02118240262986143,0.09694349445823688,-0.004543901001464041,0.008520947423398213,0.003403097238725927,0.004803022286439106,-0.017109819448708853,0.03025295866216313,0.03285410366375355,-0.005757597707185589,0.022453631219679648,0.023123067071146614,-0.043938950608449726,0.01274681765603849,-0.02071498569118719,-0.02837826049148778
PRO_004622,SUP_0298,0.003515345742511504,0.022607982477964028,0.068420796457792,0.5196428001268936,-0.11803639502418262,-0.09061312436399131,-0.054535404679932675,0.03651575113718327,0.040558704651455765,-0.028413613131457655,-0.00023795319800071842,-0.010358176251062834,-0.01990087698924719,0.015301601247770179,0.01746610182450041,-0.00019117735685723848,-0.05126303099800683,-0.03401799580170753,-0.026483073790184112,0.04066922391423159,0.007307734153808881,-0.020321907353524925,-0.01260948213393211,0.024005106696608127,-0.005886074578804943,-0.038781022812395954,0.022102614548786956,-0.024752666449187163,-0.0004147197439102355,0.012247964068017845,0.04504974222880044,-0.029990165308624674,-0.019823927169727827,0.031449347066244075,0.017984003898051253,-0.01128737670015078,-0.012272941302844826,0.02418705535466161,-0.04074394222293549,0.06180806619392476,0.06753752854824506,0.014381148096494867,0.0015931593185151524,0.05466836588164335,0.1065866407697868,0.005709885100342259,-0.030650326471748895,-0.021433547275502143,-0.0330452757158849,-0.009746146360850735
PRO_004624,SUP_0298,0.016573017363172727,0.10427429340993677,0.08470375537818897,-0.0014804394708111158,-0.005494100636720448,0.10950632265532356,-0.08308000879403273,-0.05691483580360802,-0.024637530521381897,-0.016869378780803235,-0.09718897888608384,0.007534125110122448,-0.046230181382861495,-0.023424706396200427,-0.06835616958686343,0.11867094619040558,-0.020197959040243525,-0.03652719651798194,0.2107064183735342,0.1322349844711801,0.09274348090968867,-0.0016558310639147064,-0.050897631471176485,0.04286515241855218,0.0014066230467802666,0.019335831827209805,-0.028995128693006005,0.013092651712610086,0.007019801486850168,-0.026676136566232724,-0.02479373305975795,0.04383819073030976,0.004662080358375832,0.034152831704783844,-0.05321076174352222,0.00629120294538978,0.06823605852268115,-0.06707633184454813,0.013276895052242861,-0.018788461026223897,0.026147548488781296,0.07017824029986733,-0.06673060750689556,-0.017654300743975806,-0.03527762898281463,-0.008000744831854088,0.037533632240398636,-0.12836059734011565,-0.03319709237448474,-0.07340704655475487
PRO_004627,SUP_0298,0.01605426169805157,0.14523714477398153,0.1734719279368829,0.015960536059781896,-0.009468428268944921,0.30700936555133634,-0.05798294401137543,0.027455147563020116,-0.037339843561803296,-0.06931894941151874,-0.15325356837227375,-0.04442718304140544,0.08571789467418743,0.04642397918500502,-0.045512787084861096,0.12637569131483803,-0.02076423843756022,-0.04338363458433825,-0.1639741452260827,-0.07087128314066622,-0.14458224173395262,0.0043581371602155515,0.069406296149581,-0.021272775011554987,0.004647423558812311,0.02937880265069642,-0.03215224675657422,0.04557860876303778,-0.05184912553605888,0.03260340058234921,0.028378852851467982,-0.05839909956906315,0.003758222354917757,-0.021869922532769422,0.034011423761380145,0.010648583144533895,-0.040749727388587675,-0.004989032509955972,-0.060510161658431844,-0.018180979711729967,0.011573678832046099,-0.06271261087706538,-0.04699916285660873,0.055345463233243825,0.04555754723712103,0.0338948590898423,-0.0770214210517854,0.084648384967208,0.0267454259637753,0.017148591905788855
PRO_004631,SUP_0298,0.004140706046807605,0.04289339158283961,0.015030800311660033,0.02278243780361125,-0.006219555713569452,0.15687328536295217,-0.007373252213305477,0.029468568183585633,0.002943825901759129,-0.02173762859368966,-0.06533683620458523,-0.018760641518225766,0.028530117448081652,0.05315555285975252,0.04681278098980692,-0.06338684315548501,0.025172697408261356,0.027494181845732595,-0.017266935048323363,0.0331697089799482,-0.09538326002763887,-0.09898892363232248,0.03539832779152134,-0.05296810639288584,-0.1250424323222811,0.011082522028169957,-0.13977106887940816,-0.10095581450980966,0.15365737456332268,0.31344251844006943,-0.08614840886938917,0.5393821115042278,0.06524854357420506,-0.04090746328843011,0.14558892850918403,0.08434207036384803,-0.04228793606795727,0.01194058423656474,-0.006041299737333275,0.00112593302884438,-0.02661792415994499,0.08748783329634398,-0.09147467086221837,0.056273238002868785,0.03879789131788413,0.01996565520951566,-0.03159802812743302,-0.04329318830123147,0.011615940831902176,0.0014164595836676829
PRO_004634,SUP_0298,0.01569814184808697,0.06029246493009311,0.02529471069310276,0.03496633117454284,-0.00047611226777419626,0.23833990641387232,0.03239279610605382,0.01734553138399826,-0.029593298659556306,-0.047148028218906735,-0.09827034313851622,0.03012758960030145,0.00808277051181179,-0.0048860322945672085,0.017059466323522746,-0.03517564545748473,-0.031130612956327717,0.06461621155950527,0.0026234219302116867,0.04706652919533586,-0.04267851927752412,0.015237488934195718,-0.005012871924122856,0.004912123436076833,-0.010059668781679094,0.009606870365001867,-0.010630087874744716,-0.08310356585417275,-0.06377864073920222,-0.014536717006104843,-0.06127375228327679,-0.02163995484527809,0.044288929382766025,-0.011054763206615041,-0.0795296690024386,-0.043374405846068706,0.09168103139736428,0.012876124531679398,-0.02306273666619608,-0.04891344218340885,0.059068875447086895,-0.009164383718273534,-0.055677153538124885,0.029823114834814004,-0.029179127706504028,-0.024401204251035674,0.08696791489603618,0.07199191721424542,0.04652183939482008,-0.011840214452662891
PRO_004636,SUP_0298,0.0286171638731406,0.06868629168619729,0.026936053594724244,0.040695675076736534,-0.008368295164028584,0.35671293723523584,0.013533741370950222,0.06837105143729637,0.0003354034870955149,-0.02277126402437511,-0.0934928198062305,-0.014687287402303698,-0.029735508663533475,0.002001151388937694,0.017958201029339267,-0.030757885274851644,0.004451801661926036,0.0032725474184088985,0.017240489643019292,0.016220659055766935,0.11324425117510248,0.07168637927374243,-0.02378466333280207,-0.022261896144868117,-0.05405235127496363,-0.04288781397115817,0.030375630133366985,-0.012487892029904345,-0.0015031258185599751,0.005719111351325169,0.014657967765720793,0.01248301667403817,-0.03703249380950678,-0.0022682134740000933,0.04019060748671692,0.03211192316712631,-0.0045514874433938155,0.06347452814828171,0.010949621258422602,0.06430630037977637,0.00016632361629789245,-0.05576740043582632,0.0753536902941797,-0.07890136726416871,-0.04788917258244491,0.03892619202297,-0.032135002561517134,-0.0033111221457881564,-0.004002105607788828,-0.01237921542271976
PRO_004638,SUP_0298,0.021153356456033605,0.10380309301728734,0.02339213315399094,0.02980746191047427,-0.005706017631766576,0.2621752800800957,0.004357280500787437,0.02631836400959762,-0.008147714159166536,-0.026850471057266012,-0.09996398698585225,-0.014261939600588835,0.062491439675525624,0.014952861434369398,0.03522437045139696,-0.012159509531068126,0.0007737015757872105,0.005829846553609419,0.008050340677594324,-0.012334344817915158,0.047958174122963215,0.031241675228573285,-0.01538933146673178,0.010918440096504611,-0.02162037477192919,-0.0024965880832985075,-0.01335030788531287,-0.08655555812652312,0.03283478232908913,-0.03523295788384023,-0.031133680698186672,0.038426309660632284,0.01896176254233503,0.01096066158493633,-0.011050796534228859,-0.057513010082281435,0.07182838970455128,-0.03109066411939027,0.012362966356031164,-0.06234256577578764,-0.01604437340366428,-0.03609137586463483,-0.07537572223475408,0.0308754633682831,-0.0033784656422136813,-0.015491775762727688,-0.031025051420399498,0.03604552001393054,0.029967868786015064,-0.0807008359350269
PRO_004641,SUP_0298,0.011937753186132261,0.10051594484201848,0.04081408700448869,0.00036548548550328956,-0.0005911697740668635,0.029598792474070042,-0.030602826495329857,-0.04333918337604797,-0.01848270288786592,0.020855010996323926,-0.0003765954693977743,0.014606964220600236,-0.017465016230460765,-0.025706691756180605,-0.014504047819893881,0.0005539927467515296,-0.0017859202428331914,-0.0005892209725900251,0.11094251199301632,0.06297245959021382,0.07527320834994888,0.01319391367804669,0.017331972359887482,-0.031894032027794755,0.02618017748857599,0.013163829024441484,0.027065381481738374,0.02103437440467311,-0.029035830544219238,-0.019639023323011973,-0.054660491153467765,-0.008448264203791082,0.08997154701779836,0.032281952536611896,0.058906851072738374,-0.01714676561145249,0.06903238576121842,-0.12131790939921303,0.042141717733368694,0.04902000635943559,0.020804762182591408,0.10410091200981937,-0.014255079245165309,-0.03559831359782435,-0.05021604198708409,0.09325274899611585,0.050795529887174756,-0.15933533067580954,-0.036359056137328837,0.04008409730310628
PRO_004643,SUP_0298,0.016817828274551295,0.09849758288272842,0.03265840983178245,0.040977568661972975,-0.006849699498397745,0.3801273062859128,0.012088884441733616,0.05678720024417799,-0.014220707830754567,-0.05091816312900895,-0.10190189290191348,-0.0434896214590099,-0.0014174383462379101,0.019704216930140135,0.03581861933464068,0.008420014930543174,-0.004971498919534967,-0.011435953319388504,0.015491583110150397,0.042059723499154295,0.036328191191952394,0.04214237105993728,-0.0019147727094986306,-0.09423031809189635,-0.07048428947150175,-0.041850550971010515,0.041260681699492624,-0.11688932377113684,0.016260367864592673,-0.06313798482001692,0.004887982803006316,-0.18278491496064503,0.146558010371453,0.058354816952078954,0.2920473426540955,0.039751572467167394,-0.10880854269571072,-0.07936896309625567,-0.0654460230761786,-0.08459991490215232,-0.051359612500417894,0.04812957995343254,0.05736341723112317,-5.130076744394715e-05,-0.04693063504916719,0.07543777743192341,0.004756126099476824,-0.019369826701510266,-0.07489625047503322,-0.03340373705766508
PRO_004647,SUP_0298,0.00808635099875471,0.05753739720408595,0.014622004402534236,0.03311537639898491,-0.007844741187551093,0.2664059373547028,0.009916709435301837,0.053292039684896826,0.005314731335869776,-0.023221135482747998,-0.10657849138623068,-0.012240962465956734,-0.019509080582272777,0.02535213829736476,0.024688129083460894,-0.012470315289765364,0.014631292170455695,-0.006151407199935918,0.04348993974969648,0.03946705717083764,-0.010696668833574646,0.015054371930462296,0.006743392937518961,-0.03383094219879694,-0.050033085978561216,-0.03314129888685476,0.005085435049955253,-0.09791607875340722,0.01582983772470063,0.0279577181836885,0.003194976267725401,-0.03566712686675664,0.0922022153965501,-0.027229956575625606,-0.025684179687097956,0.03839932259054501,0.040296697605554516,-0.003990048141944714,0.0544361430592886,-0.014574930703006984,2.8817710961789433e-05,-0.029634362494234734,0.050049749910967396,0.0427971463448633,0.05376330868865789,-0.00603107800191297,0.1173732873904136,-0.06841888912268485,0.015437841637302266,-0.04697085201092155
PRO_004649,SUP_0298,0.013743973216304153,0.05470299721144386,0.04184689728505075,0.012170346899018546,-0.00024459564324467813,0.10535762488921606,0.00951307703318631,-0.0279974671977411,-0.005347955053266485,-0.01704682705419459,-0.03372052040194723,-0.0017014757613348641,0.033673699017666925,-0.021374825991799278,-0.01721787106565474,0.028171468533729475,0.010029699296888598,-0.007402918776782995,0.007311064092582227,-0.03253622044726729,0.023706873146980317,-0.008196493483223282,-0.0025281867236216266,-0.0075387742086564,-0.0447036270260446,0.02482578824131422,0.030924998939665167,-0.07436422114374876,0.03181488127633007,-0.03126182106738039,-0.059588323705302204,0.0727490212920847,0.11474931375847915,-0.010370168799573712,-0.0697063476880874,-0.10343491846736594,0.022843253438934646,-0.05303241689557282,0.0673508949255089,0.06750297801154496,-0.05791317215090879,-0.07517430472971642,0.3185266747919869,-0.014716293510342256,0.04378666546247174,-0.2627984193229242,0.040715868756498144,-0.1814326432546821,0.0658758627251666,-0.056569767520512876
PRO_004650,SUP_0298,0.01680136951283891,0.12549274146675654,0.18328494560461958,0.009699638918849542,-0.007474160712661892,0.19463466361520507,-0.03127524129309682,0.012052075239237875,-0.032021274633799016,-0.04518782680839929,-0.10358569901897581,-0.020308056733621526,0.08550000742949584,0.025229171579444737,-0.007935435980196425,0.005012070094285074,-0.010154486012710727,-0.0167661804486995,-0.06928385098892875,-0.0828156731087624,-0.11943961143067745,-0.06421398540673648,-0.041413546535734834,0.12467862360301016,0.0264754403109123,0.03168726026940219,-0.036777946425310244,-0.014174798373943755,-0.18047321406684952,0.05237453655397501,0.05674671857583989,-0.10953368548646608,-0.009022206678787097,-0.10583107098690367,-0.007575601728475504,0.07472181823528083,-0.026317461604942482,-0.002873273957126775,0.02015621246497746,0.019389084702882396,0.021432270729623053,0.008296116683499267,0.04798423722771126,0.0480557055659627,0.02984841763868302,0.052719942686857854,-0.06177911211468127,0.01838794067337052,0.0013763030291140308,-0.012484172550285257
PRO_004654,SUP_0298,0.014797389911795774,0.06642851613426912,0.0316532089693017,0.014241142378625777,-0.005543442789031869,0.13707720566689982,-0.027796292017941763,-0.003279507726838162,-0.004311726070727816,-0.00267318533192939,-0.05235255641330286,0.0028339268995061723,-0.026596928868505117,-0.012534122218148305,0.009390120132551201,0.022695831500499357,0.0027968400924562823,-0.024198818443374046,0.10624163895378966,0.06784664015663626,0.05384787902806088,0.007336235763734222,0.011946977822744072,-0.030198017540239926,0.029377011036297425,0.021447114653411026,0.04616030457785567,0.006331438476231072,-0.010438690740019414,-0.04447119949583062,-0.05641466790568165,-0.0040874654017598435,0.08774705443952577,0.05492308413514179,0.014059510047274685,-0.006322055098852383,0.03454350623648887,-0.13717910525519755,-0.015819054244561332,-0.048736707073609276,0.007101944945591363,0.048644527636686745,-0.005217607190817992,-0.030263815274644643,-0.03977333265853568,0.10169917629130443,-0.0008678451129643799,-0.15765989284907755,-0.0645373134083691,-0.01967794476996618
PRO_004656,SUP_0298,0.026079457120711233,0.11021735671129056,-3.604619503750749e-05,0.024271112866346294,-0.0012620140201791115,0.1370257553305858,0.038946064992853045,-0.02862582985926294,0.018952256227646663,-0.010676618493296326,-0.06320882905615727,-0.00011887223166434126,-0.03734845167341911,-0.03775393648328755,0.0005542957425619735,-0.007827683935986502,0.010454002297510053,0.009111312328966626,-0.007094302121904745,-0.046613481693660114,0.05286311947581446,-0.0035393830071502965,-0.023153136901327347,0.017805558135800537,0.04213633984799576,0.02948946280495745,0.07303234064331043,0.014041212538769252,0.028670216339521364,-0.005835710944386199,-0.06167351678897745,0.02913735310316875,0.11868542597186472,-0.016162964429452406,-0.004609584694335422,-0.08419611959756763,0.028292846022316312,-0.025853795585446038,0.014138614720581024,-0.013145910265587032,-0.030903118305035792,0.03642911047837813,0.045822628632712886,0.011654407988623848,0.0566833848065009,-0.03735925381045292,0.012719499063202836,-0.034903805951787985,0.09799257488779015,-0.005387474037064017
PRO_004659,SUP_0298,0.01336987945046898,0.1425167912020249,0.21830833349994597,0.00027757762344466687,-0.011213614658390225,0.3061204906554042,-0.06933207982507958,0.051789224187508885,-0.006869138013745854,-0.0290033826738239,-0.08726236247118906,-0.020294806232824817,0.047010626890234095,0.05372480689612454,0.01639317558020803,-0.011890126987869929,-0.00010622843655757014,-0.01692459156730119,-0.07365260966561382,0.0013063200152566199,-0.050699763660013136,0.05193419006915155,0.08724362741930558,-0.08011437268658893,-0.014835642826667004,-0.015739653764982146,-0.028254584489799107,0.08317578562772318,-0.035238413311107365,0.03591180299532706,0.029914961253414044,-0.0020059827690126694,-0.035618787488258793,0.017183784649200604,-0.055890401233782444,0.07620494011257631,-0.004493809311822124,0.020160095666377807,-0.0491781314146136,0.057224732140141406,0.05077439411098061,-0.054031009377558434,-0.05738520186323979,0.023959736307025397,0.0033670072595652066,-0.03420286987506006,-0.004562478363050273,0.0331495330306211,0.03905640553124372,0.02146404711841024
PRO_004661,SUP_0298,0.022785614117892854,0.1485018796978641,-0.039060814664634666,0.04754059103580105,-0.012430349095789306,0.35175508458130433,0.025305493993071134,0.1986596633479608,0.050008583126782816,0.06447205382279605,0.3895592689140287,0.03663265877744201,-0.2541069090149163,-0.08027257699141561,-0.04123167743955477,0.09589683545081465,0.002439488170137201,-0.02924022793077102,-0.01877514967457785,-0.054246172765693185,-0.07718196258555401,-0.12252631499096633,-0.050174655816881235,0.11660546069249264,0.07190109625138752,0.06453961115029493,0.0067462051495605115,-0.06789930776173822,0.004360337542726903,-0.030308689293587807,-0.050560952312339265,0.053188413495720996,0.052218787854410066,0.07004491625926783,-0.06612904477583947,0.03997854567348025,0.007558175213299986,-0.07989276640940335,-0.07059125938972771,-0.11762234907700927,0.018105511976076714,-0.07998803769249559,-0.1393273940366431,-0.015703796047408108,-0.05339775374128519,0.008547446513917792,-0.03279891223271524,-0.0029927923938464834,-0.05482868644721538,-0.10295734537226615
PRO_004663,SUP_0298,0.01401223617888185,0.089871828712668,0.04494421521962568,0.037630389767796674,-0.009326266011884835,0.3907658378355101,-0.007614099211250095,0.06120037631349387,-0.01513985578322135,-0.05470452381908696,-0.1796635243729091,-0.020223662651968347,-7.174737082597544e-05,0.031095622030201192,0.01935030460443367,-0.03061425405997905,-0.005790437786464858,0.0015291008335099228,-0.007722108698470731,-0.0017331233202752248,-0.03557547039896613,-0.03441303128603829,-0.026937595139949623,0.04226068150579065,-0.0327850406550928,-0.018494703112280617,-0.024878748007514988,-0.026337610485520236,-0.1341034310748605,-0.007606016781491697,0.011450281848725511,-0.05344599122306336,0.011768870224905682,-0.0861046650340947,-0.026029806317314448,-0.02105178675517437,0.046151036792236276,-0.021952925051578392,-0.03547556789657341,-0.07899648383686181,-0.024277831965593143,-0.029198723834406536,-0.01610079012018096,0.08334109039171893,0.05473115829534813,0.059377410975576216,-0.09822048884103164,0.0335394245453864,-0.01057630900644773,-0.07205004892562586
PRO_004665,SUP_0298,0.0048810126660921325,0.05754577896149718,0.003117528657679571,0.037447846749974326,-0.008618597921044076,0.19480074509226716,0.0029802550946323443,0.05501091817160719,0.008011095356309209,-0.020737729298990506,-0.08337055529236509,-0.01491376279915018,-0.013409489654432904,0.027889923051420983,0.012889123882014008,0.0028831208984971607,0.010174292592715586,-0.05651260002537511,0.02440805916819172,0.0836569194327589,-0.16925697869107809,-0.05996467037238595,0.17782745516418103,-0.220462252424571,0.29768930217735257,0.08487893886662742,0.20866565297625847,0.3054560434357542,-0.10940562401147104,-0.041914981898050395,-0.027785432998450488,0.10159249580254726,-0.10474352730575903,0.010545501995787038,-0.04666881577665359,-0.13835128341111666,-0.048060232883607855,0.042498539369765595,0.1822945012271163,0.00859151768785474,-0.019725877863600392,0.021688508356093962,0.03809850954552112,0.08492901680174672,0.022190791293584703,-0.013067545403806958,-0.03199061142488402,-0.04319649133690915,-0.03264957670774197,-0.10674170560587057
PRO_004667,SUP_0298,0.027460554594613287,0.18313300497003526,0.25187010768871837,-0.02709341359681394,-0.0007658311127796194,0.020909069404148523,-0.08732834348574373,-0.09071646258457759,-0.045762236403769516,-0.014766765447066205,-0.01657537682958393,-0.0003661365768778094,0.07893990976866831,-0.025039674327650224,-0.1259002636943863,0.1843981715936482,-0.020168170474779916,-0.02309071386189247,0.002253015605067663,-0.03607693385677445,-0.018137172622933677,0.013129903888512191,0.02832517639612122,6.240694706439336e-05,0.022636004672151273,0.0027567322661447478,-0.034275935562827695,0.07728711907447848,0.022402145985513558,-0.07022062566947075,-0.0359684294664148,0.033774364462540694,-0.004910896539150264,-0.00676453166992387,-0.004387861902270948,0.014648589907222107,0.0870727227247784,-0.11135081021803267,0.06482127339816818,-0.08117516913904337,0.02449832500631721,0.11228679905846577,-0.05622813469668547,-0.07242956875598383,-0.04151685743648241,-0.02651556129133004,-0.04740851584339991,-0.0714936457237489,-0.06978749515372969,-0.06092116496288451
PRO_004669,SUP_0298,0.021322166726053714,0.08361934104350068,0.030708622983174533,0.027411594762602534,-0.004154681309651612,0.18284048869868677,-0.008177887825565845,-0.0011159485407363436,-0.01798161335365977,-0.035930149019870114,-0.09972601883931204,0.003941126483391497,-0.04598917220058498,-0.036105075500485695,-0.061315482692987415,0.08349672744818751,-0.022248087273056796,-0.0024001720802832704,0.11505525363825975,0.08136086308719735,0.08135047468398304,0.006945084951374626,-0.05140982669680348,0.07220254031261014,-0.010099383037525427,0.012447831489779852,-0.02403830548081793,-0.02949127893491653,0.010738491757407676,-0.015523982425606589,-0.02525361160105915,0.031021772121717237,0.011682898291517767,0.001771063931432067,-0.03848426955134878,-0.03257339735281659,0.013567097718879335,-0.020696441460972517,0.03633205400357364,-0.03508050369519549,0.009614175138715441,-0.014252937380280245,-0.005818979796897267,0.03825603294446849,-0.021522568793534855,-0.005013143350249254,-0.020407593652504195,-0.004640952813991974,-0.011074015525882731,-0.13075701595452277
PRO_004671,SUP_0298,0.005625951277889977,0.05965212692469142,0.006766291772242061,0.015174547191441285,-0.0021486848061336348,0.1564992847453418,0.028654376052635655,-0.027946482966014017,0.06824776159851838,-0.02006382074934618,-0.05827058898258818,-0.0003978382287263078,0.02670965699526389,0.02176989218159364,0.058229117062166574,-0.13380680872535022,-0.010075978924243317,0.08809824187685615,0.036143652471753114,0.047597060547596666,-0.1917005763920498,-0.22615360459601122,-0.05144603223502576,0.08162011125138809,-0.15851541571500685,-0.12288737755240715,-0.0800546386230886,0.2838950544814844,0.3227351365917193,-0.2754047913788405,0.023776803508655082,-0.07277578319202994,0.02222187013166639,-0.05979124120002021,-0.01811729539694485,-0.08831110602747481,0.06732442240915705,-0.025732507054539625,-0.11675664012040056,-0.005071354794048606,-0.09593998266050231,0.05097567376521806,-0.04064335797197414,-0.017970321270538322,0.004794286424503129,0.0922325592805531,-0.056272551821438165,-0.007982522376176159,0.014104062270084396,0.022951082087935427
PRO_004673,SUP_0298,0.012106118750521722,0.08377785988666901,0.0028648450239981732,0.021363169956107594,-0.0026732203671448775,0.19663378260434738,0.026082492361774786,0.018839154869198543,0.0036389997819689514,-0.03520886143179319,-0.07791648467645484,-0.01905083096366303,0.12802395539583852,0.06037168763624613,0.055502233654096775,-0.14089740967501366,-0.005206006300583176,0.06657564684460891,0.03990581830326195,0.014667942513288696,-0.12381733726049995,-0.2099012364278615,-0.12589201652903712,0.16879995996791886,-0.03903826227743164,-0.030914399272416727,-0.05021802495465818,0.04105333621538893,-0.133286286504442,-0.03416555687258073,0.025500593590259434,-0.02650708303196856,0.02862990414733947,-0.1345429592466423,-0.07083744633513854,0.12601782581383345,-0.017410465670832525,0.017966154248464847,0.15292160889053638,0.09935180381364186,0.008311367079820598,0.08297889902841941,-0.03520197900777979,0.021498641858131544,0.09026081438805673,0.00945852467335928,0.07539067041391839,-0.06780565631227964,0.06916157895652628,-0.08839963965436842
PRO_004675,SUP_0298,0.006872164581234448,0.05057479101242219,-0.010583230375505463,0.020084465474824134,0.007374825065430414,0.08737560433347313,0.025598943927494372,0.015422166622748265,-0.00871163255073664,-0.002739096989910491,-0.011893536946154554,-0.0015320080278432176,0.1248836735758465,-0.003679183649636858,0.06512730671990656,-0.06803360512983987,0.034815281951045066,-0.02758290748942437,0.04304067342297324,-0.01058379527923549,0.12031756292267731,0.0910927301170456,0.02986480891978297,0.04045251703485577,0.34967973042919276,0.15429440336869954,0.06583377742170854,-0.29783340026754385,0.4278277352007423,-0.1188039264200861,0.08717824852388996,-0.02483903790884493,-0.0743506332079403,-0.16392206138012103,-0.14139914723020186,0.16145895282076225,-0.00919928326010296,0.01746041597367781,0.05477626040096636,0.02799441744250998,0.02442842656176381,0.04929407111797994,-0.02796546450734976,-0.01657483722139501,0.003369763355847305,-0.01464744289219621,-0.026105210338773784,-0.0020673207871528734,-0.0027434991629291063,-0.015334555419920664
PRO_004677,SUP_0298,0.009997207554237775,0.0839234901587688,0.008887522281435498,0.03416550258072377,-0.007154732671735043,0.26271978084395764,0.015794343138483026,0.04241983288397669,-0.0006752582741792034,-0.028763672934344616,-0.13381631127123836,-0.015332694471061647,0.0481440589356648,0.0340050876457832,0.042640221927322426,-0.08994393338132155,0.01528505065413147,0.005584242561078479,0.012377329616070892,-0.00906512066120941,-0.013590393711759215,-0.061422534331856765,-0.05865039227375095,0.09645130549276991,0.03042255902835461,0.030112372737643254,-0.00886282354459483,-0.09253686092950639,-0.08605088161862244,0.04399734738232601,-0.04909290048599678,-0.010351011784088149,-0.023051141451102534,0.0718917726552872,-0.0859513718609038,-0.03452652783995161,0.05556770336321497,-0.021151390026958046,-0.017490259959549996,0.004927021912013973,0.005771269786661887,-0.020729073715097288,-0.09183380528425167,-0.006438267437672082,-0.04457545778807309,-0.00789688751893495,0.15182492899641786,0.02114982387660895,0.018160475707474387,-0.0043204767226163645
PRO_004688,SUP_0298,0.007419752773002584,0.06595045491477758,0.024578340810110892,0.03852519966948564,-0.009885722387893236,0.33413676354557625,-0.002475357679020122,0.07289424705916622,0.0006283650651062629,-0.03610055350427363,-0.14572315171057967,-0.02824063237960424,0.02191934260078941,0.06100457417214538,0.029455763323444448,-0.023983953335986876,-0.001567212242126595,-0.024750317236996614,-0.03931126676796661,0.030047260551668762,-0.09584749049586415,0.003906299666500195,0.10652507017862956,-0.12750264704233633,0.057857549119527514,0.037472026912234044,0.01901690623451049,0.10864766868210786,-0.0393779400778234,0.011983496656311021,0.025359396935984335,0.010616979571254327,-0.028835172905921986,0.05540399100862471,-0.07368402142021963,-0.05482386056979999,0.013347874671063027,-0.03232052200099817,-0.08819456312697133,-0.023302628917621353,0.04918352403646551,-0.09662627560433741,-0.1054426610589462,0.03430382998077569,0.07333545332007593,-0.12076490760957773,0.08738585516423893,0.0008445609219533321,0.12521434953058033,0.019427803887005997
PRO_004690,SUP_0298,0.004051486741718124,0.03159229685802985,0.0634679403161635,0.45119581528899655,-0.10239983462859722,-0.07777617130141368,-0.05030125094908859,0.03511656290327426,0.03756419919157826,-0.053101443588924886,-0.00240667934908532,-0.0011276765099125956,0.009611856052247427,0.01965954114216853,0.007132583655018144,-0.0312940853272914,-0.15207668592814413,-0.11858265564539781,-0.06486525210863366,0.06357042429556693,-0.012245981286895623,-0.018772660463654323,0.04049212407539808,0.0009165314033214625,0.045005650226853135,-0.04507374350663026,0.03489124293929938,0.006376422300969051,-0.0006119991928995603,0.008466314227359654,0.023015592073287273,-0.003103210425100658,0.019547044037136967,0.002400407116183978,-0.01087725840852736,-0.06598970084888632,-0.07682347885316071,0.05282155289242493,-0.04222011489784136,0.026315704787685155,0.14437795869901546,0.005585882513381766,-0.04564512441202113,0.08866631287679823,0.18901127341764312,-0.005704263964977243,0.04530866084833996,-0.10861453197708194,-0.019979003312262978,0.010100888724876286
PRO_004695,SUP_0298,0.0024662337667271756,0.01430913191070804,0.049387706164687094,0.35719321427499573,-0.08019979171250438,-0.06727745511909597,-0.04088569323353241,0.02940260944077726,0.03630072709525964,-0.05754148206529178,-0.00023905672372918327,0.004002575662251801,-0.010403033168240356,0.007065326914912145,0.011093054757935414,-0.025210508779228986,-0.09357285482822078,-0.06333701768597716,-0.014402109396149977,0.032208069983251264,-0.016160644208567106,0.0037388254437253545,-0.007353639916244038,0.007882911336386017,0.05313508910868664,-0.07412552731385318,0.02626196687671284,-0.011835283652978935,-0.003221438094360801,0.004832147124150279,0.02945337940405397,0.026789822909457014,0.04462886390365534,-0.04556086947799749,-0.03960891768564993,-0.11219390374722071,-0.1323581684087882,0.03813026300266984,-0.04901086210779369,0.04684249904956649,0.2803101154676832,0.005125088800369001,-0.07723116345487585,0.12202247486055959,0.27651114431482116,-0.004616295469744487,0.040883535336296996,-0.18772357655296112,-0.06541322948669488,0.022345112948540982
PRO_004700,SUP_0298,0.0025918133923026384,0.014631369750470295,0.0504103069270378,0.3550061003017786,-0.07893955160291682,-0.059644217334830135,-0.02943923613136791,0.020014129113486226,0.022397305525451095,-0.01245836158622387,-0.00018911976023457274,-0.0008533960116419062,-0.013355477201299962,0.006031910897175405,0.00779167323821992,-0.015738378773214514,-0.05730265280802892,-0.03443924387041089,0.020309565661524507,-0.006389747980783024,-0.047560265764086194,0.04161417561634839,-0.04444110431083662,-0.003936686873822217,0.0558764926826973,-0.07556853081354774,0.02402335793456852,-0.0038384519796132426,-0.0002510481419021058,0.0029348765109988703,0.03114234194903754,0.030071686341196842,0.04330366946811867,-0.04865009579143355,-0.03170950168674595,-0.11236776828266039,-0.13504094588148222,0.01724202800651215,-0.0519828088670513,0.07649393618917182,0.28688058412048745,0.014733640325681337,-0.07458434611659528,0.11734502670086441,0.24956104835589837,-0.005640222387061261,0.02717784483144389,-0.16983863612440253,-0.05611076679653094,0.014134551839073103
PRO_004702,SUP_0298,0.000722190721560169,0.004811854015715724,0.007671248719599578,0.019374898236006643,-0.0030137674242206873,0.006671722018197099,0.010750753113448825,-0.009798060046543084,-0.004449636323932865,-0.002420279938105449,-0.0031651748053205015,0.008961688975068795,-0.0019377618678956309,-0.01770723617962632,-0.0005515180254678173,-0.011222309220561078,-0.014393053210367513,-0.022332169866242806,0.031216114123324173,-0.017611061689691634,-0.0017648905267886004,0.008292410305484662,-0.0006247313220027425,-0.01109673265560671,0.017180779289494744,-0.016229264669869427,-0.02093858202914849,0.014792301990832346,0.019831287861097786,0.06526952461941898,-0.005538519935106472,-0.017208265665617343,0.06768840347312013,-0.02552605814807712,-0.04298538636566729,-0.10443117688320404,-0.04484008025898032,-0.07625651605112074,-0.02061282012029314,0.04879824190840967,0.08023581800273166,0.0021317612191701575,0.039607029963308546,-0.1353282115043804,-0.15147593337328213,0.014753599868261526,0.025646966763295684,0.028592966121419327,-0.06447877892468071,0.08395424502707345
PRO_004706,SUP_0298,0.0009393533552642509,0.005526125567213317,0.007579663325728948,0.03449509290166268,-0.006264246965546654,0.004767087345128593,0.006820044801595158,-0.004734007199436113,-0.005441574707862094,-0.008753900754888053,-0.0033542862198185025,0.00794214618109884,0.013866764940941086,-0.014875363594774088,-0.015169954209178646,-0.015819003231581752,-0.021153244345103274,-0.018890935267150074,0.03943171686813433,-0.04322893945751719,-0.025217221753400697,0.034647767351756224,0.0068646747992152524,-0.0033611364270245848,0.036903144024520385,-0.0357663293064902,-0.053069710423117616,0.03588364373515185,0.017671216190276902,0.03142396277018857,-0.03618817948979946,-0.009788406281358132,0.09038764055369014,-0.04703349361171488,-0.05288120896167134,-0.06900385901941901,-0.049980724724600405,-0.1439886677397147,-0.00030462231347623417,0.024731427446864133,0.06950320237989893,-0.01645796421887573,0.011921611923482503,-0.10703457474890207,-0.191292199272376,0.0024904480170844555,0.005867344447220502,-0.029629100435328994,-0.06527070158258366,0.2001149584742131
PRO_004710,SUP_0298,0.01072285235206328,0.07892333446687755,0.038993238175189904,0.02347739217539022,-0.0023655889402036095,0.16898590343610112,0.0017586187811642995,0.0025296583388274094,-0.01721641596786494,-0.033250729293654635,-0.038839496406458576,-0.01861109902821846,0.14092965226422294,0.022391535457436603,-0.025316389967270786,0.03979128038958902,-0.019664569413509855,0.01214725282423213,-0.05481759180224516,-0.03307601031430577,-0.0606594553588785,-0.02818892216862367,-0.02271944012512581,0.07064424333684785,0.01732741015684733,0.03886483777450157,-0.025096477169806227,-0.08296635019027172,0.03686020411402881,0.009139511045664897,-0.01866434621104477,-0.04270558892118761,-0.014102269228240026,0.06597800347030428,-0.095063695962242,0.007303229987066865,0.022366413052853695,-0.09015475446451646,0.03297052017680265,-0.04022340959710576,-0.003846018937806009,-0.032799295898145495,-0.05633035550964486,0.021921723893939368,0.0005914511889561738,-0.060830008280598834,0.06147934651705478,0.0249358446017275,0.014292231120087737,-0.12270967006744736
PRO_004712,SUP_0298,0.011513838949364702,0.08424789856863339,0.01839966270115976,0.04020839072365078,-0.008216692283784077,0.36911093843545734,0.01419415259703459,0.07344809830034973,0.00033426569737544974,-0.039284102198575935,-0.09903448806913187,-0.029444929431623464,-0.018465297603089167,0.02401979366743207,0.03152532340973418,-0.021997870738973208,0.0010839078749496857,-0.005159228786690854,0.04392859147780713,0.05648501413649268,0.04900058977299647,0.033039581670473384,-0.011356496069005548,-0.0772351684266852,-0.06777674853013473,-0.03548821416069284,0.019738802702411757,-0.14940801554162061,0.039118913704407954,-0.05468552279494951,-0.0019314013080420542,-0.16354847007642553,0.11011793701401174,0.03657756818716831,0.24055264394043002,0.008226657812306429,-0.09670012902191688,-0.07996316276873809,-0.04674610819015775,-0.08232534582519285,-0.07002252846251103,0.04268177663520366,0.07623826609309205,0.008320881629007982,-0.0514265380901997,0.057434786896995445,-0.01480918850706959,-0.011861203957605926,-0.06785580516756462,-0.023462111219660207
PRO_004714,SUP_0298,0.003185553354444576,0.02005998551152198,0.06750741954331303,0.542135495347952,-0.12231335774990769,-0.10917083016650012,-0.077538137452625,0.05377576746294589,0.06912915794981779,-0.14073870487214699,0.006812925059961656,0.006069283111244011,-0.0025627760608860953,0.015143262772110146,0.02614871931001134,-0.0013726063113359782,-0.10794900815047859,-0.08167470750640962,-0.26503946574296716,0.25601066820404406,0.2549765447127795,-0.27680818300314747,0.1811623786786649,0.06431944557111406,-0.056657465061304674,0.09286372687577998,-0.004844759452200474,-0.02319572518353535,-0.010282916441934933,-0.014577082391764952,0.009985155025631902,-0.04413443667764118,-0.010604632000971363,0.019999492920713683,0.020938496435019383,0.03055937010992442,0.05903013509766696,0.0002757353688827521,0.0024480181777841352,-0.011754329535614172,-0.03386650469729024,-0.011905626724717639,0.013120896285165926,0.004228839128851928,-0.0099792061101332,-0.01015156753960406,-0.002103452263001678,-0.0033945111804409207,-5.186943878917206e-07,0.014672518029747662
PRO_004715,SUP_0298,0.0025544701966538834,0.020621265496745332,0.04243185508614006,0.35410338627273347,-0.07901064486609848,-0.05646261228067559,-0.05244951452968219,0.04128957298001212,0.04818298096064199,-0.11788946718389279,0.003736437862475266,0.004187543857524416,0.009173708959716219,0.006521412889746571,0.023911939548883376,0.012434501292197801,-0.038046846979292746,-0.035439181247136554,-0.24426346150204406,0.22428484276050506,0.24965653686779196,-0.2751077900009075,0.1910845496908906,0.031533253086991474,-0.03052870710788515,0.1101081229690512,-0.0245783780131694,0.0034815180858716564,-0.013669747984900157,0.006088038927373654,-0.015282646169469722,-0.007278370112099224,-0.015922771427863896,0.02579169559421279,0.03255610745109154,0.06222443952799227,0.09395705238491614,0.0047893119795142085,0.04643499988656331,-0.07377906112421255,-0.12271459237870884,0.013744541193718474,0.020909745420942018,-0.03452767768444975,-0.09919033822307505,-0.0032949019801250708,0.05390866175364769,-0.00017253267168136535,-0.01144443852505149,0.062176516967757035
PRO_004716,SUP_0298,0.0023577575644342158,0.01804038653910422,0.06386175395992283,0.4960096674091142,-0.11361306404713735,-0.10419888442557385,-0.08898803784378731,0.05764182007277668,0.07856749318565355,-0.15724576635351162,0.0009345831081880807,5.70304149118177e-05,-0.001351157635937045,0.01892049580447704,0.029716378001845206,0.0263856481381278,-0.0038164135646019753,-0.00501982532378116,-0.2042686826025269,0.20927984919960768,0.20061116501398096,-0.22517039107685544,0.14271425756614453,0.03753980380165715,-0.01851978417263227,0.04124977913813656,0.0005407302464882765,-0.02570528655222553,-0.02178732281715093,-0.012693128164677459,0.014163392267136584,-0.03219417989107752,-0.008568869787991795,0.018443946909661488,-0.0036481115193640066,0.011202145380161486,0.012217974153462416,0.07172786672677216,-0.01028016178977832,-0.05910505054543373,0.039534807755418865,-0.006921888764443911,-0.011616506623583312,0.03815660004375818,0.10249821478348839,-0.004762013802199964,0.06591555558772687,-0.09371427939619156,-0.02301266969691796,0.01689781858371983
PRO_004717,SUP_0298,0.003913565653623985,0.026473157697213527,0.06886823937457191,0.5870964848971694,-0.1320870719544127,-0.11493051178370342,-0.07369617207973092,0.05747564289712956,0.07036641590306487,-0.1377783645966505,0.01492418443324987,0.008655419872981223,0.0034305080673940835,0.016002332710158742,0.025584033313318034,-0.027461631689794867,-0.1618107502719876,-0.12092042714664146,-0.2533552472907043,0.24508707195642968,0.24650450347463473,-0.25228601276113843,0.1656941648689708,0.06651162382720809,-0.053127041641925,0.09152562295009964,-0.006452452432231193,-0.01578999423415267,-0.002225894000718685,-0.015414617362251297,0.0010972169801898878,-0.035157614972283376,0.003297817154755753,0.01216199587000112,0.0035212439540367423,0.01696147009110077,0.03799546333933517,-0.02388008491912531,0.0054870957763118655,-0.016457200350007844,-0.03459276003346906,-0.013678102344943996,0.00834716686320167,-0.003177344779848026,-0.02038180726059357,-0.0024735971976894465,0.003449267697128903,0.002392960610057583,0.01037986688366864,0.020872487965622116
PRO_004718,SUP_0298,0.0027674857462186416,0.021895420336741044,0.046343348358672716,0.3925820730004198,-0.08757026364855126,-0.06310336452551701,-0.05368444964132096,0.04451754886770806,0.05116116869915211,-0.12112482613488457,0.006385746289545618,0.00573035006975578,0.009178154734519068,0.006868946057492474,0.0244252938487696,0.0012165633724649503,-0.06546312321048552,-0.05556897524710616,-0.24789810484861372,0.22753632783265026,0.25145071683428,-0.27302506582431635,0.18999408042574462,0.03497048479503722,-0.03153583730776168,0.11154654888251829,-0.02572331609691301,0.004046703055405467,-0.01138840019394257,0.0045373427579702245,-0.01846545263021895,-0.004808832208216996,-0.010233825203981937,0.021161888365379987,0.025974042437722066,0.056727769602210196,0.08608494758327731,-0.0062229665820899395,0.04763284831795129,-0.0745931265594681,-0.12225242969559656,0.01229816918475711,0.019171568464174418,-0.037785470827391546,-0.10261262641897542,-0.0001448560950376801,0.05452939629721882,0.0024313715880823353,-0.00678586614157616,0.06447378828648824
PRO_004719,SUP_0298,0.004049570996690068,0.029498719995955346,0.07158609820995458,0.5781648172736601,-0.13055365332552799,-0.1093190691645678,-0.07692735793084399,0.05757015825436483,0.07047369429854927,-0.1378415661585035,0.012105020380533486,0.006836969930174198,0.0016906524417796345,0.01642180679689722,0.02707794854062627,-0.018686138111483078,-0.1231266720180368,-0.09173144033777512,-0.23185535678910796,0.22245248348348778,0.22471510689042692,-0.2343100926654127,0.1546632605469,0.057206379889264164,-0.05253243314808934,0.07999062331892372,-0.01020915150360236,-0.021578164998031366,-0.0012680171499813027,-0.009000502067486475,-0.0008799771859138899,-0.01935433250523927,0.007641830649711236,0.0094690798688257,0.008820841208089706,0.015875261739901527,0.0350598570119414,0.002030610243991004,-0.00929567666977501,-0.015051744577670105,-0.010841138333525038,0.004943986558749301,0.013789296059855438,0.0018046887832710492,-0.0337323203575879,0.0017793117294282275,0.010391126101742571,0.001915796748207677,0.013797682389045617,0.0218259539798233
PRO_005201,SUP_0319,0.0028536220507197935,0.022782084275384577,0.03009845338570073,0.12674533721014994,-0.02377065292438084,0.02193091468977376,0.022413238369003736,-0.014821274945599027,-0.010998133400731691,0.016042078528437226,-0.012748038189543424,0.015212942596796834,-0.0066229375763623135,-0.016409070823196075,-0.010224124394452075,-0.026991019091767217,0.0161732681537148,-0.02954977737574618,0.05400724269385614,-0.019704491722578918,-0.019516016012342045,0.04146737910621293,-0.013007950285572384,-0.01445474565518414,0.03700070255179657,-0.0017765751474036883,-0.009535512186616689,0.01801685043746374,0.005427941934724239,0.003479437116067235,0.03427046077409507,0.041704485954416955,0.06583612877764917,-0.05214874179289237,-0.03616352909171861,-0.09295506988500836,-0.02633755031341404,-0.08831542468798137,0.008201779869314215,0.039803957270626605,0.10287113724086554,-0.005898580006315822,-0.03661335344060864,0.006108252563955549,0.022518183552268686,-0.007702539962245701,0.008224174685689816,-0.08225947347669488,-0.018562506951825618,0.02312720529561839
PRO_005721,SUP_0353,0.01639803521347206,0.0726602005047379,-0.009108358362713438,0.015549271777937156,-0.004316408161153881,0.06749201943169184,-0.004987511713997181,0.017825846110832863,-0.0016734491664067135,-3.4960080696253394e-05,-0.0013311878470634688,-0.007454329729871602,0.061530704680247156,0.015134421139271522,0.009883786367712323,-0.040262454769745694,-0.023076186644556584,-0.0011633681983419495,-0.0355814264240408,-0.026517750399626516,0.1260185950583348,0.10701001207160489,0.025222886568195737,-0.04432161011420508,-0.055406437324289085,-0.042859010371300105,0.015878350469661826,0.14911586468744725,-0.013836967133248812,-0.020121462514615957,0.0020228957278911833,0.07426836681194456,-0.03615128409870977,0.10925537827079938,-0.10215126441406357,0.17218810479883093,-0.01355753557768584,-0.017350009434412728,-0.022762115245832597,-0.010840231732533137,0.05269100074459312,-0.0695530234616739,-0.022964949950792655,0.013076985685048302,-0.05908649808757761,0.028696749477375466,0.02965444834766603,-0.005752304348578117,0.04270200121763775,0.007014416773639702
PRO_005722,SUP_0353,0.01731292922353092,0.19977634946888526,0.5186051654271595,0.010286490076053862,-0.02876426846310138,-0.039550379519890363,-0.17959409172315546,-0.033624309530221094,-0.013244349010431583,-0.0015850154340768482,0.061150932410230216,0.009372776469520564,0.025062181270008036,0.017009579870385365,-0.003745086311242983,0.006949485730853005,-0.01323723166519338,-0.03108957287388285,-0.032066646085865305,-0.05348081471027918,-0.10930477722298325,0.05671347779340039,0.019734299413628312,-0.021296246993152145,-0.0017841565712910408,-0.052342042471055734,-0.02864308714410955,-0.055763003256577987,-0.03845729054121283,-0.012260832613399227,0.029402005644079385,-0.004817027431552002,-0.014914528719419128,0.004395614497853669,0.00448513218041698,0.011777641854074894,0.024274434368918192,0.16719283030977247,-0.08253639896326917,-0.02572635124100631,0.1258001068172128,0.11692062083016425,0.03142425504289457,0.014110188249904908,-0.06625260735899326,0.02506709084405114,0.03178607710273449,0.008729313894090915,-0.03170698059380382,-0.03445229652450145
PRO_005723,SUP_0353,0.005250718980445588,0.07240775156145604,0.033375442377842734,-0.0010977123403680187,0.0037967288077863657,0.01932807208516832,0.015714841591458462,-0.04636765628026617,-0.010566111647124265,-0.020410062441775803,-0.00030863874946840083,-0.014234167586411457,0.059887246088117504,-0.0031799107289434627,-0.048108794106453,0.06269702718235282,-0.006703217590616413,-0.0034768048266912398,-0.025892125632876056,-0.03633196769782118,-0.002575367753095316,-0.011546115170776562,0.008364195697676173,-0.043679874149609284,-0.041426104554929566,0.00665060633486837,0.03636040434755032,-0.03258977129654656,0.013074260760302193,-0.007021642513964691,-0.007230786352200638,0.011619230727082385,0.006381458277022166,-0.00866540283583514,-0.02126518064115821,-0.04939779388533914,0.03207546101324946,-0.02614891236917924,0.06017038108604645,0.06761638631029482,-0.031398783108980484,-0.036333733248818036,0.10323256528345891,-0.009698983477365603,0.024477404494490124,-0.10279129930652242,0.01458403980415631,-0.030189013359881584,0.022479566760723994,0.060464163867679666
PRO_005724,SUP_0353,0.019664532200406454,0.1837178244094198,0.3386109446102524,-0.04358220287806529,-0.006357731448368236,0.02016889714518568,-0.14051885456606905,-0.05010868494711182,-0.03630252628484372,-0.020756477283137367,0.059011062079779,-0.023793657295236387,0.20962205139226306,0.038703268570786556,-0.09340874056579322,0.19385150025720832,-0.00558821074535105,-0.03028961245998117,-0.20027999018362524,-0.14194263086024406,-0.10085802663839419,0.05797913819135671,0.06218872812384781,0.016164923606213893,0.0047734897393519014,0.014968320395122095,-0.05969752769254248,0.005805606622864162,0.042013414030332055,-0.054667826012505784,-0.022605905476058938,-0.011149408158922883,0.018424770334560976,0.028658078953481953,-0.030649569153590097,0.02579562313188163,0.0702312039279235,-0.05789720803996577,0.026516011752476736,-0.05867758844637727,0.002048008243019093,0.11804817669338938,-0.11238609625737134,-0.10276506723776913,-0.003666718277798926,-0.03281576110946087,-0.04402793712641164,-0.021211922632435102,-0.04627581940923306,-0.04301364581466818
PRO_005725,SUP_0353,0.030839959379205622,0.18840146436915592,0.04932588279011668,-0.005752517796934293,0.005285695315393213,0.018619846463178914,-0.026169864718779218,-0.06016952268581628,-0.037164043099192925,-0.044174101443018074,-0.008944630896890788,-0.014592123394579829,0.14932875451811178,-0.00571548543042546,-0.10981149764309178,0.1751354572765226,-0.027484791303081926,-0.0037970007976828365,-0.10077506834253061,-0.06179252659534967,-0.048997694694837925,0.034067961319877715,0.04264919159927248,-0.044640972390977765,-0.024865319986346335,0.0054156428252913075,-0.026609175945250474,-0.01826314438882761,0.031861287693478284,-0.07086157635102563,-0.0449885338000443,-0.025930834071788793,0.060632792045769796,0.037560421659643406,-0.08122271109061115,0.0103298194199411,0.12177747494996483,-0.08309260800386635,0.027906263831249885,-0.037766185031562,-0.030632064359737744,0.08447730584794551,-0.10479546375661729,-0.14762879655243527,-0.006364142306382931,-0.08652578725373757,-0.12221685223707512,0.0005073126323285673,-0.06533027580076761,-0.04326907430443595
PRO_005728,SUP_0353,0.042870377178549815,0.007410111713779132,0.002490926969734056,0.0013381943119455154,0.0010118096496015223,0.021493578601740886,0.009641466913594547,-0.005644510492572991,-0.00901879363137431,-0.0067296113785165245,-0.0001524649678329255,-0.0004564904411036052,0.04276768788418441,-0.00829604171908103,-0.0010726866969112143,-0.01629826884620029,-0.0023001677273034376,0.013281662696791022,-0.0058597297205455635,-0.029273421477594392,0.09459396615271096,0.028886147814439902,-0.04277757317769724,0.021954861999685694,0.013024540578053452,-0.009513039035248437,0.05151909184468993,0.029696292701107345,0.011270478161775295,-0.020863716559897823,-0.008527031774048361,0.0973106744283524,-0.015226816022589754,-0.03777587602923272,0.05496385777761789,-0.04456787760090529,0.025866134614402885,0.04398785472852654,-0.05332377203495857,0.03224136495049024,-0.02155316999429634,-0.09156608387739565,-0.0629356822937153,-0.06266119587765437,-0.00718852203205171,-0.04173296598188632,-0.08215417418795343,0.099646797673597,-0.05728903019675825,-0.04835781067287873
PRO_005729,SUP_0353,0.04643606579130209,0.021741575743676883,0.024674854812342932,0.013308039665439742,0.017659748185342355,0.008563491224777474,0.09692693262600136,-0.07056276245224016,-0.08219399562888388,-0.06125593052653574,0.024341988900941844,0.01969932216936976,0.020326491592902857,-0.04098843715416678,-0.06959990330992727,-0.00975360530287499,-0.017370272056488282,0.02648444721462358,0.05109725957108201,-0.0008491347236877771,0.06222935232290919,-0.0853952534650211,-0.07564328485973597,-0.07626660276049797,-0.027516950661166058,-0.0023509218302934067,0.0916144702678523,0.03301404431773026,0.02870927279784341,0.01620464062097044,0.03635867888757216,-0.022002576646893326,-0.02482381333842717,-0.0507322699551118,0.05432024319665073,0.05639768775123799,-0.04260331511844363,0.016288569199576844,-0.07174990127404848,-0.06600210772930484,0.10223507179002714,-0.07416597958567635,-0.024381113102928672,-0.02980317038065907,0.06403528635178199,-0.20139331977603708,-0.14192427796420634,0.1697841651437328,-0.08516278296858729,0.009045353763314116
PRO_005731,SUP_0353,0.01788460334302964,0.16367633653514477,0.29830890936912136,0.010706142731548964,-0.011948263768333262,-0.0017474333265338616,-0.11389653725915873,-0.06107611068529603,-0.03026987724316495,-0.04349334081582851,0.04280961381615903,-0.01952024485280135,0.174785491973649,0.01743303340963643,-0.11114410301102064,0.2065427199661614,0.03043455992368184,0.0009949293872451223,-0.1655346839598091,-0.09928023716580106,-0.05777481602605058,0.025208995124712554,0.07015799387701603,-0.019131619238671613,-0.0008793206682903899,0.014075058379200303,-0.06181825451357651,0.014645581296195776,0.028393920272969282,-0.07132405705574515,-0.03121368936031066,-0.029204382410813023,0.006704711438488744,0.009168431616731584,-0.03737177171491847,0.023391420402395793,0.10955429790866153,-0.07349076540276266,0.06010324155281793,-0.07088919075116924,-0.019901744770965644,0.12785357773775877,-0.11826541024759225,-0.1454539563504465,-0.03803509298301466,-0.03208639876199651,-0.07939309591832061,-0.05021047749270276,-0.07457765634187509,-0.04795845814300645
PRO_006100,SUP_0368,0.03580026151706842,0.055982805741839545,0.044067679509867,0.06632497979176157,0.048651152457814,0.008021342614460768,0.09795764765976638,-0.0587366094361884,-0.05664451317165184,-0.05017485149049703,0.0007388336790938586,0.03882476706470269,0.031881247556871835,-0.067467477688826,-0.03905932634880653,-0.026387335493426787,-0.09185676761782721,0.022764233421583995,0.020818243186760465,-0.01895151585259723,-0.02889165278486073,-0.02068276368156742,-0.007270067943991293,-0.02047189976119461,0.036071670124768605,-0.054308204012193474,-0.004871046660766408,-0.0671229614357278,-0.053654724198279505,-0.038944617843405166,-0.029384157154934375,0.01365870112722872,-0.03905784916903068,0.04562472117524397,-0.011110998173208613,0.004101686535137715,0.019993961053659363,0.00905141052459645,-0.025138072582603845,-0.045803002434115336,-0.10805892732415776,0.012557223961608821,-0.011630216743596435,0.05702425016979981,-0.006161150456845623,-0.05450114892369114,0.017626057571679996,-0.026409546243092483,-0.016645687288688586,0.003196001590908693
PRO_006662,SUP_0373,0.0586383053206728,0.05677455149815497,0.06588170259740303,0.045899933334764643,0.04517974825588497,-0.019397762941072042,0.1531692454977831,-0.03371569493922642,-0.055723002238260246,-0.05357953072565817,0.002246840606883778,0.027862547686358485,0.022616340759933753,-0.06374989710201372,-0.06463899805482297,-0.018100601666490662,-0.09268379163287918,-0.016272987068046627,0.07029274661130527,-0.05180455205569332,-0.020902931932525563,-0.023943970906480923,0.023844984643415966,-0.02862148208192899,-0.005041563746705526,-0.07200136305155612,0.03833472393681716,-0.02770588482239473,-0.02936109272677586,-0.039805899312425556,-0.057696873525579104,0.01852082413837209,-0.03358923220828999,-0.010464831915472313,0.0074434853077407995,0.05218754123487086,0.004050931243199986,0.03568706812320048,0.044447046345307356,-0.058221275604777106,-0.01771399722267084,-0.058064470714366975,-0.010817905028788873,0.02922210419168722,-0.02420038700710231,-0.01373449524976894,-0.02740469866937341,-0.015065854908449961,-0.05490648445143631,-0.0032519922641254116
