name,supplier,prod_key,comp_app_entropy,comp_src_entropy,comp_app_top1_prob,comp_src_top1_prob,comp_expected_heat_total,comp_top_products_json,comp_inferred_apps_json,comp_inferred_srcs_json
PRO_001715,SUP_0122,PROD::PRO_001715||SUP::SUP_0122,1.4755263827765936,1.6448981186819756,0.5203193438611793,0.44256932321641346,9.581650599870036,"{""PROD::PRO_001716||SUP::SUP_0122"": 0.9957445529737673, ""PROD::PRO_001711||SUP::SUP_0122"": 0.9816211312815654, ""PROD::PRO_001712||SUP::SUP_0122"": 0.9807607496614543, ""PROD::PRO_001698||SUP::SUP_0122"": 0.9755814442723209, ""PROD::PRO_001709||SUP::SUP_0122"": 0.578647399828152, ""PROD::PRO_001714||SUP::SUP_0122"": 0.5534355838537522, ""PROD::PRO_004189||SUP::SUP_0279"": 0.5126240977704803, ""PROD::PRO_001710||SUP::SUP_0122"": 0.4794849963146004, ""PROD::PRO_000055||SUP::SUP_0021"": 0.4126178633834986, ""PROD::PRO_001633||SUP::SUP_0115"": 0.388290329262579}","{""银行金融服务"": 0.5203193438611793, ""货币银行服务"": 0.14517749022863408, ""互联网居民生活服务"": 0.1429928827884381, ""医院"": 0.06015882853751936, ""其他农业"": 0.05661192452827432, ""数字政府"": 0.03736976502797745, ""专业公共卫生服务"": 0.03736976502797745}","{""互联网数据服务"": 0.44256932321641346, ""互联网平台"": 0.14299288278843808, ""软件开发"": 0.14223775080677023, ""互联网信息服务"": 0.08068976006662945, ""电信"": 0.07473953005595489, ""医院"": 0.060158828537519346, ""互联网相关服务"": 0.05661192452827431}"
PRO_000732,SUP_0053,PROD::PRO_000732||SUP::SUP_0053,1.2675665702485628,1.4725428606350293,0.6106073919147392,0.5827354794604567,11.505038350014733,"{""PROD::PRO_000731||SUP::SUP_0053"": 0.9999999999999994, ""PROD::PRO_000733||SUP::SUP_0053"": 0.9999999999999994, ""PROD::PRO_000734||SUP::SUP_0053"": 0.9999999999999994, ""PROD::PRO_003909||SUP::SUP_0256"": 0.45549334751367676, ""PROD::PRO_004608||SUP::SUP_0298"": 0.3717716217266013, ""PROD::PRO_000076||SUP::SUP_0028"": 0.3394249028731715, ""PROD::PRO_000078||SUP::SUP_0029"": 0.2620461512849318, ""PROD::PRO_001194||SUP::SUP_0084"": 0.25943695919766974, ""PROD::PRO_004154||SUP::SUP_0268"": 0.2313455422791053, ""PROD::PRO_001718||SUP::SUP_0123"": 0.22861490056453093}","{""银行金融服务"": 0.6106073919147392, ""数字化商务服务"": 0.14548156210222116, ""金融信息服务"": 0.09712257991007611, ""人身保险"": 0.08847737808481032, ""数字社会"": 0.01805370951972022, ""汽车、摩托车、零配件和燃料及其他动力销售"": 0.01805370951972022, ""数字化社会工作"": 0.011101834474356385, ""房地产中介服务"": 0.011101834474356385}","{""互联网数据服务"": 0.5827354794604567, ""医院"": 0.08847737808481033, ""货币银行服务"": 0.08104517087312507, ""纺织、服装及家庭用品批发"": 0.06593164450553889, ""国家行政机构"": 0.0509011965365974, ""其他批发业"": 0.0503943736026057, ""不提供住宿社会工作"": 0.04440733789742555, ""金融信息服务"": 0.036107419039440446}"
PRO_000731,SUP_0053,PROD::PRO_000731||SUP::SUP_0053,1.2675665702485628,1.4725428606350293,0.6106073919147392,0.5827354794604567,11.505038350014733,"{""PROD::PRO_000732||SUP::SUP_0053"": 0.9999999999999994, ""PROD::PRO_000733||SUP::SUP_0053"": 0.9999999999999994, ""PROD::PRO_000734||SUP::SUP_0053"": 0.9999999999999994, ""PROD::PRO_003909||SUP::SUP_0256"": 0.45549334751367676, ""PROD::PRO_004608||SUP::SUP_0298"": 0.3717716217266013, ""PROD::PRO_000076||SUP::SUP_0028"": 0.3394249028731715, ""PROD::PRO_000078||SUP::SUP_0029"": 0.2620461512849318, ""PROD::PRO_001194||SUP::SUP_0084"": 0.25943695919766974, ""PROD::PRO_004154||SUP::SUP_0268"": 0.2313455422791053, ""PROD::PRO_001718||SUP::SUP_0123"": 0.22861490056453093}","{""银行金融服务"": 0.6106073919147392, ""数字化商务服务"": 0.14548156210222116, ""金融信息服务"": 0.09712257991007611, ""人身保险"": 0.08847737808481032, ""数字社会"": 0.01805370951972022, ""汽车、摩托车、零配件和燃料及其他动力销售"": 0.01805370951972022, ""数字化社会工作"": 0.011101834474356385, ""房地产中介服务"": 0.011101834474356385}","{""互联网数据服务"": 0.5827354794604567, ""医院"": 0.08847737808481033, ""货币银行服务"": 0.08104517087312507, ""纺织、服装及家庭用品批发"": 0.06593164450553889, ""国家行政机构"": 0.0509011965365974, ""其他批发业"": 0.0503943736026057, ""不提供住宿社会工作"": 0.04440733789742555, ""金融信息服务"": 0.036107419039440446}"
PRO_000733,SUP_0053,PROD::PRO_000733||SUP::SUP_0053,1.2675665702485628,1.4725428606350293,0.6106073919147392,0.5827354794604567,11.505038350014733,"{""PROD::PRO_000732||SUP::SUP_0053"": 0.9999999999999994, ""PROD::PRO_000731||SUP::SUP_0053"": 0.9999999999999994, ""PROD::PRO_000734||SUP::SUP_0053"": 0.9999999999999994, ""PROD::PRO_003909||SUP::SUP_0256"": 0.45549334751367676, ""PROD::PRO_004608||SUP::SUP_0298"": 0.3717716217266013, ""PROD::PRO_000076||SUP::SUP_0028"": 0.3394249028731715, ""PROD::PRO_000078||SUP::SUP_0029"": 0.2620461512849318, ""PROD::PRO_001194||SUP::SUP_0084"": 0.25943695919766974, ""PROD::PRO_004154||SUP::SUP_0268"": 0.2313455422791053, ""PROD::PRO_001718||SUP::SUP_0123"": 0.22861490056453093}","{""银行金融服务"": 0.6106073919147392, ""数字化商务服务"": 0.14548156210222116, ""金融信息服务"": 0.09712257991007611, ""人身保险"": 0.08847737808481032, ""数字社会"": 0.01805370951972022, ""汽车、摩托车、零配件和燃料及其他动力销售"": 0.01805370951972022, ""数字化社会工作"": 0.011101834474356385, ""房地产中介服务"": 0.011101834474356385}","{""互联网数据服务"": 0.5827354794604567, ""医院"": 0.08847737808481033, ""货币银行服务"": 0.08104517087312507, ""纺织、服装及家庭用品批发"": 0.06593164450553889, ""国家行政机构"": 0.0509011965365974, ""其他批发业"": 0.0503943736026057, ""不提供住宿社会工作"": 0.04440733789742555, ""金融信息服务"": 0.036107419039440446}"
PRO_000734,SUP_0053,PROD::PRO_000734||SUP::SUP_0053,0.984541704498421,1.4725428606350293,0.7077299718248153,0.5827354794604567,11.634091244034801,"{""PROD::PRO_000732||SUP::SUP_0053"": 0.9999999999999994, ""PROD::PRO_000731||SUP::SUP_0053"": 0.9999999999999994, ""PROD::PRO_000733||SUP::SUP_0053"": 0.9999999999999994, ""PROD::PRO_003909||SUP::SUP_0256"": 0.45549334751367676, ""PROD::PRO_004608||SUP::SUP_0298"": 0.3717716217266013, ""PROD::PRO_000076||SUP::SUP_0028"": 0.3394249028731715, ""PROD::PRO_000078||SUP::SUP_0029"": 0.2620461512849318, ""PROD::PRO_001194||SUP::SUP_0084"": 0.25943695919766974, ""PROD::PRO_004154||SUP::SUP_0268"": 0.2313455422791053, ""PROD::PRO_001718||SUP::SUP_0123"": 0.22861490056453093}","{""银行金融服务"": 0.7077299718248153, ""数字化商务服务"": 0.14548156210222116, ""人身保险"": 0.08847737808481032, ""数字社会"": 0.01805370951972022, ""汽车、摩托车、零配件和燃料及其他动力销售"": 0.01805370951972022, ""数字化社会工作"": 0.011101834474356385, ""房地产中介服务"": 0.011101834474356385}","{""互联网数据服务"": 0.5827354794604567, ""医院"": 0.08847737808481033, ""货币银行服务"": 0.08104517087312507, ""纺织、服装及家庭用品批发"": 0.06593164450553889, ""国家行政机构"": 0.0509011965365974, ""其他批发业"": 0.0503943736026057, ""不提供住宿社会工作"": 0.04440733789742555, ""金融信息服务"": 0.036107419039440446}"
PRO_000652,SUP_0038,PROD::PRO_000652||SUP::SUP_0038,1.8143419887435746,1.4502809212903283,0.23904656594463122,0.2958368234074021,7.41927457444839,"{""PROD::PRO_000656||SUP::SUP_0038"": 0.7821619872239886, ""PROD::PRO_000050||SUP::SUP_0019"": 0.7623640591309493, ""PROD::PRO_000647||SUP::SUP_0037"": 0.7524257874332074, ""PROD::PRO_003999||SUP::SUP_0266"": 0.7313796823178461, ""PROD::PRO_004624||SUP::SUP_0298"": 0.6974454226767912, ""PROD::PRO_000048||SUP::SUP_0019"": 0.666124744850169, ""PROD::PRO_004119||SUP::SUP_0266"": 0.6515897050403244, ""PROD::PRO_000651||SUP::SUP_0038"": 0.6384725219234986, ""PROD::PRO_000662||SUP::SUP_0038"": 0.6261866656898362, ""PROD::PRO_004575||SUP::SUP_0298"": 0.6182830860519543}","{""金融信息服务"": 0.23904656594463122, ""资本投资服务"": 0.19966543459123234, ""银行金融服务"": 0.1934187554990136, ""数字金融"": 0.14651803592758628, ""数字资本市场服务"": 0.11149504360036426, ""数字社会"": 0.08010140577429445, ""数字化商务服务"": 0.029754758662877984}","{""互联网数据服务"": 0.2958368234074021, ""其他未列明金融业"": 0.2955086664536475, ""货币银行服务"": 0.2539564859619376, ""国家行政机构"": 0.11006588618269579, ""金融信息服务"": 0.04463213799431697}"
PRO_000656,SUP_0038,PROD::PRO_000656||SUP::SUP_0038,0.6746817301447972,0.32186848573107996,0.5957901608782821,0.9014575812235671,13.002619179621158,"{""PROD::PRO_000651||SUP::SUP_0038"": 0.8884368193454192, ""PROD::PRO_000658||SUP::SUP_0038"": 0.875405046411778, ""PROD::PRO_000664||SUP::SUP_0038"": 0.8733490201057981, ""PROD::PRO_000663||SUP::SUP_0038"": 0.8694657924987577, ""PROD::PRO_000660||SUP::SUP_0038"": 0.8690132053479981, ""PROD::PRO_000662||SUP::SUP_0038"": 0.8576971701103137, ""PROD::PRO_003312||SUP::SUP_0175"": 0.837925572779301, ""PROD::PRO_000650||SUP::SUP_0038"": 0.8175927713517824, ""PROD::PRO_000661||SUP::SUP_0038"": 0.8135292233071533, ""PROD::PRO_000653||SUP::SUP_0038"": 0.8007821054258357}","{""银行金融服务"": 0.5957901608782821, ""金融信息服务"": 0.4042098391217179}","{""其他未列明金融业"": 0.9014575812235671, ""软件开发"": 0.09854241877643281}"
PRO_000651,SUP_0038,PROD::PRO_000651||SUP::SUP_0038,1.0793508068679842,0.32124671086513734,0.5075681427613942,0.9017382786439859,13.028542282891847,"{""PROD::PRO_000658||SUP::SUP_0038"": 0.9909681994118084, ""PROD::PRO_000663||SUP::SUP_0038"": 0.9886078987290058, ""PROD::PRO_000664||SUP::SUP_0038"": 0.9872625486950845, ""PROD::PRO_000660||SUP::SUP_0038"": 0.9780881766322073, ""PROD::PRO_000662||SUP::SUP_0038"": 0.9767438903531738, ""PROD::PRO_000661||SUP::SUP_0038"": 0.9396916027399297, ""PROD::PRO_003312||SUP::SUP_0175"": 0.9356337385240142, ""PROD::PRO_000650||SUP::SUP_0038"": 0.9240043709216947, ""PROD::PRO_000654||SUP::SUP_0038"": 0.9124164898789053, ""PROD::PRO_000656||SUP::SUP_0038"": 0.8884368193454192}","{""银行金融服务"": 0.5075681427613942, ""金融信息服务"": 0.34995593424348453, ""其他数字金融"": 0.09582340952192192, ""数字资本市场服务"": 0.046652513473199396}","{""其他未列明金融业"": 0.9017382786439859, ""软件开发"": 0.09826172135601408}"
PRO_000660,SUP_0038,PROD::PRO_000660||SUP::SUP_0038,1.0909076765860055,0.3158054555407415,0.45493581368942293,0.9041776930186411,12.889368492344012,"{""PROD::PRO_000658||SUP::SUP_0038"": 0.991980874006808, ""PROD::PRO_000662||SUP::SUP_0038"": 0.9844599688529359, ""PROD::PRO_000651||SUP::SUP_0038"": 0.9780881766322073, ""PROD::PRO_000663||SUP::SUP_0038"": 0.9741280094288367, ""PROD::PRO_000664||SUP::SUP_0038"": 0.9716677940773437, ""PROD::PRO_000661||SUP::SUP_0038"": 0.9068285667580315, ""PROD::PRO_003312||SUP::SUP_0175"": 0.8947122118598569, ""PROD::PRO_000654||SUP::SUP_0038"": 0.8872180062801754, ""PROD::PRO_000650||SUP::SUP_0038"": 0.8791049307496531, ""PROD::PRO_000656||SUP::SUP_0038"": 0.8690132053479981}","{""金融信息服务"": 0.45493581368942293, ""银行金融服务"": 0.4035095058835024, ""其他数字金融"": 0.0950196890466545, ""数字资本市场服务"": 0.046534991380420304}","{""其他未列明金融业"": 0.9041776930186411, ""软件开发"": 0.09582230698135877}"
PRO_000664,SUP_0038,PROD::PRO_000664||SUP::SUP_0038,1.075996753977667,0.3161275134363736,0.5083702402127805,0.9040341544216765,13.027387639870353,"{""PROD::PRO_000663||SUP::SUP_0038"": 0.9997163862899038, ""PROD::PRO_000651||SUP::SUP_0038"": 0.9872625486950845, ""PROD::PRO_000662||SUP::SUP_0038"": 0.9847497281853974, ""PROD::PRO_000658||SUP::SUP_0038"": 0.9759110173921036, ""PROD::PRO_000660||SUP::SUP_0038"": 0.9716677940773437, ""PROD::PRO_000661||SUP::SUP_0038"": 0.920655851021482, ""PROD::PRO_003312||SUP::SUP_0175"": 0.900066046533837, ""PROD::PRO_000650||SUP::SUP_0038"": 0.8874622802431105, ""PROD::PRO_000654||SUP::SUP_0038"": 0.8781841368527198, ""PROD::PRO_000656||SUP::SUP_0038"": 0.8733490201057981}","{""银行金融服务"": 0.5083702402127805, ""金融信息服务"": 0.35143835677607993, ""其他数字金融"": 0.09363277682908708, ""数字资本市场服务"": 0.046558626182052296}","{""其他未列明金融业"": 0.9040341544216765, ""软件开发"": 0.09596584557832356}"
PRO_000663,SUP_0038,PROD::PRO_000663||SUP::SUP_0038,1.0882771009106114,0.3161978131893482,0.4577240778507941,0.904002808304784,12.886166449106726,"{""PROD::PRO_000664||SUP::SUP_0038"": 0.9997163862899038, ""PROD::PRO_000651||SUP::SUP_0038"": 0.9886078987290058, ""PROD::PRO_000662||SUP::SUP_0038"": 0.9859706818526814, ""PROD::PRO_000658||SUP::SUP_0038"": 0.9782180704347369, ""PROD::PRO_000660||SUP::SUP_0038"": 0.9741280094288367, ""PROD::PRO_000661||SUP::SUP_0038"": 0.9220453409516243, ""PROD::PRO_003312||SUP::SUP_0175"": 0.9011934406284458, ""PROD::PRO_000650||SUP::SUP_0038"": 0.8879513431717482, ""PROD::PRO_000654||SUP::SUP_0038"": 0.8804093294407103, ""PROD::PRO_000656||SUP::SUP_0038"": 0.8694657924987577}","{""金融信息服务"": 0.4577240778507941, ""银行金融服务"": 0.402183956701694, ""其他数字金融"": 0.09378322051438687, ""数字资本市场服务"": 0.046308744933125104}","{""其他未列明金融业"": 0.904002808304784, ""软件开发"": 0.09599719169521612}"
PRO_000662,SUP_0038,PROD::PRO_000662||SUP::SUP_0038,1.075204634171094,0.3132526681976448,0.5096917170543177,0.9053117117615614,13.029072373940748,"{""PROD::PRO_000663||SUP::SUP_0038"": 0.9859706818526814, ""PROD::PRO_000664||SUP::SUP_0038"": 0.9847497281853974, ""PROD::PRO_000660||SUP::SUP_0038"": 0.9844599688529359, ""PROD::PRO_000651||SUP::SUP_0038"": 0.9767438903531738, ""PROD::PRO_000658||SUP::SUP_0038"": 0.9761843412441641, ""PROD::PRO_000661||SUP::SUP_0038"": 0.9065960168278056, ""PROD::PRO_003312||SUP::SUP_0175"": 0.8791588919727409, ""PROD::PRO_000654||SUP::SUP_0038"": 0.87251958867911, ""PROD::PRO_000650||SUP::SUP_0038"": 0.8606888135214161, ""PROD::PRO_000656||SUP::SUP_0038"": 0.8576971701103137}","{""银行金融服务"": 0.5096917170543177, ""金融信息服务"": 0.35014667408977007, ""其他数字金融"": 0.09397321355772967, ""数字资本市场服务"": 0.04618839529818264}","{""其他未列明金融业"": 0.9053117117615614, ""软件开发"": 0.09468828823843849}"
PRO_000658,SUP_0038,PROD::PRO_000658||SUP::SUP_0038,1.0935419813317417,0.3193891400816565,0.4534377444725335,0.9025744872074798,12.890656404329555,"{""PROD::PRO_000660||SUP::SUP_0038"": 0.991980874006808, ""PROD::PRO_000651||SUP::SUP_0038"": 0.9909681994118084, ""PROD::PRO_000663||SUP::SUP_0038"": 0.9782180704347369, ""PROD::PRO_000662||SUP::SUP_0038"": 0.9761843412441641, ""PROD::PRO_000664||SUP::SUP_0038"": 0.9759110173921036, ""PROD::PRO_000661||SUP::SUP_0038"": 0.9228839357104939, ""PROD::PRO_003312||SUP::SUP_0175"": 0.9219331060566386, ""PROD::PRO_000654||SUP::SUP_0038"": 0.9193747487945458, ""PROD::PRO_000650||SUP::SUP_0038"": 0.9100942507326478, ""PROD::PRO_000656||SUP::SUP_0038"": 0.875405046411778}","{""金融信息服务"": 0.4534377444725335, ""银行金融服务"": 0.4031527735865996, ""其他数字金融"": 0.09715515774557762, ""数字资本市场服务"": 0.0462543241952892}","{""其他未列明金融业"": 0.9025744872074798, ""软件开发"": 0.09742551279252021}"
PRO_000667,SUP_0039,PROD::PRO_000667||SUP::SUP_0039,1.6160887614550263,2.069052751607824,0.5263939819848236,0.20639953651347934,10.98165869165826,"{""PROD::PRO_000666||SUP::SUP_0039"": 0.999805680994886, ""PROD::PRO_000665||SUP::SUP_0039"": 0.9932547961039853, ""PROD::PRO_000054||SUP::SUP_0020"": 0.47733374175458865, ""PROD::PRO_000037||SUP::SUP_0012"": 0.46246950273711607, ""PROD::PRO_001189||SUP::SUP_0084"": 0.3763848489971473, ""PROD::PRO_000646||SUP::SUP_0037"": 0.37630607783346504, ""PROD::PRO_001192||SUP::SUP_0084"": 0.3453065979784119, ""PROD::PRO_003541||SUP::SUP_0232"": 0.28920617734779364, ""PROD::PRO_000038||SUP::SUP_0012"": 0.27308105248125103, ""PROD::PRO_005729||SUP::SUP_0353"": 0.25088217366378673}","{""银行金融服务"": 0.5263939819848236, ""数字金融"": 0.10319976825673967, ""数字化零售"": 0.10319976825673967, ""供应链管理服务"": 0.06182971086186701, ""数字内容出版"": 0.059703622509947554, ""住宅房屋建筑"": 0.05179202853915838, ""互联网保险"": 0.04694055979536208, ""数据资源与产权交易"": 0.032846870457985816, ""数字社会"": 0.01409368933737626}","{""互联网相关服务"": 0.20639953651347934, ""其他未列明金融业"": 0.20504717411852913, ""纺织、服装及家庭用品批发"": 0.14898573092050632, ""城市公共交通运输"": 0.09854061137395745, ""国家行政机构"": 0.0954720430489815, ""金融信息服务"": 0.07768449562593528, ""互联网信息服务"": 0.059703622509947554, ""农业专业及辅助性活动"": 0.05637475734950504, ""互联网数据服务"": 0.05179202853915838}"
PRO_004040,SUP_0266,PROD::PRO_004040||SUP::SUP_0266,2.105603926370784,0.6928721893953359,0.2515493149872184,0.5117253135412028,7.852164796827353,"{""PROD::PRO_004000||SUP::SUP_0266"": 0.8825754001153653, ""PROD::PRO_004068||SUP::SUP_0266"": 0.8741842550685059, ""PROD::PRO_004001||SUP::SUP_0266"": 0.8556155572426658, ""PROD::PRO_004061||SUP::SUP_0266"": 0.8376940070799193, ""PROD::PRO_004084||SUP::SUP_0266"": 0.8350288746209628, ""PROD::PRO_004002||SUP::SUP_0266"": 0.812183726229412, ""PROD::PRO_004101||SUP::SUP_0266"": 0.8073910347641132, ""PROD::PRO_004075||SUP::SUP_0266"": 0.801068855916773, ""PROD::PRO_004003||SUP::SUP_0266"": 0.8009480727457193, ""PROD::PRO_004038||SUP::SUP_0266"": 0.8007711975872633}","{""数字化商务服务"": 0.2515493149872184, ""互联网资讯服务"": 0.1052288126334683, ""人力资源服务"": 0.10299362936056698, ""其他互联网平台"": 0.10083634566065731, ""网上税务办理"": 0.10051553374653181, ""资本投资服务"": 0.09718866409058918, ""咨询与调查"": 0.0964131007707202, ""法律服务"": 0.09639180964953978, ""银行金融服务"": 0.048882789100708174}","{""互联网数据服务"": 0.5117253135412028, ""互联网信息服务"": 0.4882746864587973}"
PRO_001840,SUP_0135,PROD::PRO_001840||SUP::SUP_0135,1.3251419062347722,2.0957737341587963,0.6088484293752355,0.21294765721248485,11.910645605989169,"{""PROD::PRO_001849||SUP::SUP_0135"": 0.9820858406757087, ""PROD::PRO_001842||SUP::SUP_0135"": 0.9132740212808779, ""PROD::PRO_001851||SUP::SUP_0136"": 0.9126240704989017, ""PROD::PRO_001850||SUP::SUP_0135"": 0.9029279724343336, ""PROD::PRO_001839||SUP::SUP_0135"": 0.7986851048245299, ""PROD::PRO_004351||SUP::SUP_0287"": 0.5033310807247842, ""PROD::PRO_000034||SUP::SUP_0012"": 0.45592360897571427, ""PROD::PRO_000870||SUP::SUP_0075"": 0.4321355675873877, ""PROD::PRO_001190||SUP::SUP_0084"": 0.3792020933377642, ""PROD::PRO_002726||SUP::SUP_0145"": 0.3721735749898538}","{""银行金融服务"": 0.6088484293752355, ""数字化租赁"": 0.1278953879847574, ""网络借贷服务"": 0.07381481213690065, ""供应链管理服务"": 0.06853558854318692, ""其他数字金融"": 0.05594607188571855, ""货币银行服务"": 0.03247985503710046, ""人身保险"": 0.03247985503710046}","{""互联网数据服务"": 0.21294765721248485, ""信息技术咨询服务"": 0.1476296242738013, ""法律服务"": 0.13718795552360363, ""软件开发"": 0.13573041357064233, ""其他信息技术服务业"": 0.12006036239887251, ""国家行政机构"": 0.06853558854318692, ""婚姻服务"": 0.06495971007420091, ""其他批发业"": 0.057002616517488836, ""其他未列明金融业"": 0.05594607188571855}"
PRO_001839,SUP_0135,PROD::PRO_001839||SUP::SUP_0135,1.2884795971874623,2.0415639499751577,0.6378572427094715,0.2823422390357471,12.053558892562128,"{""PROD::PRO_001849||SUP::SUP_0135"": 0.8590941185964844, ""PROD::PRO_001840||SUP::SUP_0135"": 0.7986851048245299, ""PROD::PRO_004351||SUP::SUP_0287"": 0.6992396810401521, ""PROD::PRO_001190||SUP::SUP_0084"": 0.6341384996494315, ""PROD::PRO_003830||SUP::SUP_0247"": 0.6139915995376912, ""PROD::PRO_000870||SUP::SUP_0075"": 0.6017234841668538, ""PROD::PRO_004349||SUP::SUP_0287"": 0.5578300511621926, ""PROD::PRO_001861||SUP::SUP_0140"": 0.5573202965240304, ""PROD::PRO_001842||SUP::SUP_0135"": 0.5542485521795761, ""PROD::PRO_001851||SUP::SUP_0136"": 0.5390573657068606}","{""银行金融服务"": 0.6378572427094715, ""数字化商务服务"": 0.09570695799704028, ""网络借贷服务"": 0.06695635965209223, ""其他数字金融"": 0.062248182090649744, ""货币银行服务"": 0.04689732259232203, ""人身保险"": 0.04689732259232203, ""电信"": 0.04343661236610213}","{""互联网数据服务"": 0.2823422390357471, ""信息技术咨询服务"": 0.13391271930418444, ""信息技术服务"": 0.12449636418129947, ""其他批发业"": 0.09884738943652045, ""国家行政机构"": 0.09570695799704027, ""婚姻服务"": 0.09379464518464405, ""法律服务"": 0.08402646012835982, ""电信"": 0.04343661236610213, ""互联网信息服务"": 0.04343661236610213}"
PRO_003992,SUP_0266,PROD::PRO_003992||SUP::SUP_0266,1.9897941210025456,1.1792401980126497,0.25588796668825936,0.5448806726798388,12.620001506579452,"{""PROD::PRO_004543||SUP::SUP_0298"": 0.8998191814556217, ""PROD::PRO_000051||SUP::SUP_0019"": 0.8640285562246712, ""PROD::PRO_001277||SUP::SUP_0092"": 0.6777678373429986, ""PROD::PRO_004111||SUP::SUP_0266"": 0.5798410787004253, ""PROD::PRO_004071||SUP::SUP_0266"": 0.5577564487422516, ""PROD::PRO_004052||SUP::SUP_0266"": 0.5210761295364301, ""PROD::PRO_004013||SUP::SUP_0266"": 0.49684468922660097, ""PROD::PRO_004124||SUP::SUP_0266"": 0.4665136963517723, ""PROD::PRO_004128||SUP::SUP_0266"": 0.4525582100426724, ""PROD::PRO_004088||SUP::SUP_0266"": 0.44966813828540375}","{""数字资本市场服务"": 0.25588796668825936, ""银行金融服务"": 0.24095370180972683, ""互联网房地产业"": 0.11360746827975382, ""互联网搜索服务"": 0.09349115518186821, ""金融信息服务"": 0.07585782278149907, ""数字化商务服务"": 0.07537338885383255, ""物联网技术服务"": 0.04827616546835336, ""可穿戴智能设备制造"": 0.04827616546835336, ""互联网数据服务"": 0.04827616546835336}","{""互联网数据服务"": 0.5448806726798388, ""互联网相关服务"": 0.19068413679928858, ""货币银行服务"": 0.15082772224111882, ""房地产租赁经营"": 0.11360746827975382}"
PRO_001842,SUP_0135,PROD::PRO_001842||SUP::SUP_0135,1.5840320812166213,2.16734790760701,0.5156218069386783,0.1792647407616503,11.585653337898538,"{""PROD::PRO_001851||SUP::SUP_0136"": 0.996951889366918, ""PROD::PRO_001850||SUP::SUP_0135"": 0.9866626967408134, ""PROD::PRO_001840||SUP::SUP_0135"": 0.9132740212808779, ""PROD::PRO_001849||SUP::SUP_0135"": 0.8979586229729483, ""PROD::PRO_001839||SUP::SUP_0135"": 0.5542485521795761, ""PROD::PRO_000034||SUP::SUP_0012"": 0.34601665059223596, ""PROD::PRO_004634||SUP::SUP_0298"": 0.24437804709160993, ""PROD::PRO_000035||SUP::SUP_0012"": 0.2143929628284572, ""PROD::PRO_002726||SUP::SUP_0145"": 0.21293144566920374, ""PROD::PRO_006100||SUP::SUP_0368"": 0.1945235269140515}","{""银行金融服务"": 0.5156218069386783, ""数字化租赁"": 0.1385378063478248, ""其他数字金融"": 0.12039699911572221, ""网络借贷服务"": 0.08073224068222301, ""供应链管理服务"": 0.06221823322589912, ""货币银行服务"": 0.019275302706418054, ""财产保险"": 0.019275302706418054, ""数字社会"": 0.014647436092272178, ""数字金融"": 0.014647436092272178, ""智能制造"": 0.014647436092272178}","{""法律服务"": 0.1792647407616503, ""软件开发"": 0.1774146119154764, ""信息技术服务"": 0.16421838647924142, ""信息技术咨询服务"": 0.16146448136444608, ""其他信息技术服务业"": 0.09966100078017337, ""其他未列明金融业"": 0.07326563178346122, ""国家行政机构"": 0.06221823322589915, ""货币银行服务"": 0.043942308276816555, ""化学药品原料药制造"": 0.0025700403608557416, ""其他未列明制造业"": 0.0025700403608557416}"
PRO_001841,SUP_0135,PROD::PRO_001841||SUP::SUP_0135,1.0336170033372254,1.3850930580417817,0.6389245852145076,0.4266411990599269,12.40701909848041,"{""PROD::PRO_001845||SUP::SUP_0135"": 1.0, ""PROD::PRO_001848||SUP::SUP_0135"": 1.0, ""PROD::PRO_001844||SUP::SUP_0135"": 1.0, ""PROD::PRO_001843||SUP::SUP_0135"": 1.0, ""PROD::PRO_001847||SUP::SUP_0135"": 1.0, ""PROD::PRO_001846||SUP::SUP_0135"": 1.0, ""PROD::PRO_001861||SUP::SUP_0140"": 0.323756161135047, ""PROD::PRO_001839||SUP::SUP_0135"": 0.29963653935425427, ""PROD::PRO_003830||SUP::SUP_0247"": 0.22726670991758413, ""PROD::PRO_001190||SUP::SUP_0084"": 0.1810103078722759}","{""银行金融服务"": 0.6389245852145076, ""网络借贷服务"": 0.2133205995299634, ""数字化租赁"": 0.09241308191536546, ""数字化商务服务"": 0.03232044720854755, ""电信"": 0.02302128613161589}","{""互联网数据服务"": 0.4266411990599269, ""其他信息技术服务业"": 0.3270398968507066, ""信息技术服务业"": 0.14221373301997564, ""国家行政机构"": 0.03232044720854756, ""其他批发业"": 0.02574215159761144, ""电信"": 0.023021286131615894, ""互联网信息服务"": 0.023021286131615894}"
PRO_001844,SUP_0135,PROD::PRO_001844||SUP::SUP_0135,1.133069074247565,1.6566562260204414,0.4967108521945319,0.3270398968507066,11.832154526747386,"{""PROD::PRO_001845||SUP::SUP_0135"": 1.0, ""PROD::PRO_001848||SUP::SUP_0135"": 1.0, ""PROD::PRO_001843||SUP::SUP_0135"": 1.0, ""PROD::PRO_001847||SUP::SUP_0135"": 1.0, ""PROD::PRO_001841||SUP::SUP_0135"": 1.0, ""PROD::PRO_001846||SUP::SUP_0135"": 1.0, ""PROD::PRO_001861||SUP::SUP_0140"": 0.323756161135047, ""PROD::PRO_001839||SUP::SUP_0135"": 0.29963653935425427, ""PROD::PRO_003830||SUP::SUP_0247"": 0.22726670991758413, ""PROD::PRO_001190||SUP::SUP_0084"": 0.1810103078722759}","{""银行金融服务"": 0.4967108521945319, ""网络借贷服务"": 0.3555343325499391, ""数字化租赁"": 0.09241308191536549, ""数字化商务服务"": 0.03232044720854756, ""电信"": 0.023021286131615894}","{""其他信息技术服务业"": 0.3270398968507066, ""互联网数据服务"": 0.2844274660399513, ""信息技术服务业"": 0.14221373301997564, ""软件开发"": 0.14221373301997564, ""国家行政机构"": 0.03232044720854756, ""其他批发业"": 0.02574215159761144, ""电信"": 0.023021286131615894, ""互联网信息服务"": 0.023021286131615894}"
PRO_001843,SUP_0135,PROD::PRO_001843||SUP::SUP_0135,0.9687781276901485,1.6089957880213799,0.5678177187045197,0.4266411990599269,12.073254498740791,"{""PROD::PRO_001845||SUP::SUP_0135"": 1.0, ""PROD::PRO_001848||SUP::SUP_0135"": 1.0, ""PROD::PRO_001844||SUP::SUP_0135"": 1.0, ""PROD::PRO_001847||SUP::SUP_0135"": 1.0, ""PROD::PRO_001841||SUP::SUP_0135"": 1.0, ""PROD::PRO_001846||SUP::SUP_0135"": 1.0, ""PROD::PRO_001861||SUP::SUP_0140"": 0.323756161135047, ""PROD::PRO_001839||SUP::SUP_0135"": 0.29963653935425427, ""PROD::PRO_003830||SUP::SUP_0247"": 0.22726670991758413, ""PROD::PRO_001190||SUP::SUP_0084"": 0.1810103078722759}","{""银行金融服务"": 0.5678177187045197, ""网络借贷服务"": 0.35553433254993905, ""数字化商务服务"": 0.032320447208547556, ""电信"": 0.023021286131615894, ""数字化租赁"": 0.02130621540537767}","{""互联网数据服务"": 0.4266411990599269, ""其他信息技术服务业"": 0.18482616383073097, ""信息技术服务业"": 0.14221373301997564, ""软件开发"": 0.14221373301997564, ""国家行政机构"": 0.03232044720854756, ""其他批发业"": 0.02574215159761144, ""电信"": 0.023021286131615894, ""互联网信息服务"": 0.023021286131615894}"
PRO_001846,SUP_0135,PROD::PRO_001846||SUP::SUP_0135,1.133069074247565,1.6566562260204414,0.4967108521945319,0.3270398968507066,11.832154526747386,"{""PROD::PRO_001845||SUP::SUP_0135"": 1.0, ""PROD::PRO_001848||SUP::SUP_0135"": 1.0, ""PROD::PRO_001844||SUP::SUP_0135"": 1.0, ""PROD::PRO_001843||SUP::SUP_0135"": 1.0, ""PROD::PRO_001847||SUP::SUP_0135"": 1.0, ""PROD::PRO_001841||SUP::SUP_0135"": 1.0, ""PROD::PRO_001861||SUP::SUP_0140"": 0.323756161135047, ""PROD::PRO_001839||SUP::SUP_0135"": 0.29963653935425427, ""PROD::PRO_003830||SUP::SUP_0247"": 0.22726670991758413, ""PROD::PRO_001190||SUP::SUP_0084"": 0.1810103078722759}","{""银行金融服务"": 0.4967108521945319, ""网络借贷服务"": 0.3555343325499391, ""数字化租赁"": 0.09241308191536549, ""数字化商务服务"": 0.03232044720854756, ""电信"": 0.023021286131615894}","{""其他信息技术服务业"": 0.3270398968507066, ""互联网数据服务"": 0.2844274660399513, ""信息技术服务业"": 0.14221373301997564, ""软件开发"": 0.14221373301997564, ""国家行政机构"": 0.03232044720854756, ""其他批发业"": 0.02574215159761144, ""电信"": 0.023021286131615894, ""互联网信息服务"": 0.023021286131615894}"
PRO_001845,SUP_0135,PROD::PRO_001845||SUP::SUP_0135,1.133069074247565,1.6566562260204414,0.4967108521945319,0.3270398968507066,11.832154526747386,"{""PROD::PRO_001848||SUP::SUP_0135"": 1.0, ""PROD::PRO_001844||SUP::SUP_0135"": 1.0, ""PROD::PRO_001843||SUP::SUP_0135"": 1.0, ""PROD::PRO_001847||SUP::SUP_0135"": 1.0, ""PROD::PRO_001841||SUP::SUP_0135"": 1.0, ""PROD::PRO_001846||SUP::SUP_0135"": 1.0, ""PROD::PRO_001861||SUP::SUP_0140"": 0.323756161135047, ""PROD::PRO_001839||SUP::SUP_0135"": 0.29963653935425427, ""PROD::PRO_003830||SUP::SUP_0247"": 0.22726670991758413, ""PROD::PRO_001190||SUP::SUP_0084"": 0.1810103078722759}","{""银行金融服务"": 0.4967108521945319, ""网络借贷服务"": 0.3555343325499391, ""数字化租赁"": 0.09241308191536549, ""数字化商务服务"": 0.03232044720854756, ""电信"": 0.023021286131615894}","{""其他信息技术服务业"": 0.3270398968507066, ""互联网数据服务"": 0.2844274660399513, ""信息技术服务业"": 0.14221373301997564, ""软件开发"": 0.14221373301997564, ""国家行政机构"": 0.03232044720854756, ""其他批发业"": 0.02574215159761144, ""电信"": 0.023021286131615894, ""互联网信息服务"": 0.023021286131615894}"
PRO_001848,SUP_0135,PROD::PRO_001848||SUP::SUP_0135,1.0967903872228657,1.6089957880213799,0.5678177187045197,0.4266411990599269,12.119586812613898,"{""PROD::PRO_001845||SUP::SUP_0135"": 1.0, ""PROD::PRO_001844||SUP::SUP_0135"": 1.0, ""PROD::PRO_001843||SUP::SUP_0135"": 1.0, ""PROD::PRO_001847||SUP::SUP_0135"": 1.0, ""PROD::PRO_001841||SUP::SUP_0135"": 1.0, ""PROD::PRO_001846||SUP::SUP_0135"": 1.0, ""PROD::PRO_001861||SUP::SUP_0140"": 0.323756161135047, ""PROD::PRO_001839||SUP::SUP_0135"": 0.29963653935425427, ""PROD::PRO_003830||SUP::SUP_0247"": 0.22726670991758413, ""PROD::PRO_001190||SUP::SUP_0084"": 0.1810103078722759}","{""银行金融服务"": 0.5678177187045197, ""网络借贷服务"": 0.2844274660399513, ""数字化租赁"": 0.09241308191536549, ""数字化商务服务"": 0.03232044720854756, ""电信"": 0.023021286131615894}","{""互联网数据服务"": 0.4266411990599269, ""其他信息技术服务业"": 0.18482616383073097, ""信息技术服务业"": 0.14221373301997564, ""软件开发"": 0.14221373301997564, ""国家行政机构"": 0.03232044720854756, ""其他批发业"": 0.02574215159761144, ""电信"": 0.023021286131615894, ""互联网信息服务"": 0.023021286131615894}"
PRO_001847,SUP_0135,PROD::PRO_001847||SUP::SUP_0135,1.0336170033372254,1.3850930580417817,0.6389245852145076,0.4266411990599269,12.40701909848041,"{""PROD::PRO_001845||SUP::SUP_0135"": 1.0, ""PROD::PRO_001848||SUP::SUP_0135"": 1.0, ""PROD::PRO_001844||SUP::SUP_0135"": 1.0, ""PROD::PRO_001843||SUP::SUP_0135"": 1.0, ""PROD::PRO_001841||SUP::SUP_0135"": 1.0, ""PROD::PRO_001846||SUP::SUP_0135"": 1.0, ""PROD::PRO_001861||SUP::SUP_0140"": 0.323756161135047, ""PROD::PRO_001839||SUP::SUP_0135"": 0.29963653935425427, ""PROD::PRO_003830||SUP::SUP_0247"": 0.22726670991758413, ""PROD::PRO_001190||SUP::SUP_0084"": 0.1810103078722759}","{""银行金融服务"": 0.6389245852145076, ""网络借贷服务"": 0.2133205995299634, ""数字化租赁"": 0.09241308191536546, ""数字化商务服务"": 0.03232044720854755, ""电信"": 0.02302128613161589}","{""互联网数据服务"": 0.4266411990599269, ""其他信息技术服务业"": 0.3270398968507066, ""软件开发"": 0.14221373301997564, ""国家行政机构"": 0.03232044720854756, ""其他批发业"": 0.02574215159761144, ""电信"": 0.023021286131615894, ""互联网信息服务"": 0.023021286131615894}"
PRO_003909,SUP_0256,PROD::PRO_003909||SUP::SUP_0256,2.4570852684173428,2.180866777456589,0.1776129512092333,0.15310792993802183,8.31040246604087,"{""PROD::PRO_003430||SUP::SUP_0205"": 0.6776818105372471, ""PROD::PRO_000045||SUP::SUP_0017"": 0.6646782052085526, ""PROD::PRO_000648||SUP::SUP_0037"": 0.6532027684353731, ""PROD::PRO_000061||SUP::SUP_0024"": 0.6368459865071348, ""PROD::PRO_003175||SUP::SUP_0169"": 0.6070996355401082, ""PROD::PRO_003542||SUP::SUP_0232"": 0.5854761227017029, ""PROD::PRO_001194||SUP::SUP_0084"": 0.5735652435659634, ""PROD::PRO_000055||SUP::SUP_0021"": 0.5667908905949888, ""PROD::PRO_001718||SUP::SUP_0123"": 0.5643625675643297, ""PROD::PRO_000044||SUP::SUP_0017"": 0.5576335208449875}","{""数字化零售"": 0.1776129512092333, ""银行金融服务"": 0.1762856589927364, ""数字化商务服务"": 0.11740041903890067, ""医院"": 0.0931098300837863, ""数字金融"": 0.08772302808847224, ""房地产开发经营"": 0.05230908133595262, ""互联网保险"": 0.04580274951172561, ""网络借贷服务"": 0.03639677099867605, ""数字化租赁"": 0.03639677099867605, ""智慧配送"": 0.033243855801169106}","{""货币银行服务"": 0.15310792993802183, ""互联网相关服务"": 0.14198210455683571, ""综合零售"": 0.11132648614687107, ""互联网数据服务"": 0.10919031299602815, ""数字政府"": 0.10461816267190524, ""人力资源服务"": 0.0997315674035073, ""其他批发业"": 0.09422268998418608, ""医院"": 0.0931098300837863, ""不提供住宿社会工作"": 0.09271091621885832}"
PRO_000666,SUP_0039,PROD::PRO_000666||SUP::SUP_0039,1.6153616791852816,1.93886662050422,0.5267016797137343,0.258123903399451,9.757819322766855,"{""PROD::PRO_000667||SUP::SUP_0039"": 0.999805680994886, ""PROD::PRO_000665||SUP::SUP_0039"": 0.9930814068383879, ""PROD::PRO_000054||SUP::SUP_0020"": 0.4808302720649429, ""PROD::PRO_000037||SUP::SUP_0012"": 0.4612400656048632, ""PROD::PRO_001189||SUP::SUP_0084"": 0.3769688327948283, ""PROD::PRO_000646||SUP::SUP_0037"": 0.3739527007144048, ""PROD::PRO_001192||SUP::SUP_0084"": 0.34679677649936647, ""PROD::PRO_003541||SUP::SUP_0232"": 0.28712646478486503, ""PROD::PRO_000038||SUP::SUP_0012"": 0.27096930113851103, ""PROD::PRO_005729||SUP::SUP_0353"": 0.2496133510960079}","{""银行金融服务"": 0.5267016797137343, ""货币银行服务"": 0.10327749873773796, ""综合零售"": 0.10327749873773796, ""供应链管理服务"": 0.061640213986506466, ""数字内容出版"": 0.05931893300482605, ""住宅房屋建筑"": 0.051568905923974964, ""互联网保险"": 0.047107634947741034, ""数据资源与产权交易"": 0.03311239957937876, ""数字社会"": 0.013995235368362273}","{""互联网数据服务"": 0.258123903399451, ""其他未列明金融业"": 0.20516579509563176, ""纺织、服装及家庭用品批发"": 0.14952645943343407, ""城市公共交通运输"": 0.09933719873813633, ""国家行政机构"": 0.09528995723628841, ""金融信息服务"": 0.07725681161878335, ""互联网信息服务"": 0.05931893300482607, ""农业专业及辅助性活动"": 0.05598094147344911}"
PRO_002853,SUP_0156,PROD::PRO_002853||SUP::SUP_0156,1.8586133940053262,1.6901660329017572,0.2651184327373962,0.42016239083693363,11.615115285547924,"{""PROD::PRO_000066||SUP::SUP_0026"": 0.7156352565024974, ""PROD::PRO_004109||SUP::SUP_0266"": 0.6303658262718101, ""PROD::PRO_001194||SUP::SUP_0084"": 0.6010771550065724, ""PROD::PRO_001314||SUP::SUP_0100"": 0.5564752262868274, ""PROD::PRO_003830||SUP::SUP_0247"": 0.5495070657635719, ""PROD::PRO_000062||SUP::SUP_0025"": 0.5413132118401527, ""PROD::PRO_004108||SUP::SUP_0266"": 0.5085665961789253, ""PROD::PRO_006100||SUP::SUP_0368"": 0.4853724934373259, ""PROD::PRO_004354||SUP::SUP_0287"": 0.4716680012939125, ""PROD::PRO_004521||SUP::SUP_0296"": 0.46814135710360605}","{""银行金融服务"": 0.2651184327373962, ""数字化商务服务"": 0.20813292132308384, ""信息技术咨询服务"": 0.12945358874986246, ""数字资本市场服务"": 0.11402892422457583, ""智慧配送"": 0.10066261330567944, ""金融信息服务"": 0.09791990720649713, ""工程和技术研究和试验发展"": 0.08468361245290495}","{""互联网数据服务"": 0.42016239083693363, ""互联网平台"": 0.14058068650095512, ""其他批发业"": 0.10873080123447863, ""智慧物流"": 0.10066261330567947, ""国家行政机构"": 0.09940212008860526, ""其他未列明金融业"": 0.08780060873888994, ""非金融机构支付服务"": 0.042660779294457996}"
PRO_000665,SUP_0039,PROD::PRO_000665||SUP::SUP_0039,2.120891647659849,1.960036395217695,0.32432002961837814,0.2584630254175589,8.258700359862702,"{""PROD::PRO_000667||SUP::SUP_0039"": 0.9932547961039853, ""PROD::PRO_000666||SUP::SUP_0039"": 0.9930814068383879, ""PROD::PRO_000037||SUP::SUP_0012"": 0.5397238154051203, ""PROD::PRO_000054||SUP::SUP_0020"": 0.4851624106279263, ""PROD::PRO_000646||SUP::SUP_0037"": 0.4589549878601459, ""PROD::PRO_001189||SUP::SUP_0084"": 0.3844187607767766, ""PROD::PRO_005729||SUP::SUP_0353"": 0.34224298071130743, ""PROD::PRO_000038||SUP::SUP_0012"": 0.339346134451576, ""PROD::PRO_001192||SUP::SUP_0084"": 0.31599284795086935, ""PROD::PRO_003541||SUP::SUP_0232"": 0.3148966261877979}","{""银行金融服务"": 0.32432002961837814, ""货币银行服务"": 0.09611384012324059, ""综合零售"": 0.09611384012324059, ""数字金融"": 0.09609706184216098, ""数字化零售"": 0.09609706184216098, ""供应链管理服务"": 0.06864588907957735, ""住宅房屋建筑"": 0.06623534517107767, ""数字内容出版"": 0.06094292039359714, ""互联网保险"": 0.04771700590328323, ""数据资源与产权交易"": 0.03129832852007134}","{""互联网数据服务"": 0.2584630254175589, ""互联网相关服务"": 0.19219412368432198, ""纺织、服装及家庭用品批发"": 0.1355528302420862, ""国家行政机构"": 0.10445442339273094, ""城市公共交通运输"": 0.09389498556021404, ""金融信息服务"": 0.08882298177664326, ""农业专业及辅助性活动"": 0.06567470953284758, ""互联网信息服务"": 0.060942920393597146}"
PRO_002726,SUP_0145,PROD::PRO_002726||SUP::SUP_0145,1.522381064699056,1.8084141492066375,0.4908520157897921,0.2772173523469702,7.4482462790727855,"{""PROD::PRO_000719||SUP::SUP_0048"": 0.7421949258523673, ""PROD::PRO_000720||SUP::SUP_0048"": 0.7356677144180417, ""PROD::PRO_001746||SUP::SUP_0127"": 0.7190342659717396, ""PROD::PRO_001743||SUP::SUP_0127"": 0.7144491311084569, ""PROD::PRO_006100||SUP::SUP_0368"": 0.6376728343456185, ""PROD::PRO_001747||SUP::SUP_0127"": 0.5787818888637016, ""PROD::PRO_001744||SUP::SUP_0127"": 0.5502310075637422, ""PROD::PRO_000870||SUP::SUP_0075"": 0.5464549638354138, ""PROD::PRO_001748||SUP::SUP_0127"": 0.4977157102112122, ""PROD::PRO_004540||SUP::SUP_0298"": 0.4867128184520062}","{""银行金融服务"": 0.4908520157897921, ""数字金融"": 0.18705703415935498, ""互联网金融"": 0.11506826895183778, ""数字化商务服务"": 0.059768485693423634, ""数字商贸"": 0.059242853504841354, ""货币银行服务"": 0.04400567095037502, ""人身保险"": 0.04400567095037502}","{""货币银行服务"": 0.2772173523469702, ""电信"": 0.1959682046072893, ""软件开发"": 0.18183738206056405, ""互联网数据服务"": 0.11506826895183779, ""其他未列明金融业"": 0.10270277618214853, ""婚姻服务"": 0.08801134190075005, ""国家行政机构"": 0.039194673950440136}"
PRO_000646,SUP_0037,PROD::PRO_000646||SUP::SUP_0037,1.3871697221200436,1.832564279112756,0.5475155769540409,0.289477761845406,10.796840892335931,"{""PROD::PRO_000037||SUP::SUP_0012"": 0.9136984600061624, ""PROD::PRO_005729||SUP::SUP_0353"": 0.8973400731566628, ""PROD::PRO_000649||SUP::SUP_0037"": 0.8557703128430095, ""PROD::PRO_000038||SUP::SUP_0012"": 0.8223183670138247, ""PROD::PRO_003430||SUP::SUP_0205"": 0.7696841933149408, ""PROD::PRO_001188||SUP::SUP_0083"": 0.7649858869089966, ""PROD::PRO_000034||SUP::SUP_0012"": 0.7016699141671249, ""PROD::PRO_004351||SUP::SUP_0287"": 0.66131800573742, ""PROD::PRO_004348||SUP::SUP_0287"": 0.6435484326747426, ""PROD::PRO_001190||SUP::SUP_0084"": 0.5771816863735191}","{""银行金融服务"": 0.5475155769540409, ""供应链管理服务"": 0.1793093640114724, ""住宅房屋建筑"": 0.11795442190684186, ""数字金融"": 0.05058709445234345, ""数字化零售"": 0.05058709445234345, ""数字社会"": 0.02702322411147902, ""互联网保险"": 0.02702322411147902}","{""互联网数据服务"": 0.289477761845406, ""国家行政机构"": 0.21233849734574328, ""货币银行服务"": 0.11249012002923377, ""农业专业及辅助性活动"": 0.10809289644591608, ""综合零售"": 0.1011741889046869, ""软件开发"": 0.10055660140064861, ""其他批发业"": 0.07586993402836535}"
PRO_001704,SUP_0122,PROD::PRO_001704||SUP::SUP_0122,1.419366471634891,0.1835461878299428,0.5079794588403574,0.9630986775935709,8.951346611289312,"{""PROD::PRO_001705||SUP::SUP_0122"": 0.998903545542078, ""PROD::PRO_001703||SUP::SUP_0122"": 0.9953728195091809, ""PROD::PRO_001707||SUP::SUP_0122"": 0.9938284569100491, ""PROD::PRO_001706||SUP::SUP_0122"": 0.9692951287684002, ""PROD::PRO_001701||SUP::SUP_0122"": 0.9568308474036443, ""PROD::PRO_001699||SUP::SUP_0122"": 0.9320960453625835, ""PROD::PRO_001700||SUP::SUP_0122"": 0.8969898200787916, ""PROD::PRO_001708||SUP::SUP_0122"": 0.8663241539150148, ""PROD::PRO_001702||SUP::SUP_0122"": 0.7901077447741005, ""PROD::PRO_001196||SUP::SUP_0084"": 0.32183808060407293}","{""银行金融服务"": 0.5079794588403574, ""网上税务办理"": 0.154899764643624, ""基本保险"": 0.11412749311194974, ""人力资源服务"": 0.11395041952862477, ""房地产开发经营"": 0.09059220267222957, ""其他数字政府"": 0.018450661203214456}","{""其他未列明金融业"": 0.9630986775935709, ""国家行政机构"": 0.018450661203214452, ""其他批发业"": 0.018450661203214452}"
PRO_001705,SUP_0122,PROD::PRO_001705||SUP::SUP_0122,1.4192933982270481,0.4810174961138183,0.508070586730505,0.8487047860575159,8.951637387102842,"{""PROD::PRO_001704||SUP::SUP_0122"": 0.998903545542078, ""PROD::PRO_001703||SUP::SUP_0122"": 0.9947643135005568, ""PROD::PRO_001707||SUP::SUP_0122"": 0.9933956014532253, ""PROD::PRO_001706||SUP::SUP_0122"": 0.9677319660028938, ""PROD::PRO_001701||SUP::SUP_0122"": 0.9581687014855979, ""PROD::PRO_001699||SUP::SUP_0122"": 0.9332311696575067, ""PROD::PRO_001700||SUP::SUP_0122"": 0.9002169883548224, ""PROD::PRO_001708||SUP::SUP_0122"": 0.8678197690055962, ""PROD::PRO_001702||SUP::SUP_0122"": 0.7936326813113874, ""PROD::PRO_001196||SUP::SUP_0084"": 0.3218623872818047}","{""银行金融服务"": 0.508070586730505, ""网上税务办理"": 0.15483711379174597, ""基本保险"": 0.11395136404800338, ""人力资源服务"": 0.1137945765530504, ""房地产开发经营"": 0.09091151075802674, ""其他数字政府"": 0.018434848118668388}","{""其他未列明金融业"": 0.8487047860575159, ""国家行政机构"": 0.13286036582381572, ""其他批发业"": 0.01843484811866839}"
PRO_001707,SUP_0122,PROD::PRO_001707||SUP::SUP_0122,1.121672789890202,0.46672798735662463,0.6210044866938726,0.8542409901943927,10.461104034074822,"{""PROD::PRO_001703||SUP::SUP_0122"": 0.9981695246894343, ""PROD::PRO_001704||SUP::SUP_0122"": 0.9938284569100491, ""PROD::PRO_001705||SUP::SUP_0122"": 0.9933956014532253, ""PROD::PRO_001701||SUP::SUP_0122"": 0.980315861995106, ""PROD::PRO_001706||SUP::SUP_0122"": 0.9672459565537458, ""PROD::PRO_001699||SUP::SUP_0122"": 0.9440446339680988, ""PROD::PRO_001700||SUP::SUP_0122"": 0.9315261091016053, ""PROD::PRO_001708||SUP::SUP_0122"": 0.8842471578558188, ""PROD::PRO_001702||SUP::SUP_0122"": 0.8282247873981289, ""PROD::PRO_001196||SUP::SUP_0084"": 0.2905313489773458}","{""银行金融服务"": 0.6210044866938726, ""网上税务办理"": 0.15523640312584086, ""基本保险"": 0.11327993983457117, ""房地产开发经营"": 0.09399330651289081, ""其他数字政府"": 0.016485863832824597}","{""其他未列明金融业"": 0.8542409901943927, ""国家行政机构"": 0.12927314597278267, ""其他批发业"": 0.016485863832824597}"
PRO_001703,SUP_0122,PROD::PRO_001703||SUP::SUP_0122,1.1233162973770372,0.4679211239821577,0.6202144899221396,0.8538430509916295,10.459226838871261,"{""PROD::PRO_001707||SUP::SUP_0122"": 0.9981695246894343, ""PROD::PRO_001704||SUP::SUP_0122"": 0.9953728195091809, ""PROD::PRO_001705||SUP::SUP_0122"": 0.9947643135005568, ""PROD::PRO_001701||SUP::SUP_0122"": 0.9771402842132205, ""PROD::PRO_001706||SUP::SUP_0122"": 0.9709567216431424, ""PROD::PRO_001699||SUP::SUP_0122"": 0.9433666925354521, ""PROD::PRO_001700||SUP::SUP_0122"": 0.9315570158983297, ""PROD::PRO_001708||SUP::SUP_0122"": 0.8894600201890864, ""PROD::PRO_001702||SUP::SUP_0122"": 0.8321188900985041, ""PROD::PRO_001196||SUP::SUP_0084"": 0.29486769095370624}","{""银行金融服务"": 0.6202144899221396, ""网上税务办理"": 0.15575142557795746, ""人力资源服务"": 0.11307148639241203, ""房地产开发经营"": 0.09426146303947357, ""其他数字政府"": 0.016701135068017403}","{""其他未列明金融业"": 0.8538430509916295, ""国家行政机构"": 0.1294558139403531, ""其他批发业"": 0.016701135068017403}"
PRO_001700,SUP_0122,PROD::PRO_001700||SUP::SUP_0122,1.5192898490293265,0.550616536572175,0.4731878043028828,0.837576287835572,8.998106363040588,"{""PROD::PRO_001701||SUP::SUP_0122"": 0.9770617370680215, ""PROD::PRO_001703||SUP::SUP_0122"": 0.9315570158983297, ""PROD::PRO_001707||SUP::SUP_0122"": 0.9315261091016053, ""PROD::PRO_001699||SUP::SUP_0122"": 0.9219736330961184, ""PROD::PRO_001702||SUP::SUP_0122"": 0.9030587554905525, ""PROD::PRO_001705||SUP::SUP_0122"": 0.9002169883548224, ""PROD::PRO_001704||SUP::SUP_0122"": 0.8969898200787916, ""PROD::PRO_001706||SUP::SUP_0122"": 0.8911442298255113, ""PROD::PRO_001708||SUP::SUP_0122"": 0.8747693318249194, ""PROD::PRO_003913||SUP::SUP_0258"": 0.5247054276226}","{""银行金融服务"": 0.4731878043028828, ""网上税务办理"": 0.1508443947114663, ""基本保险"": 0.10642713257968475, ""人力资源服务"": 0.1064236015862013, ""房地产开发经营"": 0.10317130595077564, ""数字资本市场服务"": 0.0599457608689894}","{""其他未列明金融业"": 0.837576287835572, ""国家行政机构"": 0.10247795129543855, ""金融信息服务"": 0.05994576086898939}"
PRO_001702,SUP_0122,PROD::PRO_001702||SUP::SUP_0122,1.2494823947438118,0.5289486413901301,0.5696527253528281,0.8465935722716738,10.17944806669981,"{""PROD::PRO_001708||SUP::SUP_0122"": 0.9687736015290223, ""PROD::PRO_001700||SUP::SUP_0122"": 0.9030587554905525, ""PROD::PRO_001701||SUP::SUP_0122"": 0.8860740454381749, ""PROD::PRO_001703||SUP::SUP_0122"": 0.8321188900985041, ""PROD::PRO_001707||SUP::SUP_0122"": 0.8282247873981289, ""PROD::PRO_001699||SUP::SUP_0122"": 0.827524110512671, ""PROD::PRO_001705||SUP::SUP_0122"": 0.7936326813113874, ""PROD::PRO_001706||SUP::SUP_0122"": 0.7902979785647123, ""PROD::PRO_001704||SUP::SUP_0122"": 0.7901077447741005, ""PROD::PRO_004102||SUP::SUP_0266"": 0.4474644006399088}","{""银行金融服务"": 0.5696527253528281, ""网上税务办理"": 0.16906852107950535, ""基本保险"": 0.10314743011007828, ""人力资源服务"": 0.10266472662754964, ""行政办公自动化"": 0.05546659683003876}","{""其他未列明金融业"": 0.8465935722716738, ""国家行政机构"": 0.0979398308982874, ""互联网数据服务"": 0.055466596830038746}"
PRO_001701,SUP_0122,PROD::PRO_001701||SUP::SUP_0122,1.4950155802946443,0.5225062375783118,0.48228535246892656,0.8465822800383765,8.964971529363522,"{""PROD::PRO_001707||SUP::SUP_0122"": 0.980315861995106, ""PROD::PRO_001703||SUP::SUP_0122"": 0.9771402842132205, ""PROD::PRO_001700||SUP::SUP_0122"": 0.9770617370680215, ""PROD::PRO_001705||SUP::SUP_0122"": 0.9581687014855979, ""PROD::PRO_001704||SUP::SUP_0122"": 0.9568308474036443, ""PROD::PRO_001699||SUP::SUP_0122"": 0.9439059766133853, ""PROD::PRO_001706||SUP::SUP_0122"": 0.9407873403321161, ""PROD::PRO_001708||SUP::SUP_0122"": 0.8957407048199317, ""PROD::PRO_001702||SUP::SUP_0122"": 0.8860740454381749, ""PROD::PRO_003913||SUP::SUP_0258"": 0.4130471143676345}","{""银行金融服务"": 0.48228535246892656, ""网上税务办理"": 0.15299846177578125, ""人力资源服务"": 0.1097892137742222, ""基本保险"": 0.10943356902596468, ""房地产开发经营"": 0.0992347227723296, ""数字资本市场服务"": 0.046258680182775846}","{""其他未列明金融业"": 0.8465822800383765, ""国家行政机构"": 0.10715903977884765, ""金融信息服务"": 0.046258680182775846}"
PRO_006100,SUP_0368,PROD::PRO_006100||SUP::SUP_0368,2.1699143532971004,2.6381700223828086,0.31244766686377584,0.11792948491072752,3.8801328512227706,"{""PROD::PRO_006662||SUP::SUP_0373"": 0.7486877796135847, ""PROD::PRO_003175||SUP::SUP_0169"": 0.683926260649565, ""PROD::PRO_000035||SUP::SUP_0012"": 0.6451072014598717, ""PROD::PRO_002726||SUP::SUP_0145"": 0.6376728343456185, ""PROD::PRO_000870||SUP::SUP_0075"": 0.635579479498193, ""PROD::PRO_000648||SUP::SUP_0037"": 0.6306615009165114, ""PROD::PRO_000033||SUP::SUP_0012"": 0.6005499045874507, ""PROD::PRO_004352||SUP::SUP_0287"": 0.5945758644267074, ""PROD::PRO_003542||SUP::SUP_0232"": 0.5928691184604843, ""PROD::PRO_001296||SUP::SUP_0097"": 0.5789755823049358}","{""货币银行服务"": 0.31244766686377584, ""人身保险"": 0.14125390502596072, ""其他数字金融"": 0.10044297628946897, ""银行金融服务"": 0.09933858676643077, ""数字金融"": 0.0784263551611213, ""财产保险"": 0.050806999961738916, ""咨询与调查"": 0.047297780756978415, ""数字化零售"": 0.03590952678874636, ""智慧配送"": 0.03590952678874636, ""数字化通用、专用设备制造"": 0.03590952678874636}","{""信息技术咨询服务"": 0.11792948491072752, ""人力资源服务"": 0.10772858036623911, ""其他未列明金融业"": 0.100442976289469, ""婚姻服务"": 0.10011324169834254, ""货币银行服务"": 0.0993385867664308, ""国家行政机构"": 0.09459556151395686, ""互联网数据服务"": 0.09365456114213822, ""互联网相关服务"": 0.09338572321242866, ""医院"": 0.04559864208839474, ""基层医疗卫生服务"": 0.04559864208839474}"
PRO_002728,SUP_0145,PROD::PRO_002728||SUP::SUP_0145,1.5638750754666717,1.6611467172241101,0.3992733637195124,0.30408936056276065,7.7826121227594465,"{""PROD::PRO_001789||SUP::SUP_0128"": 0.6864846720253441, ""PROD::PRO_001788||SUP::SUP_0128"": 0.6863495746928717, ""PROD::PRO_001787||SUP::SUP_0128"": 0.685372259753641, ""PROD::PRO_002859||SUP::SUP_0159"": 0.6258063368684166, ""PROD::PRO_001768||SUP::SUP_0127"": 0.48307464309816894, ""PROD::PRO_002727||SUP::SUP_0145"": 0.40422285528675406, ""PROD::PRO_001188||SUP::SUP_0083"": 0.39080383781755146, ""PROD::PRO_002731||SUP::SUP_0145"": 0.38724367488197264, ""PROD::PRO_002730||SUP::SUP_0145"": 0.38508709208666114, ""PROD::PRO_002729||SUP::SUP_0145"": 0.37812428670676046}","{""银行金融服务"": 0.3992733637195124, ""智能交通"": 0.3354407719931625, ""其他数字金融"": 0.07574345837038561, ""城市公共交通运输"": 0.06713695606946643, ""智能化电力、热力、燃气及水生产和供应"": 0.024481089969494593, ""地理遥感信息及测绘地理信息服务"": 0.024481089969494593, ""其他数字政府"": 0.024481089969494593, ""智能车载设备制造"": 0.024481089969494593, ""其他互联网平台"": 0.024481089969494593}","{""其他未列明金融业"": 0.30408936056276065, ""互联网数据服务"": 0.2683302404719633, ""城市公共交通运输"": 0.13424748759066568, ""道路运输辅助活动"": 0.12240544984747295, ""电信"": 0.09448764819837838, ""软件开发"": 0.07643981332875903}"
PRO_001483,SUP_0113,PROD::PRO_001483||SUP::SUP_0113,1.5612489282540856,1.7269865941296791,0.5488429115423383,0.2250813664022131,11.187620883480996,"{""PROD::PRO_001482||SUP::SUP_0113"": 0.9999731334316441, ""PROD::PRO_001481||SUP::SUP_0113"": 0.9619368769878686, ""PROD::PRO_000027||SUP::SUP_0007"": 0.4894797604126997, ""PROD::PRO_001861||SUP::SUP_0140"": 0.4658514876950539, ""PROD::PRO_002728||SUP::SUP_0145"": 0.36004815196169404, ""PROD::PRO_004349||SUP::SUP_0287"": 0.2435187607664292, ""PROD::PRO_005201||SUP::SUP_0319"": 0.2384186733542245, ""PROD::PRO_004190||SUP::SUP_0279"": 0.23319238958624844, ""PROD::PRO_004153||SUP::SUP_0268"": 0.22773410112778636, ""PROD::PRO_002965||SUP::SUP_0166"": 0.22256508875382297}","{""银行金融服务"": 0.5488429115423383, ""互联网保险"": 0.11017573334378937, ""智慧教育"": 0.0810423073428197, ""电信"": 0.06912752001140834, ""汽车、摩托车、零配件和燃料及其他动力销售"": 0.053665042569906285, ""专业公共卫生服务"": 0.052488671873160794, ""广告业"": 0.051260079840660895, ""数字社会"": 0.016698866737958114, ""互联网零售"": 0.016698866737958114}","{""其他未列明金融业"": 0.2250813664022131, ""互联网数据服务"": 0.21865378396900492, ""其他金融业"": 0.2165198838113659, ""电信"": 0.1550139253604854, ""互联网信息服务"": 0.10368873311411114, ""技能培训、教育辅助及其他教育"": 0.08104230734281971}"
PRO_004008,SUP_0266,PROD::PRO_004008||SUP::SUP_0266,1.0915720690978405,0.5711223289678992,0.5642006096991673,0.8284847464549716,11.096387582149822,"{""PROD::PRO_004007||SUP::SUP_0266"": 0.9999966583420964, ""PROD::PRO_004069||SUP::SUP_0266"": 0.6461278445568025, ""PROD::PRO_004015||SUP::SUP_0266"": 0.6436404972579749, ""PROD::PRO_004012||SUP::SUP_0266"": 0.6314629039375768, ""PROD::PRO_004006||SUP::SUP_0266"": 0.5748993368074403, ""PROD::PRO_004099||SUP::SUP_0266"": 0.5680403271700878, ""PROD::PRO_004019||SUP::SUP_0266"": 0.5201701278201403, ""PROD::PRO_004100||SUP::SUP_0266"": 0.519219022188966, ""PROD::PRO_003999||SUP::SUP_0266"": 0.4813312252351072, ""PROD::PRO_004035||SUP::SUP_0266"": 0.3763082282391679}","{""数字资本市场服务"": 0.5642006096991673, ""数字化商务服务"": 0.2679555182607996, ""证券市场服务"": 0.08709980467787466, ""资本投资服务"": 0.08074406736215849}","{""互联网数据服务"": 0.8284847464549716, ""互联网相关服务"": 0.10838895851807184, ""互联网信息服务"": 0.06312629502695662}"
PRO_003999,SUP_0266,PROD::PRO_003999||SUP::SUP_0266,1.555471885958911,1.526003609653496,0.31624769101962075,0.33729552333643736,7.489591423949725,"{""PROD::PRO_004119||SUP::SUP_0266"": 0.925771715017367, ""PROD::PRO_004121||SUP::SUP_0266"": 0.8662138745496694, ""PROD::PRO_000050||SUP::SUP_0019"": 0.7477134655517503, ""PROD::PRO_004624||SUP::SUP_0298"": 0.7345087312820677, ""PROD::PRO_000652||SUP::SUP_0038"": 0.7313796823178461, ""PROD::PRO_004051||SUP::SUP_0266"": 0.7309922990629761, ""PROD::PRO_000647||SUP::SUP_0037"": 0.7205114083607017, ""PROD::PRO_004022||SUP::SUP_0266"": 0.708775628664762, ""PROD::PRO_004575||SUP::SUP_0298"": 0.6614347545092386, ""PROD::PRO_004035||SUP::SUP_0266"": 0.6527203030356268}","{""资本投资服务"": 0.31624769101962075, ""银行金融服务"": 0.2735588361387611, ""数字化商务服务"": 0.2325410889295767, ""数字社会"": 0.07857364964429499, ""数字资本市场服务"": 0.049980700545482135, ""数字金融"": 0.04909803372226442}","{""互联网数据服务"": 0.33729552333643736, ""货币银行服务"": 0.2387342643856771, ""互联网信息服务"": 0.18201764069072948, ""金融信息服务"": 0.14199117049619175, ""国家行政机构"": 0.09996140109096426}"
PRO_001850,SUP_0135,PROD::PRO_001850||SUP::SUP_0135,1.4831488956890695,2.0156592301139327,0.5987289522054412,0.27021338862200067,11.255788070733551,"{""PROD::PRO_001851||SUP::SUP_0136"": 0.9870389043841621, ""PROD::PRO_001842||SUP::SUP_0135"": 0.9866626967408134, ""PROD::PRO_001840||SUP::SUP_0135"": 0.9029279724343336, ""PROD::PRO_001849||SUP::SUP_0135"": 0.8814816146726336, ""PROD::PRO_001839||SUP::SUP_0135"": 0.5307982643753443, ""PROD::PRO_000034||SUP::SUP_0012"": 0.37872607847465756, ""PROD::PRO_002821||SUP::SUP_0147"": 0.2855499117288052, ""PROD::PRO_002819||SUP::SUP_0147"": 0.26985427019611496, ""PROD::PRO_004634||SUP::SUP_0298"": 0.2529334309445386, ""PROD::PRO_000035||SUP::SUP_0012"": 0.2308753824290528}","{""银行金融服务"": 0.5987289522054412, ""其他数字金融"": 0.07910915878180946, ""网络借贷服务"": 0.07723015694195318, ""供应链管理服务"": 0.06636343626853944, ""数字金融"": 0.06205971863579887, ""数字化租赁"": 0.046505375245345856, ""货币银行服务"": 0.02022792276348401, ""财产保险"": 0.02022792276348401, ""数字社会"": 0.01477367819707202, ""智能制造"": 0.01477367819707202}","{""互联网数据服务"": 0.27021338862200067, ""法律服务"": 0.172956913053059, ""信息技术服务"": 0.15821831756361895, ""信息技术咨询服务"": 0.15446031388390638, ""其他信息技术服务业"": 0.09301075049069174, ""国家行政机构"": 0.06636343626853945, ""货币银行服务"": 0.044321034591216064, ""化学药品原料药制造"": 0.0026970563684645356, ""其他未列明制造业"": 0.0026970563684645356, ""基础化学原料制造"": 0.0026970563684645356}"
PRO_001849,SUP_0135,PROD::PRO_001849||SUP::SUP_0135,1.1194530380855265,1.950916559625125,0.6692597735667329,0.26919328059452907,12.177500364852467,"{""PROD::PRO_001840||SUP::SUP_0135"": 0.9820858406757087, ""PROD::PRO_001842||SUP::SUP_0135"": 0.8979586229729483, ""PROD::PRO_001851||SUP::SUP_0136"": 0.8905169805178239, ""PROD::PRO_001850||SUP::SUP_0135"": 0.8814816146726336, ""PROD::PRO_001839||SUP::SUP_0135"": 0.8590941185964844, ""PROD::PRO_004351||SUP::SUP_0287"": 0.4763832627561282, ""PROD::PRO_000870||SUP::SUP_0075"": 0.4304218655210086, ""PROD::PRO_004349||SUP::SUP_0287"": 0.3925507184301984, ""PROD::PRO_000034||SUP::SUP_0012"": 0.3791130492516612, ""PROD::PRO_001190||SUP::SUP_0084"": 0.37405183165039535}","{""银行金融服务"": 0.6692597735667329, ""数字化租赁"": 0.13259189909419777, ""其他数字金融"": 0.07481238776329682, ""供应链管理服务"": 0.05775941627918565, ""货币银行服务"": 0.03278826164829337, ""人身保险"": 0.03278826164829337}","{""互联网数据服务"": 0.26919328059452907, ""信息技术服务"": 0.14962477552659367, ""法律服务"": 0.13567388693937726, ""软件开发"": 0.1342973121733089, ""其他信息技术服务业"": 0.1308864860150867, ""婚姻服务"": 0.06557652329658675, ""国家行政机构"": 0.057759416279185655, ""其他批发业"": 0.05698831917533207}"
PRO_005725,SUP_0353,PROD::PRO_005725||SUP::SUP_0353,1.6054325071164386,1.5113171612854446,0.4699955757465086,0.47002019225177405,10.896809921461578,"{""PROD::PRO_005731||SUP::SUP_0353"": 0.8465436164214893, ""PROD::PRO_004042||SUP::SUP_0266"": 0.785633753709613, ""PROD::PRO_005724||SUP::SUP_0353"": 0.7845013114828947, ""PROD::PRO_001696||SUP::SUP_0121"": 0.7544072628985838, ""PROD::PRO_004667||SUP::SUP_0298"": 0.7498058914417667, ""PROD::PRO_001090||SUP::SUP_0078"": 0.6605155139052781, ""PROD::PRO_002860||SUP::SUP_0160"": 0.6143854714918767, ""PROD::PRO_004348||SUP::SUP_0287"": 0.5495075552918335, ""PROD::PRO_000049||SUP::SUP_0019"": 0.4926730275063611, ""PROD::PRO_004062||SUP::SUP_0266"": 0.48822227600836543}","{""银行金融服务"": 0.4699955757465086, ""数字化商务服务"": 0.18938729859968081, ""网上税务办理"": 0.12585771462444217, ""互联网批发零售"": 0.04910023030208334, ""数字金融"": 0.04567109705894245, ""其他未列明金融业"": 0.04567109705894245, ""数字政府"": 0.037158493304700016, ""数字资本市场服务"": 0.037158493304700016}","{""互联网数据服务"": 0.47002019225177405, ""货币银行服务"": 0.16057571021618341, ""互联网信息服务"": 0.11680209602393711, ""信息技术服务"": 0.11215957708813724, ""国家行政机构"": 0.09134219411788493, ""人身保险"": 0.04910023030208335}"
PRO_000649,SUP_0037,PROD::PRO_000649||SUP::SUP_0037,1.1669573557928372,1.9695864856899907,0.6787562741448679,0.30200643046622927,11.089395084950219,"{""PROD::PRO_000646||SUP::SUP_0037"": 0.8557703128430095, ""PROD::PRO_003430||SUP::SUP_0205"": 0.8309473205861739, ""PROD::PRO_004351||SUP::SUP_0287"": 0.8283253451987203, ""PROD::PRO_001188||SUP::SUP_0083"": 0.8054768102819063, ""PROD::PRO_004348||SUP::SUP_0287"": 0.7920487995822594, ""PROD::PRO_001190||SUP::SUP_0084"": 0.791562187174669, ""PROD::PRO_000038||SUP::SUP_0012"": 0.767284230114093, ""PROD::PRO_005729||SUP::SUP_0353"": 0.7607886758358849, ""PROD::PRO_000037||SUP::SUP_0012"": 0.7312793376672996, ""PROD::PRO_003829||SUP::SUP_0247"": 0.7209941984390988}","{""银行金融服务"": 0.6787562741448679, ""住宅房屋建筑"": 0.09649196196873355, ""供应链管理服务"": 0.07070357500800249, ""数字金融"": 0.05269514373878396, ""数字化零售"": 0.05269514373878396, ""数字社会"": 0.02432895070041403, ""互联网保险"": 0.02432895070041403}","{""互联网数据服务"": 0.30200643046622927, ""金融信息服务"": 0.10853862459255599, ""综合零售"": 0.10539028747756791, ""软件开发"": 0.1021598246832797, ""其他批发业"": 0.10039501229014355, ""农业专业及辅助性活动"": 0.09731580280165612, ""国家行政机构"": 0.09274924861517692, ""其他信息技术服务业"": 0.09144476907339052}"
PRO_000648,SUP_0037,PROD::PRO_000648||SUP::SUP_0037,1.6931865697797521,1.7972499058337834,0.4184264489409666,0.39777966564739914,8.173898735606183,"{""PROD::PRO_001277||SUP::SUP_0092"": 0.7539059335591466, ""PROD::PRO_004356||SUP::SUP_0287"": 0.7212954902719528, ""PROD::PRO_004354||SUP::SUP_0287"": 0.7175749117805672, ""PROD::PRO_004357||SUP::SUP_0287"": 0.6543868711765949, ""PROD::PRO_003909||SUP::SUP_0256"": 0.6532027684353731, ""PROD::PRO_004152||SUP::SUP_0268"": 0.6444404192282702, ""PROD::PRO_006100||SUP::SUP_0368"": 0.6306615009165114, ""PROD::PRO_001296||SUP::SUP_0097"": 0.5988618973769468, ""PROD::PRO_000045||SUP::SUP_0017"": 0.5693872801061423, ""PROD::PRO_000061||SUP::SUP_0024"": 0.5661935244346825}","{""银行金融服务"": 0.4184264489409666, ""人身保险"": 0.19233208307565283, ""互联网房地产业"": 0.11580895348600186, ""广告业"": 0.09899374340055003, ""数字化零售"": 0.07264193803980329, ""房地产开发经营"": 0.043487043022581134, ""网络借贷服务"": 0.029154895017222154, ""数字化租赁"": 0.029154895017222154}","{""互联网数据服务"": 0.39777966564739914, ""医院"": 0.14633591397107276, ""房地产租赁经营"": 0.11580895348600184, ""其他未列明金融业"": 0.096877137019273, ""数字政府"": 0.08697408604516225, ""互联网平台"": 0.05511403736325545, ""非金融机构支付服务"": 0.05511403736325545, ""基层医疗卫生服务"": 0.04599616910458008}"
PRO_001725,SUP_0125,PROD::PRO_001725||SUP::SUP_0125,2.7345659510102687,2.29383504105595,0.1229301019572695,0.21841900239067513,6.993481328828764,"{""PROD::PRO_000042||SUP::SUP_0016"": 0.8376353096439734, ""PROD::PRO_000039||SUP::SUP_0013"": 0.828811560096226, ""PROD::PRO_000074||SUP::SUP_0027"": 0.8055189760681953, ""PROD::PRO_000073||SUP::SUP_0027"": 0.7603735520285959, ""PROD::PRO_001296||SUP::SUP_0097"": 0.7211958226896017, ""PROD::PRO_000069||SUP::SUP_0026"": 0.6926107206968345, ""PROD::PRO_001766||SUP::SUP_0127"": 0.674109294475158, ""PROD::PRO_001184||SUP::SUP_0079"": 0.6710184840138452, ""PROD::PRO_002859||SUP::SUP_0159"": 0.6023953112494341, ""PROD::PRO_000040||SUP::SUP_0014"": 0.5755447780819013}","{""银行金融服务"": 0.1229301019572695, ""智能道路运输"": 0.10920950119533757, ""智慧配送"": 0.10920950119533757, ""人身保险"": 0.10059622183116274, ""数字金融"": 0.09660902006062719, ""广告业"": 0.08028004093780373, ""行政办公自动化"": 0.05841890979644934, ""智慧教育"": 0.05841890979644934, ""国家行政机构"": 0.028901759041232083, ""水上货物运输"": 0.028901759041232083}","{""测绘地理信息服务"": 0.21841900239067513, ""技能培训、教育辅助及其他教育"": 0.11683781959289868, ""环境治理业"": 0.09660902006062719, ""电信"": 0.09402834291603743, ""环境卫生管理"": 0.09359722026526451, ""道路运输辅助活动"": 0.08402529584060238, ""互联网数据服务"": 0.08028004093780373, ""砖瓦、石材等建筑材料制造"": 0.057803518082464166, ""水泥、石灰和石膏制造"": 0.057803518082464166, ""医院"": 0.05029811091558137}"
PRO_001711,SUP_0122,PROD::PRO_001711||SUP::SUP_0122,1.7034133599182169,1.7686286362413914,0.46787800802052926,0.30226925902834856,8.871651851875791,"{""PROD::PRO_001698||SUP::SUP_0122"": 0.9922119614535442, ""PROD::PRO_001712||SUP::SUP_0122"": 0.9919375745822482, ""PROD::PRO_001716||SUP::SUP_0122"": 0.9911175750323411, ""PROD::PRO_001715||SUP::SUP_0122"": 0.9816211312815654, ""PROD::PRO_001709||SUP::SUP_0122"": 0.6085545722652471, ""PROD::PRO_001714||SUP::SUP_0122"": 0.5845638958864253, ""PROD::PRO_004189||SUP::SUP_0279"": 0.532299826260188, ""PROD::PRO_001710||SUP::SUP_0122"": 0.4980969291148517, ""PROD::PRO_000055||SUP::SUP_0021"": 0.3953287997478161, ""PROD::PRO_001717||SUP::SUP_0123"": 0.3643352859215916}","{""银行金融服务"": 0.46787800802052926, ""互联网居民生活服务"": 0.1429290950289534, ""货币银行服务"": 0.14281094062428562, ""行政办公自动化"": 0.07072129514524111, ""医院"": 0.056963249537788904, ""数字政府"": 0.03834975829173482, ""专业公共卫生服务"": 0.03834975829173482, ""人力资源服务"": 0.01049947376493303, ""网络借贷服务"": 0.01049947376493303, ""婚姻服务"": 0.01049947376493303}","{""互联网数据服务"": 0.30226925902834856, ""互联网信息服务"": 0.22567287933950173, ""软件开发"": 0.14296863165727264, ""互联网平台"": 0.14292909502895337, ""电信"": 0.07669951658346963, ""医院"": 0.0569632495377889, ""不提供住宿社会工作"": 0.05249736882466514}"
PRO_001724,SUP_0125,PROD::PRO_001724||SUP::SUP_0125,2.3803300276264165,2.3579136761187045,0.18236445560177203,0.18757503644366763,4.192453431598669,"{""PROD::PRO_001315||SUP::SUP_0100"": 0.7288582822533826, ""PROD::PRO_000717||SUP::SUP_0047"": 0.6583039835326516, ""PROD::PRO_004191||SUP::SUP_0280"": 0.6533774684435621, ""PROD::PRO_000083||SUP::SUP_0031"": 0.6051564352463745, ""PROD::PRO_004083||SUP::SUP_0266"": 0.5873396591570684, ""PROD::PRO_004656||SUP::SUP_0298"": 0.5829388615564769, ""PROD::PRO_002821||SUP::SUP_0147"": 0.5561604295831332, ""PROD::PRO_001725||SUP::SUP_0125"": 0.5449584622596073, ""PROD::PRO_004049||SUP::SUP_0266"": 0.5350774572979834, ""PROD::PRO_002819||SUP::SUP_0147"": 0.5316588867384949}","{""银行金融服务"": 0.18236445560177203, ""数字金融"": 0.1375587755144494, ""其他批发业"": 0.12180464539576728, ""汽车零部件及配件制造"": 0.11001381918706121, ""法律服务"": 0.09815447070083085, ""人力资源服务"": 0.09107185013489094, ""数字社会"": 0.04870951119590534, ""稻谷种植"": 0.03639683817422147, ""农业科学研究和试验发展"": 0.03639683817422147, ""国家行政机构"": 0.03639683817422147}","{""互联网信息服务"": 0.18757503644366763, ""互联网数据服务"": 0.18179315417747932, ""运输代理业"": 0.12180464539576728, ""互联网平台"": 0.1011319577466586, ""货币银行服务"": 0.09741902239181068, ""人力资源服务"": 0.09107185013489094, ""橡胶制品业"": 0.055006909593530606, ""塑料制品业"": 0.055006909593530606, ""谷物种植"": 0.012132279391407158, ""中药材种植"": 0.012132279391407158}"
PRO_000647,SUP_0037,PROD::PRO_000647||SUP::SUP_0037,1.5779114163156363,1.3486724548593112,0.3849810114033005,0.5070930902526745,5.459515145801818,"{""PROD::PRO_000050||SUP::SUP_0019"": 0.914564982549395, ""PROD::PRO_000048||SUP::SUP_0019"": 0.8855336047922567, ""PROD::PRO_000652||SUP::SUP_0038"": 0.7524257874332074, ""PROD::PRO_003999||SUP::SUP_0266"": 0.7205114083607017, ""PROD::PRO_004119||SUP::SUP_0266"": 0.7111190085542145, ""PROD::PRO_004051||SUP::SUP_0266"": 0.6644087375776662, ""PROD::PRO_004022||SUP::SUP_0266"": 0.6371432935284307, ""PROD::PRO_004121||SUP::SUP_0266"": 0.6185474875275815, ""PROD::PRO_004560||SUP::SUP_0298"": 0.6129775365321435, ""PROD::PRO_004575||SUP::SUP_0298"": 0.5822934987146842}","{""资本投资服务"": 0.3849810114033005, ""银行金融服务"": 0.22651260173708673, ""数字金融"": 0.15351159369872303, ""数字化商务服务"": 0.11446473966594439, ""数字资本市场服务"": 0.06441029069077371, ""数字社会"": 0.056119762804171684}","{""互联网数据服务"": 0.5070930902526745, ""金融信息服务"": 0.19016219244839885, ""国家行政机构"": 0.12882058138154742, ""互联网信息服务"": 0.08974449171112171, ""货币银行服务"": 0.08417964420625752}"
PRO_001706,SUP_0122,PROD::PRO_001706||SUP::SUP_0122,1.3370288977200433,0.4697129072029666,0.5632345289426187,0.853007039412891,9.035434006081186,"{""PROD::PRO_001703||SUP::SUP_0122"": 0.9709567216431424, ""PROD::PRO_001704||SUP::SUP_0122"": 0.9692951287684002, ""PROD::PRO_001705||SUP::SUP_0122"": 0.9677319660028938, ""PROD::PRO_001707||SUP::SUP_0122"": 0.9672459565537458, ""PROD::PRO_001701||SUP::SUP_0122"": 0.9407873403321161, ""PROD::PRO_001699||SUP::SUP_0122"": 0.9025651625296777, ""PROD::PRO_001700||SUP::SUP_0122"": 0.8911442298255113, ""PROD::PRO_001708||SUP::SUP_0122"": 0.8618119028901965, ""PROD::PRO_001702||SUP::SUP_0122"": 0.7902979785647123, ""PROD::PRO_001196||SUP::SUP_0084"": 0.28737941228244246}","{""银行金融服务"": 0.5632345289426187, ""基本保险"": 0.11357260647369541, ""人力资源服务"": 0.11313855905034459, ""网上税务办理"": 0.10080595964736343, ""房地产开发经营"": 0.09244099074219635, ""其他数字政府"": 0.016807355143781254}","{""其他未列明金融业"": 0.853007039412891, ""国家行政机构"": 0.13018560544332797, ""其他批发业"": 0.01680735514378126}"
PRO_001708,SUP_0122,PROD::PRO_001708||SUP::SUP_0122,1.3447074468571896,0.5221737738430701,0.5721605855385906,0.8477155934216152,8.759793656991514,"{""PROD::PRO_001702||SUP::SUP_0122"": 0.9687736015290223, ""PROD::PRO_001701||SUP::SUP_0122"": 0.8957407048199317, ""PROD::PRO_001703||SUP::SUP_0122"": 0.8894600201890864, ""PROD::PRO_001707||SUP::SUP_0122"": 0.8842471578558188, ""PROD::PRO_001700||SUP::SUP_0122"": 0.8747693318249194, ""PROD::PRO_001705||SUP::SUP_0122"": 0.8678197690055962, ""PROD::PRO_001704||SUP::SUP_0122"": 0.8663241539150148, ""PROD::PRO_001706||SUP::SUP_0122"": 0.8618119028901965, ""PROD::PRO_001699||SUP::SUP_0122"": 0.8548094788658759, ""PROD::PRO_004102||SUP::SUP_0266"": 0.408665033153675}","{""银行金融服务"": 0.5721605855385906, ""房地产开发经营"": 0.11571008955521742, ""基本保险"": 0.10623689418190804, ""人力资源服务"": 0.10561427113925967, ""网上税务办理"": 0.051467304799484456, ""行政办公自动化"": 0.048810854785539926}","{""其他未列明金融业"": 0.8477155934216152, ""国家行政机构"": 0.10347355179284504, ""互联网数据服务"": 0.04881085478553992}"
PRO_001717,SUP_0123,PROD::PRO_001717||SUP::SUP_0123,2.7168073863220257,2.2037790828044033,0.17433963541453953,0.20521692616747242,5.913604260372174,"{""PROD::PRO_001718||SUP::SUP_0123"": 0.9635677166053165, ""PROD::PRO_000079||SUP::SUP_0029"": 0.7016373266315838, ""PROD::PRO_000077||SUP::SUP_0028"": 0.6047350567004115, ""PROD::PRO_001184||SUP::SUP_0079"": 0.5998087873241568, ""PROD::PRO_004189||SUP::SUP_0279"": 0.5923715746763845, ""PROD::PRO_000033||SUP::SUP_0012"": 0.5854748825047209, ""PROD::PRO_001188||SUP::SUP_0083"": 0.5795974551603356, ""PROD::PRO_000038||SUP::SUP_0012"": 0.5580961252552035, ""PROD::PRO_003430||SUP::SUP_0205"": 0.5529196476569334, ""PROD::PRO_000039||SUP::SUP_0013"": 0.5337507301300212}","{""银行金融服务"": 0.17433963541453953, ""网络借贷服务"": 0.1118689220983438, ""人力资源服务"": 0.09641884258486452, ""数字金融"": 0.09075270383862026, ""数字政府"": 0.07113215546234206, ""专业公共卫生服务"": 0.047223805679555676, ""咨询与调查"": 0.04667400203456431, ""数字社会"": 0.04615403483609333, ""数字化零售"": 0.04407870180405595, ""数字化商务服务"": 0.03840776343203279}","{""国家行政机构"": 0.20521692616747242, ""不提供住宿社会工作"": 0.15363105372813116, ""针织或钩针编织物及其制品制造"": 0.09641884258486452, ""环境卫生管理"": 0.0956333991311455, ""电信"": 0.09444761135911135, ""软件开发"": 0.09241090816962132, ""农业专业及辅助性活动"": 0.0889827402132278, ""综合零售"": 0.0881574036081119, ""砖瓦、石材等建筑材料制造"": 0.04255055751915697, ""水泥、石灰和石膏制造"": 0.04255055751915697}"
PRO_000870,SUP_0075,PROD::PRO_000870||SUP::SUP_0075,0.976700058907634,2.213153249169012,0.7143903505679263,0.21850541268517945,12.10465518222867,"{""PROD::PRO_004351||SUP::SUP_0287"": 0.7296728759711978, ""PROD::PRO_001190||SUP::SUP_0084"": 0.6935576985165897, ""PROD::PRO_004348||SUP::SUP_0287"": 0.6564385368899646, ""PROD::PRO_006662||SUP::SUP_0373"": 0.6360159602788505, ""PROD::PRO_006100||SUP::SUP_0368"": 0.635579479498193, ""PROD::PRO_000649||SUP::SUP_0037"": 0.6122816580523351, ""PROD::PRO_001189||SUP::SUP_0084"": 0.6096734273273089, ""PROD::PRO_001839||SUP::SUP_0135"": 0.6017234841668538, ""PROD::PRO_001861||SUP::SUP_0140"": 0.587485537775774, ""PROD::PRO_003830||SUP::SUP_0247"": 0.5811735243130622}","{""银行金融服务"": 0.7143903505679263, ""货币银行服务"": 0.10026100974684851, ""数字化商务服务"": 0.09161569524169667, ""数字化租赁"": 0.04742758663203213, ""电信"": 0.04630535781149647}","{""互联网数据服务"": 0.21850541268517945, ""其他批发业"": 0.10933183994390074, ""信息技术咨询服务"": 0.10026100974684851, ""其他未列明金融业"": 0.10019220329144976, ""货币银行服务"": 0.09651955472766313, ""纺织、服装及家庭用品批发"": 0.09610839547620467, ""其他信息技术服务业"": 0.09485517326406426, ""国家行政机构"": 0.09161569524169667, ""电信"": 0.04630535781149647, ""互联网信息服务"": 0.04630535781149647}"
PRO_001718,SUP_0123,PROD::PRO_001718||SUP::SUP_0123,2.6028353255073484,2.210403653912185,0.16848431505312209,0.2016610219110282,5.249133182333919,"{""PROD::PRO_001717||SUP::SUP_0123"": 0.9635677166053165, ""PROD::PRO_000079||SUP::SUP_0029"": 0.7049435558641397, ""PROD::PRO_000077||SUP::SUP_0028"": 0.6804706133630919, ""PROD::PRO_001184||SUP::SUP_0079"": 0.6453314120288276, ""PROD::PRO_001188||SUP::SUP_0083"": 0.6145874417176821, ""PROD::PRO_000033||SUP::SUP_0012"": 0.6096585622591367, ""PROD::PRO_000038||SUP::SUP_0012"": 0.592551844082469, ""PROD::PRO_003430||SUP::SUP_0205"": 0.571842897052626, ""PROD::PRO_000039||SUP::SUP_0013"": 0.5715540451078336, ""PROD::PRO_003909||SUP::SUP_0256"": 0.5643625675643297}","{""银行金融服务"": 0.16848431505312209, ""网络借贷服务"": 0.1377013207660159, ""人力资源服务"": 0.13394715170916344, ""数字金融"": 0.09062163691563371, ""人身保险"": 0.08657367163368736, ""数字社会"": 0.04747307169836499, ""咨询与调查"": 0.04676105681980068, ""数字化零售"": 0.04386058009583303, ""婚姻服务"": 0.029562412494589088, ""家庭服务"": 0.029562412494589088}","{""国家行政机构"": 0.2016610219110282, ""不提供住宿社会工作"": 0.14781206247294545, ""针织或钩针编织物及其制品制造"": 0.10438473921457436, ""环境卫生管理"": 0.09899435747662207, ""软件开发"": 0.09427820771155185, ""农业专业及辅助性活动"": 0.09089792931683789, ""综合零售"": 0.08772116019166608, ""医院"": 0.08657367163368737, ""砖瓦、石材等建筑材料制造"": 0.043838425035543395, ""水泥、石灰和石膏制造"": 0.043838425035543395}"
PRO_001699,SUP_0122,PROD::PRO_001699||SUP::SUP_0122,1.4685083036730673,0.49277769406279115,0.49209400944623855,0.8555246163079302,8.953559851632766,"{""PROD::PRO_001707||SUP::SUP_0122"": 0.9440446339680988, ""PROD::PRO_001701||SUP::SUP_0122"": 0.9439059766133853, ""PROD::PRO_001703||SUP::SUP_0122"": 0.9433666925354521, ""PROD::PRO_001705||SUP::SUP_0122"": 0.9332311696575067, ""PROD::PRO_001704||SUP::SUP_0122"": 0.9320960453625835, ""PROD::PRO_001700||SUP::SUP_0122"": 0.9219736330961184, ""PROD::PRO_001706||SUP::SUP_0122"": 0.9025651625296777, ""PROD::PRO_001708||SUP::SUP_0122"": 0.8548094788658759, ""PROD::PRO_001702||SUP::SUP_0122"": 0.827524110512671, ""PROD::PRO_003913||SUP::SUP_0258"": 0.29585379779655985}","{""银行金融服务"": 0.49209400944623855, ""网上税务办理"": 0.15366926635951808, ""人力资源服务"": 0.11107229784246506, ""基本保险"": 0.11099253412153783, ""房地产开发经营"": 0.0973629859939338, ""数字资本市场服务"": 0.03480890623630659}","{""其他未列明金融业"": 0.8555246163079302, ""国家行政机构"": 0.10966647745576316, ""金融信息服务"": 0.03480890623630659}"
PRO_001188,SUP_0083,PROD::PRO_001188||SUP::SUP_0083,2.2820288405744305,2.1646322935900377,0.29080427440109624,0.1942164415109102,7.153763227189402,"{""PROD::PRO_003430||SUP::SUP_0205"": 0.8301349968343567, ""PROD::PRO_000649||SUP::SUP_0037"": 0.8054768102819063, ""PROD::PRO_000038||SUP::SUP_0012"": 0.7710497184789197, ""PROD::PRO_000646||SUP::SUP_0037"": 0.7649858869089966, ""PROD::PRO_001184||SUP::SUP_0079"": 0.7333459736121786, ""PROD::PRO_000037||SUP::SUP_0012"": 0.7311952149340719, ""PROD::PRO_005729||SUP::SUP_0353"": 0.7088500507456814, ""PROD::PRO_000079||SUP::SUP_0029"": 0.690559595618246, ""PROD::PRO_006662||SUP::SUP_0373"": 0.6572676388148647, ""PROD::PRO_000077||SUP::SUP_0028"": 0.6275998760499729}","{""银行金融服务"": 0.29080427440109624, ""住宅房屋建筑"": 0.09683127737557838, ""网络借贷服务"": 0.09433274029865053, ""货币银行服务"": 0.08978494813835826, ""人力资源服务"": 0.08573223295215202, ""供应链管理服务"": 0.0762738403837467, ""数字金融"": 0.0566996024427753, ""数字化零售"": 0.0566996024427753, ""数字社会"": 0.05137636528002528, ""互联网保险"": 0.026331989777616856}","{""国家行政机构"": 0.1942164415109102, ""综合零售"": 0.11339920488555058, ""货币银行服务"": 0.11003081449166216, ""农业专业及辅助性活动"": 0.10532795911046741, ""金融信息服务"": 0.10449961952568734, ""环境卫生管理"": 0.10017750200963367, ""互联网数据服务"": 0.09683127737557837, ""信息技术咨询服务"": 0.08978494813835826, ""针织或钩针编织物及其制品制造"": 0.085732232952152}"
PRO_004069,SUP_0266,PROD::PRO_004069||SUP::SUP_0266,1.5109630454273753,0.9666966944858038,0.30730307379512606,0.6851687539048522,12.138999151000078,"{""PROD::PRO_004071||SUP::SUP_0266"": 0.7531125714736967, ""PROD::PRO_004006||SUP::SUP_0266"": 0.6990264998263268, ""PROD::PRO_004019||SUP::SUP_0266"": 0.6873894507728933, ""PROD::PRO_004007||SUP::SUP_0266"": 0.6464591516193189, ""PROD::PRO_004008||SUP::SUP_0266"": 0.6461278445568025, ""PROD::PRO_004099||SUP::SUP_0266"": 0.5866241476896872, ""PROD::PRO_000652||SUP::SUP_0038"": 0.5682792105488093, ""PROD::PRO_000057||SUP::SUP_0022"": 0.5676766570870543, ""PROD::PRO_003990||SUP::SUP_0266"": 0.5530866569530012, ""PROD::PRO_004017||SUP::SUP_0266"": 0.5416598549569518}","{""数字资本市场服务"": 0.30730307379512606, ""银行金融服务"": 0.28515885085778003, ""数字化商务服务"": 0.19852753985929375, ""互联网搜索服务"": 0.12050876958173397, ""咨询与调查"": 0.08850176590606633}","{""互联网数据服务"": 0.6851687539048522, ""互联网相关服务"": 0.12050876958173394, ""互联网信息服务"": 0.1033896850077447, ""金融信息服务"": 0.0909327915056693}"
PRO_001658,SUP_0117,PROD::PRO_001658||SUP::SUP_0117,2.5510817739657616,2.7120260516672063,0.10000030225595685,0.0999997146466633,8.60909397275874,"{""PROD::PRO_001648||SUP::SUP_0117"": 0.9999908899947076, ""PROD::PRO_001643||SUP::SUP_0117"": 0.9998929332217762, ""PROD::PRO_001654||SUP::SUP_0117"": 0.9998877388374515, ""PROD::PRO_001646||SUP::SUP_0117"": 0.9998818634219317, ""PROD::PRO_001652||SUP::SUP_0117"": 0.9998764163254528, ""PROD::PRO_001659||SUP::SUP_0117"": 0.9998764163254528, ""PROD::PRO_001649||SUP::SUP_0117"": 0.9998674799147781, ""PROD::PRO_001651||SUP::SUP_0117"": 0.9998659270519887, ""PROD::PRO_001645||SUP::SUP_0117"": 0.9998551881090257, ""PROD::PRO_001656||SUP::SUP_0117"": 0.9998523130607727}","{""智能化电力、热力、燃气及水生产和供应"": 0.10000030225595685, ""互联网房地产业"": 0.0999997146466633, ""广播"": 0.09999916987421219, ""其他采矿业"": 0.09999916987421219, ""数字化建筑业"": 0.09999827613011089, ""智慧教育"": 0.09999812082592796, ""医疗诊断、监护及治疗设备制造"": 0.09999704680781522, ""其他居民服务业"": 0.050005309280490455, ""其他日用产品修理业"": 0.050005309280490455, ""装卸搬运"": 0.04999837963492079}","{""其他房地产业"": 0.0999997146466633, ""广播"": 0.09999916987421219, ""其他开采专业及辅助性活动"": 0.09999916987421219, ""建筑装饰和装修业"": 0.09999827613011089, ""学前教育"": 0.09999812082592796, ""其他卫生活动"": 0.09999704680781522, ""其他居民服务业"": 0.050005309280490455, ""其他日用产品修理业"": 0.050005309280490455, ""通用仓储"": 0.04999837963492079, ""装卸搬运"": 0.04999837963492079}"
PRO_001639,SUP_0117,PROD::PRO_001639||SUP::SUP_0117,2.5798442588872814,2.5798442588872814,0.10000088335435138,0.10000088335435138,7.649376428029434,"{""PROD::PRO_001641||SUP::SUP_0117"": 0.9999962237797542, ""PROD::PRO_001647||SUP::SUP_0117"": 0.9999962237797542, ""PROD::PRO_001644||SUP::SUP_0117"": 0.9999962237797542, ""PROD::PRO_001642||SUP::SUP_0117"": 0.9999962237797542, ""PROD::PRO_001650||SUP::SUP_0117"": 0.9999886257815359, ""PROD::PRO_001645||SUP::SUP_0117"": 0.9999882665048198, ""PROD::PRO_001651||SUP::SUP_0117"": 0.9999866801107051, ""PROD::PRO_001655||SUP::SUP_0117"": 0.9999845921825805, ""PROD::PRO_001637||SUP::SUP_0117"": 0.9999727256429284, ""PROD::PRO_001659||SUP::SUP_0117"": 0.999968118134699}","{""咨询与调查"": 0.10000088335435138, ""安全系统监控服务"": 0.10000088335435138, ""其他家具制造"": 0.10000088335435138, ""医疗诊断、监护及治疗设备制造"": 0.10000008761682397, ""智慧教育"": 0.09999992897541209, ""物业管理"": 0.09999972017996679, ""其他采矿业"": 0.09999807275440517, ""数字化零售"": 0.05000006177247431, ""数字化批发"": 0.05000006177247431, ""运输代理业"": 0.049999266755519044}","{""其他未列明制造业"": 0.10000088335435138, ""安全保护服务"": 0.10000088335435138, ""其他家具制造"": 0.10000088335435138, ""其他卫生活动"": 0.10000008761682397, ""学前教育"": 0.09999992897541209, ""其他居民服务业"": 0.09999972017996679, ""其他开采专业及辅助性活动"": 0.09999807275440517, ""其他批发业"": 0.05000006177247431, ""其他零售业"": 0.05000006177247431, ""运输代理业"": 0.049999266755519044}"
PRO_001643,SUP_0117,PROD::PRO_001643||SUP::SUP_0117,2.4412137658628743,2.602159332738776,0.10000110326508298,0.10000100185717085,10.079720074443633,"{""PROD::PRO_001654||SUP::SUP_0117"": 0.9999937663678219, ""PROD::PRO_001659||SUP::SUP_0117"": 0.9999927523062098, ""PROD::PRO_001652||SUP::SUP_0117"": 0.9999927523062098, ""PROD::PRO_001646||SUP::SUP_0117"": 0.9999920479913087, ""PROD::PRO_001645||SUP::SUP_0117"": 0.9999779492619368, ""PROD::PRO_001642||SUP::SUP_0117"": 0.9999772287371773, ""PROD::PRO_001641||SUP::SUP_0117"": 0.9999772287371773, ""PROD::PRO_001647||SUP::SUP_0117"": 0.9999772287371773, ""PROD::PRO_001644||SUP::SUP_0117"": 0.9999772287371773, ""PROD::PRO_001651||SUP::SUP_0117"": 0.9999691558926336}","{""智能化电力、热力、燃气及水生产和供应"": 0.10000110326508298, ""其他采矿业"": 0.10000100185717085, ""广播"": 0.10000100185717085, ""互联网房地产业"": 0.10000093142446465, ""医疗诊断、监护及治疗设备制造"": 0.09999952152718404, ""咨询与调查"": 0.09999944947346401, ""安全系统监控服务"": 0.09999944947346401, ""其他家具制造"": 0.09999944947346401, ""智慧教育"": 0.09999864217507075, ""数字化设施种植"": 0.024999862368366002}","{""其他开采专业及辅助性活动"": 0.10000100185717085, ""广播"": 0.10000100185717085, ""其他房地产业"": 0.10000093142446465, ""其他卫生活动"": 0.09999952152718404, ""其他未列明制造业"": 0.09999944947346401, ""安全保护服务"": 0.09999944947346401, ""其他家具制造"": 0.09999944947346401, ""学前教育"": 0.09999864217507075, ""农业专业及辅助性活动"": 0.024999862368366002, ""畜牧专业及辅助性活动"": 0.024999862368366002}"
PRO_004080,SUP_0266,PROD::PRO_004080||SUP::SUP_0266,2.187067054957683,1.579095414151919,0.19036995095116133,0.40856476231319067,7.670964619834096,"{""PROD::PRO_004035||SUP::SUP_0266"": 0.8143387850483507, ""PROD::PRO_004654||SUP::SUP_0298"": 0.7337284951712706, ""PROD::PRO_004641||SUP::SUP_0298"": 0.7221381283337214, ""PROD::PRO_004081||SUP::SUP_0266"": 0.6056804503861023, ""PROD::PRO_004090||SUP::SUP_0266"": 0.5473828209752098, ""PROD::PRO_004041||SUP::SUP_0266"": 0.5463773643280604, ""PROD::PRO_000660||SUP::SUP_0038"": 0.5350183515412831, ""PROD::PRO_004026||SUP::SUP_0266"": 0.5256261320713268, ""PROD::PRO_000662||SUP::SUP_0038"": 0.4868898655681466, ""PROD::PRO_004047||SUP::SUP_0266"": 0.48479262207948826}","{""银行金融服务"": 0.19036995095116133, ""金融信息服务"": 0.16869719257720212, ""数字化商务服务"": 0.13567851487251478, ""知识产权服务"": 0.10091355772870746, ""数字资本市场服务"": 0.09120048016899318, ""法律服务"": 0.0910329591480635, ""公开募集证券投资基金"": 0.08077220954297529, ""数字社会"": 0.06112394151690341, ""数字政府"": 0.040105596746739504, ""其他数字技术应用业"": 0.040105596746739504}","{""互联网信息服务"": 0.40856476231319067, ""货币银行服务"": 0.18144073175712191, ""其他未列明金融业"": 0.17026204790822352, ""互联网数据服务"": 0.09103295914806349, ""互联网相关服务"": 0.08757555735649701, ""金融信息服务"": 0.0611239415169034}"
PRO_001645,SUP_0117,PROD::PRO_001645||SUP::SUP_0117,2.5105304408990734,2.671473022499206,0.10000077167599017,0.10000077167599017,9.224140467878582,"{""PROD::PRO_001642||SUP::SUP_0117"": 0.999994194150842, ""PROD::PRO_001644||SUP::SUP_0117"": 0.999994194150842, ""PROD::PRO_001647||SUP::SUP_0117"": 0.999994194150842, ""PROD::PRO_001641||SUP::SUP_0117"": 0.999994194150842, ""PROD::PRO_001639||SUP::SUP_0117"": 0.9999882665048198, ""PROD::PRO_001651||SUP::SUP_0117"": 0.9999840586342702, ""PROD::PRO_001655||SUP::SUP_0117"": 0.9999800351713055, ""PROD::PRO_001654||SUP::SUP_0117"": 0.9999789616865096, ""PROD::PRO_001652||SUP::SUP_0117"": 0.9999783381763143, ""PROD::PRO_001659||SUP::SUP_0117"": 0.9999783381763143}","{""其他家具制造"": 0.10000077167599017, ""安全系统监控服务"": 0.10000077167599017, ""咨询与调查"": 0.10000077167599017, ""智慧教育"": 0.09999975811062704, ""物业管理"": 0.09999935575888977, ""智能化电力、热力、燃气及水生产和供应"": 0.09999924840895855, ""广播"": 0.09999918605709586, ""其他采矿业"": 0.09999918605709586, ""数字化餐饮"": 0.05000008945168609, ""数字化住宿"": 0.05000008945168609}","{""其他家具制造"": 0.10000077167599017, ""安全保护服务"": 0.10000077167599017, ""其他未列明制造业"": 0.10000077167599017, ""学前教育"": 0.09999975811062704, ""其他居民服务业"": 0.09999935575888977, ""广播"": 0.09999918605709586, ""其他开采专业及辅助性活动"": 0.09999918605709586, ""正餐服务"": 0.05000008945168609, ""旅游饭店"": 0.05000008945168609, ""农业专业及辅助性活动"": 0.025000192918997542}"
PRO_001640,SUP_0117,PROD::PRO_001640||SUP::SUP_0117,2.64915815516144,2.64915815516144,0.10000089921914368,0.10000089921914368,6.786017963249365,"{""PROD::PRO_001645||SUP::SUP_0117"": 0.9998772345399248, ""PROD::PRO_001651||SUP::SUP_0117"": 0.9998735941768279, ""PROD::PRO_001642||SUP::SUP_0117"": 0.9998707051867087, ""PROD::PRO_001644||SUP::SUP_0117"": 0.9998707051867087, ""PROD::PRO_001647||SUP::SUP_0117"": 0.9998707051867087, ""PROD::PRO_001641||SUP::SUP_0117"": 0.9998707051867087, ""PROD::PRO_001656||SUP::SUP_0117"": 0.9998677871579073, ""PROD::PRO_001639||SUP::SUP_0117"": 0.9998677717650448, ""PROD::PRO_001637||SUP::SUP_0117"": 0.9998566308663787, ""PROD::PRO_001655||SUP::SUP_0117"": 0.9998565960797556}","{""医疗诊断、监护及治疗设备制造"": 0.10000089921914368, ""智慧教育"": 0.10000053513486352, ""其他家具制造"": 0.10000024619778229, ""安全系统监控服务"": 0.10000024619778229, ""咨询与调查"": 0.10000024619778229, ""物业管理"": 0.09999883510116588, ""装卸搬运"": 0.04999997717822508, ""通用仓储"": 0.04999997717822508, ""数字化餐饮"": 0.049999976408480536, ""数字化住宿"": 0.049999976408480536}","{""其他卫生活动"": 0.10000089921914368, ""学前教育"": 0.10000053513486352, ""其他家具制造"": 0.10000024619778229, ""安全保护服务"": 0.10000024619778229, ""其他未列明制造业"": 0.10000024619778229, ""其他居民服务业"": 0.09999883510116588, ""通用仓储"": 0.04999997717822508, ""装卸搬运"": 0.04999997717822508, ""正餐服务"": 0.049999976408480536, ""旅游饭店"": 0.049999976408480536}"
PRO_001655,SUP_0117,PROD::PRO_001655||SUP::SUP_0117,2.5105304914512114,2.671472703438458,0.10000068733626552,0.10000068733626553,10.151657663224148,"{""PROD::PRO_001641||SUP::SUP_0117"": 0.9999872603622882, ""PROD::PRO_001644||SUP::SUP_0117"": 0.9999872603622882, ""PROD::PRO_001642||SUP::SUP_0117"": 0.9999872603622882, ""PROD::PRO_001647||SUP::SUP_0117"": 0.9999872603622882, ""PROD::PRO_001639||SUP::SUP_0117"": 0.9999845921825805, ""PROD::PRO_001645||SUP::SUP_0117"": 0.9999800351713055, ""PROD::PRO_001651||SUP::SUP_0117"": 0.9999750606761539, ""PROD::PRO_001659||SUP::SUP_0117"": 0.9999722834913549, ""PROD::PRO_001652||SUP::SUP_0117"": 0.9999722834913549, ""PROD::PRO_001654||SUP::SUP_0117"": 0.9999705748824916}","{""咨询与调查"": 0.10000068733626552, ""其他家具制造"": 0.10000068733626552, ""安全系统监控服务"": 0.10000068733626552, ""医疗诊断、监护及治疗设备制造"": 0.09999996480299629, ""智慧教育"": 0.09999946734372454, ""其他采矿业"": 0.09999918961979767, ""广播"": 0.09999918961979767, ""智能化电力、热力、燃气及水生产和供应"": 0.0999990187555602, ""数字化餐饮"": 0.050000210256530786, ""数字化住宿"": 0.050000210256530786}","{""其他未列明制造业"": 0.10000068733626553, ""其他家具制造"": 0.10000068733626553, ""安全保护服务"": 0.10000068733626553, ""其他卫生活动"": 0.09999996480299632, ""学前教育"": 0.09999946734372456, ""其他开采专业及辅助性活动"": 0.09999918961979769, ""广播"": 0.09999918961979769, ""正餐服务"": 0.0500002102565308, ""旅游饭店"": 0.0500002102565308, ""农业专业及辅助性活动"": 0.025000171834066384}"
PRO_001656,SUP_0117,PROD::PRO_001656||SUP::SUP_0117,2.5105303040465365,2.5105303040465365,0.10000080779050342,0.10000080779050342,9.279806847492054,"{""PROD::PRO_001645||SUP::SUP_0117"": 0.9999723222473135, ""PROD::PRO_001644||SUP::SUP_0117"": 0.9999705261822599, ""PROD::PRO_001642||SUP::SUP_0117"": 0.9999705261822599, ""PROD::PRO_001641||SUP::SUP_0117"": 0.9999705261822599, ""PROD::PRO_001647||SUP::SUP_0117"": 0.9999705261822599, ""PROD::PRO_001639||SUP::SUP_0117"": 0.9999669292413537, ""PROD::PRO_001651||SUP::SUP_0117"": 0.9999591614674018, ""PROD::PRO_001655||SUP::SUP_0117"": 0.9999547528775882, ""PROD::PRO_001652||SUP::SUP_0117"": 0.9999535878741906, ""PROD::PRO_001659||SUP::SUP_0117"": 0.9999535878741906}","{""医疗诊断、监护及治疗设备制造"": 0.10000080779050342, ""其他家具制造"": 0.10000062817757595, ""咨询与调查"": 0.10000062817757595, ""安全系统监控服务"": 0.10000062817757595, ""智慧教育"": 0.09999949166545373, ""物业管理"": 0.09999905079070873, ""广播"": 0.09999893428620331, ""其他采矿业"": 0.09999893428620331, ""数字化餐饮"": 0.05000013423531193, ""数字化住宿"": 0.05000013423531193}","{""其他卫生活动"": 0.10000080779050342, ""其他家具制造"": 0.10000062817757595, ""其他未列明制造业"": 0.10000062817757595, ""安全保护服务"": 0.10000062817757595, ""学前教育"": 0.09999949166545373, ""其他居民服务业"": 0.09999905079070873, ""广播"": 0.09999893428620331, ""其他开采专业及辅助性活动"": 0.09999893428620331, ""正餐服务"": 0.05000013423531193, ""旅游饭店"": 0.05000013423531193}"
PRO_001652,SUP_0117,PROD::PRO_001652||SUP::SUP_0117,2.5510758438751573,2.712021474137596,0.10000128283150164,0.10000128283150164,9.512173011346743,"{""PROD::PRO_001659||SUP::SUP_0117"": 1.0, ""PROD::PRO_001654||SUP::SUP_0117"": 0.9999985981964993, ""PROD::PRO_001646||SUP::SUP_0117"": 0.9999961085285242, ""PROD::PRO_001643||SUP::SUP_0117"": 0.9999927523062098, ""PROD::PRO_001647||SUP::SUP_0117"": 0.9999833694816382, ""PROD::PRO_001644||SUP::SUP_0117"": 0.9999833694816382, ""PROD::PRO_001642||SUP::SUP_0117"": 0.9999833694816382, ""PROD::PRO_001641||SUP::SUP_0117"": 0.9999833694816382, ""PROD::PRO_001645||SUP::SUP_0117"": 0.9999783381763143, ""PROD::PRO_001651||SUP::SUP_0117"": 0.9999724433613723}","{""其他采矿业"": 0.10000128283150164, ""智能化电力、热力、燃气及水生产和供应"": 0.1000011426493533, ""互联网房地产业"": 0.10000089367936195, ""安全系统监控服务"": 0.09999961975833131, ""其他家具制造"": 0.09999961975833131, ""咨询与调查"": 0.09999961975833131, ""医疗诊断、监护及治疗设备制造"": 0.0999991166213446, ""智慧教育"": 0.09999852713228834, ""飞机制造"": 0.033333519350941684, ""铁路机车车辆制造"": 0.033333519350941684}","{""其他开采专业及辅助性活动"": 0.10000128283150164, ""其他房地产业"": 0.10000089367936195, ""安全保护服务"": 0.09999961975833131, ""其他家具制造"": 0.09999961975833131, ""其他未列明制造业"": 0.09999961975833131, ""其他卫生活动"": 0.0999991166213446, ""学前教育"": 0.09999852713228834, ""铁路运输设备制造"": 0.033333519350941684, ""航空、航天器及设备制造"": 0.033333519350941684, ""船舶及相关装置制造"": 0.033333519350941684}"
PRO_001653,SUP_0117,PROD::PRO_001653||SUP::SUP_0117,2.481761466618517,2.6427010780075215,0.10002196659923701,0.10002196659923705,7.681296701114251,"{""PROD::PRO_001657||SUP::SUP_0117"": 0.9997574068781667, ""PROD::PRO_001658||SUP::SUP_0117"": 0.9995953271077198, ""PROD::PRO_001648||SUP::SUP_0117"": 0.999573649518177, ""PROD::PRO_001643||SUP::SUP_0117"": 0.9995191641166541, ""PROD::PRO_001654||SUP::SUP_0117"": 0.9995118835389611, ""PROD::PRO_001646||SUP::SUP_0117"": 0.9994951819569339, ""PROD::PRO_001649||SUP::SUP_0117"": 0.9994866801779644, ""PROD::PRO_001659||SUP::SUP_0117"": 0.9994799723260289, ""PROD::PRO_001652||SUP::SUP_0117"": 0.9994799723260289, ""PROD::PRO_001651||SUP::SUP_0117"": 0.999479186114395}","{""咨询与调查"": 0.10002196659923701, ""租赁和商务服务业"": 0.1000057511280892, ""智能化电力、热力、燃气及水生产和供应"": 0.09999740291302234, ""互联网房地产业"": 0.09999573198258642, ""数字化建筑业"": 0.09999488141159163, ""其他采矿业"": 0.09999421031624628, ""广播"": 0.09999421031624628, ""智慧教育"": 0.09999413165873072, ""其他居民服务业"": 0.05000179118341271, ""其他日用产品修理业"": 0.05000179118341271}","{""技术推广服务"": 0.10002196659923705, ""租赁和商务服务业"": 0.10000575112808924, ""其他房地产业"": 0.09999573198258646, ""建筑装饰和装修业"": 0.09999488141159167, ""其他开采专业及辅助性活动"": 0.09999421031624631, ""广播"": 0.09999421031624631, ""学前教育"": 0.09999413165873075, ""其他居民服务业"": 0.05000179118341273, ""其他日用产品修理业"": 0.05000179118341273, ""铁路运输设备制造"": 0.033332710435808224}"
PRO_001654,SUP_0117,PROD::PRO_001654||SUP::SUP_0117,2.551075876651013,2.551075876651013,0.10000118000178762,0.10000118000178762,10.325357059770372,"{""PROD::PRO_001659||SUP::SUP_0117"": 0.9999985981964993, ""PROD::PRO_001652||SUP::SUP_0117"": 0.9999985981964993, ""PROD::PRO_001646||SUP::SUP_0117"": 0.9999965208566293, ""PROD::PRO_001643||SUP::SUP_0117"": 0.9999937663678219, ""PROD::PRO_001641||SUP::SUP_0117"": 0.9999821327628665, ""PROD::PRO_001642||SUP::SUP_0117"": 0.9999821327628665, ""PROD::PRO_001647||SUP::SUP_0117"": 0.9999821327628665, ""PROD::PRO_001644||SUP::SUP_0117"": 0.9999821327628665, ""PROD::PRO_001645||SUP::SUP_0117"": 0.9999789616865096, ""PROD::PRO_001651||SUP::SUP_0117"": 0.9999730069886058}","{""其他采矿业"": 0.10000118000178762, ""广播"": 0.10000118000178762, ""互联网房地产业"": 0.10000097226505814, ""咨询与调查"": 0.09999953343668694, ""安全系统监控服务"": 0.09999953343668694, ""其他家具制造"": 0.09999953343668694, ""医疗诊断、监护及治疗设备制造"": 0.09999921632486483, ""智慧教育"": 0.09999862084721316, ""飞机制造"": 0.03333356560418032, ""铁路机车车辆制造"": 0.03333356560418032}","{""其他开采专业及辅助性活动"": 0.10000118000178762, ""广播"": 0.10000118000178762, ""其他房地产业"": 0.10000097226505814, ""其他未列明制造业"": 0.09999953343668694, ""安全保护服务"": 0.09999953343668694, ""其他家具制造"": 0.09999953343668694, ""其他卫生活动"": 0.09999921632486483, ""学前教育"": 0.09999862084721316, ""铁路运输设备制造"": 0.03333356560418032, ""航空、航天器及设备制造"": 0.03333356560418032}"
PRO_003312,SUP_0175,PROD::PRO_003312||SUP::SUP_0175,0.9412556491659976,1.1102230246240462e-16,0.4987094565416482,1.0,12.968704544174198,"{""PROD::PRO_000651||SUP::SUP_0038"": 0.9356337385240142, ""PROD::PRO_000658||SUP::SUP_0038"": 0.9219331060566386, ""PROD::PRO_000663||SUP::SUP_0038"": 0.9011934406284458, ""PROD::PRO_000664||SUP::SUP_0038"": 0.900066046533837, ""PROD::PRO_000660||SUP::SUP_0038"": 0.8947122118598569, ""PROD::PRO_000650||SUP::SUP_0038"": 0.8925885478336278, ""PROD::PRO_000654||SUP::SUP_0038"": 0.8799776196956978, ""PROD::PRO_000662||SUP::SUP_0038"": 0.8791588919727409, ""PROD::PRO_000661||SUP::SUP_0038"": 0.8782534961558536, ""PROD::PRO_000653||SUP::SUP_0038"": 0.8682273593553163}","{""银行金融服务"": 0.4987094565416482, ""金融信息服务"": 0.40298818197296304, ""其他数字金融"": 0.09830236148538868}","{""其他未列明金融业"": 1.0}"
PRO_004035,SUP_0266,PROD::PRO_004035||SUP::SUP_0266,2.066792324034088,0.9450391395137245,0.19259826079088388,0.5060076164791706,8.367332600321944,"{""PROD::PRO_004080||SUP::SUP_0266"": 0.8143387850483507, ""PROD::PRO_004641||SUP::SUP_0298"": 0.7319442337407799, ""PROD::PRO_004101||SUP::SUP_0266"": 0.730767282306401, ""PROD::PRO_004041||SUP::SUP_0266"": 0.7256653956903043, ""PROD::PRO_004081||SUP::SUP_0266"": 0.7169763628824568, ""PROD::PRO_004121||SUP::SUP_0266"": 0.7007175742653966, ""PROD::PRO_004064||SUP::SUP_0266"": 0.6998910359510081, ""PROD::PRO_004068||SUP::SUP_0266"": 0.6800244910365689, ""PROD::PRO_004090||SUP::SUP_0266"": 0.677595647686639, ""PROD::PRO_004070||SUP::SUP_0266"": 0.6773811356280853}","{""数字化商务服务"": 0.19259826079088388, ""数字资本市场服务"": 0.19251272613971132, ""银行金融服务"": 0.14790713299636718, ""资本投资服务"": 0.10212948216602882, ""法律服务"": 0.10141646031791429, ""知识产权服务"": 0.10020211145107898, ""互联网资讯服务"": 0.09503784694709745, ""数字政府"": 0.03409798959545904, ""其他数字技术应用业"": 0.03409798959545904}","{""互联网数据服务"": 0.5060076164791706, ""互联网信息服务"": 0.3916984147344524, ""货币银行服务"": 0.10229396878637712}"
PRO_001661,SUP_0118,PROD::PRO_001661||SUP::SUP_0118,2.539386126107778,1.8687219624254072,0.17852604472683473,0.3007046791562873,6.475440202829408,"{""PROD::PRO_003448||SUP::SUP_0209"": 0.779387902954021, ""PROD::PRO_005728||SUP::SUP_0353"": 0.7070054324618812, ""PROD::PRO_003430||SUP::SUP_0205"": 0.5577670260304749, ""PROD::PRO_000718||SUP::SUP_0047"": 0.5363786030691435, ""PROD::PRO_004067||SUP::SUP_0266"": 0.5160757752176561, ""PROD::PRO_000649||SUP::SUP_0037"": 0.49241855504492604, ""PROD::PRO_004056||SUP::SUP_0266"": 0.47251262909074776, ""PROD::PRO_001184||SUP::SUP_0079"": 0.45853269864000545, ""PROD::PRO_000646||SUP::SUP_0037"": 0.45668343878569817, ""PROD::PRO_005729||SUP::SUP_0353"": 0.4533386222914313}","{""住宅房屋建筑"": 0.17852604472683473, ""银行金融服务"": 0.17478533992924908, ""其他土木工程建筑"": 0.08701728690207361, ""数字化商务服务"": 0.07176551120957493, ""木质家具制造"": 0.07176551120957493, ""数字金融"": 0.05135881068618888, ""数字化零售"": 0.05135881068618888, ""橡胶制品业"": 0.049389379159257535, ""塑料制品业"": 0.049389379159257535, ""电信"": 0.04340038817321902}","{""互联网数据服务"": 0.3007046791562873, ""互联网相关服务"": 0.2385708394114279, ""综合零售"": 0.10271762137237773, ""货币银行服务"": 0.09068313531154225, ""环境卫生管理"": 0.08444276181214284, ""金融信息服务"": 0.08410220461770679, ""橡胶制品业"": 0.04938937915925753, ""塑料制品业"": 0.04938937915925753}"
PRO_001713,SUP_0122,PROD::PRO_001713||SUP::SUP_0122,1.755558135032094,1.626598915802869,0.5341978760483399,0.4202180316756521,10.697699252839316,"{""PROD::PRO_001710||SUP::SUP_0122"": 0.9461449717363583, ""PROD::PRO_001714||SUP::SUP_0122"": 0.9053746683780874, ""PROD::PRO_001709||SUP::SUP_0122"": 0.8927204049235314, ""PROD::PRO_001633||SUP::SUP_0115"": 0.6201449728201982, ""PROD::PRO_001825||SUP::SUP_0134"": 0.3868824912566238, ""PROD::PRO_000076||SUP::SUP_0028"": 0.35193243781394723, ""PROD::PRO_001323||SUP::SUP_0104"": 0.34087669532850184, ""PROD::PRO_004189||SUP::SUP_0279"": 0.30386125227589367, ""PROD::PRO_000074||SUP::SUP_0027"": 0.29038653389505864, ""PROD::PRO_001725||SUP::SUP_0125"": 0.25832564401436064}","{""银行金融服务"": 0.5341978760483399, ""其他农业"": 0.11708248880678217, ""数字化商务服务"": 0.06644434368903906, ""人力资源服务"": 0.04877151416106921, ""环境与生态监测检测服务"": 0.03652143203394708, ""气象服务"": 0.03652143203394708, ""数字政府"": 0.028684286116693318, ""专业公共卫生服务"": 0.028684286116693318, ""智能道路运输"": 0.027412282284408705, ""智慧配送"": 0.027412282284408705}","{""互联网数据服务"": 0.4202180316756521, ""互联网相关服务"": 0.18143952403967717, ""互联网信息服务"": 0.17093344963235826, ""纺织、服装及家庭用品批发"": 0.06644434368903906, ""电信"": 0.057368572233386636, ""测绘地理信息服务"": 0.05482456456881741, ""人力资源服务"": 0.04877151416106921}"
PRO_001482,SUP_0113,PROD::PRO_001482||SUP::SUP_0113,1.5642740581352061,1.7274500591027575,0.5476757286560949,0.22460243694793036,11.177683643660648,"{""PROD::PRO_001483||SUP::SUP_0113"": 0.9999731334316441, ""PROD::PRO_001481||SUP::SUP_0113"": 0.9616455790479287, ""PROD::PRO_000027||SUP::SUP_0007"": 0.49060864833551565, ""PROD::PRO_001861||SUP::SUP_0140"": 0.46499953096143853, ""PROD::PRO_002728||SUP::SUP_0145"": 0.3620955258927946, ""PROD::PRO_004349||SUP::SUP_0287"": 0.24423892336950126, ""PROD::PRO_005201||SUP::SUP_0319"": 0.23962026151616567, ""PROD::PRO_004190||SUP::SUP_0279"": 0.23436245084608864, ""PROD::PRO_004153||SUP::SUP_0268"": 0.22915173293837898, ""PROD::PRO_002965||SUP::SUP_0166"": 0.22549603766763737}","{""银行金融服务"": 0.5476757286560949, ""互联网保险"": 0.11019485856158698, ""智慧教育"": 0.08132972257401497, ""电信"": 0.0691041903699973, ""汽车、摩托车、零配件和燃料及其他动力销售"": 0.053820740657239005, ""专业公共卫生服务"": 0.05263979183968674, ""广告业"": 0.051469420455504136, ""数字社会"": 0.016882773442937957, ""互联网零售"": 0.016882773442937957}","{""其他未列明金融业"": 0.22460243694793036, ""互联网数据服务"": 0.21887373045488756, ""其他金融业"": 0.21599374354504378, ""电信"": 0.15550952909555998, ""互联网信息服务"": 0.1036908373825635, ""技能培训、教育辅助及其他教育"": 0.08132972257401498}"
PRO_003542,SUP_0232,PROD::PRO_003542||SUP::SUP_0232,2.8940256508677766,2.684558302866087,0.11525619819502217,0.10133877203131325,4.753238342973221,"{""PROD::PRO_000718||SUP::SUP_0047"": 0.6673781944049648, ""PROD::PRO_004191||SUP::SUP_0280"": 0.642820631704476, ""PROD::PRO_003430||SUP::SUP_0205"": 0.6036903781167408, ""PROD::PRO_003175||SUP::SUP_0169"": 0.6003756609602245, ""PROD::PRO_001198||SUP::SUP_0085"": 0.5929999460728403, ""PROD::PRO_006100||SUP::SUP_0368"": 0.5928691184604843, ""PROD::PRO_003909||SUP::SUP_0256"": 0.5854761227017029, ""PROD::PRO_000075||SUP::SUP_0028"": 0.5772048417026482, ""PROD::PRO_000045||SUP::SUP_0017"": 0.5538845383009691, ""PROD::PRO_000083||SUP::SUP_0031"": 0.5404516758418126}","{""数字化零售"": 0.11525619819502217, ""银行金融服务"": 0.0995222561398094, ""人身保险"": 0.09828122739562967, ""人力资源服务"": 0.09689276488247023, ""橡胶制品业"": 0.05601487877979376, ""塑料制品业"": 0.05601487877979376, ""数字金融"": 0.050669386015656626, ""稻谷种植"": 0.035969130211275, ""农业科学研究和试验发展"": 0.035969130211275, ""国家行政机构"": 0.035969130211275}","{""综合零售"": 0.10133877203131325, ""人力资源服务"": 0.1007823454615866, ""其他未列明金融业"": 0.0995222561398094, ""医院"": 0.09828122739562967, ""技能培训、教育辅助及其他教育"": 0.09689276488247023, ""互联网数据服务"": 0.09297809107651002, ""互联网平台"": 0.09072317724017719, ""橡胶制品业"": 0.05601487877979376, ""塑料制品业"": 0.05601487877979376, ""非金融机构支付服务"": 0.04977210878954555}"
PRO_001641,SUP_0117,PROD::PRO_001641||SUP::SUP_0117,2.5105307235777765,2.6714729845014418,0.10000083590011558,0.10000083590011558,10.151670500715813,"{""PROD::PRO_001642||SUP::SUP_0117"": 1.0, ""PROD::PRO_001647||SUP::SUP_0117"": 1.0, ""PROD::PRO_001644||SUP::SUP_0117"": 1.0, ""PROD::PRO_001639||SUP::SUP_0117"": 0.9999962237797542, ""PROD::PRO_001645||SUP::SUP_0117"": 0.999994194150842, ""PROD::PRO_001651||SUP::SUP_0117"": 0.9999898606681382, ""PROD::PRO_001655||SUP::SUP_0117"": 0.9999872603622882, ""PROD::PRO_001659||SUP::SUP_0117"": 0.9999833694816382, ""PROD::PRO_001652||SUP::SUP_0117"": 0.9999833694816382, ""PROD::PRO_001654||SUP::SUP_0117"": 0.9999821327628665}","{""安全系统监控服务"": 0.10000083590011558, ""其他家具制造"": 0.10000083590011558, ""医疗诊断、监护及治疗设备制造"": 0.10000025531034668, ""智慧教育"": 0.09999982195845393, ""物业管理"": 0.09999956192569534, ""其他采矿业"": 0.09999917283437795, ""广播"": 0.09999917283437795, ""智能化电力、热力、燃气及水生产和供应"": 0.09999904916146701, ""数字化餐饮"": 0.050000229137467225, ""数字化住宿"": 0.050000229137467225}","{""安全保护服务"": 0.10000083590011558, ""其他家具制造"": 0.10000083590011558, ""其他卫生活动"": 0.10000025531034668, ""学前教育"": 0.09999982195845393, ""其他居民服务业"": 0.09999956192569534, ""其他开采专业及辅助性活动"": 0.09999917283437795, ""广播"": 0.09999917283437795, ""正餐服务"": 0.050000229137467225, ""旅游饭店"": 0.050000229137467225, ""农业专业及辅助性活动"": 0.025000208975028894}"
PRO_001638,SUP_0117,PROD::PRO_001638||SUP::SUP_0117,2.5510805909605634,2.712012909085316,0.10002752224721291,0.10002752224721292,5.99618345373284,"{""PROD::PRO_001658||SUP::SUP_0117"": 0.999369579401196, ""PROD::PRO_001648||SUP::SUP_0117"": 0.9993501777181868, ""PROD::PRO_001657||SUP::SUP_0117"": 0.9990851380943553, ""PROD::PRO_001649||SUP::SUP_0117"": 0.9990363487913528, ""PROD::PRO_001651||SUP::SUP_0117"": 0.9990284506317479, ""PROD::PRO_001643||SUP::SUP_0117"": 0.9990267386058388, ""PROD::PRO_001654||SUP::SUP_0117"": 0.9990233841876975, ""PROD::PRO_001656||SUP::SUP_0117"": 0.9990163948625487, ""PROD::PRO_001646||SUP::SUP_0117"": 0.9990129916433547, ""PROD::PRO_001659||SUP::SUP_0117"": 0.9989968572018235}","{""租赁和商务服务业"": 0.10002752224721291, ""咨询与调查"": 0.09999905234004895, ""数字化建筑业"": 0.09999416898839197, ""智慧教育"": 0.09999337845668892, ""智能化电力、热力、燃气及水生产和供应"": 0.09999287135315543, ""互联网房地产业"": 0.09999183115693384, ""其他采矿业"": 0.09999021625065446, ""其他居民服务业"": 0.050012790160351796, ""其他日用产品修理业"": 0.050012790160351796, ""装卸搬运"": 0.04999608589362893}","{""租赁和商务服务业"": 0.10002752224721292, ""技术推广服务"": 0.09999905234004897, ""建筑装饰和装修业"": 0.09999416898839199, ""学前教育"": 0.09999337845668893, ""其他房地产业"": 0.09999183115693386, ""其他开采专业及辅助性活动"": 0.09999021625065448, ""其他居民服务业"": 0.05001279016035181, ""其他日用产品修理业"": 0.05001279016035181, ""通用仓储"": 0.04999608589362894, ""装卸搬运"": 0.04999608589362894}"
PRO_004007,SUP_0266,PROD::PRO_004007||SUP::SUP_0266,1.434496542363909,0.8529692345319041,0.396750586576393,0.6608464622501555,11.140844521325088,"{""PROD::PRO_004008||SUP::SUP_0266"": 0.9999966583420964, ""PROD::PRO_004069||SUP::SUP_0266"": 0.6464591516193189, ""PROD::PRO_004015||SUP::SUP_0266"": 0.6445384876215269, ""PROD::PRO_004012||SUP::SUP_0266"": 0.6320811465998234, ""PROD::PRO_004006||SUP::SUP_0266"": 0.5754491251881595, ""PROD::PRO_004099||SUP::SUP_0266"": 0.569053064022054, ""PROD::PRO_004019||SUP::SUP_0266"": 0.5207172976884153, ""PROD::PRO_004100||SUP::SUP_0266"": 0.5196917952215391, ""PROD::PRO_003999||SUP::SUP_0266"": 0.4800397076872749, ""PROD::PRO_004035||SUP::SUP_0266"": 0.3764007804763774}","{""数字资本市场服务"": 0.396750586576393, ""数字化商务服务"": 0.26797360413874993, ""银行金融服务"": 0.16766013271427418, ""证券市场服务"": 0.0871318865223199, ""资本投资服务"": 0.08048379004826302}","{""互联网数据服务"": 0.6608464622501555, ""互联网信息服务"": 0.23076774840676276, ""互联网相关服务"": 0.1083857893430817}"
PRO_001650,SUP_0117,PROD::PRO_001650||SUP::SUP_0117,2.649158604463026,2.649158604463026,0.10000060323579843,0.10000060323579843,6.786032414574529,"{""PROD::PRO_001639||SUP::SUP_0117"": 0.9999886257815359, ""PROD::PRO_001641||SUP::SUP_0117"": 0.9999723685119827, ""PROD::PRO_001642||SUP::SUP_0117"": 0.9999723685119827, ""PROD::PRO_001647||SUP::SUP_0117"": 0.9999723685119827, ""PROD::PRO_001644||SUP::SUP_0117"": 0.9999723685119827, ""PROD::PRO_001651||SUP::SUP_0117"": 0.9999658883862369, ""PROD::PRO_001655||SUP::SUP_0117"": 0.9999612546347869, ""PROD::PRO_001645||SUP::SUP_0117"": 0.9999609374533501, ""PROD::PRO_001637||SUP::SUP_0117"": 0.9999537856396513, ""PROD::PRO_001656||SUP::SUP_0117"": 0.9999433976272034}","{""咨询与调查"": 0.10000060323579843, ""安全系统监控服务"": 0.10000060323579843, ""其他家具制造"": 0.10000060323579843, ""智慧教育"": 0.09999995520140866, ""物业管理"": 0.09999949181066424, ""医疗诊断、监护及治疗设备制造"": 0.09999946009145277, ""数字化餐饮"": 0.05000111450874174, ""数字化住宿"": 0.05000111450874174, ""运输代理业"": 0.04999937244300323, ""多式联运"": 0.04999937244300323}","{""其他未列明制造业"": 0.10000060323579843, ""安全保护服务"": 0.10000060323579843, ""其他家具制造"": 0.10000060323579843, ""学前教育"": 0.09999995520140866, ""其他居民服务业"": 0.09999949181066424, ""其他卫生活动"": 0.09999946009145277, ""正餐服务"": 0.05000111450874174, ""旅游饭店"": 0.05000111450874174, ""运输代理业"": 0.04999937244300323, ""多式联运"": 0.04999937244300323}"
PRO_001642,SUP_0117,PROD::PRO_001642||SUP::SUP_0117,2.371900128665309,2.532842389588974,0.10000083590011558,0.10000083590011558,9.054303611948729,"{""PROD::PRO_001641||SUP::SUP_0117"": 1.0, ""PROD::PRO_001647||SUP::SUP_0117"": 1.0, ""PROD::PRO_001644||SUP::SUP_0117"": 1.0, ""PROD::PRO_001639||SUP::SUP_0117"": 0.9999962237797542, ""PROD::PRO_001645||SUP::SUP_0117"": 0.999994194150842, ""PROD::PRO_001651||SUP::SUP_0117"": 0.9999898606681382, ""PROD::PRO_001655||SUP::SUP_0117"": 0.9999872603622882, ""PROD::PRO_001659||SUP::SUP_0117"": 0.9999833694816382, ""PROD::PRO_001652||SUP::SUP_0117"": 0.9999833694816382, ""PROD::PRO_001654||SUP::SUP_0117"": 0.9999821327628665}","{""咨询与调查"": 0.10000083590011558, ""安全系统监控服务"": 0.10000083590011558, ""其他家具制造"": 0.10000083590011558, ""医疗诊断、监护及治疗设备制造"": 0.10000025531034668, ""智慧教育"": 0.09999982195845393, ""物业管理"": 0.09999956192569534, ""其他采矿业"": 0.09999917283437795, ""广播"": 0.09999917283437795, ""智能化电力、热力、燃气及水生产和供应"": 0.09999904916146701, ""数字化餐饮"": 0.050000229137467225}","{""其他未列明制造业"": 0.10000083590011558, ""安全保护服务"": 0.10000083590011558, ""其他家具制造"": 0.10000083590011558, ""其他卫生活动"": 0.10000025531034668, ""学前教育"": 0.09999982195845393, ""其他居民服务业"": 0.09999956192569534, ""其他开采专业及辅助性活动"": 0.09999917283437795, ""广播"": 0.09999917283437795, ""正餐服务"": 0.050000229137467225, ""旅游饭店"": 0.050000229137467225}"
PRO_001657,SUP_0117,PROD::PRO_001657||SUP::SUP_0117,2.6204104753791975,2.752587093543082,0.10002190891508445,0.10002190891508443,8.213676932490985,"{""PROD::PRO_001653||SUP::SUP_0117"": 0.9997574068781667, ""PROD::PRO_001658||SUP::SUP_0117"": 0.9996746203624249, ""PROD::PRO_001648||SUP::SUP_0117"": 0.9996147290717937, ""PROD::PRO_001660||SUP::SUP_0117"": 0.9994011465727971, ""PROD::PRO_001643||SUP::SUP_0117"": 0.9993813338021539, ""PROD::PRO_001654||SUP::SUP_0117"": 0.9993625776994882, ""PROD::PRO_001649||SUP::SUP_0117"": 0.9993508823802445, ""PROD::PRO_001646||SUP::SUP_0117"": 0.9993498523233577, ""PROD::PRO_001651||SUP::SUP_0117"": 0.9993407872157009, ""PROD::PRO_001652||SUP::SUP_0117"": 0.999323168420435}","{""租赁和商务服务业"": 0.10002190891508445, ""智能化电力、热力、燃气及水生产和供应"": 0.0999906876535118, ""数字化建筑业"": 0.09998951748460654, ""互联网房地产业"": 0.09998941442281621, ""智慧教育"": 0.09998850741832306, ""广播"": 0.09998674457919583, ""环境治理业"": 0.050015096037796566, ""生态保护"": 0.050015096037796566, ""其他居民服务业"": 0.05000795826203305, ""其他日用产品修理业"": 0.05000795826203305}","{""租赁和商务服务业"": 0.10002190891508443, ""货币银行服务"": 0.09999454664148094, ""建筑装饰和装修业"": 0.09998951748460651, ""其他房地产业"": 0.0999894144228162, ""学前教育"": 0.09998850741832305, ""广播"": 0.09998674457919582, ""其他居民服务业"": 0.05000795826203304, ""其他日用产品修理业"": 0.05000795826203304, ""环境治理业"": 0.03334339735853104, ""市政设施管理"": 0.03334339735853104}"
PRO_001648,SUP_0117,PROD::PRO_001648||SUP::SUP_0117,2.4124473751528557,2.5733923848692797,0.10000773498902656,0.10000773498902654,8.609126030920633,"{""PROD::PRO_001658||SUP::SUP_0117"": 0.9999908899947076, ""PROD::PRO_001643||SUP::SUP_0117"": 0.9999231375291221, ""PROD::PRO_001654||SUP::SUP_0117"": 0.9999211169614257, ""PROD::PRO_001646||SUP::SUP_0117"": 0.9999171197200619, ""PROD::PRO_001659||SUP::SUP_0117"": 0.9999126876043805, ""PROD::PRO_001652||SUP::SUP_0117"": 0.9999126876043805, ""PROD::PRO_001649||SUP::SUP_0117"": 0.9999005739346831, ""PROD::PRO_001651||SUP::SUP_0117"": 0.9998927734031918, ""PROD::PRO_001645||SUP::SUP_0117"": 0.9998845984483035, ""PROD::PRO_001641||SUP::SUP_0117"": 0.9998798827156272}","{""租赁和商务服务业"": 0.10000773498902656, ""智能化电力、热力、燃气及水生产和供应"": 0.10000075708243594, ""互联网房地产业"": 0.10000035732373914, ""其他采矿业"": 0.09999991407385063, ""广播"": 0.09999991407385063, ""数字化建筑业"": 0.09999870260214527, ""智慧教育"": 0.09999792248155222, ""医疗诊断、监护及治疗设备制造"": 0.09999710491538216, ""咨询与调查"": 0.099996633301342, ""飞机制造"": 0.03333365305222519}","{""租赁和商务服务业"": 0.10000773498902654, ""其他房地产业"": 0.10000035732373913, ""其他开采专业及辅助性活动"": 0.09999991407385062, ""广播"": 0.09999991407385062, ""建筑装饰和装修业"": 0.09999870260214526, ""学前教育"": 0.0999979224815522, ""其他卫生活动"": 0.09999710491538215, ""其他未列明制造业"": 0.09999663330134198, ""铁路运输设备制造"": 0.03333365305222518, ""航空、航天器及设备制造"": 0.03333365305222518}"
PRO_001660,SUP_0117,PROD::PRO_001660||SUP::SUP_0117,2.5510750363442662,2.712021030711825,0.10000136888058422,0.10000131436748207,10.269692138859822,"{""PROD::PRO_001654||SUP::SUP_0117"": 0.9999328445883939, ""PROD::PRO_001659||SUP::SUP_0117"": 0.9999322995014425, ""PROD::PRO_001652||SUP::SUP_0117"": 0.9999322995014425, ""PROD::PRO_001646||SUP::SUP_0117"": 0.9999256813307656, ""PROD::PRO_001643||SUP::SUP_0117"": 0.9999253224153578, ""PROD::PRO_001641||SUP::SUP_0117"": 0.9999090663383926, ""PROD::PRO_001647||SUP::SUP_0117"": 0.9999090663383926, ""PROD::PRO_001642||SUP::SUP_0117"": 0.9999090663383926, ""PROD::PRO_001644||SUP::SUP_0117"": 0.9999090663383926, ""PROD::PRO_001651||SUP::SUP_0117"": 0.9999068562010003}","{""智能化电力、热力、燃气及水生产和供应"": 0.10000136888058422, ""其他采矿业"": 0.10000131436748207, ""广播"": 0.10000131436748207, ""互联网房地产业"": 0.1000006524969067, ""咨询与调查"": 0.09999899086333779, ""安全系统监控服务"": 0.09999899086333779, ""其他家具制造"": 0.09999899086333779, ""智慧教育"": 0.09999876983172967, ""飞机制造"": 0.033333538867488036, ""铁路机车车辆制造"": 0.033333538867488036}","{""其他开采专业及辅助性活动"": 0.10000131436748207, ""广播"": 0.10000131436748207, ""其他房地产业"": 0.1000006524969067, ""其他未列明制造业"": 0.09999899086333779, ""安全保护服务"": 0.09999899086333779, ""其他家具制造"": 0.09999899086333779, ""学前教育"": 0.09999876983172967, ""铁路运输设备制造"": 0.033333538867488036, ""航空、航天器及设备制造"": 0.033333538867488036, ""船舶及相关装置制造"": 0.033333538867488036}"
PRO_001651,SUP_0117,PROD::PRO_001651||SUP::SUP_0117,2.5105305960544877,2.6714728894290616,0.10000075472211183,0.10000075472211183,8.84189629894987,"{""PROD::PRO_001644||SUP::SUP_0117"": 0.9999898606681381, ""PROD::PRO_001642||SUP::SUP_0117"": 0.9999898606681381, ""PROD::PRO_001647||SUP::SUP_0117"": 0.9999898606681381, ""PROD::PRO_001641||SUP::SUP_0117"": 0.9999898606681381, ""PROD::PRO_001639||SUP::SUP_0117"": 0.999986680110705, ""PROD::PRO_001645||SUP::SUP_0117"": 0.99998405863427, ""PROD::PRO_001655||SUP::SUP_0117"": 0.999975060676154, ""PROD::PRO_001654||SUP::SUP_0117"": 0.9999730069886059, ""PROD::PRO_001652||SUP::SUP_0117"": 0.9999724433613721, ""PROD::PRO_001659||SUP::SUP_0117"": 0.9999724433613721}","{""其他家具制造"": 0.10000075472211183, ""安全系统监控服务"": 0.10000075472211183, ""咨询与调查"": 0.10000075472211183, ""医疗诊断、监护及治疗设备制造"": 0.1000001745084631, ""物业管理"": 0.09999927469673707, ""智能化电力、热力、燃气及水生产和供应"": 0.09999906932434995, ""广播"": 0.0999990129606297, ""其他采矿业"": 0.0999990129606297, ""数字化餐饮"": 0.05000021833037157, ""数字化住宿"": 0.05000021833037157}","{""其他家具制造"": 0.10000075472211183, ""安全保护服务"": 0.10000075472211183, ""其他未列明制造业"": 0.10000075472211183, ""其他卫生活动"": 0.1000001745084631, ""其他居民服务业"": 0.09999927469673707, ""广播"": 0.0999990129606297, ""其他开采专业及辅助性活动"": 0.0999990129606297, ""正餐服务"": 0.05000021833037157, ""旅游饭店"": 0.05000021833037157, ""农业专业及辅助性活动"": 0.025000188680527956}"
PRO_001637,SUP_0117,PROD::PRO_001637||SUP::SUP_0117,2.579844366379413,2.579844366379413,0.1000006312892629,0.1000006312892629,8.647446463812713,"{""PROD::PRO_001647||SUP::SUP_0117"": 0.9999729869513933, ""PROD::PRO_001644||SUP::SUP_0117"": 0.9999729869513933, ""PROD::PRO_001642||SUP::SUP_0117"": 0.9999729869513933, ""PROD::PRO_001641||SUP::SUP_0117"": 0.9999729869513933, ""PROD::PRO_001639||SUP::SUP_0117"": 0.9999727256429284, ""PROD::PRO_001651||SUP::SUP_0117"": 0.9999723608575194, ""PROD::PRO_001645||SUP::SUP_0117"": 0.9999656477446126, ""PROD::PRO_001655||SUP::SUP_0117"": 0.9999610044869655, ""PROD::PRO_001650||SUP::SUP_0117"": 0.9999537856396513, ""PROD::PRO_001659||SUP::SUP_0117"": 0.9999492705142086}","{""安全系统监控服务"": 0.1000006312892629, ""其他家具制造"": 0.1000006312892629, ""咨询与调查"": 0.1000006312892629, ""智慧教育"": 0.10000056867778895, ""医疗诊断、监护及治疗设备制造"": 0.09999989734412558, ""物业管理"": 0.09999943300288636, ""其他采矿业"": 0.09999825956650504, ""数字化餐饮"": 0.050000302578772776, ""数字化住宿"": 0.050000302578772776, ""数字化零售"": 0.0499993555470484}","{""安全保护服务"": 0.1000006312892629, ""其他家具制造"": 0.1000006312892629, ""其他未列明制造业"": 0.1000006312892629, ""学前教育"": 0.10000056867778895, ""其他卫生活动"": 0.09999989734412558, ""其他居民服务业"": 0.09999943300288636, ""其他开采专业及辅助性活动"": 0.09999825956650504, ""正餐服务"": 0.050000302578772776, ""旅游饭店"": 0.050000302578772776, ""其他批发业"": 0.0499993555470484}"
PRO_001649,SUP_0117,PROD::PRO_001649||SUP::SUP_0117,2.5510752880028216,2.712020784425975,0.10000115955468608,0.10000115955468608,10.269689815768247,"{""PROD::PRO_001652||SUP::SUP_0117"": 0.9999696708247062, ""PROD::PRO_001659||SUP::SUP_0117"": 0.9999696708247062, ""PROD::PRO_001654||SUP::SUP_0117"": 0.9999686702230874, ""PROD::PRO_001646||SUP::SUP_0117"": 0.9999674246797257, ""PROD::PRO_001643||SUP::SUP_0117"": 0.9999644823657072, ""PROD::PRO_001641||SUP::SUP_0117"": 0.9999496091724659, ""PROD::PRO_001642||SUP::SUP_0117"": 0.9999496091724659, ""PROD::PRO_001647||SUP::SUP_0117"": 0.9999496091724659, ""PROD::PRO_001644||SUP::SUP_0117"": 0.9999496091724659, ""PROD::PRO_001651||SUP::SUP_0117"": 0.9999424020320029}","{""广播"": 0.10000115955468608, ""其他采矿业"": 0.10000115955468608, ""智能化电力、热力、燃气及水生产和供应"": 0.10000105949032909, ""互联网房地产业"": 0.10000093493077085, ""咨询与调查"": 0.09999915330535158, ""安全系统监控服务"": 0.09999915330535158, ""其他家具制造"": 0.09999915330535158, ""智慧教育"": 0.09999843256108863, ""飞机制造"": 0.03333354689567769, ""铁路机车车辆制造"": 0.03333354689567769}","{""广播"": 0.10000115955468608, ""其他开采专业及辅助性活动"": 0.10000115955468608, ""其他房地产业"": 0.10000093493077085, ""其他未列明制造业"": 0.09999915330535158, ""安全保护服务"": 0.09999915330535158, ""其他家具制造"": 0.09999915330535158, ""学前教育"": 0.09999843256108863, ""铁路运输设备制造"": 0.03333354689567769, ""航空、航天器及设备制造"": 0.03333354689567769, ""船舶及相关装置制造"": 0.03333354689567769}"
PRO_001646,SUP_0117,PROD::PRO_001646||SUP::SUP_0117,2.5510758811345617,2.712021777066872,0.10000130771932648,0.10000126648583331,10.271081218364984,"{""PROD::PRO_001654||SUP::SUP_0117"": 0.9999965208566293, ""PROD::PRO_001652||SUP::SUP_0117"": 0.9999961085285242, ""PROD::PRO_001659||SUP::SUP_0117"": 0.9999961085285242, ""PROD::PRO_001643||SUP::SUP_0117"": 0.9999920479913087, ""PROD::PRO_001644||SUP::SUP_0117"": 0.9999775141733089, ""PROD::PRO_001641||SUP::SUP_0117"": 0.9999775141733089, ""PROD::PRO_001647||SUP::SUP_0117"": 0.9999775141733089, ""PROD::PRO_001642||SUP::SUP_0117"": 0.9999775141733089, ""PROD::PRO_001645||SUP::SUP_0117"": 0.9999753557081623, ""PROD::PRO_001651||SUP::SUP_0117"": 0.9999682404923345}","{""智能化电力、热力、燃气及水生产和供应"": 0.10000130771932648, ""广播"": 0.10000126648583331, ""其他采矿业"": 0.10000126648583331, ""其他家具制造"": 0.09999940701952624, ""咨询与调查"": 0.09999940701952624, ""安全系统监控服务"": 0.09999940701952624, ""医疗诊断、监护及治疗设备制造"": 0.09999919116943794, ""智慧教育"": 0.09999847963607492, ""飞机制造"": 0.033333620141796326, ""铁路机车车辆制造"": 0.033333620141796326}","{""广播"": 0.10000126648583331, ""其他开采专业及辅助性活动"": 0.10000126648583331, ""其他家具制造"": 0.09999940701952624, ""其他未列明制造业"": 0.09999940701952624, ""安全保护服务"": 0.09999940701952624, ""其他卫生活动"": 0.09999919116943794, ""学前教育"": 0.09999847963607492, ""铁路运输设备制造"": 0.033333620141796326, ""航空、航天器及设备制造"": 0.033333620141796326, ""船舶及相关装置制造"": 0.033333620141796326}"
PRO_001698,SUP_0122,PROD::PRO_001698||SUP::SUP_0122,1.6891758234789933,1.4819654404877607,0.47324251123993005,0.4479002334364356,8.93718715810943,"{""PROD::PRO_001712||SUP::SUP_0122"": 0.9988227310357468, ""PROD::PRO_001711||SUP::SUP_0122"": 0.9922119614535442, ""PROD::PRO_001716||SUP::SUP_0122"": 0.9879278763578689, ""PROD::PRO_001715||SUP::SUP_0122"": 0.9755814442723209, ""PROD::PRO_001709||SUP::SUP_0122"": 0.6302983886359347, ""PROD::PRO_001714||SUP::SUP_0122"": 0.6068861278667418, ""PROD::PRO_004189||SUP::SUP_0279"": 0.5229735206324724, ""PROD::PRO_001710||SUP::SUP_0122"": 0.5133606830203175, ""PROD::PRO_000055||SUP::SUP_0021"": 0.3962750996107245, ""PROD::PRO_001717||SUP::SUP_0123"": 0.3499807235054888}","{""银行金融服务"": 0.47324251123993005, ""互联网居民生活服务"": 0.14321438330637198, ""货币银行服务"": 0.1416522443547616, ""行政办公自动化"": 0.06994098680639649, ""医院"": 0.05681918547405379, ""数字政府"": 0.03749280423628106, ""专业公共卫生服务"": 0.03749280423628106, ""人力资源服务"": 0.01003627008648097, ""网络借贷服务"": 0.01003627008648097, ""婚姻服务"": 0.01003627008648097}","{""互联网数据服务"": 0.4479002334364356, ""互联网信息服务"": 0.22689923887817157, ""互联网平台"": 0.143214383306372, ""电信"": 0.07498560847256214, ""医院"": 0.0568191854740538, ""不提供住宿社会工作"": 0.05018135043240486}"
PRO_001659,SUP_0117,PROD::PRO_001659||SUP::SUP_0117,2.5510758438751573,2.712021474137596,0.10000128283150164,0.10000128283150164,10.388433221003137,"{""PROD::PRO_001652||SUP::SUP_0117"": 1.0, ""PROD::PRO_001654||SUP::SUP_0117"": 0.9999985981964993, ""PROD::PRO_001646||SUP::SUP_0117"": 0.9999961085285242, ""PROD::PRO_001643||SUP::SUP_0117"": 0.9999927523062098, ""PROD::PRO_001647||SUP::SUP_0117"": 0.9999833694816382, ""PROD::PRO_001644||SUP::SUP_0117"": 0.9999833694816382, ""PROD::PRO_001642||SUP::SUP_0117"": 0.9999833694816382, ""PROD::PRO_001641||SUP::SUP_0117"": 0.9999833694816382, ""PROD::PRO_001645||SUP::SUP_0117"": 0.9999783381763143, ""PROD::PRO_001651||SUP::SUP_0117"": 0.9999724433613723}","{""广播"": 0.10000128283150164, ""智能化电力、热力、燃气及水生产和供应"": 0.1000011426493533, ""互联网房地产业"": 0.10000089367936195, ""安全系统监控服务"": 0.09999961975833131, ""其他家具制造"": 0.09999961975833131, ""咨询与调查"": 0.09999961975833131, ""医疗诊断、监护及治疗设备制造"": 0.0999991166213446, ""智慧教育"": 0.09999852713228834, ""飞机制造"": 0.033333519350941684, ""铁路机车车辆制造"": 0.033333519350941684}","{""广播"": 0.10000128283150164, ""其他房地产业"": 0.10000089367936195, ""安全保护服务"": 0.09999961975833131, ""其他家具制造"": 0.09999961975833131, ""其他未列明制造业"": 0.09999961975833131, ""其他卫生活动"": 0.0999991166213446, ""学前教育"": 0.09999852713228834, ""铁路运输设备制造"": 0.033333519350941684, ""航空、航天器及设备制造"": 0.033333519350941684, ""船舶及相关装置制造"": 0.033333519350941684}"
PRO_001644,SUP_0117,PROD::PRO_001644||SUP::SUP_0117,2.5105307235777765,2.6714729845014418,0.10000083590011558,0.10000083590011558,9.007215587965595,"{""PROD::PRO_001641||SUP::SUP_0117"": 1.0, ""PROD::PRO_001642||SUP::SUP_0117"": 1.0, ""PROD::PRO_001647||SUP::SUP_0117"": 1.0, ""PROD::PRO_001639||SUP::SUP_0117"": 0.9999962237797542, ""PROD::PRO_001645||SUP::SUP_0117"": 0.999994194150842, ""PROD::PRO_001651||SUP::SUP_0117"": 0.9999898606681382, ""PROD::PRO_001655||SUP::SUP_0117"": 0.9999872603622882, ""PROD::PRO_001659||SUP::SUP_0117"": 0.9999833694816382, ""PROD::PRO_001652||SUP::SUP_0117"": 0.9999833694816382, ""PROD::PRO_001654||SUP::SUP_0117"": 0.9999821327628665}","{""咨询与调查"": 0.10000083590011558, ""安全系统监控服务"": 0.10000083590011558, ""医疗诊断、监护及治疗设备制造"": 0.10000025531034668, ""智慧教育"": 0.09999982195845393, ""物业管理"": 0.09999956192569534, ""其他采矿业"": 0.09999917283437795, ""广播"": 0.09999917283437795, ""智能化电力、热力、燃气及水生产和供应"": 0.09999904916146701, ""数字化餐饮"": 0.050000229137467225, ""数字化住宿"": 0.050000229137467225}","{""其他未列明制造业"": 0.10000083590011558, ""安全保护服务"": 0.10000083590011558, ""其他卫生活动"": 0.10000025531034668, ""学前教育"": 0.09999982195845393, ""其他居民服务业"": 0.09999956192569534, ""其他开采专业及辅助性活动"": 0.09999917283437795, ""广播"": 0.09999917283437795, ""正餐服务"": 0.050000229137467225, ""旅游饭店"": 0.050000229137467225, ""农业专业及辅助性活动"": 0.025000208975028894}"
PRO_001647,SUP_0117,PROD::PRO_001647||SUP::SUP_0117,2.5105307235777765,2.6714729845014418,0.10000083590011558,0.10000083590011558,8.842840670550949,"{""PROD::PRO_001641||SUP::SUP_0117"": 1.0, ""PROD::PRO_001642||SUP::SUP_0117"": 1.0, ""PROD::PRO_001644||SUP::SUP_0117"": 1.0, ""PROD::PRO_001639||SUP::SUP_0117"": 0.9999962237797542, ""PROD::PRO_001645||SUP::SUP_0117"": 0.999994194150842, ""PROD::PRO_001651||SUP::SUP_0117"": 0.9999898606681382, ""PROD::PRO_001655||SUP::SUP_0117"": 0.9999872603622882, ""PROD::PRO_001659||SUP::SUP_0117"": 0.9999833694816382, ""PROD::PRO_001652||SUP::SUP_0117"": 0.9999833694816382, ""PROD::PRO_001654||SUP::SUP_0117"": 0.9999821327628665}","{""咨询与调查"": 0.10000083590011558, ""其他家具制造"": 0.10000083590011558, ""医疗诊断、监护及治疗设备制造"": 0.10000025531034668, ""智慧教育"": 0.09999982195845393, ""物业管理"": 0.09999956192569534, ""其他采矿业"": 0.09999917283437795, ""广播"": 0.09999917283437795, ""智能化电力、热力、燃气及水生产和供应"": 0.09999904916146701, ""数字化餐饮"": 0.050000229137467225, ""数字化住宿"": 0.050000229137467225}","{""其他未列明制造业"": 0.10000083590011558, ""其他家具制造"": 0.10000083590011558, ""其他卫生活动"": 0.10000025531034668, ""学前教育"": 0.09999982195845393, ""其他居民服务业"": 0.09999956192569534, ""其他开采专业及辅助性活动"": 0.09999917283437795, ""广播"": 0.09999917283437795, ""正餐服务"": 0.050000229137467225, ""旅游饭店"": 0.050000229137467225, ""农业专业及辅助性活动"": 0.025000208975028894}"
PRO_001481,SUP_0113,PROD::PRO_001481||SUP::SUP_0113,1.5676487658535345,1.7638395882411213,0.5240189558202719,0.35602444717167087,12.335989988404751,"{""PROD::PRO_001483||SUP::SUP_0113"": 0.9619368769878686, ""PROD::PRO_001482||SUP::SUP_0113"": 0.9616455790479287, ""PROD::PRO_001861||SUP::SUP_0140"": 0.6577110431778442, ""PROD::PRO_000027||SUP::SUP_0007"": 0.5993046084582732, ""PROD::PRO_000043||SUP::SUP_0017"": 0.4013916666977979, ""PROD::PRO_004349||SUP::SUP_0287"": 0.39362001162615934, ""PROD::PRO_000044||SUP::SUP_0017"": 0.3703809542441543, ""PROD::PRO_004352||SUP::SUP_0287"": 0.3655400004356273, ""PROD::PRO_002728||SUP::SUP_0145"": 0.36476802060350555, ""PROD::PRO_003830||SUP::SUP_0247"": 0.3266517139399423}","{""银行金融服务"": 0.5240189558202719, ""互联网保险"": 0.14519753404708696, ""货币银行服务"": 0.06765562670103946, ""智慧教育"": 0.06751274554089141, ""电信"": 0.06086591448454583, ""数字化商务服务"": 0.06045802482146495, ""网络借贷服务"": 0.03714559929234967, ""数字化租赁"": 0.03714559929234967}","{""其他未列明金融业"": 0.35602444717167087, ""互联网数据服务"": 0.2514301448348869, ""货币银行服务"": 0.1085670036233467, ""技能培训、教育辅助及其他教育"": 0.06751274554089141, ""电信"": 0.06086591448454583, ""互联网信息服务"": 0.06086591448454583, ""国家行政机构"": 0.06045802482146495, ""互联网相关服务"": 0.034275805038647376}"
PRO_001697,SUP_0121,PROD::PRO_001697||SUP::SUP_0121,1.876026467517748,1.4954845283880065,0.2954351242954918,0.39918085191920893,9.175140201511969,"{""PROD::PRO_001695||SUP::SUP_0121"": 0.7493006690079617, ""PROD::PRO_000654||SUP::SUP_0038"": 0.725229701139461, ""PROD::PRO_003312||SUP::SUP_0175"": 0.7166473256970795, ""PROD::PRO_004559||SUP::SUP_0298"": 0.69999286571195, ""PROD::PRO_004042||SUP::SUP_0266"": 0.6999153244942861, ""PROD::PRO_005722||SUP::SUP_0353"": 0.6844970994636442, ""PROD::PRO_003993||SUP::SUP_0266"": 0.68270649873824, ""PROD::PRO_000650||SUP::SUP_0038"": 0.6708482130833551, ""PROD::PRO_004062||SUP::SUP_0266"": 0.6435156230667736, ""PROD::PRO_000653||SUP::SUP_0038"": 0.6415558081333685}","{""银行金融服务"": 0.2954351242954918, ""数字化商务服务"": 0.19430001647136924, ""咨询与调查"": 0.14211771816241284, ""其他数字金融"": 0.10488975494627642, ""数字政府"": 0.09873963689073186, ""金融信息服务"": 0.09702457658022669, ""数字社会"": 0.033746586326745605, ""数字金融"": 0.033746586326745605}","{""互联网数据服务"": 0.39918085191920893, ""其他未列明金融业"": 0.2947023563326315, ""软件开发"": 0.1036484885508241, ""互联网信息服务"": 0.1012285442170987, ""货币银行服务"": 0.05061987949011841, ""道路货物运输"": 0.05061987949011841}"
PRO_001695,SUP_0121,PROD::PRO_001695||SUP::SUP_0121,1.4603511912228484,1.4941846961775131,0.5098840257424291,0.39699211222336706,11.979263973015392,"{""PROD::PRO_001697||SUP::SUP_0121"": 0.7493006690079617, ""PROD::PRO_003312||SUP::SUP_0175"": 0.7033712122828207, ""PROD::PRO_005722||SUP::SUP_0353"": 0.6953628527254565, ""PROD::PRO_004559||SUP::SUP_0298"": 0.6846612217728135, ""PROD::PRO_000653||SUP::SUP_0038"": 0.6825742943992861, ""PROD::PRO_000650||SUP::SUP_0038"": 0.6716773892540696, ""PROD::PRO_004042||SUP::SUP_0266"": 0.6705527218665882, ""PROD::PRO_000654||SUP::SUP_0038"": 0.6658509160896338, ""PROD::PRO_004062||SUP::SUP_0266"": 0.6223553866895551, ""PROD::PRO_000057||SUP::SUP_0022"": 0.6181978193238882}","{""银行金融服务"": 0.5098840257424291, ""数字化商务服务"": 0.19114819136297614, ""金融信息服务"": 0.09930320436979911, ""其他数字金融"": 0.09844179759228994, ""数字社会"": 0.0337409269775019, ""数字金融"": 0.0337409269775019, ""咨询与调查"": 0.0337409269775019}","{""互联网数据服务"": 0.39699211222336706, ""其他未列明金融业"": 0.2986592440353242, ""软件开发"": 0.10398893331622017, ""互联网信息服务"": 0.09913692949258292, ""货币银行服务"": 0.050611390466252855, ""道路货物运输"": 0.050611390466252855}"
PRO_001696,SUP_0121,PROD::PRO_001696||SUP::SUP_0121,1.9654643401097676,1.3552892440404867,0.29536744435664364,0.48671239679007966,9.326194260830217,"{""PROD::PRO_001090||SUP::SUP_0078"": 0.975477686875668, ""PROD::PRO_005724||SUP::SUP_0353"": 0.9237746193178995, ""PROD::PRO_002860||SUP::SUP_0160"": 0.9114170130150001, ""PROD::PRO_004042||SUP::SUP_0266"": 0.8902165332043346, ""PROD::PRO_005731||SUP::SUP_0353"": 0.8706565593946334, ""PROD::PRO_000053||SUP::SUP_0019"": 0.8643171430712058, ""PROD::PRO_003993||SUP::SUP_0266"": 0.813088697136295, ""PROD::PRO_003998||SUP::SUP_0266"": 0.7975023302270556, ""PROD::PRO_005725||SUP::SUP_0353"": 0.7544072628985838, ""PROD::PRO_004667||SUP::SUP_0298"": 0.7451120056507764}","{""银行金融服务"": 0.29536744435664364, ""数字化商务服务"": 0.1974871071274712, ""数字政府"": 0.12420584020528118, ""网上税务办理"": 0.10187919856913619, ""金融信息服务"": 0.08827637776287234, ""互联网批发零售"": 0.05707238054352182, ""数字金融"": 0.053324375637166146, ""其他未列明金融业"": 0.053324375637166146, ""数字资本市场服务"": 0.029062900160741492}","{""互联网数据服务"": 0.48671239679007966, ""国家行政机构"": 0.20778614798433356, ""货币银行服务"": 0.14426108102574628, ""互联网信息服务"": 0.10416799365631867, ""人身保险"": 0.0570723805435218}"
PRO_002730,SUP_0145,PROD::PRO_002730||SUP::SUP_0145,1.3079584514768843,1.2167584770042756,0.4754489734149062,0.6703985498763841,12.991373882307379,"{""PROD::PRO_002731||SUP::SUP_0145"": 0.9988601195992438, ""PROD::PRO_002732||SUP::SUP_0145"": 0.9981042207396325, ""PROD::PRO_002729||SUP::SUP_0145"": 0.9980796961615634, ""PROD::PRO_002727||SUP::SUP_0145"": 0.9955384623240922, ""PROD::PRO_000079||SUP::SUP_0029"": 0.385186624037414, ""PROD::PRO_002728||SUP::SUP_0145"": 0.38508709208666114, ""PROD::PRO_001188||SUP::SUP_0083"": 0.3748751699335937, ""PROD::PRO_003175||SUP::SUP_0169"": 0.3551794171680648, ""PROD::PRO_004353||SUP::SUP_0287"": 0.2310164088921829, ""PROD::PRO_001768||SUP::SUP_0127"": 0.23062519174452212}","{""银行金融服务"": 0.4754489734149062, ""其他数字金融"": 0.33548034611798633, ""网络借贷服务"": 0.06470948896872229, ""智慧教育"": 0.0646927680826184, ""数字化零售"": 0.019889474471922186, ""智慧配送"": 0.019889474471922186, ""数字化通用、专用设备制造"": 0.019889474471922186}","{""其他未列明金融业"": 0.6703985498763841, ""国家行政机构"": 0.06470948896872229, ""技能培训、教育辅助及其他教育"": 0.0646927680826184, ""软件开发"": 0.06297721457510827, ""人力资源服务"": 0.05966842341576656, ""互联网数据服务"": 0.03880963883457834, ""电信"": 0.03874391624682184}"
PRO_002729,SUP_0145,PROD::PRO_002729||SUP::SUP_0145,1.3708968645530608,1.2045089727013985,0.45609722660827734,0.6854649190216532,13.047531692779055,"{""PROD::PRO_002732||SUP::SUP_0145"": 0.9999027297701123, ""PROD::PRO_002731||SUP::SUP_0145"": 0.9985968437792135, ""PROD::PRO_002730||SUP::SUP_0145"": 0.9980796961615634, ""PROD::PRO_002727||SUP::SUP_0145"": 0.9976401960534536, ""PROD::PRO_002728||SUP::SUP_0145"": 0.37812428670676046, ""PROD::PRO_000079||SUP::SUP_0029"": 0.3585443713508173, ""PROD::PRO_001188||SUP::SUP_0083"": 0.3366233219992796, ""PROD::PRO_003175||SUP::SUP_0169"": 0.32614692309826565, ""PROD::PRO_004353||SUP::SUP_0287"": 0.21732704892576327, ""PROD::PRO_001861||SUP::SUP_0140"": 0.2160370233107567}","{""银行金融服务"": 0.45609722660827734, ""其他数字金融"": 0.34297097595403403, ""智慧教育"": 0.0648915102911028, ""网络借贷服务"": 0.061531318091112085, ""数字化零售"": 0.018657151595110014, ""智慧配送"": 0.018657151595110014, ""数字化通用、专用设备制造"": 0.018657151595110014, ""电信"": 0.018537514270143995}","{""其他未列明金融业"": 0.6854649190216532, ""技能培训、教育辅助及其他教育"": 0.06489151029110278, ""国家行政机构"": 0.06153131809111207, ""软件开发"": 0.0577693539708591, ""人力资源服务"": 0.055971454785330034, ""互联网数据服务"": 0.03729641529965503, ""电信"": 0.018537514270143992, ""互联网信息服务"": 0.018537514270143992}"
PRO_002732,SUP_0145,PROD::PRO_002732||SUP::SUP_0145,1.2375556206868248,1.1979380565131241,0.628480241577987,0.6876972427707996,13.110584979112682,"{""PROD::PRO_002729||SUP::SUP_0145"": 0.9999027297701123, ""PROD::PRO_002731||SUP::SUP_0145"": 0.9986134861363111, ""PROD::PRO_002730||SUP::SUP_0145"": 0.9981042207396325, ""PROD::PRO_002727||SUP::SUP_0145"": 0.9971395646582469, ""PROD::PRO_002728||SUP::SUP_0145"": 0.37491122401133303, ""PROD::PRO_000079||SUP::SUP_0029"": 0.3535466754612251, ""PROD::PRO_001188||SUP::SUP_0083"": 0.3314156882362622, ""PROD::PRO_003175||SUP::SUP_0169"": 0.32611353744362737, ""PROD::PRO_004353||SUP::SUP_0287"": 0.21890513074144535, ""PROD::PRO_001861||SUP::SUP_0140"": 0.20878705317776525}","{""银行金融服务"": 0.628480241577987, ""其他数字金融"": 0.17195418372295704, ""智慧教育"": 0.06455706275595363, ""网络借贷服务"": 0.06087823850858929, ""数字化零售"": 0.01871814868336038, ""智慧配送"": 0.01871814868336038, ""数字化通用、专用设备制造"": 0.01871814868336038, ""电信"": 0.017975827384431917}","{""其他未列明金融业"": 0.6876972427707996, ""技能培训、教育辅助及其他教育"": 0.06455706275595363, ""国家行政机构"": 0.06087823850858929, ""软件开发"": 0.057067438938902496, ""人力资源服务"": 0.05615444605008114, ""互联网数据服务"": 0.037693916206809897, ""电信"": 0.017975827384431917, ""互联网信息服务"": 0.017975827384431917}"
PRO_002731,SUP_0145,PROD::PRO_002731||SUP::SUP_0145,1.2481137077856201,1.2335988695198767,0.6270593301521196,0.6751865246951804,13.110394532185946,"{""PROD::PRO_002730||SUP::SUP_0145"": 0.9988601195992438, ""PROD::PRO_002732||SUP::SUP_0145"": 0.9986134861363111, ""PROD::PRO_002729||SUP::SUP_0145"": 0.9985968437792135, ""PROD::PRO_002727||SUP::SUP_0145"": 0.9964187209830341, ""PROD::PRO_002728||SUP::SUP_0145"": 0.38724367488197264, ""PROD::PRO_000079||SUP::SUP_0029"": 0.3601091634173921, ""PROD::PRO_001188||SUP::SUP_0083"": 0.3575926208893856, ""PROD::PRO_003175||SUP::SUP_0169"": 0.3429835076936696, ""PROD::PRO_004353||SUP::SUP_0287"": 0.24012703619771925, ""PROD::PRO_001861||SUP::SUP_0140"": 0.2326195956689735}","{""银行金融服务"": 0.6270593301521196, ""其他数字金融"": 0.16887969896084798, ""智慧教育"": 0.06548839580725753, ""网络借贷服务"": 0.06089956520241776, ""电信"": 0.019669635867308945, ""数字化零售"": 0.019334458003349424, ""智慧配送"": 0.019334458003349424, ""数字化通用、专用设备制造"": 0.019334458003349424}","{""其他未列明金融业"": 0.6751865246951804, ""技能培训、教育辅助及其他教育"": 0.06548839580725753, ""国家行政机构"": 0.06089956520241776, ""软件开发"": 0.06047398218110665, ""人力资源服务"": 0.05800337401004827, ""互联网数据服务"": 0.04060888636937157, ""电信"": 0.019669635867308945, ""互联网信息服务"": 0.019669635867308945}"
PRO_003913,SUP_0258,PROD::PRO_003913||SUP::SUP_0258,2.420892282758506,1.733193087941063,0.23095987563097123,0.2525548769910452,7.697589677737518,"{""PROD::PRO_003912||SUP::SUP_0258"": 0.981362179962964, ""PROD::PRO_004189||SUP::SUP_0279"": 0.6625975547311682, ""PROD::PRO_000079||SUP::SUP_0029"": 0.5634222382524522, ""PROD::PRO_004649||SUP::SUP_0298"": 0.5521846675293903, ""PROD::PRO_001700||SUP::SUP_0122"": 0.5247054276226, ""PROD::PRO_004076||SUP::SUP_0266"": 0.49633202391996656, ""PROD::PRO_001702||SUP::SUP_0122"": 0.447048970263085, ""PROD::PRO_001718||SUP::SUP_0123"": 0.4419922138265864, ""PROD::PRO_001701||SUP::SUP_0122"": 0.4130471143676345, ""PROD::PRO_001717||SUP::SUP_0123"": 0.40047835147114097}","{""银行金融服务"": 0.23095987563097123, ""数字资本市场服务"": 0.17897713314951372, ""网络借贷服务"": 0.11736236911677442, ""房地产开发经营"": 0.08153110514015197, ""数字政府"": 0.06042102151426805, ""专业公共卫生服务"": 0.06042102151426805, ""法律服务"": 0.04525958129690913, ""社会团体"": 0.04525958129690913, ""金融信息服务"": 0.025176339271413887, ""其他数字化效率提升业"": 0.025176339271413887}","{""其他未列明金融业"": 0.2525548769910452, ""货币银行服务"": 0.2293298116923415, ""不提供住宿社会工作"": 0.1536466043000841, ""国家行政机构"": 0.15310750139417487, ""电信"": 0.12084204302853611, ""互联网数据服务"": 0.09051916259381827}"
PRO_003912,SUP_0258,PROD::PRO_003912||SUP::SUP_0258,2.4905230063672237,2.1371585744715795,0.21049182116633602,0.23693283710165547,7.646943860773887,"{""PROD::PRO_003913||SUP::SUP_0258"": 0.981362179962964, ""PROD::PRO_004189||SUP::SUP_0279"": 0.7028182830038552, ""PROD::PRO_000079||SUP::SUP_0029"": 0.5908462990950454, ""PROD::PRO_004649||SUP::SUP_0298"": 0.5083096864160426, ""PROD::PRO_001718||SUP::SUP_0123"": 0.4693108456208367, ""PROD::PRO_004076||SUP::SUP_0266"": 0.4390651627001565, ""PROD::PRO_001717||SUP::SUP_0123"": 0.43687391426875966, ""PROD::PRO_000036||SUP::SUP_0012"": 0.40312865434482026, ""PROD::PRO_001700||SUP::SUP_0122"": 0.3739335690338137, ""PROD::PRO_000035||SUP::SUP_0012"": 0.36221470350754914}","{""银行金融服务"": 0.21049182116633602, ""数字资本市场服务"": 0.18629226395152415, ""网络借贷服务"": 0.12874690241340042, ""数字政府"": 0.06670809807050665, ""专业公共卫生服务"": 0.06670809807050665, ""法律服务"": 0.04167393285155095, ""社会团体"": 0.04167393285155095, ""货币银行服务"": 0.034379660501843455, ""财产保险"": 0.034379660501843455, ""金融信息服务"": 0.024123143372640356}","{""国家行政机构"": 0.23693283710165547, ""金融信息服务"": 0.1862922639515243, ""不提供住宿社会工作"": 0.17202131274772817, ""电信"": 0.13341619614101338, ""互联网数据服务"": 0.08334786570310196, ""其他未列明金融业"": 0.07098391660600951, ""货币银行服务"": 0.048246286745280746, ""化学药品原料药制造"": 0.00458395473357913, ""其他未列明制造业"": 0.00458395473357913, ""基础化学原料制造"": 0.00458395473357913}"
PRO_002727,SUP_0145,PROD::PRO_002727||SUP::SUP_0145,1.5184705901703832,1.236625031090326,0.41634857335029063,0.6750217771694229,12.525204108405681,"{""PROD::PRO_002729||SUP::SUP_0145"": 0.9976401960534536, ""PROD::PRO_002732||SUP::SUP_0145"": 0.9971395646582469, ""PROD::PRO_002731||SUP::SUP_0145"": 0.9964187209830341, ""PROD::PRO_002730||SUP::SUP_0145"": 0.9955384623240922, ""PROD::PRO_002728||SUP::SUP_0145"": 0.40422285528675406, ""PROD::PRO_000079||SUP::SUP_0029"": 0.3575329695678491, ""PROD::PRO_001188||SUP::SUP_0083"": 0.33966207041708696, ""PROD::PRO_003175||SUP::SUP_0169"": 0.33393598677216574, ""PROD::PRO_001861||SUP::SUP_0140"": 0.25229984347482226, ""PROD::PRO_004352||SUP::SUP_0287"": 0.23169573960985568}","{""银行金融服务"": 0.41634857335029063, ""其他数字金融"": 0.33754302723266183, ""智慧教育"": 0.06844174420826164, ""网络借贷服务"": 0.06053635940952393, ""货币银行服务"": 0.03922999488307601, ""电信"": 0.02135930851638572, ""数字化零售"": 0.018846997466600162, ""智慧配送"": 0.018846997466600162, ""数字化通用、专用设备制造"": 0.018846997466600162}","{""其他未列明金融业"": 0.6750217771694229, ""技能培训、教育辅助及其他教育"": 0.06844174420826163, ""国家行政机构"": 0.060536359409523906, ""软件开发"": 0.05751051489714366, ""人力资源服务"": 0.05654099239980047, ""互联网数据服务"": 0.039229994883076005, ""电信"": 0.021359308516385712, ""互联网信息服务"": 0.021359308516385712}"
PRO_003448,SUP_0209,PROD::PRO_003448||SUP::SUP_0209,2.1131520763535327,1.5400715795488455,0.2248039076585632,0.4358095611513371,8.41092326454958,"{""PROD::PRO_005728||SUP::SUP_0353"": 0.7802674705568667, ""PROD::PRO_001661||SUP::SUP_0118"": 0.779387902954021, ""PROD::PRO_004067||SUP::SUP_0266"": 0.7417354096903735, ""PROD::PRO_004039||SUP::SUP_0266"": 0.5616313883356702, ""PROD::PRO_004056||SUP::SUP_0266"": 0.5608108762961681, ""PROD::PRO_004066||SUP::SUP_0266"": 0.5572835204744299, ""PROD::PRO_000056||SUP::SUP_0022"": 0.5186302511737891, ""PROD::PRO_004613||SUP::SUP_0298"": 0.5028241022486819, ""PROD::PRO_000659||SUP::SUP_0038"": 0.4725400263621212, ""PROD::PRO_003986||SUP::SUP_0266"": 0.47083295186274454}","{""数字化商务服务"": 0.2248039076585632, ""银行金融服务"": 0.20897982718432365, ""住宅房屋建筑"": 0.12474645273663007, ""法律服务"": 0.09445622054051558, ""其他土木工程建筑"": 0.0943182252863881, ""数字资本市场服务"": 0.07918556915182441, ""电信"": 0.043742282340447775, ""广播电视传输服务"": 0.043742282340447775, ""卫星传输服务"": 0.043742282340447775, ""数字政府"": 0.0422829504204117}","{""互联网数据服务"": 0.4358095611513371, ""互联网相关服务"": 0.21847144070341193, ""互联网信息服务"": 0.09445622054051558, ""人民法院和人民检察院"": 0.08722420862022023, ""货币银行服务"": 0.0845659008408234, ""其他未列明金融业"": 0.07947266814369172}"
PRO_001716,SUP_0122,PROD::PRO_001716||SUP::SUP_0122,1.3398022192228884,1.7684755996474268,0.5987469277244545,0.3001147808265658,11.192527924728605,"{""PROD::PRO_001715||SUP::SUP_0122"": 0.9957445529737673, ""PROD::PRO_001711||SUP::SUP_0122"": 0.9911175750323411, ""PROD::PRO_001712||SUP::SUP_0122"": 0.9908878652506776, ""PROD::PRO_001698||SUP::SUP_0122"": 0.9879278763578689, ""PROD::PRO_001709||SUP::SUP_0122"": 0.5877654775284101, ""PROD::PRO_001714||SUP::SUP_0122"": 0.5627489761277702, ""PROD::PRO_004189||SUP::SUP_0279"": 0.5029942537126217, ""PROD::PRO_001710||SUP::SUP_0122"": 0.47983661054457327, ""PROD::PRO_000055||SUP::SUP_0021"": 0.4099412720077251, ""PROD::PRO_001633||SUP::SUP_0115"": 0.35080984893139}","{""银行金融服务"": 0.5987469277244545, ""互联网居民生活服务"": 0.14444904754776064, ""行政办公自动化"": 0.07257852140592304, ""医院"": 0.05976016900464598, ""其他农业"": 0.05114014443571109, ""数字政府"": 0.0366625949407524, ""专业公共卫生服务"": 0.0366625949407524}","{""互联网数据服务"": 0.3001147808265658, ""互联网信息服务"": 0.22719312021357033, ""互联网平台"": 0.14444904754776064, ""软件开发"": 0.1440175480902413, ""电信"": 0.0733251898815048, ""医院"": 0.05976016900464598, ""互联网相关服务"": 0.05114014443571109}"
PRO_002821,SUP_0147,PROD::PRO_002821||SUP::SUP_0147,1.9873543151609347,1.9724916986379926,0.2941874974615985,0.3855095274169086,3.0062541119909842,"{""PROD::PRO_002819||SUP::SUP_0147"": 0.9968286844620985, ""PROD::PRO_004039||SUP::SUP_0266"": 0.6751930820504406, ""PROD::PRO_001724||SUP::SUP_0125"": 0.5561604295831332, ""PROD::PRO_004038||SUP::SUP_0266"": 0.5049106591002734, ""PROD::PRO_004049||SUP::SUP_0266"": 0.4977767664025313, ""PROD::PRO_001315||SUP::SUP_0100"": 0.4902865283396891, ""PROD::PRO_004191||SUP::SUP_0280"": 0.45583656697311525, ""PROD::PRO_000717||SUP::SUP_0047"": 0.43752648994076293, ""PROD::PRO_004083||SUP::SUP_0266"": 0.42344910665774593, ""PROD::PRO_000052||SUP::SUP_0019"": 0.4128168546049025}","{""法律服务"": 0.2941874974615985, ""数字金融"": 0.22074564941636163, ""综合管理服务"": 0.10203308558856611, ""银行金融服务"": 0.09132202995531034, ""其他批发业"": 0.0899478723189651, ""汽车零部件及配件制造"": 0.08026852580801562, ""其他数字金融"": 0.03786765042766185, ""稻谷种植"": 0.02787589634117361, ""农业科学研究和试验发展"": 0.02787589634117361, ""国家行政机构"": 0.02787589634117361}","{""互联网信息服务"": 0.3855095274169086, ""互联网数据服务"": 0.18287799898869966, ""人力资源服务"": 0.10203308558856605, ""运输代理业"": 0.08994787231896505, ""法律服务"": 0.07573530085532366, ""橡胶制品业"": 0.04013426290400778, ""塑料制品业"": 0.04013426290400778, ""谷物种植"": 0.009291965447057864, ""中药材种植"": 0.009291965447057864, ""农业专业及辅助性活动"": 0.009291965447057864}"
PRO_002820,SUP_0147,PROD::PRO_002820||SUP::SUP_0147,1.3456562770157756,1.4900136434776121,0.4556491214387492,0.4792791355431112,11.609204899341936,"{""PROD::PRO_002818||SUP::SUP_0147"": 0.9988279262350016, ""PROD::PRO_004086||SUP::SUP_0266"": 0.5742258078655198, ""PROD::PRO_004351||SUP::SUP_0287"": 0.5625573383518155, ""PROD::PRO_003829||SUP::SUP_0247"": 0.508655480846823, ""PROD::PRO_004085||SUP::SUP_0266"": 0.5058283799570943, ""PROD::PRO_004643||SUP::SUP_0298"": 0.4417224879677928, ""PROD::PRO_004072||SUP::SUP_0266"": 0.4406834241834139, ""PROD::PRO_003985||SUP::SUP_0266"": 0.4298724821550224, ""PROD::PRO_000038||SUP::SUP_0012"": 0.39343258702479944, ""PROD::PRO_003830||SUP::SUP_0247"": 0.3878344739411812}","{""银行金融服务"": 0.4556491214387492, ""网上税务办理"": 0.3321354492195971, ""其他商务服务业"": 0.08197977937149473, ""数字化商务服务"": 0.07396282834147978, ""数字社会"": 0.01875760720955968, ""互联网保险"": 0.01875760720955968, ""供应链管理服务"": 0.01875760720955968}","{""互联网数据服务"": 0.4792791355431112, ""互联网信息服务"": 0.19048368160794207, ""其他信息技术服务业"": 0.09700426481564428, ""货币银行服务"": 0.08423966085358392, ""农业专业及辅助性活动"": 0.07503042883823874, ""国家行政机构"": 0.0739628283414798}"
PRO_004003,SUP_0266,PROD::PRO_004003||SUP::SUP_0266,1.4216858693859153,0.5064552140128082,0.5385361300353787,0.7955902379895488,10.219453699656208,"{""PROD::PRO_004002||SUP::SUP_0266"": 0.9966468184054578, ""PROD::PRO_004004||SUP::SUP_0266"": 0.9867635156348842, ""PROD::PRO_004001||SUP::SUP_0266"": 0.9233258949555285, ""PROD::PRO_003990||SUP::SUP_0266"": 0.9125451491816716, ""PROD::PRO_004005||SUP::SUP_0266"": 0.9002302875596481, ""PROD::PRO_004000||SUP::SUP_0266"": 0.8992984916641283, ""PROD::PRO_004061||SUP::SUP_0266"": 0.8889908383742263, ""PROD::PRO_004017||SUP::SUP_0266"": 0.8811038947764241, ""PROD::PRO_004070||SUP::SUP_0266"": 0.868189607146939, ""PROD::PRO_004036||SUP::SUP_0266"": 0.8659356707773377}","{""数字化商务服务"": 0.5385361300353787, ""地理遥感信息及测绘地理信息服务"": 0.10816181656885786, ""人力资源服务"": 0.10120824746869657, ""咨询与调查"": 0.10002654077971633, ""其他互联网平台"": 0.09744468909530177, ""银行金融服务"": 0.05462257605204875}","{""互联网数据服务"": 0.7955902379895488, ""互联网信息服务"": 0.2044097620104513}"
PRO_004017,SUP_0266,PROD::PRO_004017||SUP::SUP_0266,1.5403678476139286,0.613735807486169,0.4235145620224705,0.6965781525969493,8.563719403784399,"{""PROD::PRO_003990||SUP::SUP_0266"": 0.9859692569883447, ""PROD::PRO_004003||SUP::SUP_0266"": 0.8811038947764241, ""PROD::PRO_004002||SUP::SUP_0266"": 0.8747363302070642, ""PROD::PRO_004004||SUP::SUP_0266"": 0.8692780655189004, ""PROD::PRO_004036||SUP::SUP_0266"": 0.8088201003299018, ""PROD::PRO_004001||SUP::SUP_0266"": 0.7861446390318797, ""PROD::PRO_004005||SUP::SUP_0266"": 0.7747369323609636, ""PROD::PRO_004061||SUP::SUP_0266"": 0.7397971916108772, ""PROD::PRO_004070||SUP::SUP_0266"": 0.7177346365581053, ""PROD::PRO_004000||SUP::SUP_0266"": 0.7139424850975103}","{""数字化商务服务"": 0.4235145620224705, ""咨询与调查"": 0.22902512220391785, ""地理遥感信息及测绘地理信息服务"": 0.10663027048322864, ""人力资源服务"": 0.09643268227281279, ""其他互联网平台"": 0.09074745788864678, ""银行金融服务"": 0.053649905128923356}","{""互联网数据服务"": 0.6965781525969493, ""互联网信息服务"": 0.30342184740305084}"
PRO_004019,SUP_0266,PROD::PRO_004019||SUP::SUP_0266,1.4824182637026664,0.7869568943890362,0.47360997323767645,0.7138444964319922,8.499592612870833,"{""PROD::PRO_004006||SUP::SUP_0266"": 0.9924848455372473, ""PROD::PRO_004099||SUP::SUP_0266"": 0.7728861669392367, ""PROD::PRO_004069||SUP::SUP_0266"": 0.6873894507728933, ""PROD::PRO_004022||SUP::SUP_0266"": 0.6323324935630393, ""PROD::PRO_004051||SUP::SUP_0266"": 0.6102201974337916, ""PROD::PRO_004100||SUP::SUP_0266"": 0.5994545466805817, ""PROD::PRO_004005||SUP::SUP_0266"": 0.5689735239301847, ""PROD::PRO_004017||SUP::SUP_0266"": 0.5675784945927999, ""PROD::PRO_004002||SUP::SUP_0266"": 0.5473064467044747, ""PROD::PRO_003990||SUP::SUP_0266"": 0.545897625144033}","{""数字化商务服务"": 0.47360997323767645, ""资本投资服务"": 0.19044343016328888, ""数字资本市场服务"": 0.11845863263921735, ""证券市场服务"": 0.09187713400326177, ""咨询与调查"": 0.08366857760134055, ""银行金融服务"": 0.04194225235521511}","{""互联网数据服务"": 0.7138444964319922, ""互联网信息服务"": 0.18080077228636846, ""互联网相关服务"": 0.10535473128163934}"
PRO_004022,SUP_0266,PROD::PRO_004022||SUP::SUP_0266,1.6193978933464765,0.8916224556409541,0.34039092106566876,0.7126814535161606,7.035327677141615,"{""PROD::PRO_004051||SUP::SUP_0266"": 0.9974180170139013, ""PROD::PRO_000048||SUP::SUP_0019"": 0.7179899202585212, ""PROD::PRO_003999||SUP::SUP_0266"": 0.708775628664762, ""PROD::PRO_000050||SUP::SUP_0019"": 0.6901070919821217, ""PROD::PRO_004575||SUP::SUP_0298"": 0.6599140129766099, ""PROD::PRO_004119||SUP::SUP_0266"": 0.648032101972461, ""PROD::PRO_000647||SUP::SUP_0037"": 0.6371432935284307, ""PROD::PRO_004019||SUP::SUP_0266"": 0.6323324935630393, ""PROD::PRO_003998||SUP::SUP_0266"": 0.624683258535111, ""PROD::PRO_004006||SUP::SUP_0266"": 0.5998454851235454}","{""资本投资服务"": 0.34039092106566876, ""数字化商务服务"": 0.20885622954794525, ""银行金融服务"": 0.17381813681795633, ""数字资本市场服务"": 0.14131751577880058, ""数字金融"": 0.10381215587184277, ""数字社会"": 0.03180504091778627}","{""互联网数据服务"": 0.7126814535161606, ""货币银行服务"": 0.139830329446539, ""国家行政机构"": 0.09978065566062091, ""金融信息服务"": 0.04770756137667941}"
PRO_004122,SUP_0266,PROD::PRO_004122||SUP::SUP_0266,1.4457854977936673,0.48783553283651393,0.4218776039722802,0.8088851109874114,8.179667426947368,"{""PROD::PRO_004063||SUP::SUP_0266"": 0.9886711203518992, ""PROD::PRO_004121||SUP::SUP_0266"": 0.7971222199582135, ""PROD::PRO_004120||SUP::SUP_0266"": 0.7842052839913795, ""PROD::PRO_004101||SUP::SUP_0266"": 0.7434528279281198, ""PROD::PRO_004064||SUP::SUP_0266"": 0.7296575309587936, ""PROD::PRO_004119||SUP::SUP_0266"": 0.6919843742196184, ""PROD::PRO_003991||SUP::SUP_0266"": 0.6743044170936411, ""PROD::PRO_004123||SUP::SUP_0266"": 0.6731277548568475, ""PROD::PRO_004088||SUP::SUP_0266"": 0.6681174374489552, ""PROD::PRO_004124||SUP::SUP_0266"": 0.6615507670447325}","{""数字化商务服务"": 0.4218776039722802, ""咨询与调查"": 0.1967716648343751, ""资本投资服务"": 0.19365888881073884, ""数字资本市场服务"": 0.0984401591699334, ""银行金融服务"": 0.08925168321267246}","{""互联网数据服务"": 0.8088851109874114, ""互联网信息服务"": 0.19111488901258852}"
PRO_004121,SUP_0266,PROD::PRO_004121||SUP::SUP_0266,1.8003535695052157,0.8336086283184622,0.3281382214298703,0.6537896653917897,5.182952892424761,"{""PROD::PRO_004119||SUP::SUP_0266"": 0.967181013890471, ""PROD::PRO_003999||SUP::SUP_0266"": 0.8662138745496694, ""PROD::PRO_004064||SUP::SUP_0266"": 0.8212249725381159, ""PROD::PRO_004063||SUP::SUP_0266"": 0.8047871567387122, ""PROD::PRO_004122||SUP::SUP_0266"": 0.7971222199582135, ""PROD::PRO_004120||SUP::SUP_0266"": 0.725967046174905, ""PROD::PRO_004035||SUP::SUP_0266"": 0.7007175742653966, ""PROD::PRO_004101||SUP::SUP_0266"": 0.6673290529267635, ""PROD::PRO_004047||SUP::SUP_0266"": 0.6518564404480046, ""PROD::PRO_000647||SUP::SUP_0037"": 0.6185474875275815}","{""资本投资服务"": 0.3281382214298703, ""数字化商务服务"": 0.1975482525735784, ""数字资本市场服务"": 0.1077589162981162, ""科技中介服务"": 0.1045962183959998, ""咨询与调查"": 0.09525942924284533, ""公开募集证券投资基金"": 0.08553483631595757, ""银行金融服务"": 0.08116412574363242}","{""互联网数据服务"": 0.6537896653917897, ""互联网信息服务"": 0.26504620886457786, ""货币银行服务"": 0.08116412574363244}"
PRO_004119,SUP_0266,PROD::PRO_004119||SUP::SUP_0266,1.9665901233995435,0.9948465251683016,0.2536579876698583,0.6270411798725893,7.6502990611939605,"{""PROD::PRO_004121||SUP::SUP_0266"": 0.967181013890471, ""PROD::PRO_003999||SUP::SUP_0266"": 0.925771715017367, ""PROD::PRO_004064||SUP::SUP_0266"": 0.7518342377425927, ""PROD::PRO_004575||SUP::SUP_0298"": 0.7198908815584303, ""PROD::PRO_000647||SUP::SUP_0037"": 0.7111190085542145, ""PROD::PRO_004063||SUP::SUP_0266"": 0.698484717527477, ""PROD::PRO_004624||SUP::SUP_0298"": 0.6982712086733874, ""PROD::PRO_004122||SUP::SUP_0266"": 0.6919843742196184, ""PROD::PRO_004120||SUP::SUP_0266"": 0.6754494565187056, ""PROD::PRO_000050||SUP::SUP_0019"": 0.672606922616063}","{""数字化商务服务"": 0.2536579876698583, ""银行金融服务"": 0.17136373621502948, ""数字资本市场服务"": 0.14484181711551564, ""资本投资服务"": 0.12322930963080653, ""科技中介服务"": 0.09210991794968544, ""咨询与调查"": 0.08990895797215204, ""数字社会"": 0.0784148947597044, ""数字金融"": 0.04647337868724806}","{""互联网数据服务"": 0.6270411798725893, ""货币银行服务"": 0.23551595723278138, ""国家行政机构"": 0.0895305887859448, ""金融信息服务"": 0.047912274108684504}"
PRO_004120,SUP_0266,PROD::PRO_004120||SUP::SUP_0266,1.6088199167672674,0.6124445304315316,0.40328805109784555,0.6981251127144761,8.017251362458971,"{""PROD::PRO_004064||SUP::SUP_0266"": 0.8144260362130807, ""PROD::PRO_004063||SUP::SUP_0266"": 0.8047416439273063, ""PROD::PRO_004122||SUP::SUP_0266"": 0.7842052839913795, ""PROD::PRO_004070||SUP::SUP_0266"": 0.7622066030380452, ""PROD::PRO_004121||SUP::SUP_0266"": 0.725967046174905, ""PROD::PRO_004047||SUP::SUP_0266"": 0.7172212568243582, ""PROD::PRO_004101||SUP::SUP_0266"": 0.7137896719618242, ""PROD::PRO_004119||SUP::SUP_0266"": 0.6754494565187056, ""PROD::PRO_004088||SUP::SUP_0266"": 0.6371012842454272, ""PROD::PRO_004068||SUP::SUP_0266"": 0.6302113054475553}","{""数字化商务服务"": 0.40328805109784555, ""资本投资服务"": 0.19121514361317338, ""数字资本市场服务"": 0.11209775789076788, ""科技中介服务"": 0.10793816768221169, ""公开募集证券投资基金"": 0.09871847316602014, ""互联网资讯服务"": 0.08674240654998128}","{""互联网数据服务"": 0.6981251127144761, ""互联网信息服务"": 0.3018748872855239}"
PRO_003541,SUP_0232,PROD::PRO_003541||SUP::SUP_0232,1.8050648439855146,1.7091931912191465,0.35795932304607503,0.30710239076751084,11.483413016651944,"{""PROD::PRO_004358||SUP::SUP_0287"": 0.5146450480242836, ""PROD::PRO_004355||SUP::SUP_0287"": 0.5146450480242836, ""PROD::PRO_004712||SUP::SUP_0298"": 0.49488621786451137, ""PROD::PRO_004085||SUP::SUP_0266"": 0.47174541638636547, ""PROD::PRO_004643||SUP::SUP_0298"": 0.471370872024256, ""PROD::PRO_001817||SUP::SUP_0131"": 0.4509562761888424, ""PROD::PRO_004086||SUP::SUP_0266"": 0.4340351637409965, ""PROD::PRO_004636||SUP::SUP_0298"": 0.4296991862249049, ""PROD::PRO_004066||SUP::SUP_0266"": 0.42757478821982686, ""PROD::PRO_002965||SUP::SUP_0166"": 0.4156929447211939}","{""银行金融服务"": 0.35795932304607503, ""网上税务办理"": 0.24679007164384878, ""其他数字金融"": 0.09749876924525763, ""数字化商务服务"": 0.09244358669104659, ""数字社会"": 0.06092585663623123, ""数字政府"": 0.05349830982064522, ""数字技术研究和试验发展"": 0.03096763035556688, ""互联网零售"": 0.029958226280664347, ""电信"": 0.029958226280664347}","{""互联网数据服务"": 0.30710239076751084, ""货币银行服务"": 0.3018120071230169, ""软件开发"": 0.09749876924525763, ""互联网相关服务"": 0.09244358669104659, ""电信"": 0.08987467884199304, ""金融信息服务"": 0.0556342836655875, ""数字金融"": 0.0556342836655875}"
PRO_002819,SUP_0147,PROD::PRO_002819||SUP::SUP_0147,2.12501647629535,2.0731182306041642,0.2755631928578842,0.2989013837881917,5.89387454208788,"{""PROD::PRO_002821||SUP::SUP_0147"": 0.9968286844620985, ""PROD::PRO_004039||SUP::SUP_0266"": 0.6481608903842724, ""PROD::PRO_001724||SUP::SUP_0125"": 0.5316588867384949, ""PROD::PRO_001315||SUP::SUP_0100"": 0.47868978650473637, ""PROD::PRO_004038||SUP::SUP_0266"": 0.4716917375768832, ""PROD::PRO_004049||SUP::SUP_0266"": 0.45576336818684293, ""PROD::PRO_004191||SUP::SUP_0280"": 0.45571649869042297, ""PROD::PRO_000717||SUP::SUP_0047"": 0.4251560505505334, ""PROD::PRO_000083||SUP::SUP_0031"": 0.4241785618811137, ""PROD::PRO_003929||SUP::SUP_0263"": 0.3835128508693342}","{""银行金融服务"": 0.2755631928578842, ""法律服务"": 0.21244103953930119, ""综合管理服务"": 0.10085806271193679, ""其他批发业"": 0.09080958808576353, ""汽车零部件及配件制造"": 0.0806539995444043, ""互联网零售"": 0.07275409878145897, ""稻谷种植"": 0.02881715096544001, ""农业科学研究和试验发展"": 0.02881715096544001, ""国家行政机构"": 0.02881715096544001, ""咨询与调查"": 0.026822855194310248}","{""互联网信息服务"": 0.2989013837881917, ""互联网数据服务"": 0.18910284860899382, ""互联网平台"": 0.15322266436438975, ""人力资源服务"": 0.10085806271193681, ""运输代理业"": 0.09080958808576355, ""橡胶制品业"": 0.04032699977220216, ""塑料制品业"": 0.04032699977220216, ""谷物种植"": 0.009605716988480005, ""中药材种植"": 0.009605716988480005, ""农业专业及辅助性活动"": 0.009605716988480005}"
PRO_002818,SUP_0147,PROD::PRO_002818||SUP::SUP_0147,1.53137076030139,1.0877674216215643,0.3616765206764994,0.6708243238242735,11.414532439680695,"{""PROD::PRO_002820||SUP::SUP_0147"": 0.9988279262350016, ""PROD::PRO_004086||SUP::SUP_0266"": 0.5669493146544488, ""PROD::PRO_004351||SUP::SUP_0287"": 0.5554882466418268, ""PROD::PRO_003829||SUP::SUP_0247"": 0.504130438110561, ""PROD::PRO_004085||SUP::SUP_0266"": 0.49840464303309395, ""PROD::PRO_004072||SUP::SUP_0266"": 0.43260476849686613, ""PROD::PRO_004643||SUP::SUP_0298"": 0.43181219684965333, ""PROD::PRO_003985||SUP::SUP_0266"": 0.4185840864494623, ""PROD::PRO_000038||SUP::SUP_0012"": 0.38553233703287804, ""PROD::PRO_000034||SUP::SUP_0012"": 0.38168681402075466}","{""银行金融服务"": 0.3616765206764994, ""网上税务办理"": 0.3312442876228033, ""数字技术研究和试验发展"": 0.09652337807881403, ""供应链管理服务"": 0.09239814051579637, ""其他商务服务业"": 0.08090112215110509, ""数字社会"": 0.01862827547749095, ""互联网保险"": 0.01862827547749095}","{""互联网数据服务"": 0.6708243238242735, ""其他信息技术服务业"": 0.09743494670239156, ""货币银行服务"": 0.0834577625250658, ""农业专业及辅助性活动"": 0.0745131019099638, ""国家行政机构"": 0.07376986503830542}"
PRO_004051,SUP_0266,PROD::PRO_004051||SUP::SUP_0266,1.7578863001607474,1.4955047348405333,0.3422412215416363,0.48006041248810694,6.926223151198235,"{""PROD::PRO_004022||SUP::SUP_0266"": 0.9974180170139013, ""PROD::PRO_000048||SUP::SUP_0019"": 0.7374447747131063, ""PROD::PRO_003999||SUP::SUP_0266"": 0.7309922990629761, ""PROD::PRO_000050||SUP::SUP_0019"": 0.7156540323398717, ""PROD::PRO_004575||SUP::SUP_0298"": 0.673674484293561, ""PROD::PRO_004119||SUP::SUP_0266"": 0.6693861185043306, ""PROD::PRO_000647||SUP::SUP_0037"": 0.6644087375776662, ""PROD::PRO_003998||SUP::SUP_0266"": 0.6153362179860578, ""PROD::PRO_004019||SUP::SUP_0266"": 0.6102201974337916, ""PROD::PRO_004071||SUP::SUP_0266"": 0.5916241798235915}","{""资本投资服务"": 0.3422412215416363, ""银行金融服务"": 0.17795683836521964, ""数字资本市场服务"": 0.13817088728450871, ""数字化商务服务"": 0.11987943356330702, ""数字金融"": 0.10525664183890193, ""互联网搜索服务"": 0.0844434411012705, ""数字社会"": 0.03205153630515608}","{""互联网数据服务"": 0.48006041248810694, ""货币银行服务"": 0.14290939890583174, ""互联网信息服务"": 0.14236302782312482, ""国家行政机构"": 0.1021464152239318, ""互联网相关服务"": 0.08444344110127047, ""金融信息服务"": 0.04807730445773411}"
PRO_001633,SUP_0115,PROD::PRO_001633||SUP::SUP_0115,0.8798956853645312,1.4706609368140833,0.7899025575058524,0.39275987361796705,11.489348371025486,"{""PROD::PRO_001774||SUP::SUP_0127"": 0.6982700450403533, ""PROD::PRO_001710||SUP::SUP_0122"": 0.6758931150459823, ""PROD::PRO_001713||SUP::SUP_0122"": 0.6201449728201982, ""PROD::PRO_001709||SUP::SUP_0122"": 0.6042119015766735, ""PROD::PRO_001714||SUP::SUP_0122"": 0.5985049784088158, ""PROD::PRO_000727||SUP::SUP_0051"": 0.5822633178910072, ""PROD::PRO_001323||SUP::SUP_0104"": 0.571484908066238, ""PROD::PRO_004540||SUP::SUP_0298"": 0.5491269855236472, ""PROD::PRO_004189||SUP::SUP_0279"": 0.549078215778048, ""PROD::PRO_001748||SUP::SUP_0127"": 0.5113767870405005}","{""银行金融服务"": 0.7899025575058524, ""数字金融"": 0.04606495457003134, ""数字政府"": 0.04606086339226254, ""专业公共卫生服务"": 0.04606086339226254, ""互联网零售"": 0.023970253713197023, ""行政办公自动化"": 0.023970253713197023, ""互联网保险"": 0.023970253713197023}","{""电信"": 0.39275987361796705, ""互联网数据服务"": 0.3188148888800805, ""互联网信息服务"": 0.10041431350910153, ""互联网相关服务"": 0.09588101485278809, ""货币银行服务"": 0.04606495457003134, ""国家行政机构"": 0.04606495457003134}"
PRO_004559,SUP_0298,PROD::PRO_004559||SUP::SUP_0298,0.9501245651927219,0.33742831441017307,0.5034062456079965,0.8943006098631798,12.982034153139226,"{""PROD::PRO_003312||SUP::SUP_0175"": 0.8400238534842887, ""PROD::PRO_000654||SUP::SUP_0038"": 0.8394810705463358, ""PROD::PRO_000658||SUP::SUP_0038"": 0.8152896792187662, ""PROD::PRO_000653||SUP::SUP_0038"": 0.8126105970233598, ""PROD::PRO_000650||SUP::SUP_0038"": 0.8021058512308327, ""PROD::PRO_000651||SUP::SUP_0038"": 0.8017501682507706, ""PROD::PRO_000660||SUP::SUP_0038"": 0.7933906364178578, ""PROD::PRO_000662||SUP::SUP_0038"": 0.7666592834211181, ""PROD::PRO_000663||SUP::SUP_0038"": 0.7394013567804564, ""PROD::PRO_000664||SUP::SUP_0038"": 0.7365788966696263}","{""银行金融服务"": 0.5034062456079965, ""金融信息服务"": 0.3909626621080125, ""其他数字金融"": 0.10563109228399097}","{""其他未列明金融业"": 0.8943006098631798, ""软件开发"": 0.10569939013682016}"
PRO_004566,SUP_0298,PROD::PRO_004566||SUP::SUP_0298,1.676538897085933,1.3743653412854293,0.49018900787236847,0.44292324207814787,10.542929583784396,"{""PROD::PRO_004565||SUP::SUP_0298"": 0.9860147211029386, ""PROD::PRO_004564||SUP::SUP_0298"": 0.9659566207439623, ""PROD::PRO_005722||SUP::SUP_0353"": 0.7531009738727859, ""PROD::PRO_000047||SUP::SUP_0019"": 0.5552419043472381, ""PROD::PRO_001695||SUP::SUP_0121"": 0.4387101669882274, ""PROD::PRO_000654||SUP::SUP_0038"": 0.3898416712502515, ""PROD::PRO_000650||SUP::SUP_0038"": 0.37932755948867003, ""PROD::PRO_000057||SUP::SUP_0022"": 0.3434304691805393, ""PROD::PRO_001697||SUP::SUP_0121"": 0.3427159472955976, ""PROD::PRO_001633||SUP::SUP_0115"": 0.33916139109658583}","{""银行金融服务"": 0.49018900787236847, ""行政办公自动化"": 0.08974373944365575, ""数字社会"": 0.08791811869598869, ""咨询与调查"": 0.07985984402633245, ""其他数字金融"": 0.0709641521981078, ""金融信息服务"": 0.06905023410699172, ""其他农业"": 0.06173865533746362, ""互联网保险"": 0.050536248319091405}","{""互联网数据服务"": 0.44292324207814787, ""金融信息服务"": 0.2674055975833002, ""其他未列明金融业"": 0.14001438630509952, ""货币银行服务"": 0.08791811869598869, ""互联网相关服务"": 0.06173865533746362}"
PRO_001861,SUP_0140,PROD::PRO_001861||SUP::SUP_0140,1.1773110232503836,1.7851449103605956,0.6551367266649085,0.2924161539956805,11.853994173018517,"{""PROD::PRO_001190||SUP::SUP_0084"": 0.7177110711771703, ""PROD::PRO_000649||SUP::SUP_0037"": 0.699007221800269, ""PROD::PRO_003830||SUP::SUP_0247"": 0.6872113350245951, ""PROD::PRO_004351||SUP::SUP_0287"": 0.683527508382256, ""PROD::PRO_000044||SUP::SUP_0017"": 0.6733025842244703, ""PROD::PRO_001481||SUP::SUP_0113"": 0.6577110431778442, ""PROD::PRO_000043||SUP::SUP_0017"": 0.6317420866523042, ""PROD::PRO_004352||SUP::SUP_0287"": 0.6284051959453651, ""PROD::PRO_004348||SUP::SUP_0287"": 0.6247229071373519, ""PROD::PRO_003829||SUP::SUP_0247"": 0.6196023586101}","{""银行金融服务"": 0.6551367266649085, ""数字化商务服务"": 0.10376222513724075, ""货币银行服务"": 0.09488307031018516, ""互联网保险"": 0.050831069548121686, ""网络借贷服务"": 0.04769345416977195, ""数字化租赁"": 0.04769345416977195}","{""互联网数据服务"": 0.2924161539956805, ""货币银行服务"": 0.25176126715602554, ""其他批发业"": 0.10836738853894261, ""国家行政机构"": 0.10376222513724073, ""其他金融业"": 0.09930796810129223, ""其他信息技术服务业"": 0.09355392752269664, ""互联网相关服务"": 0.05083106954812168}"
PRO_001747,SUP_0127,PROD::PRO_001747||SUP::SUP_0127,1.0320691737669343,1.3179445159248573,0.6367969196648805,0.5849535478483755,9.568336988228845,"{""PROD::PRO_001744||SUP::SUP_0127"": 0.9887399631546105, ""PROD::PRO_001746||SUP::SUP_0127"": 0.9463567557000272, ""PROD::PRO_001743||SUP::SUP_0127"": 0.942115885154166, ""PROD::PRO_001748||SUP::SUP_0127"": 0.8951890374764466, ""PROD::PRO_004540||SUP::SUP_0298"": 0.8357412906891034, ""PROD::PRO_001742||SUP::SUP_0127"": 0.8173415799457339, ""PROD::PRO_001774||SUP::SUP_0127"": 0.7620306090991577, ""PROD::PRO_000727||SUP::SUP_0051"": 0.707797080173942, ""PROD::PRO_001768||SUP::SUP_0127"": 0.5861579863936777, ""PROD::PRO_002726||SUP::SUP_0145"": 0.5787818888637016}","{""银行金融服务"": 0.6367969196648805, ""数字金融"": 0.1745119873575565, ""互联网金融"": 0.11688417138756059, ""其他数字金融"": 0.07180692159000245}","{""电信"": 0.5849535478483755, ""软件开发"": 0.12266861554105152, ""互联网数据服务"": 0.11688417138756059, ""其他未列明金融业"": 0.07180692159000245, ""货币银行服务"": 0.051843371816504974, ""国家行政机构"": 0.051843371816504974}"
PRO_004695,SUP_0298,PROD::PRO_004695||SUP::SUP_0298,1.6228848948372885,1.469809310312188,0.5003502840590033,0.38942811845404773,7.922304908601399,"{""PROD::PRO_004700||SUP::SUP_0298"": 0.9833047654412228, ""PROD::PRO_004690||SUP::SUP_0298"": 0.9133968835956479, ""PROD::PRO_004622||SUP::SUP_0298"": 0.7460520147959189, ""PROD::PRO_005201||SUP::SUP_0319"": 0.6617609084202805, ""PROD::PRO_002985||SUP::SUP_0166"": 0.5757012607692794, ""PROD::PRO_004716||SUP::SUP_0298"": 0.5664212699947829, ""PROD::PRO_001748||SUP::SUP_0127"": 0.5611769647056469, ""PROD::PRO_000727||SUP::SUP_0051"": 0.509434454716917, ""PROD::PRO_004540||SUP::SUP_0298"": 0.5030343264061682, ""PROD::PRO_001768||SUP::SUP_0127"": 0.4758673733676766}","{""银行金融服务"": 0.5003502840590033, ""数字社会"": 0.16614896648979297, ""汽车、摩托车、零配件和燃料及其他动力销售"": 0.10186970525364292, ""数字政府"": 0.05742262642301582, ""其他数字技术应用业"": 0.04686862487017277, ""数字金融"": 0.038717879759464745, ""互联网零售"": 0.029540637714969134, ""数字技术研究和试验发展"": 0.029540637714969134, ""电信"": 0.029540637714969134}","{""电信"": 0.38942811845404773, ""货币银行服务"": 0.32393975696492144, ""互联网数据服务"": 0.10186970525364294, ""软件开发"": 0.08862191314490743, ""金融信息服务"": 0.057422626423015835, ""国家行政机构"": 0.03871787975946475}"
PRO_004690,SUP_0298,PROD::PRO_004690||SUP::SUP_0298,0.8295984691983711,1.2044835513148056,0.731601717505092,0.3973841636828855,9.905681142412005,"{""PROD::PRO_004695||SUP::SUP_0298"": 0.9133968835956479, ""PROD::PRO_004622||SUP::SUP_0298"": 0.8939068064778333, ""PROD::PRO_004700||SUP::SUP_0298"": 0.872445309970762, ""PROD::PRO_001748||SUP::SUP_0127"": 0.7514095418399032, ""PROD::PRO_004716||SUP::SUP_0298"": 0.7380098702037216, ""PROD::PRO_000727||SUP::SUP_0051"": 0.7316971657028357, ""PROD::PRO_004719||SUP::SUP_0298"": 0.6921588195757814, ""PROD::PRO_004717||SUP::SUP_0298"": 0.6799389076308254, ""PROD::PRO_001774||SUP::SUP_0127"": 0.6611018279545336, ""PROD::PRO_004540||SUP::SUP_0298"": 0.657213335495981}","{""银行金融服务"": 0.731601717505092, ""数字社会"": 0.16623366368788856, ""数字政府"": 0.058877224053447794, ""数字金融"": 0.04328739475357174}","{""电信"": 0.3973841636828855, ""货币银行服务"": 0.3345402581613647, ""金融信息服务"": 0.22478818340217807, ""国家行政机构"": 0.04328739475357174}"
PRO_000727,SUP_0051,PROD::PRO_000727||SUP::SUP_0051,1.495099331581478,1.5459659846946432,0.5891445033838405,0.3497851769842356,9.911833537906176,"{""PROD::PRO_001774||SUP::SUP_0127"": 0.945679942081198, ""PROD::PRO_001748||SUP::SUP_0127"": 0.9159740325973882, ""PROD::PRO_001742||SUP::SUP_0127"": 0.9088313109403634, ""PROD::PRO_004622||SUP::SUP_0298"": 0.8582901351021873, ""PROD::PRO_001744||SUP::SUP_0127"": 0.7379845824141336, ""PROD::PRO_004690||SUP::SUP_0298"": 0.7316971657028357, ""PROD::PRO_002985||SUP::SUP_0166"": 0.7292225083008684, ""PROD::PRO_001323||SUP::SUP_0104"": 0.7100642631774513, ""PROD::PRO_001747||SUP::SUP_0127"": 0.707797080173942, ""PROD::PRO_004540||SUP::SUP_0298"": 0.6749926896725769}","{""银行金融服务"": 0.5891445033838405, ""数字金融"": 0.13578389621275874, ""数字政府"": 0.05418133212417894, ""互联网零售"": 0.053101249312066015, ""数字社会"": 0.03079326017151198, ""其他数字技术应用业"": 0.03079326017151198, ""数字技术研究和试验发展"": 0.030689114942056377, ""电信"": 0.030689114942056377, ""行政办公自动化"": 0.022412134370009634, ""互联网保险"": 0.022412134370009634}","{""电信"": 0.3497851769842356, ""软件开发"": 0.274603233882859, ""货币银行服务"": 0.18917141608370144, ""互联网相关服务"": 0.08964853748003852, ""金融信息服务"": 0.05418133212417893, ""国家行政机构"": 0.04261030344498658}"
PRO_004565,SUP_0298,PROD::PRO_004565||SUP::SUP_0298,1.7559051569103266,1.4136326891471112,0.42412905745869606,0.4577729040596843,8.985805839023149,"{""PROD::PRO_004566||SUP::SUP_0298"": 0.9860147211029386, ""PROD::PRO_004564||SUP::SUP_0298"": 0.9231437499254164, ""PROD::PRO_005722||SUP::SUP_0353"": 0.8075304370513019, ""PROD::PRO_000047||SUP::SUP_0019"": 0.630985961659653, ""PROD::PRO_001695||SUP::SUP_0121"": 0.47359979596780066, ""PROD::PRO_000654||SUP::SUP_0038"": 0.45013972472034647, ""PROD::PRO_000650||SUP::SUP_0038"": 0.44491362826287295, ""PROD::PRO_003993||SUP::SUP_0266"": 0.3947633133795587, ""PROD::PRO_004700||SUP::SUP_0298"": 0.3907467684487549, ""PROD::PRO_001697||SUP::SUP_0121"": 0.3904506035707711}","{""银行金融服务"": 0.42412905745869606, ""数字社会"": 0.16727232530273328, ""咨询与调查"": 0.08037620350121491, ""其他数字金融"": 0.07639471643810271, ""金融信息服务"": 0.0755077781497859, ""数字政府"": 0.06699660067667457, ""数字技术研究和试验发展"": 0.05577995074696055, ""互联网保险"": 0.05354336772583216}","{""互联网数据服务"": 0.4577729040596843, ""金融信息服务"": 0.1620048309668996, ""货币银行服务"": 0.1620048309668996, ""其他未列明金融业"": 0.1519024945878886, ""电信"": 0.06631493941862787}"
PRO_004700,SUP_0298,PROD::PRO_004700||SUP::SUP_0298,2.1039588256086863,1.6723509799988336,0.37931786950149,0.24160100377051905,6.764728856198734,"{""PROD::PRO_004695||SUP::SUP_0298"": 0.9833047654412228, ""PROD::PRO_004690||SUP::SUP_0298"": 0.872445309970762, ""PROD::PRO_004622||SUP::SUP_0298"": 0.7392594008492189, ""PROD::PRO_005201||SUP::SUP_0319"": 0.7257952303710603, ""PROD::PRO_002985||SUP::SUP_0166"": 0.6595274678721184, ""PROD::PRO_001748||SUP::SUP_0127"": 0.5569232813291206, ""PROD::PRO_000727||SUP::SUP_0051"": 0.5299300639377842, ""PROD::PRO_000040||SUP::SUP_0014"": 0.496020659610536, ""PROD::PRO_000021||SUP::SUP_0004"": 0.49314743393572136, ""PROD::PRO_004540||SUP::SUP_0298"": 0.4833575407940732}","{""银行金融服务"": 0.37931786950149, ""数字社会"": 0.1196486308959149, ""汽车、摩托车、零配件和燃料及其他动力销售"": 0.1109827656401524, ""广告业"": 0.07584748743813863, ""数字政府"": 0.05652079911697897, ""其他数字技术应用业"": 0.04446910520516604, ""数字金融"": 0.036955572608904814, ""互联网零售"": 0.03361654423414217, ""数字技术研究和试验发展"": 0.03361654423414217, ""电信"": 0.03361654423414217}","{""电信"": 0.24160100377051905, ""货币银行服务"": 0.22688368734138192, ""金融信息服务"": 0.20687985049847674, ""互联网数据服务"": 0.18683025307829104, ""软件开发"": 0.1008496327024265, ""国家行政机构"": 0.03695557260890482}"
PRO_004719,SUP_0298,PROD::PRO_004719||SUP::SUP_0298,1.0296170618079183,0.7004346852359729,0.6969705909847272,0.7372436526269504,10.463054023112118,"{""PROD::PRO_004717||SUP::SUP_0298"": 0.99640479000902, ""PROD::PRO_004714||SUP::SUP_0298"": 0.9914357849786899, ""PROD::PRO_004716||SUP::SUP_0298"": 0.93785527409537, ""PROD::PRO_004718||SUP::SUP_0298"": 0.9332787223795657, ""PROD::PRO_004715||SUP::SUP_0298"": 0.9134582572344822, ""PROD::PRO_004622||SUP::SUP_0298"": 0.7565175197962052, ""PROD::PRO_004690||SUP::SUP_0298"": 0.6921588195757814, ""PROD::PRO_000727||SUP::SUP_0051"": 0.6304579860050896, ""PROD::PRO_000068||SUP::SUP_0026"": 0.5368483068399156, ""PROD::PRO_000067||SUP::SUP_0026"": 0.5368483068399156}","{""银行金融服务"": 0.6969705909847272, ""数字社会"": 0.14716060423226088, ""互联网保险"": 0.056449047267488686, ""数字政府"": 0.04772822343618962, ""其他数字技术应用业"": 0.029111915172338146, ""数字资本市场服务"": 0.022579618906995474}","{""货币银行服务"": 0.7372436526269504, ""电信"": 0.21502812393686, ""金融信息服务"": 0.04772822343618962}"
PRO_005721,SUP_0353,PROD::PRO_005721||SUP::SUP_0353,1.4870651480691717,1.338074203190408,0.4213279837763185,0.3838997056737182,4.855605469734986,"{""PROD::PRO_004533||SUP::SUP_0298"": 0.882501530234618, ""PROD::PRO_003995||SUP::SUP_0266"": 0.8716194794643176, ""PROD::PRO_003994||SUP::SUP_0266"": 0.7747524269360108, ""PROD::PRO_003997||SUP::SUP_0266"": 0.7704084586744332, ""PROD::PRO_001824||SUP::SUP_0133"": 0.7668677641539277, ""PROD::PRO_003996||SUP::SUP_0266"": 0.6796611054119214, ""PROD::PRO_004018||SUP::SUP_0266"": 0.6646336589129975, ""PROD::PRO_004617||SUP::SUP_0298"": 0.6270048327330007, ""PROD::PRO_004067||SUP::SUP_0266"": 0.5506777440103617, ""PROD::PRO_004100||SUP::SUP_0266"": 0.49975421660849306}","{""知识产权服务"": 0.4213279837763185, ""数字技术研究和试验发展"": 0.24698802764464273, ""银行金融服务"": 0.15399568752734163, ""住宅房屋建筑"": 0.07769285730673642, ""证券市场服务"": 0.07050826633493455, ""数字社会"": 0.02948717741002594}","{""互联网数据服务"": 0.3838997056737182, ""互联网信息服务"": 0.2316669661686711, ""货币银行服务"": 0.21297004234739356, ""互联网相关服务"": 0.1714632858102171}"
PRO_005729,SUP_0353,PROD::PRO_005729||SUP::SUP_0353,1.2411300495051703,1.865858802416029,0.5975086427228821,0.2668734030466873,12.392467520794092,"{""PROD::PRO_000646||SUP::SUP_0037"": 0.8973400731566628, ""PROD::PRO_000037||SUP::SUP_0012"": 0.838210145252687, ""PROD::PRO_000649||SUP::SUP_0037"": 0.7607886758358849, ""PROD::PRO_001188||SUP::SUP_0083"": 0.7088500507456814, ""PROD::PRO_003430||SUP::SUP_0205"": 0.6858348974064127, ""PROD::PRO_000027||SUP::SUP_0007"": 0.6594816861235572, ""PROD::PRO_000038||SUP::SUP_0012"": 0.6573250793029276, ""PROD::PRO_004350||SUP::SUP_0287"": 0.6201784773289765, ""PROD::PRO_004348||SUP::SUP_0287"": 0.5694748778479664, ""PROD::PRO_000034||SUP::SUP_0012"": 0.5314007448433198}","{""银行金融服务"": 0.5975086427228821, ""供应链管理服务"": 0.1608970468267868, ""互联网保险"": 0.11889546307743641, ""数字金融"": 0.04949100225538392, ""数字化零售"": 0.04949100225538392, ""数字社会"": 0.023716842862126886}","{""互联网数据服务"": 0.2668734030466873, ""国家行政机构"": 0.19766686095173341, ""金融信息服务"": 0.12950714451068854, ""货币银行服务"": 0.10979958650121695, ""软件开发"": 0.1023036290303985, ""综合零售"": 0.09898200451076784, ""农业专业及辅助性活动"": 0.09486737144850754}"
PRO_001789,SUP_0128,PROD::PRO_001789||SUP::SUP_0128,1.870648365886928,1.8164873436334878,0.4520119804792487,0.2513030691078126,6.036287993724428,"{""PROD::PRO_001788||SUP::SUP_0128"": 0.9995857584377479, ""PROD::PRO_001787||SUP::SUP_0128"": 0.9995409402504924, ""PROD::PRO_002859||SUP::SUP_0159"": 0.7670481410415664, ""PROD::PRO_002728||SUP::SUP_0145"": 0.6864846720253441, ""PROD::PRO_001323||SUP::SUP_0104"": 0.22266008325432107, ""PROD::PRO_000042||SUP::SUP_0016"": 0.20395726202169384, ""PROD::PRO_006662||SUP::SUP_0373"": 0.15532429872908204, ""PROD::PRO_004540||SUP::SUP_0298"": 0.14155410782565658, ""PROD::PRO_001768||SUP::SUP_0127"": 0.13466964348685562, ""PROD::PRO_000070||SUP::SUP_0026"": 0.11190454485161738}","{""智能交通"": 0.4520119804792487, ""智慧教育"": 0.1782752735854376, ""银行金融服务"": 0.08434073734774306, ""行政办公自动化"": 0.03564397360002084, ""货币银行服务"": 0.03511955692010479, ""智能化电力、热力、燃气及水生产和供应"": 0.03468664088000297, ""地理遥感信息及测绘地理信息服务"": 0.03468664088000297, ""其他数字政府"": 0.03468664088000297, ""智能车载设备制造"": 0.03468664088000297, ""其他互联网平台"": 0.03468664088000297}","{""互联网数据服务"": 0.2513030691078126, ""城市公共交通运输"": 0.22601105704144242, ""技能培训、教育辅助及其他教育"": 0.20133312329552447, ""道路运输辅助活动"": 0.1734332044000149, ""互联网相关服务"": 0.05034449555973614, ""信息技术咨询服务"": 0.035119556920104794, ""电信"": 0.030449441900240903, ""货币银行服务"": 0.016003025887561906, ""国家行政机构"": 0.016003025887561906}"
PRO_001709,SUP_0122,PROD::PRO_001709||SUP::SUP_0122,1.2826064919661553,1.5210911306121317,0.6326826950299071,0.44145588341466774,11.096444429989132,"{""PROD::PRO_001714||SUP::SUP_0122"": 0.9988971428179829, ""PROD::PRO_001710||SUP::SUP_0122"": 0.9830657475797151, ""PROD::PRO_001713||SUP::SUP_0122"": 0.8927204049235314, ""PROD::PRO_001698||SUP::SUP_0122"": 0.6302983886359347, ""PROD::PRO_001712||SUP::SUP_0122"": 0.6144984128812393, ""PROD::PRO_001711||SUP::SUP_0122"": 0.6085545722652471, ""PROD::PRO_001633||SUP::SUP_0115"": 0.6042119015766735, ""PROD::PRO_001716||SUP::SUP_0122"": 0.5877654775284101, ""PROD::PRO_001715||SUP::SUP_0122"": 0.578647399828152, ""PROD::PRO_004189||SUP::SUP_0279"": 0.4603738726521879}","{""银行金融服务"": 0.6326826950299071, ""互联网居民生活服务"": 0.0883022662148128, ""其他农业"": 0.0868241138866749, ""货币银行服务"": 0.08446079368250682, ""行政办公自动化"": 0.041575271532889806, ""数字政府"": 0.033077429826604304, ""专业公共卫生服务"": 0.033077429826604304}","{""互联网数据服务"": 0.44145588341466774, ""互联网信息服务"": 0.226690183815635, ""软件开发"": 0.09057269301500102, ""互联网平台"": 0.0883022662148128, ""互联网相关服务"": 0.08682411388667488, ""电信"": 0.0661548596532086}"
PRO_004025,SUP_0266,PROD::PRO_004025||SUP::SUP_0266,1.7746516564863748,0.6267013417306213,0.33632533131248554,0.6802228813550271,7.1808866564774245,"{""PROD::PRO_004094||SUP::SUP_0266"": 0.995945055505502, ""PROD::PRO_004001||SUP::SUP_0266"": 0.7509142617655504, ""PROD::PRO_004005||SUP::SUP_0266"": 0.7106695127758288, ""PROD::PRO_004017||SUP::SUP_0266"": 0.6894348548689944, ""PROD::PRO_004061||SUP::SUP_0266"": 0.6826630343787538, ""PROD::PRO_003990||SUP::SUP_0266"": 0.6695949331274861, ""PROD::PRO_004000||SUP::SUP_0266"": 0.6407902081610752, ""PROD::PRO_004002||SUP::SUP_0266"": 0.6253585497773307, ""PROD::PRO_004003||SUP::SUP_0266"": 0.6164673694939385, ""PROD::PRO_004004||SUP::SUP_0266"": 0.6160705891343107}","{""数字化商务服务"": 0.33632533131248554, ""咨询与调查"": 0.18377809979916415, ""国家行政机构"": 0.1423203910355603, ""人力资源服务"": 0.10730552933405454, ""其他互联网平台"": 0.09755243972670101, ""地理遥感信息及测绘地理信息服务"": 0.08803638982534084, ""银行金融服务"": 0.04468181896669345}","{""互联网数据服务"": 0.6802228813550271, ""互联网信息服务"": 0.319777118644973}"
PRO_004018,SUP_0266,PROD::PRO_004018||SUP::SUP_0266,1.4866933425190383,1.2760203461025257,0.45708594915966283,0.3987434713039329,5.05900946196182,"{""PROD::PRO_003996||SUP::SUP_0266"": 0.9933714232271303, ""PROD::PRO_003997||SUP::SUP_0266"": 0.918815035052351, ""PROD::PRO_004617||SUP::SUP_0298"": 0.8659753280188731, ""PROD::PRO_003994||SUP::SUP_0266"": 0.7414278574588972, ""PROD::PRO_005721||SUP::SUP_0353"": 0.6646336589129975, ""PROD::PRO_003995||SUP::SUP_0266"": 0.6185575653619171, ""PROD::PRO_004082||SUP::SUP_0266"": 0.5792122310593665, ""PROD::PRO_004118||SUP::SUP_0266"": 0.5693557078828771, ""PROD::PRO_004533||SUP::SUP_0298"": 0.5560456310190027, ""PROD::PRO_001824||SUP::SUP_0133"": 0.4833644957016411}","{""知识产权服务"": 0.45708594915966283, ""数字技术研究和试验发展"": 0.21649306036555638, ""银行金融服务"": 0.12083152654864635, ""法律服务"": 0.082853984317439, ""金融信息服务"": 0.08144404824755372, ""数字社会"": 0.04129143136114174}","{""互联网数据服务"": 0.3987434713039329, ""互联网信息服务"": 0.3027689627905517, ""货币银行服务"": 0.20341438927092984, ""软件开发"": 0.09507317663458567}"
PRO_005728,SUP_0353,PROD::PRO_005728||SUP::SUP_0353,1.6523261865428556,1.0850395216507358,0.26181281974549203,0.41198397385055047,5.120785735022703,"{""PROD::PRO_003448||SUP::SUP_0209"": 0.7802674705568667, ""PROD::PRO_004056||SUP::SUP_0266"": 0.7789809053828322, ""PROD::PRO_001661||SUP::SUP_0118"": 0.7070054324618812, ""PROD::PRO_004055||SUP::SUP_0266"": 0.6354553022117706, ""PROD::PRO_004058||SUP::SUP_0266"": 0.6111470092354654, ""PROD::PRO_004067||SUP::SUP_0266"": 0.5994525940216667, ""PROD::PRO_005729||SUP::SUP_0353"": 0.49548008934858245, ""PROD::PRO_004039||SUP::SUP_0266"": 0.45479827115792415, ""PROD::PRO_004057||SUP::SUP_0266"": 0.45067639617015365, ""PROD::PRO_004066||SUP::SUP_0266"": 0.39022544585843266}","{""住宅房屋建筑"": 0.26181281974549203, ""数字化商务服务"": 0.2519467106079282, ""其他土木工程建筑"": 0.23959326893355168, ""数字化建筑业"": 0.1035230213674342, ""法律服务"": 0.07703889642175099, ""木质家具制造"": 0.06608528292384293}","{""互联网数据服务"": 0.41198397385055047, ""互联网相关服务"": 0.2998134722533913, ""互联网信息服务"": 0.2882025538960582}"
PRO_004715,SUP_0298,PROD::PRO_004715||SUP::SUP_0298,1.0270079876443958,0.5396667338079988,0.7026378520545631,0.8406353339585256,9.846853080135372,"{""PROD::PRO_004718||SUP::SUP_0298"": 0.9974972664466562, ""PROD::PRO_004714||SUP::SUP_0298"": 0.9401196385494407, ""PROD::PRO_004717||SUP::SUP_0298"": 0.916807024130405, ""PROD::PRO_004719||SUP::SUP_0298"": 0.9134582572344822, ""PROD::PRO_004716||SUP::SUP_0298"": 0.8596260455115475, ""PROD::PRO_004622||SUP::SUP_0298"": 0.47694652628075973, ""PROD::PRO_004690||SUP::SUP_0298"": 0.39810272001386404, ""PROD::PRO_000727||SUP::SUP_0051"": 0.34222413229380866, ""PROD::PRO_000720||SUP::SUP_0048"": 0.3416585545829385, ""PROD::PRO_000719||SUP::SUP_0048"": 0.3233248275388396}","{""银行金融服务"": 0.7026378520545631, ""数字社会"": 0.16302624808416244, ""数字政府"": 0.03663316009289083, ""数字金融"": 0.026242003741473455, ""数字商贸"": 0.026242003741473455, ""数字化商务服务"": 0.024833832550578822, ""其他数字技术应用业"": 0.020384899734858027}","{""货币银行服务"": 0.8406353339585256, ""金融信息服务"": 0.10679377712555489, ""电信"": 0.05257088891591946}"
PRO_004718,SUP_0298,PROD::PRO_004718||SUP::SUP_0298,0.9042240785702034,0.5576072785619187,0.7749157497049838,0.8339216204567547,10.831164103498923,"{""PROD::PRO_004715||SUP::SUP_0298"": 0.9974972664466562, ""PROD::PRO_004714||SUP::SUP_0298"": 0.9529892510290553, ""PROD::PRO_004717||SUP::SUP_0298"": 0.9376389314852902, ""PROD::PRO_004719||SUP::SUP_0298"": 0.9332787223795657, ""PROD::PRO_004716||SUP::SUP_0298"": 0.8673656860504454, ""PROD::PRO_004622||SUP::SUP_0298"": 0.5121792411407404, ""PROD::PRO_004690||SUP::SUP_0298"": 0.43972716986222815, ""PROD::PRO_000727||SUP::SUP_0051"": 0.39712196006944, ""PROD::PRO_000720||SUP::SUP_0048"": 0.36448815954316083, ""PROD::PRO_000719||SUP::SUP_0048"": 0.3406198524652212}","{""银行金融服务"": 0.7749157497049838, ""数字社会"": 0.08605466925075192, ""数字政府"": 0.037979116339077496, ""数字金融"": 0.027027526896003344, ""数字商贸"": 0.027027526896003344, ""数字化商务服务"": 0.02525764413130769, ""其他数字技术应用业"": 0.0217377667818726}","{""货币银行服务"": 0.8339216204567547, ""金融信息服务"": 0.10718360243869911, ""电信"": 0.05889477710454614}"
PRO_003003,SUP_0166,PROD::PRO_003003||SUP::SUP_0166,2.4277470514628083,1.561582189662255,0.16225528149108637,0.4183023790075164,8.539980803562539,"{""PROD::PRO_000022||SUP::SUP_0004"": 0.9999999999999999, ""PROD::PRO_000787||SUP::SUP_0072"": 0.9983440910449054, ""PROD::PRO_003008||SUP::SUP_0166"": 0.9983440910449054, ""PROD::PRO_000021||SUP::SUP_0004"": 0.9136301313671755, ""PROD::PRO_001323||SUP::SUP_0104"": 0.8550008829398019, ""PROD::PRO_002985||SUP::SUP_0166"": 0.7860752002788368, ""PROD::PRO_004622||SUP::SUP_0298"": 0.5452255224886835, ""PROD::PRO_000727||SUP::SUP_0051"": 0.4132654845497049, ""PROD::PRO_004716||SUP::SUP_0298"": 0.41251991036532354, ""PROD::PRO_000720||SUP::SUP_0048"": 0.36476313641625047}","{""数字金融"": 0.16225528149108637, ""银行金融服务"": 0.15175831727019423, ""非金融机构支付服务"": 0.13700027628385752, ""互联网零售"": 0.11095621799729488, ""数字技术研究和试验发展"": 0.08162380689865839, ""电信"": 0.08162380689865839, ""互联网资讯服务"": 0.04179173010631865, ""互联网金融"": 0.04179173010631865, ""机械设备经营租赁"": 0.04179173010631865, ""数字政府"": 0.037409971115159535}","{""货币银行服务"": 0.4183023790075164, ""电信"": 0.182086584786803, ""互联网信息服务"": 0.13700027628385752, ""互联网相关服务"": 0.11732964439454599, ""软件开发"": 0.10787114441211762, ""金融信息服务"": 0.037409971115159535}"
PRO_003008,SUP_0166,PROD::PRO_003008||SUP::SUP_0166,2.4277665082345083,1.566031976669688,0.16038696759412596,0.4144218113403936,8.570512041954398,"{""PROD::PRO_000787||SUP::SUP_0072"": 1.0, ""PROD::PRO_000022||SUP::SUP_0004"": 0.9983440910449054, ""PROD::PRO_003003||SUP::SUP_0166"": 0.9983440910449054, ""PROD::PRO_000021||SUP::SUP_0004"": 0.9273246194858835, ""PROD::PRO_001323||SUP::SUP_0104"": 0.8544191945055343, ""PROD::PRO_002985||SUP::SUP_0166"": 0.8055484800500757, ""PROD::PRO_004622||SUP::SUP_0298"": 0.5497610535129926, ""PROD::PRO_000727||SUP::SUP_0051"": 0.41854849588942233, ""PROD::PRO_004716||SUP::SUP_0298"": 0.4077878699246785, ""PROD::PRO_000720||SUP::SUP_0048"": 0.3473414903748353}","{""数字金融"": 0.16038696759412596, ""银行金融服务"": 0.15202737075531444, ""非金融机构支付服务"": 0.1368472161237498, ""互联网零售"": 0.11151711422291533, ""数字技术研究和试验发展"": 0.08228589218022055, ""电信"": 0.08228589218022055, ""互联网资讯服务"": 0.042300597539886256, ""互联网金融"": 0.042300597539886256, ""机械设备经营租赁"": 0.042300597539886256, ""数字政府"": 0.03761663485325645}","{""货币银行服务"": 0.4144218113403936, ""电信"": 0.184178989094909, ""互联网数据服务"": 0.13662060959309077, ""互联网相关服务"": 0.11692488817077913, ""软件开发"": 0.11023706694757092, ""金融信息服务"": 0.03761663485325646}"
PRO_001743,SUP_0127,PROD::PRO_001743||SUP::SUP_0127,1.1187920408076693,1.405161420299289,0.6131206816071246,0.4027459444108972,10.061570137247557,"{""PROD::PRO_001746||SUP::SUP_0127"": 0.9967642107144536, ""PROD::PRO_001747||SUP::SUP_0127"": 0.942115885154166, ""PROD::PRO_001744||SUP::SUP_0127"": 0.9333826506314784, ""PROD::PRO_001748||SUP::SUP_0127"": 0.815165189883052, ""PROD::PRO_004540||SUP::SUP_0298"": 0.8004116190811494, ""PROD::PRO_001742||SUP::SUP_0127"": 0.735683444043601, ""PROD::PRO_000720||SUP::SUP_0048"": 0.7217191300531074, ""PROD::PRO_000719||SUP::SUP_0048"": 0.7180588697578494, ""PROD::PRO_002726||SUP::SUP_0145"": 0.7144491311084569, ""PROD::PRO_001774||SUP::SUP_0127"": 0.7094905347231169}","{""银行金融服务"": 0.6131206816071246, ""数字金融"": 0.20952115750682782, ""其他数字金融"": 0.08834275628610433, ""数字商贸"": 0.04462085153241094, ""数字化商务服务"": 0.04439455306753213}","{""电信"": 0.4027459444108972, ""软件开发"": 0.23190833727349672, ""货币银行服务"": 0.22751688561469385, ""其他未列明金融业"": 0.08834275628610433, ""国家行政机构"": 0.04948607641480772}"
PRO_004608,SUP_0298,PROD::PRO_004608||SUP::SUP_0298,1.8339988296610703,1.3666283003215753,0.43665439971961284,0.5658016979978968,10.025778141394566,"{""PROD::PRO_001198||SUP::SUP_0085"": 0.4715097898168944, ""PROD::PRO_003830||SUP::SUP_0247"": 0.44475885967695694, ""PROD::PRO_003829||SUP::SUP_0247"": 0.44456327024069087, ""PROD::PRO_003895||SUP::SUP_0252"": 0.40306425791104417, ""PROD::PRO_000061||SUP::SUP_0024"": 0.3751124373122462, ""PROD::PRO_005731||SUP::SUP_0353"": 0.3719499136097746, ""PROD::PRO_000732||SUP::SUP_0053"": 0.3717716217266013, ""PROD::PRO_000731||SUP::SUP_0053"": 0.3717716217266013, ""PROD::PRO_000733||SUP::SUP_0053"": 0.3717716217266013, ""PROD::PRO_000734||SUP::SUP_0053"": 0.3717716217266013}","{""银行金融服务"": 0.43665439971961284, ""智能交通"": 0.13029910952703574, ""数字化商务服务"": 0.11124408503545222, ""网上税务办理"": 0.09303294789582948, ""数字化零售"": 0.04691198271410314, ""房地产开发经营"": 0.04691198271410314, ""金融信息服务"": 0.046494176564758315, ""软件开发"": 0.029483771943034993, ""非金融机构支付服务"": 0.029483771943034993, ""智能设备制造"": 0.029483771943034993}","{""互联网数据服务"": 0.5658016979978968, ""国家行政机构"": 0.11124408503545223, ""其他信息技术服务业"": 0.11119516376630467, ""数字政府"": 0.09382396542820629, ""非金融机构支付服务"": 0.05896754388606999, ""市政设施管理"": 0.05896754388606999}"
PRO_004717,SUP_0298,PROD::PRO_004717||SUP::SUP_0298,1.028207622952356,0.8398881700775985,0.6976587037455126,0.6735823105671067,10.4916575330381,"{""PROD::PRO_004719||SUP::SUP_0298"": 0.99640479000902, ""PROD::PRO_004714||SUP::SUP_0298"": 0.9927508978162266, ""PROD::PRO_004718||SUP::SUP_0298"": 0.9376389314852902, ""PROD::PRO_004716||SUP::SUP_0298"": 0.9246554678815531, ""PROD::PRO_004715||SUP::SUP_0298"": 0.916807024130405, ""PROD::PRO_004622||SUP::SUP_0298"": 0.7327437442211651, ""PROD::PRO_004690||SUP::SUP_0298"": 0.6799389076308254, ""PROD::PRO_000727||SUP::SUP_0051"": 0.622357693691824, ""PROD::PRO_000068||SUP::SUP_0026"": 0.5446882022259987, ""PROD::PRO_000067||SUP::SUP_0026"": 0.5446882022259987}","{""银行金融服务"": 0.6976587037455126, ""数字社会"": 0.14669217587987915, ""互联网保险"": 0.05750989375259913, ""数字政府"": 0.04641923365238199, ""其他数字技术应用业"": 0.028716035468587312, ""数字资本市场服务"": 0.023003957501039653}","{""货币银行服务"": 0.6735823105671067, ""电信"": 0.216876324579046, ""金融信息服务"": 0.1095413648538473}"
PRO_004714,SUP_0298,PROD::PRO_004714||SUP::SUP_0298,1.0159159193227896,0.8226437484348319,0.7003057809886222,0.6883888986778365,10.470422069552884,"{""PROD::PRO_004717||SUP::SUP_0298"": 0.9927508978162266, ""PROD::PRO_004719||SUP::SUP_0298"": 0.9914357849786899, ""PROD::PRO_004718||SUP::SUP_0298"": 0.9529892510290553, ""PROD::PRO_004716||SUP::SUP_0298"": 0.9425124332527522, ""PROD::PRO_004715||SUP::SUP_0298"": 0.9401196385494407, ""PROD::PRO_004622||SUP::SUP_0298"": 0.7057337733093739, ""PROD::PRO_004690||SUP::SUP_0298"": 0.6387178935240968, ""PROD::PRO_000727||SUP::SUP_0051"": 0.5500222476112108, ""PROD::PRO_000067||SUP::SUP_0026"": 0.5038124222207605, ""PROD::PRO_000068||SUP::SUP_0026"": 0.5038124222207605}","{""银行金融服务"": 0.7003057809886222, ""数字社会"": 0.1503070215743832, ""互联网保险"": 0.054370468070586694, ""数字政府"": 0.0456968592623211, ""其他数字技术应用业"": 0.027571682875852113, ""数字资本市场服务"": 0.021748187228234676}","{""货币银行服务"": 0.6883888986778365, ""电信"": 0.20171793568024207, ""金融信息服务"": 0.10989316564192153}"
PRO_004023,SUP_0266,PROD::PRO_004023||SUP::SUP_0266,1.0808716011874409,1.087830641116117,0.5751042932669926,0.5895901581139825,10.810302621371935,"{""PROD::PRO_004092||SUP::SUP_0266"": 0.9868064713358825, ""PROD::PRO_004030||SUP::SUP_0266"": 0.9256113629115946, ""PROD::PRO_004104||SUP::SUP_0266"": 0.911189202181516, ""PROD::PRO_004661||SUP::SUP_0298"": 0.9052290558458129, ""PROD::PRO_004048||SUP::SUP_0266"": 0.8743982012439339, ""PROD::PRO_004021||SUP::SUP_0266"": 0.8383363078728777, ""PROD::PRO_004097||SUP::SUP_0266"": 0.7660678747960199, ""PROD::PRO_004031||SUP::SUP_0266"": 0.667241990658344, ""PROD::PRO_004026||SUP::SUP_0266"": 0.6269644042797707, ""PROD::PRO_004118||SUP::SUP_0266"": 0.6173635010910117}","{""银行金融服务"": 0.5751042932669926, ""金融信息服务"": 0.2476098269686247, ""法律服务"": 0.12153973960228065, ""数字社会"": 0.05574614016210184}","{""互联网数据服务"": 0.5895901581139825, ""互联网信息服务"": 0.2216976682499007, ""货币银行服务"": 0.11149228032420368, ""互联网相关服务"": 0.07721989331191317}"
PRO_004016,SUP_0266,PROD::PRO_004016||SUP::SUP_0266,1.874358310436216,0.8941249079604501,0.3413635641399855,0.6293322283827596,11.095939248556407,"{""PROD::PRO_004024||SUP::SUP_0266"": 0.9649241897921974, ""PROD::PRO_004631||SUP::SUP_0298"": 0.886623030991114, ""PROD::PRO_004535||SUP::SUP_0298"": 0.8714925894867213, ""PROD::PRO_000655||SUP::SUP_0038"": 0.8621531711308174, ""PROD::PRO_004093||SUP::SUP_0266"": 0.8294204194691659, ""PROD::PRO_003989||SUP::SUP_0266"": 0.8037450431389861, ""PROD::PRO_004091||SUP::SUP_0266"": 0.6662661057107682, ""PROD::PRO_004036||SUP::SUP_0266"": 0.40188309547774215, ""PROD::PRO_004061||SUP::SUP_0266"": 0.39192348657098686, ""PROD::PRO_004001||SUP::SUP_0266"": 0.39061827648272474}","{""银行金融服务"": 0.3413635641399855, ""数字化商务服务"": 0.17418233256506746, ""金融信息服务"": 0.11369916897183216, ""网上税务办理"": 0.09425115984238004, ""数字社会"": 0.08290202915758875, ""数字技术研究和试验发展"": 0.08290202915758875, ""其他互联网平台"": 0.05544217672513662, ""人力资源服务"": 0.055257539440420715}","{""互联网数据服务"": 0.6293322283827596, ""货币银行服务"": 0.24870608747276624, ""其他未列明金融业"": 0.12196168414447411}"
PRO_004031,SUP_0266,PROD::PRO_004031||SUP::SUP_0266,0.965484752265104,0.9183786850272346,0.685212177234788,0.6275631716128122,3.996207125975552,"{""PROD::PRO_004118||SUP::SUP_0266"": 0.9267907700248643, ""PROD::PRO_004106||SUP::SUP_0266"": 0.865499909015118, ""PROD::PRO_004107||SUP::SUP_0266"": 0.8046412848343981, ""PROD::PRO_004087||SUP::SUP_0266"": 0.6947722540503252, ""PROD::PRO_004048||SUP::SUP_0266"": 0.6852710809946267, ""PROD::PRO_004060||SUP::SUP_0266"": 0.6820133179370772, ""PROD::PRO_004073||SUP::SUP_0266"": 0.6728901468767386, ""PROD::PRO_004023||SUP::SUP_0266"": 0.667241990658344, ""PROD::PRO_004037||SUP::SUP_0266"": 0.6647233513949962, ""PROD::PRO_004092||SUP::SUP_0266"": 0.6643748983850761}","{""法律服务"": 0.685212177234788, ""金融信息服务"": 0.12646875993980142, ""其他数字政府"": 0.09480779076810181, ""银行金融服务"": 0.09351127205730865}","{""互联网数据服务"": 0.6275631716128122, ""互联网相关服务"": 0.18787451237519945, ""互联网信息服务"": 0.18456231601198833}"
PRO_004021,SUP_0266,PROD::PRO_004021||SUP::SUP_0266,1.0864945533501342,1.2451352132199485,0.4830585649123219,0.4249932974198011,7.85059987102662,"{""PROD::PRO_004048||SUP::SUP_0266"": 0.9820232644243325, ""PROD::PRO_004104||SUP::SUP_0266"": 0.9808647946262187, ""PROD::PRO_004030||SUP::SUP_0266"": 0.9676703792081349, ""PROD::PRO_004087||SUP::SUP_0266"": 0.8714600179851127, ""PROD::PRO_004092||SUP::SUP_0266"": 0.8638521690915792, ""PROD::PRO_004023||SUP::SUP_0266"": 0.8383363078728777, ""PROD::PRO_004049||SUP::SUP_0266"": 0.7477069950115366, ""PROD::PRO_004060||SUP::SUP_0266"": 0.6958451065391983, ""PROD::PRO_004037||SUP::SUP_0266"": 0.6906607854670102, ""PROD::PRO_004661||SUP::SUP_0298"": 0.6810924355739811}","{""银行金融服务"": 0.4830585649123219, ""法律服务"": 0.3712590683206662, ""其他数字政府"": 0.10474893133038789, ""数字社会"": 0.04093343543662399}","{""互联网信息服务"": 0.4249932974198011, ""互联网数据服务"": 0.3047507679812911, ""互联网相关服务"": 0.18838906372565986, ""货币银行服务"": 0.08186687087324798}"
PRO_004024,SUP_0266,PROD::PRO_004024||SUP::SUP_0266,1.9588179275119955,1.2648222806406586,0.27384584193744604,0.44400128454088605,9.76316074913825,"{""PROD::PRO_004016||SUP::SUP_0266"": 0.9649241897921974, ""PROD::PRO_004631||SUP::SUP_0298"": 0.9526502117850764, ""PROD::PRO_004535||SUP::SUP_0298"": 0.9226280107746019, ""PROD::PRO_000655||SUP::SUP_0038"": 0.9102518376467527, ""PROD::PRO_004093||SUP::SUP_0266"": 0.7723638742611907, ""PROD::PRO_003989||SUP::SUP_0266"": 0.7203690726638713, ""PROD::PRO_004091||SUP::SUP_0266"": 0.5920546962842005, ""PROD::PRO_004031||SUP::SUP_0266"": 0.3118652678225391, ""PROD::PRO_004118||SUP::SUP_0266"": 0.3011577040536253, ""PROD::PRO_004099||SUP::SUP_0266"": 0.29717203201687525}","{""银行金融服务"": 0.27384584193744604, ""金融信息服务"": 0.15143967578386672, ""法律服务"": 0.1430484347436272, ""数字化商务服务"": 0.11450168255122793, ""数字社会"": 0.09266897761980102, ""数字技术研究和试验发展"": 0.09266897761980102, ""网上税务办理"": 0.08777114148657371, ""数字资本市场服务"": 0.04405526825765645}","{""互联网数据服务"": 0.44400128454088605, ""货币银行服务"": 0.27800693285940303, ""互联网信息服务"": 0.1430484347436272, ""其他未列明金融业"": 0.1349433478560837}"
PRO_004029,SUP_0266,PROD::PRO_004029||SUP::SUP_0266,2.304001185368117,1.7535804523018326,0.2094848087119884,0.31862035253682014,6.921297798886885,"{""PROD::PRO_004103||SUP::SUP_0266"": 0.9988814846640174, ""PROD::PRO_004079||SUP::SUP_0266"": 0.85336928042532, ""PROD::PRO_004602||SUP::SUP_0298"": 0.757296467500596, ""PROD::PRO_004673||SUP::SUP_0298"": 0.7512114010382887, ""PROD::PRO_004126||SUP::SUP_0266"": 0.7507979198186158, ""PROD::PRO_004125||SUP::SUP_0266"": 0.7310194234736533, ""PROD::PRO_000036||SUP::SUP_0012"": 0.708417709065057, ""PROD::PRO_004650||SUP::SUP_0298"": 0.5656037093276919, ""PROD::PRO_004057||SUP::SUP_0266"": 0.49478047811779846, ""PROD::PRO_000035||SUP::SUP_0012"": 0.3708546441805991}","{""银行金融服务"": 0.2094848087119884, ""行政办公自动化"": 0.14306047272766811, ""电信"": 0.12222011774497962, ""其他未列明食品制造"": 0.10469708959559368, ""数字社会"": 0.09429756936943241, ""住宅房屋建筑"": 0.07086279021355829, ""数字政府"": 0.054230252687118966, ""正餐服务"": 0.05376488951956557, ""食品、饮料及烟草制品专门零售"": 0.05376488951956557, ""数字金融"": 0.04050307032178039}","{""互联网数据服务"": 0.31862035253682014, ""货币银行服务"": 0.29705564411310287, ""电信"": 0.12222011774497965, ""互联网信息服务"": 0.10752977903913116, ""国家行政机构"": 0.10146005697721742, ""化学药品原料药制造"": 0.0035409366392499223, ""其他未列明制造业"": 0.0035409366392499223, ""基础化学原料制造"": 0.0035409366392499223, ""专用化学产品制造"": 0.0035409366392499223, ""其他批发业"": 0.0035409366392499223}"
PRO_004020,SUP_0266,PROD::PRO_004020||SUP::SUP_0266,1.9957902616791485,1.0712148600095883,0.2302209949313374,0.6125319040036815,6.925334797078094,"{""PROD::PRO_004014||SUP::SUP_0266"": 0.9883510739425928, ""PROD::PRO_004098||SUP::SUP_0266"": 0.7604768661576462, ""PROD::PRO_004027||SUP::SUP_0266"": 0.7345204360795345, ""PROD::PRO_004009||SUP::SUP_0266"": 0.7080980947924611, ""PROD::PRO_004089||SUP::SUP_0266"": 0.6955369721847987, ""PROD::PRO_004081||SUP::SUP_0266"": 0.6943597406671559, ""PROD::PRO_004596||SUP::SUP_0298"": 0.6749308582540537, ""PROD::PRO_004113||SUP::SUP_0266"": 0.6670957493931372, ""PROD::PRO_004043||SUP::SUP_0266"": 0.6524971513598475, ""PROD::PRO_004037||SUP::SUP_0266"": 0.6488517788158336}","{""银行金融服务"": 0.2302209949313374, ""数字资本市场服务"": 0.20692809780369656, ""出版业"": 0.09801047238985545, ""国家行政机构"": 0.09627184102002424, ""知识产权服务"": 0.0961088960580127, ""应用软件开发"": 0.09233518633664613, ""房地产开发经营"": 0.09031454046851722, ""法律服务"": 0.08980997099191027}","{""互联网数据服务"": 0.6125319040036815, ""互联网信息服务"": 0.19238073707803696, ""互联网相关服务"": 0.10166768622821645, ""货币银行服务"": 0.09341967269006506}"
PRO_004030,SUP_0266,PROD::PRO_004030||SUP::SUP_0266,1.2931291558924116,1.1460289488952378,0.4732871514632576,0.5111039890169454,8.630960673146824,"{""PROD::PRO_004104||SUP::SUP_0266"": 0.9952163719534768, ""PROD::PRO_004021||SUP::SUP_0266"": 0.9676703792081349, ""PROD::PRO_004048||SUP::SUP_0266"": 0.9665390543746822, ""PROD::PRO_004092||SUP::SUP_0266"": 0.9431470752026294, ""PROD::PRO_004023||SUP::SUP_0266"": 0.9256113629115946, ""PROD::PRO_004661||SUP::SUP_0298"": 0.8058146461290241, ""PROD::PRO_004087||SUP::SUP_0266"": 0.7666289157529985, ""PROD::PRO_004097||SUP::SUP_0266"": 0.7572074747972084, ""PROD::PRO_004049||SUP::SUP_0266"": 0.6780406681396576, ""PROD::PRO_004037||SUP::SUP_0266"": 0.6675714805208526}","{""银行金融服务"": 0.4732871514632576, ""法律服务"": 0.2993268017404009, ""其他数字政府"": 0.09047426353648294, ""金融信息服务"": 0.08936238539777443, ""数字社会"": 0.047549397862084175}","{""互联网数据服务"": 0.5111039890169454, ""互联网信息服务"": 0.30332295172240326, ""货币银行服务"": 0.09509879572416835, ""互联网相关服务"": 0.09047426353648294}"
PRO_004028,SUP_0266,PROD::PRO_004028||SUP::SUP_0266,2.096268032687643,1.4336891547502169,0.19886383678324995,0.44336418548024115,4.627128328760638,"{""PROD::PRO_004102||SUP::SUP_0266"": 0.9986067601497041, ""PROD::PRO_004671||SUP::SUP_0298"": 0.8662624842909173, ""PROD::PRO_004600||SUP::SUP_0298"": 0.8656479751830036, ""PROD::PRO_004077||SUP::SUP_0266"": 0.8510727476110178, ""PROD::PRO_004091||SUP::SUP_0266"": 0.5752233120373074, ""PROD::PRO_000069||SUP::SUP_0026"": 0.5514557771906811, ""PROD::PRO_001702||SUP::SUP_0122"": 0.4440642986979094, ""PROD::PRO_000034||SUP::SUP_0012"": 0.4323086918196557, ""PROD::PRO_004001||SUP::SUP_0266"": 0.4133087872680459, ""PROD::PRO_001708||SUP::SUP_0122"": 0.4035847430826017}","{""数字金融"": 0.19886383678324995, ""行政办公自动化"": 0.15599487780494045, ""网上税务办理"": 0.1529020722131218, ""环境治理业"": 0.13294821802206983, ""数字政府"": 0.1127195405391582, ""房地产开发经营"": 0.0693684028360996, ""供应链管理服务"": 0.06753202986960656, ""人力资源服务"": 0.0645640069129128, ""银行金融服务"": 0.04510701501884075}","{""互联网数据服务"": 0.44336418548024115, ""货币银行服务"": 0.202885573568896, ""国家行政机构"": 0.1351925523978677, ""其他未列明金融业"": 0.13241339230890334, ""环境治理业"": 0.08614429624409173}"
PRO_004624,SUP_0298,PROD::PRO_004624||SUP::SUP_0298,1.9554551292199962,1.2682284813639941,0.2633145439349123,0.39852064179282964,6.849151675377048,"{""PROD::PRO_004669||SUP::SUP_0298"": 0.7730738443505099, ""PROD::PRO_003999||SUP::SUP_0266"": 0.7345087312820677, ""PROD::PRO_004119||SUP::SUP_0266"": 0.6982712086733874, ""PROD::PRO_000652||SUP::SUP_0038"": 0.6974454226767912, ""PROD::PRO_004654||SUP::SUP_0298"": 0.6919415658030562, ""PROD::PRO_004575||SUP::SUP_0298"": 0.6565964566176193, ""PROD::PRO_004641||SUP::SUP_0298"": 0.6215604618648651, ""PROD::PRO_000066||SUP::SUP_0026"": 0.6213167234917789, ""PROD::PRO_004121||SUP::SUP_0266"": 0.6169708521494921, ""PROD::PRO_000050||SUP::SUP_0019"": 0.5907718594775682}","{""银行金融服务"": 0.2633145439349123, ""资本投资服务"": 0.21376935546736947, ""数字社会"": 0.14194394274757766, ""数字化商务服务"": 0.12470595811766787, ""信息技术咨询服务"": 0.09269984302408972, ""数字金融"": 0.057670927972591476, ""数字资本市场服务"": 0.044071289702976094, ""数字政府"": 0.03091206951640776, ""其他数字技术应用业"": 0.03091206951640776}","{""互联网数据服务"": 0.39852064179282964, ""货币银行服务"": 0.308678336677541, ""金融信息服务"": 0.2046584421236771, ""国家行政机构"": 0.08814257940595216}"
PRO_004654,SUP_0298,PROD::PRO_004654||SUP::SUP_0298,1.860337284419164,0.8133213516525177,0.34798857706276315,0.6916298828084351,7.549816151168576,"{""PROD::PRO_004641||SUP::SUP_0298"": 0.8192096183304975, ""PROD::PRO_004080||SUP::SUP_0266"": 0.7337284951712706, ""PROD::PRO_004624||SUP::SUP_0298"": 0.6919415658030562, ""PROD::PRO_004035||SUP::SUP_0266"": 0.6147976372430639, ""PROD::PRO_004576||SUP::SUP_0298"": 0.5597912995618678, ""PROD::PRO_004643||SUP::SUP_0298"": 0.5394065381019794, ""PROD::PRO_004712||SUP::SUP_0298"": 0.5339648707148414, ""PROD::PRO_004573||SUP::SUP_0298"": 0.5266198350541951, ""PROD::PRO_000066||SUP::SUP_0026"": 0.5152915779228203, ""PROD::PRO_004669||SUP::SUP_0298"": 0.5093417035187924}","{""银行金融服务"": 0.34798857706276315, ""数字社会"": 0.1429414689636474, ""数字金融"": 0.1429414689636474, ""数字化商务服务"": 0.10171875628944738, ""数字政府"": 0.08935208235509756, ""信息技术咨询服务"": 0.08525539991952447, ""其他数字技术应用业"": 0.04517962685011994, ""网上税务办理"": 0.04462261959575282}","{""货币银行服务"": 0.6916298828084351, ""互联网数据服务"": 0.20665136090211764, ""互联网信息服务"": 0.10171875628944738}"
PRO_004641,SUP_0298,PROD::PRO_004641||SUP::SUP_0298,2.1584068522484072,1.9503532449840062,0.18713223397264012,0.2251391836275846,7.865862386026677,"{""PROD::PRO_004654||SUP::SUP_0298"": 0.8192096183304975, ""PROD::PRO_004035||SUP::SUP_0266"": 0.7319442337407799, ""PROD::PRO_004080||SUP::SUP_0266"": 0.7221381283337214, ""PROD::PRO_000066||SUP::SUP_0026"": 0.6394641761738807, ""PROD::PRO_004624||SUP::SUP_0298"": 0.6215604618648651, ""PROD::PRO_000073||SUP::SUP_0027"": 0.5481201468112269, ""PROD::PRO_001315||SUP::SUP_0100"": 0.5112594377427208, ""PROD::PRO_000081||SUP::SUP_0030"": 0.4906909344686803, ""PROD::PRO_004559||SUP::SUP_0298"": 0.4831998652963396, ""PROD::PRO_000080||SUP::SUP_0030"": 0.48023764760958887}","{""银行金融服务"": 0.18713223397264012, ""智能道路运输"": 0.1661539296806875, ""数字社会"": 0.14574689459769075, ""数字化商务服务"": 0.12102603432718931, ""信息技术咨询服务"": 0.10573457617269302, ""其他批发业"": 0.08453608814720642, ""数字金融"": 0.07801926807994215, ""智慧配送"": 0.045315479407747446, ""智慧物流"": 0.03970333759428901, ""咨询与调查"": 0.02663215801991404}","{""互联网数据服务"": 0.2251391836275846, ""货币银行服务"": 0.2104500836676759, ""公路旅客运输"": 0.1605417878672291, ""互联网信息服务"": 0.12102603432718931, ""测绘地理信息服务"": 0.09063095881549489, ""运输代理业"": 0.08453608814720642, ""金融信息服务"": 0.0677276265177486, ""道路货物运输"": 0.03994823702987106}"
PRO_004667,SUP_0298,PROD::PRO_004667||SUP::SUP_0298,1.7335689737359234,1.2990652575503723,0.4378842012637461,0.5959727371564301,10.178821594463043,"{""PROD::PRO_005731||SUP::SUP_0353"": 0.8784850071028825, ""PROD::PRO_004042||SUP::SUP_0266"": 0.8649695225972027, ""PROD::PRO_005724||SUP::SUP_0353"": 0.8311630141670818, ""PROD::PRO_005725||SUP::SUP_0353"": 0.7498058914417667, ""PROD::PRO_001696||SUP::SUP_0121"": 0.7451120056507764, ""PROD::PRO_001090||SUP::SUP_0078"": 0.7054110545871345, ""PROD::PRO_000057||SUP::SUP_0022"": 0.6712134060570476, ""PROD::PRO_002860||SUP::SUP_0160"": 0.652106936640977, ""PROD::PRO_003993||SUP::SUP_0266"": 0.6306944720548727, ""PROD::PRO_001697||SUP::SUP_0121"": 0.6160863941297436}","{""银行金融服务"": 0.4378842012637461, ""网上税务办理"": 0.11960235555353925, ""数字化商务服务"": 0.1177622743111085, ""金融信息服务"": 0.10208318878440922, ""数字政府"": 0.08586662707098931, ""互联网批发零售"": 0.048019501232220124, ""数字金融"": 0.04439092589199381, ""其他未列明金融业"": 0.04439092589199381}","{""互联网数据服务"": 0.5959727371564301, ""互联网信息服务"": 0.11776227431110849, ""信息技术服务"": 0.10144413428403345, ""国家行政机构"": 0.0887818517839876, ""货币银行服务"": 0.04801950123222012, ""人身保险"": 0.04801950123222012}"
PRO_004716,SUP_0298,PROD::PRO_004716||SUP::SUP_0298,0.7637753690608622,0.8332979968344365,0.7585488691379404,0.6863621445501784,10.270537983756649,"{""PROD::PRO_004714||SUP::SUP_0298"": 0.9425124332527522, ""PROD::PRO_004719||SUP::SUP_0298"": 0.93785527409537, ""PROD::PRO_004717||SUP::SUP_0298"": 0.9246554678815531, ""PROD::PRO_004718||SUP::SUP_0298"": 0.8673656860504454, ""PROD::PRO_004715||SUP::SUP_0298"": 0.8596260455115475, ""PROD::PRO_004622||SUP::SUP_0298"": 0.7620529125837627, ""PROD::PRO_004690||SUP::SUP_0298"": 0.7380098702037216, ""PROD::PRO_004695||SUP::SUP_0298"": 0.5664212699947829, ""PROD::PRO_000727||SUP::SUP_0051"": 0.48550934997337214, ""PROD::PRO_004700||SUP::SUP_0298"": 0.46612194950973596}","{""银行金融服务"": 0.7585488691379404, ""数字社会"": 0.1584022661610021, ""数字政府"": 0.05046620961735153, ""其他数字技术应用业"": 0.03258265508370596}","{""货币银行服务"": 0.6863621445501784, ""金融信息服务"": 0.1875961493028922, ""电信"": 0.12604170614692944}"
PRO_004540,SUP_0298,PROD::PRO_004540||SUP::SUP_0298,1.1028150897542677,1.3346618553111402,0.672796347259927,0.48651847332765624,9.10947299640525,"{""PROD::PRO_001744||SUP::SUP_0127"": 0.866421911172897, ""PROD::PRO_001747||SUP::SUP_0127"": 0.8357412906891034, ""PROD::PRO_001748||SUP::SUP_0127"": 0.819785329719899, ""PROD::PRO_001746||SUP::SUP_0127"": 0.8079514122613476, ""PROD::PRO_001743||SUP::SUP_0127"": 0.8004116190811494, ""PROD::PRO_001774||SUP::SUP_0127"": 0.6944911426308709, ""PROD::PRO_000727||SUP::SUP_0051"": 0.6749926896725769, ""PROD::PRO_004622||SUP::SUP_0298"": 0.6666195135590699, ""PROD::PRO_004690||SUP::SUP_0298"": 0.657213335495981, ""PROD::PRO_001742||SUP::SUP_0127"": 0.6282613977759489}","{""银行金融服务"": 0.672796347259927, ""数字金融"": 0.11626875232863991, ""互联网金融"": 0.10741055725833423, ""数字政府"": 0.04472821965831561, ""数字社会"": 0.02939806174739158, ""其他数字技术应用业"": 0.02939806174739158}","{""电信"": 0.48651847332765624, ""软件开发"": 0.22842034485520357, ""货币银行服务"": 0.13292240490049037, ""互联网数据服务"": 0.10741055725833426, ""金融信息服务"": 0.044728219658315624}"
PRO_002985,SUP_0166,PROD::PRO_002985||SUP::SUP_0166,2.2841126391659374,1.568585147545059,0.29700295180689035,0.38616700488136824,9.46621498786781,"{""PROD::PRO_000021||SUP::SUP_0004"": 0.9494929301014333, ""PROD::PRO_001323||SUP::SUP_0104"": 0.8609973940391774, ""PROD::PRO_003008||SUP::SUP_0166"": 0.8055484800500757, ""PROD::PRO_000787||SUP::SUP_0072"": 0.8055484800500757, ""PROD::PRO_003003||SUP::SUP_0166"": 0.7860752002788368, ""PROD::PRO_000022||SUP::SUP_0004"": 0.7860752002788368, ""PROD::PRO_004622||SUP::SUP_0298"": 0.7385405390303489, ""PROD::PRO_000727||SUP::SUP_0051"": 0.7292225083008684, ""PROD::PRO_001742||SUP::SUP_0127"": 0.6706436908241882, ""PROD::PRO_004700||SUP::SUP_0298"": 0.6595274678721184}","{""银行金融服务"": 0.29700295180689035, ""非金融机构支付服务"": 0.10338583186473002, ""数字金融"": 0.10088658907780428, ""互联网零售"": 0.09571637329392738, ""数字技术研究和试验发展"": 0.06809080698084477, ""电信"": 0.06809080698084477, ""数字政府"": 0.047392943990616346, ""数字社会"": 0.04232258988270904, ""互联网资讯服务"": 0.040619991165155946, ""互联网金融"": 0.040619991165155946}","{""电信"": 0.38616700488136824, ""货币银行服务"": 0.2516653649331506, ""互联网相关服务"": 0.11050226525233045, ""互联网信息服务"": 0.10338583186473001, ""互联网数据服务"": 0.10088658907780426, ""金融信息服务"": 0.04739294399061634}"
PRO_002965,SUP_0166,PROD::PRO_002965||SUP::SUP_0166,2.0598423935333416,1.771009005667327,0.3365051552998556,0.33708396127272,10.143667613803968,"{""PROD::PRO_000017||SUP::SUP_0003"": 0.7118718574938938, ""PROD::PRO_000019||SUP::SUP_0003"": 0.6752440529887529, ""PROD::PRO_000015||SUP::SUP_0003"": 0.6582408088973244, ""PROD::PRO_001762||SUP::SUP_0127"": 0.6364955265970945, ""PROD::PRO_000014||SUP::SUP_0003"": 0.6362367973058554, ""PROD::PRO_000016||SUP::SUP_0003"": 0.6132937459018074, ""PROD::PRO_001763||SUP::SUP_0127"": 0.6008416862408925, ""PROD::PRO_001764||SUP::SUP_0127"": 0.6008416862408925, ""PROD::PRO_002966||SUP::SUP_0166"": 0.5913041062732327, ""PROD::PRO_004702||SUP::SUP_0298"": 0.5388622931178124}","{""银行金融服务"": 0.3365051552998556, ""智能道路运输"": 0.1541308249923128, ""其他智能交通"": 0.10781079041949812, ""智能交通"": 0.10578927019532103, ""数字政府"": 0.05682942877772472, ""数字化商务服务"": 0.05254800955260867, ""行政办公自动化"": 0.04895984141759632, ""数字社会"": 0.043017905519607956, ""互联网零售"": 0.03146959127515829, ""数字技术研究和试验发展"": 0.03146959127515829}","{""电信"": 0.33708396127272, ""智能交通"": 0.20484726824266572, ""城市公共交通运输"": 0.11365885755544944, ""其他未列明服务业"": 0.10781079041949812, ""数字政府"": 0.0997512491374484, ""货币银行服务"": 0.08603581103921591, ""互联网数据服务"": 0.05081206233300246}"
PRO_002966,SUP_0166,PROD::PRO_002966||SUP::SUP_0166,1.41452431799718,1.1918408066066826,0.591802307938083,0.5021856684853093,9.64033332720038,"{""PROD::PRO_004706||SUP::SUP_0298"": 0.9163868723723805, ""PROD::PRO_001766||SUP::SUP_0127"": 0.8456966062395127, ""PROD::PRO_004702||SUP::SUP_0298"": 0.8109146300992166, ""PROD::PRO_001762||SUP::SUP_0127"": 0.7648004286246759, ""PROD::PRO_000040||SUP::SUP_0014"": 0.7540651206552412, ""PROD::PRO_001763||SUP::SUP_0127"": 0.6957086157514573, ""PROD::PRO_001764||SUP::SUP_0127"": 0.6957086157514573, ""PROD::PRO_005201||SUP::SUP_0319"": 0.6750015406100749, ""PROD::PRO_002965||SUP::SUP_0166"": 0.5913041062732327, ""PROD::PRO_000073||SUP::SUP_0027"": 0.5564992895696533}","{""银行金融服务"": 0.591802307938083, ""广告业"": 0.1032105478390696, ""汽车、摩托车、零配件和燃料及其他动力销售"": 0.09238894213545479, ""数字社会"": 0.08247352935102677, ""智能道路运输"": 0.038084639492825034, ""智慧配送"": 0.038084639492825034, ""互联网零售"": 0.026977696875357875, ""电信"": 0.026977696875357875}","{""电信"": 0.5021856684853093, ""互联网数据服务"": 0.24793944647411525, ""货币银行服务"": 0.17370560605492538, ""测绘地理信息服务"": 0.07616927898565008}"
PRO_004009,SUP_0266,PROD::PRO_004009||SUP::SUP_0266,2.030478865874337,0.5211466215723193,0.1988725546414596,0.7845050658064799,7.454016223387226,"{""PROD::PRO_004113||SUP::SUP_0266"": 0.9640682458945885, ""PROD::PRO_004089||SUP::SUP_0266"": 0.8608331402194385, ""PROD::PRO_004014||SUP::SUP_0266"": 0.739812334894935, ""PROD::PRO_004065||SUP::SUP_0266"": 0.7247222640253259, ""PROD::PRO_004020||SUP::SUP_0266"": 0.7080980947924611, ""PROD::PRO_004000||SUP::SUP_0266"": 0.6772270475182264, ""PROD::PRO_004037||SUP::SUP_0266"": 0.6721698124264179, ""PROD::PRO_004001||SUP::SUP_0266"": 0.6571489079585017, ""PROD::PRO_004011||SUP::SUP_0266"": 0.6395489857719919, ""PROD::PRO_004074||SUP::SUP_0266"": 0.6369656773786291}","{""银行金融服务"": 0.1988725546414596, ""数字化商务服务"": 0.18086105898664687, ""应用软件开发"": 0.13241614327701298, ""国家行政机构"": 0.11823665484088734, ""行政办公自动化"": 0.09954163261561425, ""法律服务"": 0.09232347872442159, ""人力资源服务"": 0.09026033615474982, ""其他土木工程建筑"": 0.08748814075920765}","{""互联网数据服务"": 0.7845050658064799, ""互联网信息服务"": 0.21549493419352}"
PRO_004092,SUP_0266,PROD::PRO_004092||SUP::SUP_0266,1.2277868341697382,1.167203017517639,0.5811695669413953,0.46516738919812534,10.863121721925602,"{""PROD::PRO_004023||SUP::SUP_0266"": 0.9868064713358825, ""PROD::PRO_004030||SUP::SUP_0266"": 0.9431470752026294, ""PROD::PRO_004104||SUP::SUP_0266"": 0.9327601933776929, ""PROD::PRO_004661||SUP::SUP_0298"": 0.8834392553636459, ""PROD::PRO_004048||SUP::SUP_0266"": 0.8826947663127636, ""PROD::PRO_004021||SUP::SUP_0266"": 0.8638521690915792, ""PROD::PRO_004097||SUP::SUP_0266"": 0.7105056999938193, ""PROD::PRO_004031||SUP::SUP_0266"": 0.6643748983850761, ""PROD::PRO_004087||SUP::SUP_0266"": 0.6554514772774368, ""PROD::PRO_004118||SUP::SUP_0266"": 0.6132314854613203}","{""银行金融服务"": 0.5811695669413953, ""金融信息服务"": 0.16269595826007183, ""法律服务"": 0.12128496973213752, ""其他数字政府"": 0.08055927366878839, ""数字社会"": 0.054290231397606845}","{""互联网数据服务"": 0.46516738919812534, ""互联网信息服务"": 0.34569287433787255, ""货币银行服务"": 0.10858046279521369, ""互联网相关服务"": 0.08055927366878839}"
PRO_004010,SUP_0266,PROD::PRO_004010||SUP::SUP_0266,1.1882380031867097,0.6181336463538089,0.4093894922059808,0.6912043518113462,7.766741397704177,"{""PROD::PRO_004034||SUP::SUP_0266"": 0.9797804887518972, ""PROD::PRO_004116||SUP::SUP_0266"": 0.9490849160121905, ""PROD::PRO_004032||SUP::SUP_0266"": 0.9391708287225955, ""PROD::PRO_004117||SUP::SUP_0266"": 0.9264449788920589, ""PROD::PRO_004128||SUP::SUP_0266"": 0.9223692852252502, ""PROD::PRO_004095||SUP::SUP_0266"": 0.9174253651862109, ""PROD::PRO_004078||SUP::SUP_0266"": 0.9142364454576835, ""PROD::PRO_004013||SUP::SUP_0266"": 0.9137406107253127, ""PROD::PRO_004052||SUP::SUP_0266"": 0.892924563012255, ""PROD::PRO_004096||SUP::SUP_0266"": 0.891424276831238}","{""证券市场服务"": 0.4093894922059808, ""数字资本市场服务"": 0.3942904006252845, ""金融信息服务"": 0.0997522451257042, ""银行金融服务"": 0.09656786204303067}","{""互联网数据服务"": 0.6912043518113462, ""互联网信息服务"": 0.3087956481886538}"
PRO_003985,SUP_0266,PROD::PRO_003985||SUP::SUP_0266,1.48466252717848,0.4956063224221816,0.34914520946444555,0.8034329739965107,7.938391198494192,"{""PROD::PRO_004072||SUP::SUP_0266"": 0.9595831210845445, ""PROD::PRO_004085||SUP::SUP_0266"": 0.9382385935766003, ""PROD::PRO_004084||SUP::SUP_0266"": 0.8180812162348332, ""PROD::PRO_004068||SUP::SUP_0266"": 0.7850187419209824, ""PROD::PRO_004075||SUP::SUP_0266"": 0.7427758819505332, ""PROD::PRO_004001||SUP::SUP_0266"": 0.7125127215888105, ""PROD::PRO_004082||SUP::SUP_0266"": 0.7109587005930861, ""PROD::PRO_004041||SUP::SUP_0266"": 0.709695976056129, ""PROD::PRO_004040||SUP::SUP_0266"": 0.7022455082847153, ""PROD::PRO_004000||SUP::SUP_0266"": 0.6996098455468714}","{""网上税务办理"": 0.34914520946444555, ""法律服务"": 0.27291123747797014, ""数字化商务服务"": 0.18542712304871276, ""互联网资讯服务"": 0.10091875153693212, ""人力资源服务"": 0.09159767847193932}","{""互联网数据服务"": 0.8034329739965107, ""互联网信息服务"": 0.19656702600348927}"
PRO_003989,SUP_0266,PROD::PRO_003989||SUP::SUP_0266,1.7468862741042546,0.6701144117549878,0.36318224843700625,0.6069003788766064,8.75047089533323,"{""PROD::PRO_004093||SUP::SUP_0266"": 0.9876666587203088, ""PROD::PRO_004016||SUP::SUP_0266"": 0.8037450431389861, ""PROD::PRO_004091||SUP::SUP_0266"": 0.778980743202999, ""PROD::PRO_004002||SUP::SUP_0266"": 0.7696029323371834, ""PROD::PRO_004001||SUP::SUP_0266"": 0.7661814875449566, ""PROD::PRO_004003||SUP::SUP_0266"": 0.7614643779211973, ""PROD::PRO_004004||SUP::SUP_0266"": 0.742116874818304, ""PROD::PRO_004036||SUP::SUP_0266"": 0.734243883536323, ""PROD::PRO_004084||SUP::SUP_0266"": 0.7337457300493296, ""PROD::PRO_004000||SUP::SUP_0266"": 0.7283093559324351}","{""数字化商务服务"": 0.36318224843700625, ""网上税务办理"": 0.1937888048157415, ""法律服务"": 0.10296427942561688, ""人力资源服务"": 0.09815217580218646, ""咨询与调查"": 0.0975478874180427, ""地理遥感信息及测绘地理信息服务"": 0.09506936299953526, ""银行金融服务"": 0.04929524110187088}","{""互联网数据服务"": 0.6069003788766064, ""互联网信息服务"": 0.3930996211233936}"
PRO_004107,SUP_0266,PROD::PRO_004107||SUP::SUP_0266,1.1923537174338454,1.197395090476899,0.6191638903092509,0.5182023713962703,3.6817669278813288,"{""PROD::PRO_004106||SUP::SUP_0266"": 0.9651208822707307, ""PROD::PRO_004105||SUP::SUP_0266"": 0.9225069548250272, ""PROD::PRO_004060||SUP::SUP_0266"": 0.8863861009924932, ""PROD::PRO_004073||SUP::SUP_0266"": 0.8476276262214826, ""PROD::PRO_004115||SUP::SUP_0266"": 0.8298350393787544, ""PROD::PRO_004087||SUP::SUP_0266"": 0.810021879110182, ""PROD::PRO_004118||SUP::SUP_0266"": 0.807817100332304, ""PROD::PRO_004031||SUP::SUP_0266"": 0.8046412848343981, ""PROD::PRO_002861||SUP::SUP_0160"": 0.7727317214263855, ""PROD::PRO_004082||SUP::SUP_0266"": 0.7433035998937634}","{""法律服务"": 0.6191638903092509, ""其他数字政府"": 0.09654620181227634, ""金融信息服务"": 0.09628341506252303, ""银行金融服务"": 0.09590489081288647, ""数字金融"": 0.09210160200306339}","{""互联网数据服务"": 0.5182023713962703, ""互联网相关服务"": 0.20219422638665638, ""互联网信息服务"": 0.18750180021400997, ""法律服务"": 0.09210160200306339}"
PRO_004123,SUP_0266,PROD::PRO_004123||SUP::SUP_0266,1.9605775857616716,0.4873330130649713,0.29644277256419715,0.809233138470015,7.6576569631250715,"{""PROD::PRO_003991||SUP::SUP_0266"": 0.996708494692925, ""PROD::PRO_004124||SUP::SUP_0266"": 0.9482506278499258, ""PROD::PRO_004088||SUP::SUP_0266"": 0.940968179948514, ""PROD::PRO_004101||SUP::SUP_0266"": 0.8409378554115078, ""PROD::PRO_004063||SUP::SUP_0266"": 0.6901432073421566, ""PROD::PRO_004122||SUP::SUP_0266"": 0.6731277548568475, ""PROD::PRO_004040||SUP::SUP_0266"": 0.6464724241489547, ""PROD::PRO_004061||SUP::SUP_0266"": 0.6023467368762017, ""PROD::PRO_004070||SUP::SUP_0266"": 0.5854886902924619, ""PROD::PRO_004068||SUP::SUP_0266"": 0.5528848175733603}","{""数字化商务服务"": 0.29644277256419715, ""咨询与调查"": 0.13329740109330873, ""银行金融服务"": 0.12681676232370792, ""资本投资服务"": 0.11246500978389856, ""科技中介服务"": 0.09002248982922058, ""法律服务"": 0.08645766989684964, ""其他互联网平台"": 0.08055640642188928, ""互联网资讯服务"": 0.07394148808692817}","{""互联网数据服务"": 0.809233138470015, ""互联网信息服务"": 0.19076686152998493}"
PRO_004118,SUP_0266,PROD::PRO_004118||SUP::SUP_0266,0.9571826820921732,0.9114086748515745,0.6881769997023642,0.6331735860714556,3.924733031132037,"{""PROD::PRO_004031||SUP::SUP_0266"": 0.9267907700248643, ""PROD::PRO_004106||SUP::SUP_0266"": 0.8255206678583815, ""PROD::PRO_004107||SUP::SUP_0266"": 0.807817100332304, ""PROD::PRO_004082||SUP::SUP_0266"": 0.6898301046220037, ""PROD::PRO_004087||SUP::SUP_0266"": 0.636057597855063, ""PROD::PRO_004105||SUP::SUP_0266"": 0.6272486561502831, ""PROD::PRO_004023||SUP::SUP_0266"": 0.6173635010910117, ""PROD::PRO_004092||SUP::SUP_0266"": 0.6132314854613203, ""PROD::PRO_004060||SUP::SUP_0266"": 0.6111850626255815, ""PROD::PRO_003994||SUP::SUP_0266"": 0.6085655498450845}","{""法律服务"": 0.6881769997023642, ""银行金融服务"": 0.13309055274919154, ""其他数字政府"": 0.09134020322254852, ""数字技术研究和试验发展"": 0.08739224432589572}","{""互联网数据服务"": 0.6331735860714556, ""互联网信息服务"": 0.18771779474010786, ""互联网相关服务"": 0.17910861918843649}"
PRO_004094,SUP_0266,PROD::PRO_004094||SUP::SUP_0266,1.4874494105193499,0.6259789815069525,0.47673432333466553,0.6811771335377834,9.09096346687439,"{""PROD::PRO_004025||SUP::SUP_0266"": 0.995945055505502, ""PROD::PRO_004001||SUP::SUP_0266"": 0.7692452800191474, ""PROD::PRO_004005||SUP::SUP_0266"": 0.7216721554410674, ""PROD::PRO_004061||SUP::SUP_0266"": 0.7007688228625321, ""PROD::PRO_004017||SUP::SUP_0266"": 0.6711109754642701, ""PROD::PRO_004000||SUP::SUP_0266"": 0.6632393479368267, ""PROD::PRO_003990||SUP::SUP_0266"": 0.6627223935530446, ""PROD::PRO_004002||SUP::SUP_0266"": 0.6333399259507936, ""PROD::PRO_004004||SUP::SUP_0266"": 0.6244854714494484, ""PROD::PRO_004003||SUP::SUP_0266"": 0.6235393074604979}","{""数字化商务服务"": 0.47673432333466553, ""咨询与调查"": 0.18203356762230408, ""人力资源服务"": 0.10886467550745291, ""其他互联网平台"": 0.09917379084181105, ""地理遥感信息及测绘地理信息服务"": 0.08837806350501201, ""银行金融服务"": 0.04481557918875446}","{""互联网数据服务"": 0.6811771335377834, ""互联网信息服务"": 0.31882286646221664}"
PRO_004045,SUP_0266,PROD::PRO_004045||SUP::SUP_0266,1.9738964126230545,1.3875990562766887,0.29981682130317244,0.45602274925669184,3.118094766158933,"{""PROD::PRO_004110||SUP::SUP_0266"": 0.9910860629847512, ""PROD::PRO_004675||SUP::SUP_0298"": 0.9511176880058858, ""PROD::PRO_004044||SUP::SUP_0266"": 0.930859753076615, ""PROD::PRO_004043||SUP::SUP_0266"": 0.8886534193162444, ""PROD::PRO_004551||SUP::SUP_0298"": 0.8590911792284572, ""PROD::PRO_004619||SUP::SUP_0298"": 0.7448780633164781, ""PROD::PRO_004046||SUP::SUP_0266"": 0.6876687871817831, ""PROD::PRO_004114||SUP::SUP_0266"": 0.40785462411134354, ""PROD::PRO_004054||SUP::SUP_0266"": 0.3839296043739927, ""PROD::PRO_004014||SUP::SUP_0266"": 0.37961625172329705}","{""房地产开发经营"": 0.29981682130317244, ""银行金融服务"": 0.17042956077955537, ""土地登记服务"": 0.12884308149500975, ""数字政府"": 0.11788574040709024, ""土地调查评估服务"": 0.09518229281650403, ""贸易经纪与代理"": 0.05645237792139168, ""住宅房屋建筑"": 0.053140844408850293, ""数字技术研究和试验发展"": 0.043882347611821707, ""互联网房地产业"": 0.03436693325660447}","{""互联网数据服务"": 0.45602274925669184, ""货币银行服务"": 0.22201017838580556, ""互联网信息服务"": 0.1371791851131872, ""软件开发"": 0.13164704283546513, ""互联网相关服务"": 0.053140844408850293}"
PRO_004042,SUP_0266,PROD::PRO_004042||SUP::SUP_0266,1.9603447769578484,1.2151895310834808,0.3061376096355491,0.5915413895377355,9.479339474645549,"{""PROD::PRO_005724||SUP::SUP_0353"": 0.9613400441762862, ""PROD::PRO_005731||SUP::SUP_0353"": 0.9343281095062582, ""PROD::PRO_001696||SUP::SUP_0121"": 0.8902165332043346, ""PROD::PRO_004667||SUP::SUP_0298"": 0.8649695225972027, ""PROD::PRO_001090||SUP::SUP_0078"": 0.8554467331656896, ""PROD::PRO_002860||SUP::SUP_0160"": 0.8151455827649297, ""PROD::PRO_005725||SUP::SUP_0353"": 0.785633753709613, ""PROD::PRO_003993||SUP::SUP_0266"": 0.7751733132518653, ""PROD::PRO_004062||SUP::SUP_0266"": 0.7562030555101599, ""PROD::PRO_004011||SUP::SUP_0266"": 0.7486315025020281}","{""银行金融服务"": 0.3061376096355491, ""数字化商务服务"": 0.17942276640343957, ""数字政府"": 0.1268016346533436, ""网上税务办理"": 0.11140077375519104, ""金融信息服务"": 0.09367181310395956, ""互联网批发零售"": 0.05099783845279353, ""数字金融"": 0.04859526740083112, ""其他未列明金融业"": 0.04859526740083112, ""数字资本市场服务"": 0.03437702919406143}","{""互联网数据服务"": 0.5915413895377355, ""货币银行服务"": 0.15412892603497783, ""信息技术服务"": 0.10614131117283092, ""国家行政机构"": 0.09719053480166225, ""人身保险"": 0.05099783845279353}"
PRO_004076,SUP_0266,PROD::PRO_004076||SUP::SUP_0266,2.084292164408275,1.8038672656096653,0.25261524113155254,0.2584854182910731,11.235540442747695,"{""PROD::PRO_004649||SUP::SUP_0298"": 0.9533125295928766, ""PROD::PRO_000058||SUP::SUP_0022"": 0.9062913651841651, ""PROD::PRO_005723||SUP::SUP_0353"": 0.830408276047649, ""PROD::PRO_000062||SUP::SUP_0025"": 0.761538486119519, ""PROD::PRO_001314||SUP::SUP_0100"": 0.5774364950744394, ""PROD::PRO_004348||SUP::SUP_0287"": 0.5202440544944534, ""PROD::PRO_004656||SUP::SUP_0298"": 0.5115112956096302, ""PROD::PRO_003913||SUP::SUP_0258"": 0.49633202391996656, ""PROD::PRO_000653||SUP::SUP_0038"": 0.4561772826755799, ""PROD::PRO_003912||SUP::SUP_0258"": 0.4390651627001565}","{""银行金融服务"": 0.25261524113155254, ""金融信息服务"": 0.15496241473362304, ""数字资本市场服务"": 0.1449707431863025, ""互联网零售"": 0.14045983314191274, ""智慧配送"": 0.08949289032641859, ""数字化商务服务"": 0.06434961888311397, ""数字社会"": 0.03963779971407565, ""数字金融"": 0.03963779971407565, ""其他数字化效率提升业"": 0.03693682958446269, ""互联网搜索服务"": 0.03693682958446269}","{""互联网平台"": 0.2584854182910731, ""货币银行服务"": 0.22119693273414484, ""互联网数据服务"": 0.20932826712094765, ""智慧物流"": 0.08949289032641858, ""金融信息服务"": 0.07692306904923428, ""国家行政机构"": 0.07387365916892537, ""其他未列明金融业"": 0.07069976330925615}"
PRO_004115,SUP_0266,PROD::PRO_004115||SUP::SUP_0266,1.4678300552523678,1.3690379537879747,0.5532045439004839,0.44083267648011054,4.201041182255712,"{""PROD::PRO_004073||SUP::SUP_0266"": 0.9911866642011564, ""PROD::PRO_004060||SUP::SUP_0266"": 0.8910109893529138, ""PROD::PRO_004106||SUP::SUP_0266"": 0.8749005758189994, ""PROD::PRO_004107||SUP::SUP_0266"": 0.8298350393787544, ""PROD::PRO_004105||SUP::SUP_0266"": 0.7994967095928374, ""PROD::PRO_000056||SUP::SUP_0022"": 0.7661695116493766, ""PROD::PRO_004066||SUP::SUP_0266"": 0.7454017818652897, ""PROD::PRO_000052||SUP::SUP_0019"": 0.7103214745857933, ""PROD::PRO_004089||SUP::SUP_0266"": 0.6610879321109968, ""PROD::PRO_004087||SUP::SUP_0266"": 0.6597179352785094}","{""法律服务"": 0.5532045439004839, ""银行金融服务"": 0.09662720192387539, ""数字化商务服务"": 0.09400803268151353, ""国家行政机构"": 0.08337460070423632, ""其他数字政府"": 0.08320182045318868, ""数字金融"": 0.044791900168351086, ""其他数字金融"": 0.044791900168351086}","{""互联网数据服务"": 0.44083267648011054, ""互联网相关服务"": 0.2895817205550756, ""人民法院和人民检察院"": 0.09662720192387539, ""法律服务"": 0.08958380033670217, ""互联网信息服务"": 0.08337460070423632}"
PRO_004041,SUP_0266,PROD::PRO_004041||SUP::SUP_0266,1.8425146493797449,0.6704620109785958,0.2907102327660129,0.6060969005788007,9.105601737608303,"{""PROD::PRO_004068||SUP::SUP_0266"": 0.8505379121698481, ""PROD::PRO_004090||SUP::SUP_0266"": 0.8338013894088318, ""PROD::PRO_004047||SUP::SUP_0266"": 0.8188483836175174, ""PROD::PRO_004070||SUP::SUP_0266"": 0.7823776428190113, ""PROD::PRO_004101||SUP::SUP_0266"": 0.7726700050047517, ""PROD::PRO_004082||SUP::SUP_0266"": 0.769202100324492, ""PROD::PRO_004075||SUP::SUP_0266"": 0.7475100591448177, ""PROD::PRO_004064||SUP::SUP_0266"": 0.7303889023735367, ""PROD::PRO_004072||SUP::SUP_0266"": 0.7277656810741618, ""PROD::PRO_004035||SUP::SUP_0266"": 0.7256653956903043}","{""数字化商务服务"": 0.2907102327660129, ""数字资本市场服务"": 0.20160293468033338, ""互联网资讯服务"": 0.10962281255111024, ""公开募集证券投资基金"": 0.10553846169664595, ""资本投资服务"": 0.09958669438545462, ""法律服务"": 0.09913972846039741, ""网上税务办理"": 0.09379913546004556}","{""互联网信息服务"": 0.6060969005788007, ""互联网数据服务"": 0.3939030994211992}"
PRO_004038,SUP_0266,PROD::PRO_004038||SUP::SUP_0266,1.76441840305944,0.9441125887360254,0.34228248367810016,0.5165994230224308,9.025275001675832,"{""PROD::PRO_004068||SUP::SUP_0266"": 0.8073887424959226, ""PROD::PRO_004040||SUP::SUP_0266"": 0.8007711975872633, ""PROD::PRO_004066||SUP::SUP_0266"": 0.7669918628007154, ""PROD::PRO_004001||SUP::SUP_0266"": 0.753200724203678, ""PROD::PRO_004061||SUP::SUP_0266"": 0.734839205122736, ""PROD::PRO_004075||SUP::SUP_0266"": 0.7189395117096461, ""PROD::PRO_004039||SUP::SUP_0266"": 0.7062968622454695, ""PROD::PRO_004084||SUP::SUP_0266"": 0.7050642405108934, ""PROD::PRO_004002||SUP::SUP_0266"": 0.69949981614444, ""PROD::PRO_004070||SUP::SUP_0266"": 0.6921097383743369}","{""数字化商务服务"": 0.34228248367810016, ""法律服务"": 0.20406868855646396, ""互联网资讯服务"": 0.10932668950245172, ""人力资源服务"": 0.10198921210305718, ""其他互联网平台"": 0.09950292019719052, ""网上税务办理"": 0.09547115936163261, ""银行金融服务"": 0.04735884660110396}","{""互联网数据服务"": 0.5165994230224308, ""互联网信息服务"": 0.3795439378868348, ""互联网相关服务"": 0.10385663909073431}"
PRO_004084,SUP_0266,PROD::PRO_004084||SUP::SUP_0266,1.884480658355753,0.4982270144753398,0.3611215696417873,0.8015637031889067,7.6819526378344705,"{""PROD::PRO_004000||SUP::SUP_0266"": 0.9138745142399427, ""PROD::PRO_004005||SUP::SUP_0266"": 0.8705569266800903, ""PROD::PRO_004001||SUP::SUP_0266"": 0.8698594134450663, ""PROD::PRO_004075||SUP::SUP_0266"": 0.8548615314111957, ""PROD::PRO_004002||SUP::SUP_0266"": 0.8498980111655818, ""PROD::PRO_004040||SUP::SUP_0266"": 0.8350288746209628, ""PROD::PRO_004003||SUP::SUP_0266"": 0.8339029072717107, ""PROD::PRO_004004||SUP::SUP_0266"": 0.8227070261020245, ""PROD::PRO_003985||SUP::SUP_0266"": 0.8180812162348332, ""PROD::PRO_004068||SUP::SUP_0266"": 0.8165769950839508}","{""数字化商务服务"": 0.3611215696417873, ""人力资源服务"": 0.10251311711511998, ""法律服务"": 0.0984083306973737, ""咨询与调查"": 0.09827563520548434, ""地理遥感信息及测绘地理信息服务"": 0.09695619822542172, ""其他商务服务业"": 0.09641104554748543, ""互联网资讯服务"": 0.09623377276452304, ""银行金融服务"": 0.05008033080280452}","{""互联网数据服务"": 0.8015637031889067, ""互联网信息服务"": 0.1984362968110934}"
PRO_004085,SUP_0266,PROD::PRO_004085||SUP::SUP_0266,1.7296566789883654,0.9130858188732047,0.373893568325778,0.6318983252403396,8.018870069208216,"{""PROD::PRO_004072||SUP::SUP_0266"": 0.9474310624327928, ""PROD::PRO_003985||SUP::SUP_0266"": 0.9382385935766003, ""PROD::PRO_004086||SUP::SUP_0266"": 0.8198136890290868, ""PROD::PRO_004041||SUP::SUP_0266"": 0.7147760965601125, ""PROD::PRO_004068||SUP::SUP_0266"": 0.711191114617493, ""PROD::PRO_004643||SUP::SUP_0298"": 0.7023698152637203, ""PROD::PRO_004084||SUP::SUP_0266"": 0.6955376746826636, ""PROD::PRO_004082||SUP::SUP_0266"": 0.6918020121464452, ""PROD::PRO_004712||SUP::SUP_0298"": 0.6806673538672672, ""PROD::PRO_004075||SUP::SUP_0266"": 0.6242911738610076}","{""网上税务办理"": 0.373893568325778, ""法律服务"": 0.1868928973981499, ""其他商务服务业"": 0.12466433831075488, ""互联网资讯服务"": 0.09449640030080422, ""银行金融服务"": 0.09188249914749307, ""数字化商务服务"": 0.08294995178779432, ""数字政府"": 0.04522034472922559}","{""互联网数据服务"": 0.6318983252403396, ""互联网信息服务"": 0.18433667646467422, ""货币银行服务"": 0.18376499829498613}"
PRO_004033,SUP_0266,PROD::PRO_004033||SUP::SUP_0266,2.156779548966226,1.181694067353839,0.19060304012335988,0.523048793042026,3.6028225836387877,"{""PROD::PRO_004065||SUP::SUP_0266"": 0.9358578916686281, ""PROD::PRO_004604||SUP::SUP_0298"": 0.8533721934627972, ""PROD::PRO_004059||SUP::SUP_0266"": 0.6869326669745377, ""PROD::PRO_004112||SUP::SUP_0266"": 0.6311390307786277, ""PROD::PRO_004009||SUP::SUP_0266"": 0.6215803980050947, ""PROD::PRO_004074||SUP::SUP_0266"": 0.5901341244083278, ""PROD::PRO_004054||SUP::SUP_0266"": 0.5423987394071842, ""PROD::PRO_004113||SUP::SUP_0266"": 0.5389999162428294, ""PROD::PRO_004606||SUP::SUP_0298"": 0.5324568244585596, ""PROD::PRO_004089||SUP::SUP_0266"": 0.516822855277467}","{""住宅房屋建筑"": 0.19060304012335988, ""行政办公自动化"": 0.14510111622422037, ""银行金融服务"": 0.10743369222316981, ""数字政府"": 0.10743369222316981, ""其他商务服务业"": 0.09785564525760078, ""出版业"": 0.09637361652507163, ""其他土木工程建筑"": 0.09149799444547631, ""应用软件开发"": 0.08356983489464288, ""国家行政机构"": 0.08013136808328848}","{""互联网数据服务"": 0.523048793042026, ""货币银行服务"": 0.21486738444633963, ""互联网相关服务"": 0.18195245442834587, ""互联网信息服务"": 0.08013136808328848}"
PRO_004049,SUP_0266,PROD::PRO_004049||SUP::SUP_0266,1.5498248808942408,1.593667126805706,0.4816291473036424,0.3982299540473271,9.538903225275735,"{""PROD::PRO_004021||SUP::SUP_0266"": 0.7477069950115366, ""PROD::PRO_004048||SUP::SUP_0266"": 0.7394543774667008, ""PROD::PRO_004104||SUP::SUP_0266"": 0.7183725102686103, ""PROD::PRO_004030||SUP::SUP_0266"": 0.6780406681396576, ""PROD::PRO_000052||SUP::SUP_0019"": 0.6730303406728121, ""PROD::PRO_004087||SUP::SUP_0266"": 0.6444422247718178, ""PROD::PRO_004083||SUP::SUP_0266"": 0.6260681449674963, ""PROD::PRO_000657||SUP::SUP_0038"": 0.6037609370224658, ""PROD::PRO_004023||SUP::SUP_0266"": 0.5781597060660404, ""PROD::PRO_004553||SUP::SUP_0298"": 0.5744038142843501}","{""银行金融服务"": 0.4816291473036424, ""法律服务"": 0.18291773031933298, ""其他数字政府"": 0.0978883763367797, ""金融信息服务"": 0.091709040079781, ""数字金融"": 0.05111540239094244, ""其他数字金融"": 0.05111540239094244, ""数字政府"": 0.04362490117857891}","{""互联网信息服务"": 0.3982299540473271, ""互联网数据服务"": 0.22269202239706928, ""法律服务"": 0.10223080478188488, ""互联网相关服务"": 0.0978883763367797, ""其他未列明金融业"": 0.091709040079781, ""货币银行服务"": 0.08724980235715782}"
PRO_004048,SUP_0266,PROD::PRO_004048||SUP::SUP_0266,1.2847060084484985,1.1409740473017194,0.47799796783934817,0.5116144892708284,8.727713009555899,"{""PROD::PRO_004021||SUP::SUP_0266"": 0.9820232644243325, ""PROD::PRO_004104||SUP::SUP_0266"": 0.9749217092083926, ""PROD::PRO_004030||SUP::SUP_0266"": 0.9665390543746822, ""PROD::PRO_004092||SUP::SUP_0266"": 0.8826947663127636, ""PROD::PRO_004023||SUP::SUP_0266"": 0.8743982012439339, ""PROD::PRO_004087||SUP::SUP_0266"": 0.8099003633332424, ""PROD::PRO_004037||SUP::SUP_0266"": 0.7410788059734849, ""PROD::PRO_004049||SUP::SUP_0266"": 0.7394543774667008, ""PROD::PRO_004097||SUP::SUP_0266"": 0.7252209871548695, ""PROD::PRO_004661||SUP::SUP_0298"": 0.7201437362097569}","{""银行金融服务"": 0.47799796783934817, ""法律服务"": 0.2968227645112929, ""其他数字政府"": 0.09622911737713186, ""金融信息服务"": 0.08616785305548824, ""数字社会"": 0.04278229721673876}","{""互联网数据服务"": 0.5116144892708284, ""互联网信息服务"": 0.30659179891856225, ""互联网相关服务"": 0.09622911737713186, ""货币银行服务"": 0.08556459443347753}"
PRO_003987,SUP_0266,PROD::PRO_003987||SUP::SUP_0266,1.1937666490664576,0.6097542208353588,0.4051230448240372,0.7013053506877929,7.960704749191972,"{""PROD::PRO_004013||SUP::SUP_0266"": 0.8987775824849846, ""PROD::PRO_004128||SUP::SUP_0266"": 0.8907094993040157, ""PROD::PRO_004010||SUP::SUP_0266"": 0.8858941465511013, ""PROD::PRO_004117||SUP::SUP_0266"": 0.8818667278838793, ""PROD::PRO_004078||SUP::SUP_0266"": 0.8709058756710105, ""PROD::PRO_004034||SUP::SUP_0266"": 0.8692735853935695, ""PROD::PRO_004095||SUP::SUP_0266"": 0.8598963275517418, ""PROD::PRO_004032||SUP::SUP_0266"": 0.8597872349815877, ""PROD::PRO_004052||SUP::SUP_0266"": 0.8576716932324318, ""PROD::PRO_004116||SUP::SUP_0266"": 0.8569949381833781}","{""数字资本市场服务"": 0.4051230448240372, ""证券市场服务"": 0.3946449668708208, ""金融信息服务"": 0.10200780859989865, ""银行金融服务"": 0.09822417970524326}","{""互联网数据服务"": 0.7013053506877929, ""互联网信息服务"": 0.29869464931220724}"
PRO_001746,SUP_0127,PROD::PRO_001746||SUP::SUP_0127,1.4247284041003465,1.6555949988033967,0.48990961908140657,0.2786740593832362,8.394350564546484,"{""PROD::PRO_001743||SUP::SUP_0127"": 0.9967642107144536, ""PROD::PRO_001747||SUP::SUP_0127"": 0.9463567557000272, ""PROD::PRO_001744||SUP::SUP_0127"": 0.9334502085294542, ""PROD::PRO_001748||SUP::SUP_0127"": 0.810887280426847, ""PROD::PRO_004540||SUP::SUP_0298"": 0.8079514122613476, ""PROD::PRO_001742||SUP::SUP_0127"": 0.731405213071268, ""PROD::PRO_002726||SUP::SUP_0145"": 0.7190342659717396, ""PROD::PRO_000720||SUP::SUP_0048"": 0.7034289730825808, ""PROD::PRO_001774||SUP::SUP_0127"": 0.7015368393108812, ""PROD::PRO_000719||SUP::SUP_0048"": 0.7009903723649982}","{""银行金融服务"": 0.48990961908140657, ""数字金融"": 0.20978405335389075, ""互联网金融"": 0.12379387540138256, ""其他数字金融"": 0.08930099754206532, ""数字商贸"": 0.04368144326986357, ""数字化商务服务"": 0.043530011351391215}","{""电信"": 0.2786740593832362, ""软件开发"": 0.23346402951373665, ""货币银行服务"": 0.22459497370104442, ""互联网数据服务"": 0.12379387540138256, ""其他未列明金融业"": 0.08930099754206532, ""国家行政机构"": 0.05017206445853484}"
PRO_004113,SUP_0266,PROD::PRO_004113||SUP::SUP_0266,1.978711682227596,0.5157961401498539,0.28965522613350636,0.7886072375747518,6.277340745323673,"{""PROD::PRO_004009||SUP::SUP_0266"": 0.9640682458945885, ""PROD::PRO_004089||SUP::SUP_0266"": 0.8835598003439367, ""PROD::PRO_004000||SUP::SUP_0266"": 0.7834051829364499, ""PROD::PRO_004001||SUP::SUP_0266"": 0.7369697348601484, ""PROD::PRO_004084||SUP::SUP_0266"": 0.7310832955033092, ""PROD::PRO_004005||SUP::SUP_0266"": 0.7276409727633001, ""PROD::PRO_004037||SUP::SUP_0266"": 0.7101480822336016, ""PROD::PRO_004014||SUP::SUP_0266"": 0.7056060299730333, ""PROD::PRO_004011||SUP::SUP_0266"": 0.7013749588496244, ""PROD::PRO_004074||SUP::SUP_0266"": 0.6942627945851509}","{""数字化商务服务"": 0.28965522613350636, ""出版业"": 0.12621801696627133, ""国家行政机构"": 0.11567766736995096, ""人力资源服务"": 0.09648576114224323, ""网上税务办理"": 0.09571509505529725, ""法律服务"": 0.09297420911187891, ""银行金融服务"": 0.09237955325454993, ""其他土木工程建筑"": 0.09089447096630215}","{""互联网数据服务"": 0.7886072375747518, ""互联网信息服务"": 0.21139276242524818}"
PRO_004075,SUP_0266,PROD::PRO_004075||SUP::SUP_0266,1.8997284572138018,0.6743126558486674,0.34898712550128963,0.5967366991963222,8.842027051029467,"{""PROD::PRO_004084||SUP::SUP_0266"": 0.8548615314111957, ""PROD::PRO_004000||SUP::SUP_0266"": 0.8304855264651688, ""PROD::PRO_004068||SUP::SUP_0266"": 0.8194419181339871, ""PROD::PRO_004001||SUP::SUP_0266"": 0.8137499700137842, ""PROD::PRO_004070||SUP::SUP_0266"": 0.8111326800619219, ""PROD::PRO_004002||SUP::SUP_0266"": 0.8067550955842789, ""PROD::PRO_004040||SUP::SUP_0266"": 0.801068855916773, ""PROD::PRO_004003||SUP::SUP_0266"": 0.7828863589730565, ""PROD::PRO_004004||SUP::SUP_0266"": 0.780387722895139, ""PROD::PRO_004005||SUP::SUP_0266"": 0.7724560953857171}","{""数字化商务服务"": 0.34898712550128963, ""网上税务办理"": 0.10588847102393827, ""互联网资讯服务"": 0.1015011772267879, ""人力资源服务"": 0.10079613709870901, ""法律服务"": 0.09922537536330144, ""咨询与调查"": 0.09697317810091055, ""地理遥感信息及测绘地理信息服务"": 0.09666368148161693, ""银行金融服务"": 0.04996485420344631}","{""互联网数据服务"": 0.5967366991963222, ""互联网信息服务"": 0.4032633008036777}"
PRO_004072,SUP_0266,PROD::PRO_004072||SUP::SUP_0266,1.821388427683916,0.4907703161200622,0.31574115450085644,0.8068416614996575,7.3908781942980735,"{""PROD::PRO_003985||SUP::SUP_0266"": 0.9595831210845445, ""PROD::PRO_004085||SUP::SUP_0266"": 0.9474310624327928, ""PROD::PRO_004068||SUP::SUP_0266"": 0.7790413730554998, ""PROD::PRO_004084||SUP::SUP_0266"": 0.7780967031388504, ""PROD::PRO_004041||SUP::SUP_0266"": 0.7277656810741618, ""PROD::PRO_004001||SUP::SUP_0266"": 0.7148797333103055, ""PROD::PRO_004082||SUP::SUP_0266"": 0.7137607636465866, ""PROD::PRO_004086||SUP::SUP_0266"": 0.7130974709605197, ""PROD::PRO_004075||SUP::SUP_0266"": 0.708182869919248, ""PROD::PRO_004061||SUP::SUP_0266"": 0.681656248141726}","{""网上税务办理"": 0.31574115450085644, ""法律服务"": 0.18664172628135647, ""其他商务服务业"": 0.12424208441376607, ""互联网资讯服务"": 0.10086643033443887, ""人力资源服务"": 0.09255909802919948, ""数字化商务服务"": 0.09169202122422312, ""其他互联网平台"": 0.08825748521615952}","{""互联网数据服务"": 0.8068416614996575, ""互联网信息服务"": 0.19315833850034236}"
PRO_003995,SUP_0266,PROD::PRO_003995||SUP::SUP_0266,1.5720194003297834,1.4785885638912128,0.40044553667290345,0.4075340568936852,4.114225359786513,"{""PROD::PRO_001824||SUP::SUP_0133"": 0.9486962753870969, ""PROD::PRO_005721||SUP::SUP_0353"": 0.8716194794643176, ""PROD::PRO_003994||SUP::SUP_0266"": 0.8087241478363801, ""PROD::PRO_003997||SUP::SUP_0266"": 0.7839091594936171, ""PROD::PRO_004533||SUP::SUP_0298"": 0.7597102475114398, ""PROD::PRO_004067||SUP::SUP_0266"": 0.6778172650221459, ""PROD::PRO_003996||SUP::SUP_0266"": 0.6458559328959524, ""PROD::PRO_004018||SUP::SUP_0266"": 0.6185575653619171, ""PROD::PRO_004083||SUP::SUP_0266"": 0.6084900518508707, ""PROD::PRO_004100||SUP::SUP_0266"": 0.5683533815005055}","{""知识产权服务"": 0.40044553667290345, ""数字技术研究和试验发展"": 0.24101544875429642, ""银行金融服务"": 0.10418787889773128, ""住宅房屋建筑"": 0.09295694424847857, ""法律服务"": 0.08344929930902123, ""证券市场服务"": 0.07794489211756889}","{""互联网数据服务"": 0.4075340568936852, ""互联网信息服务"": 0.19095585571480864, ""互联网相关服务"": 0.17778691846865977, ""软件开发"": 0.11953529002511507, ""货币银行服务"": 0.10418787889773128}"
PRO_003994,SUP_0266,PROD::PRO_003994||SUP::SUP_0266,1.4580804125280848,1.2850478007709811,0.5238867531440543,0.4009587101561499,2.349801925738488,"{""PROD::PRO_003995||SUP::SUP_0266"": 0.8087241478363801, ""PROD::PRO_003996||SUP::SUP_0266"": 0.7811260260633748, ""PROD::PRO_005721||SUP::SUP_0353"": 0.7747524269360108, ""PROD::PRO_004018||SUP::SUP_0266"": 0.7414278574588972, ""PROD::PRO_001824||SUP::SUP_0133"": 0.7099914909240452, ""PROD::PRO_004089||SUP::SUP_0266"": 0.705813805007358, ""PROD::PRO_004082||SUP::SUP_0266"": 0.7007223511331714, ""PROD::PRO_003997||SUP::SUP_0266"": 0.6901959567721855, ""PROD::PRO_004066||SUP::SUP_0266"": 0.6752117061895305, ""PROD::PRO_004001||SUP::SUP_0266"": 0.6583071948417385}","{""知识产权服务"": 0.5238867531440543, ""数字技术研究和试验发展"": 0.09798022991037919, ""国家行政机构"": 0.09740370099159225, ""法律服务"": 0.09670107028749517, ""数字化商务服务"": 0.09318055083241429, ""人力资源服务"": 0.09084769483406477}","{""互联网信息服务"": 0.4009587101561499, ""互联网数据服务"": 0.29662486118809217, ""互联网相关服务"": 0.19549906149686702, ""软件开发"": 0.10691736715889104}"
PRO_004001,SUP_0266,PROD::PRO_004001||SUP::SUP_0266,1.8973428055464503,0.6134401310039326,0.35166402737579233,0.696933577018302,10.077251341166654,"{""PROD::PRO_004061||SUP::SUP_0266"": 0.9452491334994447, ""PROD::PRO_004000||SUP::SUP_0266"": 0.9352639692533069, ""PROD::PRO_004002||SUP::SUP_0266"": 0.9286119552866313, ""PROD::PRO_004003||SUP::SUP_0266"": 0.9233258949555285, ""PROD::PRO_004004||SUP::SUP_0266"": 0.9134061589966532, ""PROD::PRO_004005||SUP::SUP_0266"": 0.9027269451292234, ""PROD::PRO_004084||SUP::SUP_0266"": 0.8698594134450663, ""PROD::PRO_004036||SUP::SUP_0266"": 0.8559486768224849, ""PROD::PRO_004040||SUP::SUP_0266"": 0.8556155572426658, ""PROD::PRO_004068||SUP::SUP_0266"": 0.850852784330501}","{""数字化商务服务"": 0.35166402737579233, ""其他互联网平台"": 0.10525151066106225, ""咨询与调查"": 0.1028104039797078, ""地理遥感信息及测绘地理信息服务"": 0.10170586216313379, ""网上税务办理"": 0.09685702327903012, ""法律服务"": 0.09527099973263299, ""互联网资讯服务"": 0.09474067494716074, ""银行金融服务"": 0.05169949786148001}","{""互联网数据服务"": 0.696933577018302, ""互联网信息服务"": 0.30306642298169795}"
PRO_003996,SUP_0266,PROD::PRO_003996||SUP::SUP_0266,1.4788097737629977,1.5342467916271312,0.4578599906622407,0.3044987959500905,5.055111412588284,"{""PROD::PRO_004018||SUP::SUP_0266"": 0.9933714232271303, ""PROD::PRO_003997||SUP::SUP_0266"": 0.9182064559556016, ""PROD::PRO_004617||SUP::SUP_0298"": 0.842182574681446, ""PROD::PRO_003994||SUP::SUP_0266"": 0.7811260260633748, ""PROD::PRO_005721||SUP::SUP_0353"": 0.6796611054119214, ""PROD::PRO_003995||SUP::SUP_0266"": 0.6458559328959524, ""PROD::PRO_004082||SUP::SUP_0266"": 0.5887605807343235, ""PROD::PRO_004533||SUP::SUP_0298"": 0.5599472511689984, ""PROD::PRO_004118||SUP::SUP_0266"": 0.5487965970074664, ""PROD::PRO_001824||SUP::SUP_0133"": 0.5121461818649877}","{""知识产权服务"": 0.4578599906622407, ""数字技术研究和试验发展"": 0.22262909223897454, ""银行金融服务"": 0.11890641298108252, ""法律服务"": 0.08327525786802793, ""金融信息服务"": 0.07762268675646186, ""数字社会"": 0.039706559493212404}","{""互联网信息服务"": 0.3044987959500905, ""互联网数据服务"": 0.260545219502224, ""货币银行服务"": 0.19831953196750732, ""互联网相关服务"": 0.14050407607926763, ""软件开发"": 0.09613237650091043}"
PRO_004000,SUP_0266,PROD::PRO_004000||SUP::SUP_0266,2.1103545805844024,0.6157673542068156,0.2479420481377248,0.6941163910324005,8.639095579292905,"{""PROD::PRO_004001||SUP::SUP_0266"": 0.9352639692533069, ""PROD::PRO_004005||SUP::SUP_0266"": 0.9223166549827907, ""PROD::PRO_004084||SUP::SUP_0266"": 0.9138745142399427, ""PROD::PRO_004002||SUP::SUP_0266"": 0.9114884870310002, ""PROD::PRO_004004||SUP::SUP_0266"": 0.906739189324421, ""PROD::PRO_004003||SUP::SUP_0266"": 0.8992984916641283, ""PROD::PRO_004061||SUP::SUP_0266"": 0.8829110833370801, ""PROD::PRO_004040||SUP::SUP_0266"": 0.8825754001153653, ""PROD::PRO_004075||SUP::SUP_0266"": 0.8304855264651688, ""PROD::PRO_004068||SUP::SUP_0266"": 0.8225572956499609}","{""数字化商务服务"": 0.2479420481377248, ""人力资源服务"": 0.10499723323222405, ""网上税务办理"": 0.10259595009657478, ""地理遥感信息及测绘地理信息服务"": 0.10179490418978028, ""咨询与调查"": 0.1009595756693499, ""其他互联网平台"": 0.0991198463621678, ""法律服务"": 0.09908216094855063, ""互联网资讯服务"": 0.09234423976279042, ""银行金融服务"": 0.051164041600837366}","{""互联网数据服务"": 0.6941163910324005, ""互联网信息服务"": 0.3058836089675994}"
PRO_003998,SUP_0266,PROD::PRO_003998||SUP::SUP_0266,1.7528709558677011,1.5666251066053094,0.32820942331027764,0.3845179598865493,8.957622645797901,"{""PROD::PRO_000053||SUP::SUP_0019"": 0.9330635438045888, ""PROD::PRO_001090||SUP::SUP_0078"": 0.8456110587965261, ""PROD::PRO_004062||SUP::SUP_0266"": 0.8185131111741316, ""PROD::PRO_001696||SUP::SUP_0121"": 0.7975023302270556, ""PROD::PRO_002860||SUP::SUP_0160"": 0.7755903514148466, ""PROD::PRO_004011||SUP::SUP_0266"": 0.7456797062783868, ""PROD::PRO_003993||SUP::SUP_0266"": 0.6928116139206922, ""PROD::PRO_004042||SUP::SUP_0266"": 0.6633914680259603, ""PROD::PRO_000047||SUP::SUP_0019"": 0.6417033584778662, ""PROD::PRO_004022||SUP::SUP_0266"": 0.624683258535111}","{""银行金融服务"": 0.32820942331027764, ""数字化商务服务"": 0.2954924149051695, ""数字政府"": 0.09190250542093402, ""资本投资服务"": 0.08286517633415656, ""互联网批发零售"": 0.05608579111084703, ""数字金融"": 0.051441614894382016, ""其他未列明金融业"": 0.051441614894382016, ""互联网保险"": 0.04256145912985126}","{""互联网数据服务"": 0.3845179598865493, ""国家行政机构"": 0.22665551603452147, ""互联网信息服务"": 0.17086505503341326, ""信息技术服务"": 0.10578988682382198, ""货币银行服务"": 0.05608579111084702, ""人身保险"": 0.05608579111084702}"
PRO_004002,SUP_0266,PROD::PRO_004002||SUP::SUP_0266,1.3766457171165827,0.5061561798309174,0.48505240487590023,0.7958101752462402,8.752706773764798,"{""PROD::PRO_004003||SUP::SUP_0266"": 0.9966468184054578, ""PROD::PRO_004004||SUP::SUP_0266"": 0.987960082906821, ""PROD::PRO_004001||SUP::SUP_0266"": 0.9286119552866313, ""PROD::PRO_004000||SUP::SUP_0266"": 0.9114884870310002, ""PROD::PRO_003990||SUP::SUP_0266"": 0.907859963899347, ""PROD::PRO_004005||SUP::SUP_0266"": 0.9066341032194268, ""PROD::PRO_004061||SUP::SUP_0266"": 0.8837542258090383, ""PROD::PRO_004017||SUP::SUP_0266"": 0.8747363302070642, ""PROD::PRO_004036||SUP::SUP_0266"": 0.8698966844378293, ""PROD::PRO_004070||SUP::SUP_0266"": 0.868939203002538}","{""数字化商务服务"": 0.48505240487590023, ""咨询与调查"": 0.20844973196554545, ""地理遥感信息及测绘地理信息服务"": 0.10813299085517536, ""人力资源服务"": 0.10163729264604941, ""其他互联网平台"": 0.09672757965732942}","{""互联网数据服务"": 0.7958101752462402, ""互联网信息服务"": 0.20418982475375985}"
PRO_004087,SUP_0266,PROD::PRO_004087||SUP::SUP_0266,0.9955756407943674,1.0894319713276657,0.5083806578329055,0.6015641952506346,6.011073303752386,"{""PROD::PRO_004060||SUP::SUP_0266"": 0.9110139475669609, ""PROD::PRO_004105||SUP::SUP_0266"": 0.8807577548024591, ""PROD::PRO_004021||SUP::SUP_0266"": 0.8714600179851127, ""PROD::PRO_004107||SUP::SUP_0266"": 0.810021879110182, ""PROD::PRO_004048||SUP::SUP_0266"": 0.8099003633332424, ""PROD::PRO_004104||SUP::SUP_0266"": 0.798072606105021, ""PROD::PRO_004106||SUP::SUP_0266"": 0.7841075222881254, ""PROD::PRO_004030||SUP::SUP_0266"": 0.7666289157529985, ""PROD::PRO_000052||SUP::SUP_0019"": 0.7557442431400758, ""PROD::PRO_004040||SUP::SUP_0266"": 0.752342994229221}","{""法律服务"": 0.5083806578329055, ""银行金融服务"": 0.3987766421274928, ""数字金融"": 0.046421350019800876, ""其他数字金融"": 0.046421350019800876}","{""互联网数据服务"": 0.6015641952506346, ""互联网信息服务"": 0.19367562014590722, ""互联网相关服务"": 0.11191748456385647, ""法律服务"": 0.09284270003960175}"
PRO_004026,SUP_0266,PROD::PRO_004026||SUP::SUP_0266,2.020934301601565,0.9445082578528614,0.2073009610302831,0.46748503225048144,7.807724015354502,"{""PROD::PRO_004097||SUP::SUP_0266"": 0.9696316955807427, ""PROD::PRO_004037||SUP::SUP_0266"": 0.8142442728130722, ""PROD::PRO_004081||SUP::SUP_0266"": 0.7337737148010672, ""PROD::PRO_004027||SUP::SUP_0266"": 0.6777155444183007, ""PROD::PRO_004035||SUP::SUP_0266"": 0.6538795051914895, ""PROD::PRO_004068||SUP::SUP_0266"": 0.6318045002555871, ""PROD::PRO_004023||SUP::SUP_0266"": 0.6269644042797707, ""PROD::PRO_004030||SUP::SUP_0266"": 0.6240425973161452, ""PROD::PRO_004101||SUP::SUP_0266"": 0.6114138810202412, ""PROD::PRO_004098||SUP::SUP_0266"": 0.6087826376637242}","{""法律服务"": 0.2073009610302831, ""数字资本市场服务"": 0.18504767126942265, ""金融信息服务"": 0.13947014442403474, ""知识产权服务"": 0.10554474079621644, ""数字化商务服务"": 0.09405289600228352, ""互联网资讯服务"": 0.09087766550950595, ""银行金融服务"": 0.08976120682843847, ""资本投资服务"": 0.0879447141398151}","{""互联网信息服务"": 0.46748503225048144, ""互联网数据服务"": 0.43503353713083187, ""互联网相关服务"": 0.09748143061868672}"
PRO_004027,SUP_0266,PROD::PRO_004027||SUP::SUP_0266,1.5968101047506842,1.2360125766622767,0.41410711553581947,0.4733029597796705,9.448855270066712,"{""PROD::PRO_004098||SUP::SUP_0266"": 0.976876568548627, ""PROD::PRO_004081||SUP::SUP_0266"": 0.8621121808270299, ""PROD::PRO_004598||SUP::SUP_0298"": 0.8325757302017754, ""PROD::PRO_004665||SUP::SUP_0298"": 0.8188535735607948, ""PROD::PRO_004020||SUP::SUP_0266"": 0.7345204360795345, ""PROD::PRO_004037||SUP::SUP_0266"": 0.7141553802328356, ""PROD::PRO_004014||SUP::SUP_0266"": 0.7006299409983539, ""PROD::PRO_004026||SUP::SUP_0266"": 0.6777155444183007, ""PROD::PRO_004097||SUP::SUP_0266"": 0.6040080141623261, ""PROD::PRO_004009||SUP::SUP_0266"": 0.5321306185079869}","{""银行金融服务"": 0.41410711553581947, ""金融信息服务"": 0.17196084360070796, ""数字资本市场服务"": 0.13106142716719024, ""知识产权服务"": 0.11566420613945243, ""法律服务"": 0.09581376641217258, ""出版业"": 0.07139264114465739}","{""互联网数据服务"": 0.4733029597796705, ""货币银行服务"": 0.22156195407410664, ""互联网信息服务"": 0.21421022488476613, ""互联网相关服务"": 0.09092486126145669}"
PRO_004060,SUP_0266,PROD::PRO_004060||SUP::SUP_0266,1.1642877268482685,1.209241861956672,0.6217500912342002,0.5164282324468901,3.0355157695362758,"{""PROD::PRO_004105||SUP::SUP_0266"": 0.9396307120754289, ""PROD::PRO_004087||SUP::SUP_0266"": 0.9110139475669609, ""PROD::PRO_004115||SUP::SUP_0266"": 0.8910109893529138, ""PROD::PRO_004106||SUP::SUP_0266"": 0.888393446211152, ""PROD::PRO_004107||SUP::SUP_0266"": 0.8863861009924932, ""PROD::PRO_004073||SUP::SUP_0266"": 0.8823550608309406, ""PROD::PRO_000052||SUP::SUP_0019"": 0.7835678537948633, ""PROD::PRO_004040||SUP::SUP_0266"": 0.772159000258326, ""PROD::PRO_004084||SUP::SUP_0266"": 0.7668839200192387, ""PROD::PRO_002861||SUP::SUP_0160"": 0.738485640212937}","{""法律服务"": 0.6217500912342002, ""数字金融"": 0.13360339340510882, ""其他数字政府"": 0.10768630632558177, ""网上税务办理"": 0.09064943182034513, ""其他数字金融"": 0.04631077721476393}","{""互联网数据服务"": 0.5164282324468901, ""互联网信息服务"": 0.19597129060765545, ""法律服务"": 0.17991417061987278, ""互联网相关服务"": 0.1076863063255818}"
PRO_004093,SUP_0266,PROD::PRO_004093||SUP::SUP_0266,2.0246630425570977,0.6090531246427966,0.23236656739952782,0.7021248873327989,8.779310525757896,"{""PROD::PRO_003989||SUP::SUP_0266"": 0.9876666587203088, ""PROD::PRO_004016||SUP::SUP_0266"": 0.8294204194691659, ""PROD::PRO_004091||SUP::SUP_0266"": 0.7872374583383998, ""PROD::PRO_004024||SUP::SUP_0266"": 0.7723638742611907, ""PROD::PRO_004002||SUP::SUP_0266"": 0.7404671414244137, ""PROD::PRO_004001||SUP::SUP_0266"": 0.7327259439406792, ""PROD::PRO_004003||SUP::SUP_0266"": 0.7309684239102391, ""PROD::PRO_004004||SUP::SUP_0266"": 0.718761105915734, ""PROD::PRO_004000||SUP::SUP_0266"": 0.7163701901603257, ""PROD::PRO_004036||SUP::SUP_0266"": 0.7082491306036631}","{""数字化商务服务"": 0.23236656739952782, ""银行金融服务"": 0.14792379223323132, ""金融信息服务"": 0.12786602863761373, ""法律服务"": 0.10737903742329216, ""网上税务办理"": 0.10191791583095813, ""人力资源服务"": 0.09486070599247914, ""咨询与调查"": 0.09463317263944017, ""地理遥感信息及测绘地理信息服务"": 0.09305277984345751}","{""互联网数据服务"": 0.7021248873327989, ""互联网信息服务"": 0.2978751126672011}"
PRO_004114,SUP_0266,PROD::PRO_004114||SUP::SUP_0266,1.9927691145900086,0.35010321756181023,0.2798474922053325,0.8882766976016409,6.055522086010344,"{""PROD::PRO_004112||SUP::SUP_0266"": 0.8202600090056265, ""PROD::PRO_004046||SUP::SUP_0266"": 0.8061965367909538, ""PROD::PRO_004074||SUP::SUP_0266"": 0.7829404214728272, ""PROD::PRO_004059||SUP::SUP_0266"": 0.739493730857321, ""PROD::PRO_004001||SUP::SUP_0266"": 0.7350135723158039, ""PROD::PRO_004061||SUP::SUP_0266"": 0.728000571363009, ""PROD::PRO_004000||SUP::SUP_0266"": 0.7106340007185582, ""PROD::PRO_004113||SUP::SUP_0266"": 0.6753744441471986, ""PROD::PRO_004005||SUP::SUP_0266"": 0.6732445988246656, ""PROD::PRO_004075||SUP::SUP_0266"": 0.6707304349988782}","{""数字化商务服务"": 0.2798474922053325, ""其他商务服务业"": 0.11172330239835916, ""土地调查评估服务"": 0.10980779080232814, ""其他土木工程建筑"": 0.10664019762970968, ""住宅房屋建筑"": 0.10072255237021628, ""人力资源服务"": 0.10011233353468718, ""其他互联网平台"": 0.09915712955355087, ""应用软件开发"": 0.09198920150581623}","{""互联网数据服务"": 0.8882766976016409, ""互联网相关服务"": 0.11172330239835913}"
PRO_004089,SUP_0266,PROD::PRO_004089||SUP::SUP_0266,2.1405622130640687,0.6003705617853021,0.19293256360703548,0.7119785937980239,7.13923169405715,"{""PROD::PRO_004113||SUP::SUP_0266"": 0.8835598003439367, ""PROD::PRO_004009||SUP::SUP_0266"": 0.8608331402194385, ""PROD::PRO_004001||SUP::SUP_0266"": 0.7892596069666094, ""PROD::PRO_004000||SUP::SUP_0266"": 0.7841094672945993, ""PROD::PRO_004091||SUP::SUP_0266"": 0.7597449348273477, ""PROD::PRO_004002||SUP::SUP_0266"": 0.7581269119779861, ""PROD::PRO_004037||SUP::SUP_0266"": 0.7562930976288997, ""PROD::PRO_004084||SUP::SUP_0266"": 0.7536270466269561, ""PROD::PRO_004004||SUP::SUP_0266"": 0.7509930799373907, ""PROD::PRO_004003||SUP::SUP_0266"": 0.7474993165080444}","{""网上税务办理"": 0.19293256360703548, ""数字化商务服务"": 0.14828735879710037, ""应用软件开发"": 0.11264081763735453, ""出版业"": 0.10974350431731299, ""人力资源服务"": 0.10061893651369089, ""法律服务"": 0.0964161937395135, ""地理遥感信息及测绘地理信息服务"": 0.09574051980546668, ""咨询与调查"": 0.09529511659771563, ""银行金融服务"": 0.04832498898480986}","{""互联网数据服务"": 0.7119785937980239, ""互联网信息服务"": 0.28802140620197614}"
PRO_004103,SUP_0266,PROD::PRO_004103||SUP::SUP_0266,2.3053307572945316,1.7535230865854428,0.20953069011142283,0.3180699532271259,7.644770413580617,"{""PROD::PRO_004029||SUP::SUP_0266"": 0.9988814846640174, ""PROD::PRO_004079||SUP::SUP_0266"": 0.8508552021439406, ""PROD::PRO_004602||SUP::SUP_0298"": 0.7677640871172262, ""PROD::PRO_004673||SUP::SUP_0298"": 0.7614653356266867, ""PROD::PRO_004126||SUP::SUP_0266"": 0.7594227140372484, ""PROD::PRO_004125||SUP::SUP_0266"": 0.7405736280118309, ""PROD::PRO_000036||SUP::SUP_0012"": 0.7077167951028783, ""PROD::PRO_004650||SUP::SUP_0298"": 0.5694883805272699, ""PROD::PRO_004057||SUP::SUP_0266"": 0.4955607370321018, ""PROD::PRO_000035||SUP::SUP_0012"": 0.37507761672167717}","{""银行金融服务"": 0.20953069011142283, ""数字化商务服务"": 0.1421529906143807, ""电信"": 0.12108704928618005, ""其他未列明食品制造"": 0.10539263927535283, ""数字社会"": 0.09470545506419477, ""住宅房屋建筑"": 0.07052432333739261, ""数字政府"": 0.054631086242800775, ""正餐服务"": 0.05403754679525161, ""食品、饮料及烟草制品专门零售"": 0.05403754679525161, ""数字金融"": 0.0405225633145666}","{""互联网数据服务"": 0.3180699532271259, ""货币银行服务"": 0.29867308261399084, ""电信"": 0.12108704928617997, ""互联网信息服务"": 0.10807509359050314, ""国家行政机构"": 0.10071671211899381, ""化学药品原料药制造"": 0.0035585406108803743, ""其他未列明制造业"": 0.0035585406108803743, ""基础化学原料制造"": 0.0035585406108803743, ""专用化学产品制造"": 0.0035585406108803743, ""其他批发业"": 0.0035585406108803743}"
PRO_004102,SUP_0266,PROD::PRO_004102||SUP::SUP_0266,1.9876329641472434,1.4388597721322918,0.20083985339265042,0.4392267129025832,5.45625058488573,"{""PROD::PRO_004028||SUP::SUP_0266"": 0.9986067601497041, ""PROD::PRO_004671||SUP::SUP_0298"": 0.872898523944069, ""PROD::PRO_004600||SUP::SUP_0298"": 0.8717753509274351, ""PROD::PRO_004077||SUP::SUP_0266"": 0.8534731495013042, ""PROD::PRO_004091||SUP::SUP_0266"": 0.5688143113889829, ""PROD::PRO_000069||SUP::SUP_0026"": 0.5620307212204113, ""PROD::PRO_001702||SUP::SUP_0122"": 0.4474644006399088, ""PROD::PRO_000034||SUP::SUP_0012"": 0.4378360631392124, ""PROD::PRO_001708||SUP::SUP_0122"": 0.408665033153675, ""PROD::PRO_004001||SUP::SUP_0266"": 0.39933727998574287}","{""银行金融服务"": 0.20083985339265042, ""数字金融"": 0.20073264672463154, ""网上税务办理"": 0.15223397060755176, ""环境治理业"": 0.13292107611369178, ""数字政府"": 0.11320121317312155, ""房地产开发经营"": 0.06968871802279691, ""供应链管理服务"": 0.06818918756594988, ""人力资源服务"": 0.06219333439960604}","{""互联网数据服务"": 0.4392267129025832, ""货币银行服务"": 0.2037446912613736, ""国家行政机构"": 0.1361623928205585, ""其他未列明金融业"": 0.1333347694639747, ""环境治理业"": 0.08753143355151002}"
PRO_004110,SUP_0266,PROD::PRO_004110||SUP::SUP_0266,2.1711194994614567,1.4840743670288787,0.2299210996056065,0.39680243047159586,3.061452393364738,"{""PROD::PRO_004045||SUP::SUP_0266"": 0.9910860629847512, ""PROD::PRO_004675||SUP::SUP_0298"": 0.951191791450019, ""PROD::PRO_004044||SUP::SUP_0266"": 0.922550124370439, ""PROD::PRO_004043||SUP::SUP_0266"": 0.8758084667896671, ""PROD::PRO_004551||SUP::SUP_0298"": 0.873671512855562, ""PROD::PRO_004619||SUP::SUP_0298"": 0.7636702652716925, ""PROD::PRO_004046||SUP::SUP_0266"": 0.6807366579629602, ""PROD::PRO_004054||SUP::SUP_0266"": 0.428121510097891, ""PROD::PRO_004114||SUP::SUP_0266"": 0.4061698271470897, ""PROD::PRO_003448||SUP::SUP_0209"": 0.3782826006496025}","{""土地调查评估服务"": 0.2299210996056065, ""房地产开发经营"": 0.16049868645922516, ""土地登记服务"": 0.1268757365112844, ""银行金融服务"": 0.11866459228919779, ""数字政府"": 0.11866459228919779, ""住宅房屋建筑"": 0.05887835302939308, ""贸易经纪与代理"": 0.05585939951296953, ""数字技术研究和试验发展"": 0.043604914940191836, ""互联网房地产业"": 0.03500847805757756, ""数字化商务服务"": 0.026012073652678092}","{""互联网数据服务"": 0.39680243047159586, ""货币银行服务"": 0.22517903204701792, ""互联网信息服务"": 0.13630129232606142, ""软件开发"": 0.13081474482057553, ""互联网相关服务"": 0.11090250033474928}"
PRO_004073,SUP_0266,PROD::PRO_004073||SUP::SUP_0266,1.3473512811387116,1.423864804217343,0.5514309502188885,0.40105793708767423,5.353251779446662,"{""PROD::PRO_004115||SUP::SUP_0266"": 0.9911866642011564, ""PROD::PRO_004106||SUP::SUP_0266"": 0.8863337858168514, ""PROD::PRO_004060||SUP::SUP_0266"": 0.8823550608309406, ""PROD::PRO_004107||SUP::SUP_0266"": 0.8476276262214826, ""PROD::PRO_004105||SUP::SUP_0266"": 0.795390885185377, ""PROD::PRO_004066||SUP::SUP_0266"": 0.7664503683534647, ""PROD::PRO_000056||SUP::SUP_0022"": 0.7565780301000669, ""PROD::PRO_000052||SUP::SUP_0019"": 0.7148147145292134, ""PROD::PRO_004031||SUP::SUP_0266"": 0.6728901468767386, ""PROD::PRO_004087||SUP::SUP_0266"": 0.6708611121398644}","{""法律服务"": 0.5514309502188885, ""银行金融服务"": 0.17903065373672644, ""数字化商务服务"": 0.09599242061707125, ""其他数字政府"": 0.08402055072464623, ""数字金融"": 0.04476271235133381, ""其他数字金融"": 0.04476271235133381}","{""互联网数据服务"": 0.40105793708767423, ""互联网相关服务"": 0.2905216247785232, ""互联网信息服务"": 0.12413903249133856, ""人民法院和人民检察院"": 0.09475598093979637, ""法律服务"": 0.08952542470266762}"
PRO_004014,SUP_0266,PROD::PRO_004014||SUP::SUP_0266,2.0014058405780446,1.1617572768791502,0.22884891345476077,0.4864832559152128,6.8811402662228085,"{""PROD::PRO_004020||SUP::SUP_0266"": 0.9883510739425928, ""PROD::PRO_004098||SUP::SUP_0266"": 0.7531766108170168, ""PROD::PRO_004009||SUP::SUP_0266"": 0.739812334894935, ""PROD::PRO_004089||SUP::SUP_0266"": 0.7156225352116644, ""PROD::PRO_004113||SUP::SUP_0266"": 0.7056060299730333, ""PROD::PRO_004027||SUP::SUP_0266"": 0.7006299409983539, ""PROD::PRO_004043||SUP::SUP_0266"": 0.6821825342850617, ""PROD::PRO_004596||SUP::SUP_0298"": 0.6697749064950846, ""PROD::PRO_004081||SUP::SUP_0266"": 0.6463097559492699, ""PROD::PRO_004037||SUP::SUP_0266"": 0.6440394249392194}","{""银行金融服务"": 0.22884891345476077, ""数字资本市场服务"": 0.20064944020027975, ""出版业"": 0.10210638455616372, ""国家行政机构"": 0.09876779060159364, ""应用软件开发"": 0.09738534658496376, ""房地产开发经营"": 0.09415251530389931, ""知识产权服务"": 0.08920147633484432, ""法律服务"": 0.08888813296349472}","{""互联网数据服务"": 0.4864832559152128, ""互联网信息服务"": 0.324378123713355, ""互联网相关服务"": 0.09669856369358838, ""货币银行服务"": 0.09244005667784375}"
PRO_004065,SUP_0266,PROD::PRO_004065||SUP::SUP_0266,2.1170376128138626,0.7959989293344019,0.2281791802286319,0.7063435540072318,3.581532029056108,"{""PROD::PRO_004033||SUP::SUP_0266"": 0.9358578916686281, ""PROD::PRO_004112||SUP::SUP_0266"": 0.7777174828113859, ""PROD::PRO_004059||SUP::SUP_0266"": 0.7742186377771597, ""PROD::PRO_004074||SUP::SUP_0266"": 0.748888512168967, ""PROD::PRO_004001||SUP::SUP_0266"": 0.7252586573373591, ""PROD::PRO_004009||SUP::SUP_0266"": 0.7247222640253259, ""PROD::PRO_004089||SUP::SUP_0266"": 0.7210922489771603, ""PROD::PRO_004002||SUP::SUP_0266"": 0.7064854836045803, ""PROD::PRO_004036||SUP::SUP_0266"": 0.7050535888583517, ""PROD::PRO_004113||SUP::SUP_0266"": 0.690484927671549}","{""其他商务服务业"": 0.2281791802286319, ""数字化商务服务"": 0.14092242031803948, ""住宅房屋建筑"": 0.1030947203821298, ""其他土木工程建筑"": 0.09972176849308928, ""人力资源服务"": 0.09657522414803295, ""出版业"": 0.09650379817632336, ""国家行政机构"": 0.09602042646694678, ""应用软件开发"": 0.09194476478989448, ""银行金融服务"": 0.04703769699691197}","{""互联网数据服务"": 0.7063435540072318, ""互联网信息服务"": 0.19009582046077073, ""互联网相关服务"": 0.10356062553199753}"
PRO_003991,SUP_0266,PROD::PRO_003991||SUP::SUP_0266,1.6951496086542117,0.6296611257987866,0.4294590259578313,0.6762537056387977,8.482788974170271,"{""PROD::PRO_004123||SUP::SUP_0266"": 0.996708494692925, ""PROD::PRO_004124||SUP::SUP_0266"": 0.9462654624863581, ""PROD::PRO_004088||SUP::SUP_0266"": 0.9436432681449834, ""PROD::PRO_004101||SUP::SUP_0266"": 0.8428194643948209, ""PROD::PRO_004063||SUP::SUP_0266"": 0.6901190674368327, ""PROD::PRO_004122||SUP::SUP_0266"": 0.6743044170936411, ""PROD::PRO_004040||SUP::SUP_0266"": 0.6432398172828641, ""PROD::PRO_004061||SUP::SUP_0266"": 0.5991357210194294, ""PROD::PRO_004070||SUP::SUP_0266"": 0.5827424688042591, ""PROD::PRO_003987||SUP::SUP_0266"": 0.563023837142635}","{""数字化商务服务"": 0.4294590259578313, ""银行金融服务"": 0.12647222763997926, ""资本投资服务"": 0.11264624926737607, ""科技中介服务"": 0.09012352782403274, ""法律服务"": 0.08597161771575264, ""其他互联网平台"": 0.08007692587332994, ""证券市场服务"": 0.07525042572169806}","{""互联网数据服务"": 0.6762537056387977, ""互联网信息服务"": 0.3237462943612022}"
PRO_004105,SUP_0266,PROD::PRO_004105||SUP::SUP_0266,1.1745214924426834,1.3364167089388168,0.6121883595692968,0.39164494728116206,3.048770287800087,"{""PROD::PRO_004060||SUP::SUP_0266"": 0.9396307120754289, ""PROD::PRO_004107||SUP::SUP_0266"": 0.9225069548250272, ""PROD::PRO_004087||SUP::SUP_0266"": 0.8807577548024591, ""PROD::PRO_002861||SUP::SUP_0160"": 0.8659718480959028, ""PROD::PRO_004106||SUP::SUP_0266"": 0.8616960467248855, ""PROD::PRO_000052||SUP::SUP_0019"": 0.801177206980369, ""PROD::PRO_004115||SUP::SUP_0266"": 0.7994967095928374, ""PROD::PRO_004073||SUP::SUP_0266"": 0.795390885185377, ""PROD::PRO_004082||SUP::SUP_0266"": 0.7417813742974714, ""PROD::PRO_004031||SUP::SUP_0266"": 0.6578415780242773}","{""法律服务"": 0.6121883595692968, ""数字金融"": 0.1532206608253355, ""其他数字政府"": 0.1065486333864887, ""银行金融服务"": 0.07958161110828772, ""其他数字金融"": 0.048460735110591374}","{""互联网数据服务"": 0.39164494728116206, ""互联网相关服务"": 0.22021935352912864, ""法律服务"": 0.20168139593592688, ""互联网信息服务"": 0.18645430325378246}"
PRO_004036,SUP_0266,PROD::PRO_004036||SUP::SUP_0266,1.7688990751122469,0.6116127108282292,0.3412275205970788,0.699114509013144,7.371131640521904,"{""PROD::PRO_004002||SUP::SUP_0266"": 0.8698966844378293, ""PROD::PRO_004004||SUP::SUP_0266"": 0.8668403647912148, ""PROD::PRO_004003||SUP::SUP_0266"": 0.8659356707773377, ""PROD::PRO_004001||SUP::SUP_0266"": 0.8559486768224849, ""PROD::PRO_004074||SUP::SUP_0266"": 0.8475242355100229, ""PROD::PRO_003990||SUP::SUP_0266"": 0.8281137891702477, ""PROD::PRO_004017||SUP::SUP_0266"": 0.8088201003299018, ""PROD::PRO_004000||SUP::SUP_0266"": 0.808007885414979, ""PROD::PRO_004005||SUP::SUP_0266"": 0.7737538815411149, ""PROD::PRO_004084||SUP::SUP_0266"": 0.7556461834955163}","{""数字化商务服务"": 0.3412275205970788, ""咨询与调查"": 0.2045833008764829, ""地理遥感信息及测绘地理信息服务"": 0.10468470216179421, ""人力资源服务"": 0.10336935834838017, ""其他土木工程建筑"": 0.10235197364238875, ""网上税务办理"": 0.09125624379291285, ""银行金融服务"": 0.05252690058096228}","{""互联网数据服务"": 0.699114509013144, ""互联网信息服务"": 0.30088549098685613}"
PRO_004104,SUP_0266,PROD::PRO_004104||SUP::SUP_0266,1.287792444514474,1.174301380228761,0.4788734133999195,0.424153918612309,8.70173429249326,"{""PROD::PRO_004030||SUP::SUP_0266"": 0.9952163719534768, ""PROD::PRO_004021||SUP::SUP_0266"": 0.9808647946262187, ""PROD::PRO_004048||SUP::SUP_0266"": 0.9749217092083926, ""PROD::PRO_004092||SUP::SUP_0266"": 0.9327601933776929, ""PROD::PRO_004023||SUP::SUP_0266"": 0.911189202181516, ""PROD::PRO_004087||SUP::SUP_0266"": 0.798072606105021, ""PROD::PRO_004661||SUP::SUP_0298"": 0.7894331334917486, ""PROD::PRO_004097||SUP::SUP_0266"": 0.7240475012020224, ""PROD::PRO_004049||SUP::SUP_0266"": 0.7183725102686103, ""PROD::PRO_004037||SUP::SUP_0266"": 0.6618991489221131}","{""银行金融服务"": 0.4788734133999195, ""法律服务"": 0.2952650333444077, ""其他数字政府"": 0.09403718160533617, ""金融信息服务"": 0.08531477692703138, ""数字社会"": 0.046509594723305285}","{""互联网信息服务"": 0.424153918612309, ""互联网数据服务"": 0.38878971033574433, ""互联网相关服务"": 0.09403718160533617, ""货币银行服务"": 0.09301918944661057}"
PRO_001742,SUP_0127,PROD::PRO_001742||SUP::SUP_0127,1.233216437699845,1.4101257525687434,0.6312456748885871,0.4440081622338694,9.671034487799432,"{""PROD::PRO_001748||SUP::SUP_0127"": 0.9092195706692665, ""PROD::PRO_000727||SUP::SUP_0051"": 0.9088313109403634, ""PROD::PRO_001774||SUP::SUP_0127"": 0.8809736192869371, ""PROD::PRO_001747||SUP::SUP_0127"": 0.8173415799457339, ""PROD::PRO_001744||SUP::SUP_0127"": 0.8134225988005664, ""PROD::PRO_001743||SUP::SUP_0127"": 0.735683444043601, ""PROD::PRO_001746||SUP::SUP_0127"": 0.731405213071268, ""PROD::PRO_002985||SUP::SUP_0166"": 0.6706436908241882, ""PROD::PRO_004622||SUP::SUP_0298"": 0.6302685929586505, ""PROD::PRO_004540||SUP::SUP_0298"": 0.6282613977759489}","{""银行金融服务"": 0.6312456748885871, ""数字金融"": 0.14594173595481, ""互联网金融"": 0.09522114755642702, ""数字政府"": 0.040788534237247605, ""互联网零售"": 0.028934302454309484, ""数字技术研究和试验发展"": 0.028934302454309484, ""电信"": 0.028934302454309484}","{""电信"": 0.4440081622338694, ""软件开发"": 0.2978763490060355, ""互联网数据服务"": 0.09522114755642702, ""货币银行服务"": 0.08144717060183407, ""金融信息服务"": 0.0407885342372476, ""国家行政机构"": 0.040658636364586456}"
PRO_001762,SUP_0127,PROD::PRO_001762||SUP::SUP_0127,1.4940374557840643,0.7747214419936647,0.5393421895422,0.7105171262860772,9.69301043137926,"{""PROD::PRO_002966||SUP::SUP_0166"": 0.7648004286246759, ""PROD::PRO_001763||SUP::SUP_0127"": 0.7605671640831373, ""PROD::PRO_001764||SUP::SUP_0127"": 0.7605671640831373, ""PROD::PRO_005201||SUP::SUP_0319"": 0.7457244845703348, ""PROD::PRO_002965||SUP::SUP_0166"": 0.6364955265970945, ""PROD::PRO_000040||SUP::SUP_0014"": 0.6192786483094073, ""PROD::PRO_001768||SUP::SUP_0127"": 0.6180171943504628, ""PROD::PRO_001742||SUP::SUP_0127"": 0.5895884095802749, ""PROD::PRO_001766||SUP::SUP_0127"": 0.5565645885520559, ""PROD::PRO_004702||SUP::SUP_0298"": 0.5444379256287906}","{""银行金融服务"": 0.5393421895422, ""汽车、摩托车、零配件和燃料及其他动力销售"": 0.11305636580417633, ""广告业"": 0.09388640824677218, ""数字社会"": 0.07343558038894857, ""互联网零售"": 0.07081499552512141, ""电信"": 0.07081499552512141, ""数字技术研究和试验发展"": 0.03864946496765992}","{""电信"": 0.7105171262860772, ""互联网数据服务"": 0.20694277405094852, ""货币银行服务"": 0.0825400996629742}"
PRO_005723,SUP_0353,PROD::PRO_005723||SUP::SUP_0353,2.1363951025733656,1.5638039574093356,0.2802593120095102,0.3848336991824837,9.717155362422044,"{""PROD::PRO_000058||SUP::SUP_0022"": 0.8763564551663502, ""PROD::PRO_004076||SUP::SUP_0266"": 0.830408276047649, ""PROD::PRO_000062||SUP::SUP_0025"": 0.7727608297203021, ""PROD::PRO_004649||SUP::SUP_0298"": 0.7492582538609388, ""PROD::PRO_004348||SUP::SUP_0287"": 0.6611646019003209, ""PROD::PRO_001314||SUP::SUP_0100"": 0.5909413297146655, ""PROD::PRO_003998||SUP::SUP_0266"": 0.5015526575653534, ""PROD::PRO_001696||SUP::SUP_0121"": 0.4771484613754895, ""PROD::PRO_000057||SUP::SUP_0022"": 0.46326647761430007, ""PROD::PRO_002860||SUP::SUP_0160"": 0.4601387884696543}","{""银行金融服务"": 0.2802593120095102, ""金融信息服务"": 0.15041140138834655, ""互联网零售"": 0.1372954702025376, ""智慧配送"": 0.09258055583088848, ""数字化商务服务"": 0.07857636872052973, ""法律服务"": 0.06504847088642654, ""社会团体"": 0.06504847088642654, ""数字金融"": 0.03604410679520543, ""其他未列明金融业"": 0.03604410679520543, ""其他数字化效率提升业"": 0.029345868242461656}","{""互联网数据服务"": 0.3848336991824837, ""互联网平台"": 0.25836100334842255, ""国家行政机构"": 0.1307799500753342, ""智慧物流"": 0.09258055583088849, ""信息技术服务"": 0.0747530550779477, ""货币银行服务"": 0.05869173648492332}"
PRO_004702,SUP_0298,PROD::PRO_004702||SUP::SUP_0298,1.561441316752665,1.0427299208471155,0.5659025983279917,0.6252782043952471,11.067645814889397,"{""PROD::PRO_004706||SUP::SUP_0298"": 0.8819902039031177, ""PROD::PRO_002966||SUP::SUP_0166"": 0.8109146300992166, ""PROD::PRO_000054||SUP::SUP_0020"": 0.7558868176145181, ""PROD::PRO_001766||SUP::SUP_0127"": 0.6735063281607854, ""PROD::PRO_001764||SUP::SUP_0127"": 0.6568453131507577, ""PROD::PRO_001763||SUP::SUP_0127"": 0.6568453131507577, ""PROD::PRO_001762||SUP::SUP_0127"": 0.5444379256287906, ""PROD::PRO_002965||SUP::SUP_0166"": 0.5388622931178124, ""PROD::PRO_000040||SUP::SUP_0014"": 0.5355892546095761, ""PROD::PRO_005201||SUP::SUP_0319"": 0.42253935487699956}","{""银行金融服务"": 0.5659025983279917, ""广告业"": 0.08268561661202192, ""互联网零售"": 0.06946065243363599, ""电信"": 0.06946065243363599, ""汽车、摩托车、零配件和燃料及其他动力销售"": 0.06523268866982602, ""数字技术研究和试验发展"": 0.041730346923122996, ""互联网保险"": 0.03889856954462625, ""数据资源与产权交易"": 0.03889856954462625, ""数字社会"": 0.027730305510512986}","{""电信"": 0.6252782043952471, ""互联网数据服务"": 0.1899441536349879, ""城市公共交通运输"": 0.11669570863387871, ""货币银行服务"": 0.06808193333588614}"
PRO_000655,SUP_0038,PROD::PRO_000655||SUP::SUP_0038,1.946906639987536,1.3828428231347445,0.29739076278382853,0.3951405274251268,9.315077720165792,"{""PROD::PRO_004024||SUP::SUP_0266"": 0.9102518376467527, ""PROD::PRO_004631||SUP::SUP_0298"": 0.8999877892609905, ""PROD::PRO_004535||SUP::SUP_0298"": 0.8698918581861111, ""PROD::PRO_004016||SUP::SUP_0266"": 0.8621531711308174, ""PROD::PRO_004093||SUP::SUP_0266"": 0.6609137796994131, ""PROD::PRO_003989||SUP::SUP_0266"": 0.6083196773868439, ""PROD::PRO_000650||SUP::SUP_0038"": 0.5743803776086961, ""PROD::PRO_000653||SUP::SUP_0038"": 0.5250607575031251, ""PROD::PRO_004091||SUP::SUP_0266"": 0.5114766823641327, ""PROD::PRO_004559||SUP::SUP_0298"": 0.3877032230791806}","{""银行金融服务"": 0.29739076278382853, ""金融信息服务"": 0.17366753134906654, ""法律服务"": 0.12659846614754997, ""数字社会"": 0.10560640156187505, ""数字化商务服务"": 0.09704849853533719, ""数字技术研究和试验发展"": 0.08662963695058296, ""网上税务办理"": 0.07510517344917561, ""数字金融"": 0.018976764611292093, ""咨询与调查"": 0.018976764611292093}","{""互联网数据服务"": 0.3951405274251268, ""货币银行服务"": 0.28835405776868706, ""其他未列明金融业"": 0.1614418017416982, ""互联网信息服务"": 0.12659846614754997, ""道路货物运输"": 0.028465146916938144}"
PRO_000661,SUP_0038,PROD::PRO_000661||SUP::SUP_0038,1.0899493698495768,0.32178607802827486,0.45175253890745676,0.9014948068565033,12.893656751023634,"{""PROD::PRO_000651||SUP::SUP_0038"": 0.9396916027399297, ""PROD::PRO_000658||SUP::SUP_0038"": 0.9228839357104939, ""PROD::PRO_000663||SUP::SUP_0038"": 0.9220453409516243, ""PROD::PRO_000664||SUP::SUP_0038"": 0.920655851021482, ""PROD::PRO_000660||SUP::SUP_0038"": 0.9068285667580315, ""PROD::PRO_000662||SUP::SUP_0038"": 0.9065960168278056, ""PROD::PRO_003312||SUP::SUP_0175"": 0.8782534961558536, ""PROD::PRO_000650||SUP::SUP_0038"": 0.8540313092712115, ""PROD::PRO_000654||SUP::SUP_0038"": 0.8512937443617408, ""PROD::PRO_000656||SUP::SUP_0038"": 0.8135292233071533}","{""金融信息服务"": 0.45175253890745676, ""银行金融服务"": 0.4071432333410978, ""其他数字金融"": 0.09548137875596081, ""数字资本市场服务"": 0.04562284899548471}","{""其他未列明金融业"": 0.9014948068565033, ""软件开发"": 0.09850519314349676}"
PRO_000650,SUP_0038,PROD::PRO_000650||SUP::SUP_0038,0.8937508463708858,0.32526830119668104,0.6025552151194464,0.8999156356890637,13.10622511372088,"{""PROD::PRO_000653||SUP::SUP_0038"": 0.9500348889838508, ""PROD::PRO_000651||SUP::SUP_0038"": 0.9240043709216947, ""PROD::PRO_000658||SUP::SUP_0038"": 0.9100942507326478, ""PROD::PRO_003312||SUP::SUP_0175"": 0.8925885478336278, ""PROD::PRO_000663||SUP::SUP_0038"": 0.8879513431717482, ""PROD::PRO_000664||SUP::SUP_0038"": 0.8874622802431105, ""PROD::PRO_000660||SUP::SUP_0038"": 0.8791049307496531, ""PROD::PRO_000654||SUP::SUP_0038"": 0.8724008286269959, ""PROD::PRO_000662||SUP::SUP_0038"": 0.8606888135214161, ""PROD::PRO_000661||SUP::SUP_0038"": 0.8540313092712115}","{""银行金融服务"": 0.6025552151194464, ""金融信息服务"": 0.29962403357315326, ""其他数字金融"": 0.09782075130740038}","{""其他未列明金融业"": 0.8999156356890637, ""软件开发"": 0.10008436431093629}"
PRO_000657,SUP_0038,PROD::PRO_000657||SUP::SUP_0038,1.488386275504493,1.2096021680983555,0.4589458100436497,0.5902624379951019,9.464056876021878,"{""PROD::PRO_004546||SUP::SUP_0298"": 0.8733191228882766, ""PROD::PRO_004553||SUP::SUP_0298"": 0.859287521030712, ""PROD::PRO_004548||SUP::SUP_0298"": 0.7192600457533097, ""PROD::PRO_004578||SUP::SUP_0298"": 0.6226209768123863, ""PROD::PRO_004049||SUP::SUP_0266"": 0.6037609370224658, ""PROD::PRO_004611||SUP::SUP_0298"": 0.5867996046313974, ""PROD::PRO_004048||SUP::SUP_0266"": 0.5161204305809186, ""PROD::PRO_000654||SUP::SUP_0038"": 0.4878103143216642, ""PROD::PRO_004097||SUP::SUP_0266"": 0.47446107009965766, ""PROD::PRO_004026||SUP::SUP_0266"": 0.45937254875873657}","{""银行金融服务"": 0.4589458100436497, ""数字政府"": 0.1869640765108674, ""金融信息服务"": 0.15055003001201772, ""数字社会"": 0.09143760865034418, ""其他数字金融"": 0.07864340711044233, ""数字技术研究和试验发展"": 0.033459067672678755}","{""货币银行服务"": 0.5902624379951019, ""互联网信息服务"": 0.18054412488243804, ""其他未列明金融业"": 0.07864340711044233, ""互联网数据服务"": 0.07649127949619161, ""互联网相关服务"": 0.0740587505158261}"
PRO_000659,SUP_0038,PROD::PRO_000659||SUP::SUP_0038,0.9430795562661876,0.3207199693018018,0.49998022420514904,0.901975760267547,12.971844653330848,"{""PROD::PRO_000651||SUP::SUP_0038"": 0.7805462338775234, ""PROD::PRO_000658||SUP::SUP_0038"": 0.7751352391294569, ""PROD::PRO_000663||SUP::SUP_0038"": 0.7732041078053001, ""PROD::PRO_000664||SUP::SUP_0038"": 0.7692604652455308, ""PROD::PRO_000654||SUP::SUP_0038"": 0.749432086123201, ""PROD::PRO_000662||SUP::SUP_0038"": 0.7481750283576067, ""PROD::PRO_000660||SUP::SUP_0038"": 0.7424808472548838, ""PROD::PRO_003312||SUP::SUP_0175"": 0.7360746185083551, ""PROD::PRO_000661||SUP::SUP_0038"": 0.7275107690030886, ""PROD::PRO_000650||SUP::SUP_0038"": 0.7072887652622163}","{""银行金融服务"": 0.49998022420514904, ""金融信息服务"": 0.400216700636243, ""其他数字金融"": 0.09980307515860797}","{""其他未列明金融业"": 0.901975760267547, ""软件开发"": 0.09802423973245306}"
PRO_004112,SUP_0266,PROD::PRO_004112||SUP::SUP_0266,2.364903254191652,0.9724962103677264,0.216419353958995,0.7161220025378431,2.217774422936617,"{""PROD::PRO_004059||SUP::SUP_0266"": 0.9322758554689352, ""PROD::PRO_004114||SUP::SUP_0266"": 0.8202600090056265, ""PROD::PRO_004046||SUP::SUP_0266"": 0.8194451203760506, ""PROD::PRO_004074||SUP::SUP_0266"": 0.7810978726919036, ""PROD::PRO_004065||SUP::SUP_0266"": 0.7777174828113859, ""PROD::PRO_004125||SUP::SUP_0266"": 0.7601918418900735, ""PROD::PRO_004054||SUP::SUP_0266"": 0.752529854626312, ""PROD::PRO_004126||SUP::SUP_0266"": 0.7375979537930093, ""PROD::PRO_004558||SUP::SUP_0298"": 0.7198375313037866, ""PROD::PRO_004001||SUP::SUP_0266"": 0.6839588681441406}","{""住宅房屋建筑"": 0.216419353958995, ""贸易经纪与代理"": 0.10536534875428535, ""土地调查评估服务"": 0.10526067337854048, ""其他土木工程建筑"": 0.10033483147274619, ""行政办公自动化"": 0.09990060823282744, ""其他未列明食品制造"": 0.09764937661414227, ""人力资源服务"": 0.08785697691510806, ""正餐服务"": 0.04737355520724563, ""食品、饮料及烟草制品专门零售"": 0.04737355520724563, ""银行金融服务"": 0.018493144051772742}","{""互联网数据服务"": 0.7161220025378431, ""互联网相关服务"": 0.09666516678880192, ""互联网信息服务"": 0.09474711041449128, ""金融信息服务"": 0.04623286012943187, ""货币银行服务"": 0.04623286012943187}"
PRO_004111,SUP_0266,PROD::PRO_004111||SUP::SUP_0266,1.1712816448543464,0.49831476564181765,0.503844527608871,0.8015008396267486,9.330351185735141,"{""PROD::PRO_004013||SUP::SUP_0266"": 0.9658899647510506, ""PROD::PRO_004128||SUP::SUP_0266"": 0.9336402389669416, ""PROD::PRO_004078||SUP::SUP_0266"": 0.926466614352314, ""PROD::PRO_004117||SUP::SUP_0266"": 0.9144751240339486, ""PROD::PRO_004095||SUP::SUP_0266"": 0.8905462219683473, ""PROD::PRO_004052||SUP::SUP_0266"": 0.8892037203800226, ""PROD::PRO_004116||SUP::SUP_0266"": 0.8527146701627913, ""PROD::PRO_003987||SUP::SUP_0266"": 0.8510467651622777, ""PROD::PRO_004010||SUP::SUP_0266"": 0.8502076287472626, ""PROD::PRO_004096||SUP::SUP_0266"": 0.8285660751006029}","{""数字资本市场服务"": 0.503844527608871, ""证券市场服务"": 0.29140497156204653, ""金融信息服务"": 0.10487091094245385, ""银行金融服务"": 0.09987958988662854}","{""互联网数据服务"": 0.8015008396267486, ""互联网信息服务"": 0.19849916037325138}"
PRO_004074,SUP_0266,PROD::PRO_004074||SUP::SUP_0266,1.9634273364815447,0.9405760357457424,0.25401850198223624,0.6086393605692537,5.007412586646277,"{""PROD::PRO_004036||SUP::SUP_0266"": 0.8475242355100229, ""PROD::PRO_004059||SUP::SUP_0266"": 0.8039755671542282, ""PROD::PRO_004001||SUP::SUP_0266"": 0.8028386372744297, ""PROD::PRO_004114||SUP::SUP_0266"": 0.7829404214728272, ""PROD::PRO_004054||SUP::SUP_0266"": 0.7824375444775078, ""PROD::PRO_004112||SUP::SUP_0266"": 0.7810978726919036, ""PROD::PRO_004004||SUP::SUP_0266"": 0.7810325653021248, ""PROD::PRO_004000||SUP::SUP_0266"": 0.7704083009299513, ""PROD::PRO_004002||SUP::SUP_0266"": 0.761324364527118, ""PROD::PRO_004003||SUP::SUP_0266"": 0.7543305173212377}","{""数字化商务服务"": 0.25401850198223624, ""住宅房屋建筑"": 0.20163081507744574, ""人力资源服务"": 0.1020396311795528, ""贸易经纪与代理"": 0.09951059669209995, ""其他商务服务业"": 0.09927641140341721, ""地理遥感信息及测绘地理信息服务"": 0.09926811092850615, ""咨询与调查"": 0.09587431919850364, ""银行金融服务"": 0.048381613538238215}","{""互联网数据服务"": 0.6086393605692537, ""互联网相关服务"": 0.1987230931557663, ""互联网信息服务"": 0.1926375462749801}"
PRO_003990,SUP_0266,PROD::PRO_003990||SUP::SUP_0266,1.4096956645491174,0.613232210914292,0.5448710485964582,0.6971830824719583,10.188892272192696,"{""PROD::PRO_004017||SUP::SUP_0266"": 0.9859692569883447, ""PROD::PRO_004003||SUP::SUP_0266"": 0.9125451491816716, ""PROD::PRO_004002||SUP::SUP_0266"": 0.907859963899347, ""PROD::PRO_004004||SUP::SUP_0266"": 0.9025632843215674, ""PROD::PRO_004005||SUP::SUP_0266"": 0.829685245697776, ""PROD::PRO_004036||SUP::SUP_0266"": 0.8281137891702477, ""PROD::PRO_004001||SUP::SUP_0266"": 0.8203886256044944, ""PROD::PRO_004000||SUP::SUP_0266"": 0.7745767073131479, ""PROD::PRO_004061||SUP::SUP_0266"": 0.7686578316720766, ""PROD::PRO_004070||SUP::SUP_0266"": 0.7465451218330376}","{""数字化商务服务"": 0.5448710485964582, ""咨询与调查"": 0.10765074656369909, ""地理遥感信息及测绘地理信息服务"": 0.10647321008207757, ""人力资源服务"": 0.09677926412505515, ""其他互联网平台"": 0.09067670734509577, ""银行金融服务"": 0.0535490232876143}","{""互联网数据服务"": 0.6971830824719583, ""互联网信息服务"": 0.30281691752804185}"
PRO_004117,SUP_0266,PROD::PRO_004117||SUP::SUP_0266,0.9427115140763811,0.8018185202786278,0.4991646610586871,0.6993520991889056,7.849115466794958,"{""PROD::PRO_004013||SUP::SUP_0266"": 0.9432423696326517, ""PROD::PRO_004116||SUP::SUP_0266"": 0.938160031307312, ""PROD::PRO_004095||SUP::SUP_0266"": 0.9369425188700486, ""PROD::PRO_004034||SUP::SUP_0266"": 0.9286840751818674, ""PROD::PRO_004096||SUP::SUP_0266"": 0.9281469696901762, ""PROD::PRO_004010||SUP::SUP_0266"": 0.9264449788920589, ""PROD::PRO_004128||SUP::SUP_0266"": 0.9196477800901811, ""PROD::PRO_004111||SUP::SUP_0266"": 0.9144751240339486, ""PROD::PRO_004032||SUP::SUP_0266"": 0.909835794558716, ""PROD::PRO_004078||SUP::SUP_0266"": 0.9055051749648607}","{""数字资本市场服务"": 0.4991646610586871, ""证券市场服务"": 0.4014256158374707, ""金融信息服务"": 0.09940972310384236}","{""互联网数据服务"": 0.6993520991889056, ""互联网信息服务"": 0.20179731819276608, ""互联网相关服务"": 0.09885058261832834}"
PRO_004081,SUP_0266,PROD::PRO_004081||SUP::SUP_0266,1.7397679515989848,1.046956473564478,0.23653759687357487,0.4824208471949627,9.421277727367247,"{""PROD::PRO_004027||SUP::SUP_0266"": 0.8621121808270299, ""PROD::PRO_004098||SUP::SUP_0266"": 0.8129462676048653, ""PROD::PRO_004026||SUP::SUP_0266"": 0.7337737148010672, ""PROD::PRO_004035||SUP::SUP_0266"": 0.7169763628824568, ""PROD::PRO_004020||SUP::SUP_0266"": 0.6943597406671559, ""PROD::PRO_004037||SUP::SUP_0266"": 0.6724555186230963, ""PROD::PRO_004101||SUP::SUP_0266"": 0.6580529680896865, ""PROD::PRO_004041||SUP::SUP_0266"": 0.6527419022314671, ""PROD::PRO_004014||SUP::SUP_0266"": 0.6463097559492699, ""PROD::PRO_004097||SUP::SUP_0266"": 0.6318453870430332}","{""数字资本市场服务"": 0.23653759687357487, ""金融信息服务"": 0.19284118765959984, ""银行金融服务"": 0.18931801527775058, ""法律服务"": 0.18713317950513447, ""数字化商务服务"": 0.10124534224470544, ""资本投资服务"": 0.09292467843923496}","{""互联网数据服务"": 0.4824208471949627, ""互联网信息服务"": 0.2922216346899608, ""互联网相关服务"": 0.2253575181150765}"
PRO_004066,SUP_0266,PROD::PRO_004066||SUP::SUP_0266,1.7289642213105754,0.9539964633823823,0.41301242451548525,0.4932540604896285,3.4466402983632483,"{""PROD::PRO_004038||SUP::SUP_0266"": 0.7669918628007154, ""PROD::PRO_004073||SUP::SUP_0266"": 0.7664503683534647, ""PROD::PRO_004067||SUP::SUP_0266"": 0.7590107454823287, ""PROD::PRO_004115||SUP::SUP_0266"": 0.7454017818652897, ""PROD::PRO_004001||SUP::SUP_0266"": 0.71753626714791, ""PROD::PRO_004068||SUP::SUP_0266"": 0.6899596351468598, ""PROD::PRO_004084||SUP::SUP_0266"": 0.6776988386911195, ""PROD::PRO_003994||SUP::SUP_0266"": 0.6752117061895305, ""PROD::PRO_004106||SUP::SUP_0266"": 0.6566239653195122, ""PROD::PRO_004089||SUP::SUP_0266"": 0.6525716610408279}","{""法律服务"": 0.41301242451548525, ""住宅房屋建筑"": 0.10679076404108617, ""人力资源服务"": 0.10095541683961343, ""互联网资讯服务"": 0.0970754591201735, ""网上税务办理"": 0.09535039813908198, ""数字技术研究和试验发展"": 0.09500046530651408, ""国家行政机构"": 0.09181507203804562}","{""互联网数据服务"": 0.4932540604896285, ""互联网信息服务"": 0.39995517546928533, ""互联网相关服务"": 0.10679076404108617}"
PRO_004106,SUP_0266,PROD::PRO_004106||SUP::SUP_0266,1.1928565501810156,0.9390460795224501,0.6186050945910893,0.6099804201266222,4.927750112114868,"{""PROD::PRO_004107||SUP::SUP_0266"": 0.9651208822707307, ""PROD::PRO_004060||SUP::SUP_0266"": 0.888393446211152, ""PROD::PRO_004073||SUP::SUP_0266"": 0.8863337858168514, ""PROD::PRO_004115||SUP::SUP_0266"": 0.8749005758189994, ""PROD::PRO_004031||SUP::SUP_0266"": 0.865499909015118, ""PROD::PRO_004105||SUP::SUP_0266"": 0.8616960467248855, ""PROD::PRO_004118||SUP::SUP_0266"": 0.8255206678583815, ""PROD::PRO_004087||SUP::SUP_0266"": 0.7841075222881254, ""PROD::PRO_004082||SUP::SUP_0266"": 0.743990810245687, ""PROD::PRO_004000||SUP::SUP_0266"": 0.7434802490143377}","{""法律服务"": 0.6186050945910893, ""银行金融服务"": 0.10255900073002464, ""金融信息服务"": 0.09782158714942084, ""其他数字政府"": 0.09291426043276567, ""数字化商务服务"": 0.08810005709669978}","{""互联网数据服务"": 0.6099804201266222, ""互联网相关服务"": 0.1981860728841372, ""互联网信息服务"": 0.1918335069892406}"
PRO_004053,SUP_0266,PROD::PRO_004053||SUP::SUP_0266,1.3257934433628351,0.6133511821426596,0.5060849844988379,0.697040359530346,10.040624139179275,"{""PROD::PRO_004127||SUP::SUP_0266"": 0.9983803946026703, ""PROD::PRO_004070||SUP::SUP_0266"": 0.7061261310230943, ""PROD::PRO_004003||SUP::SUP_0266"": 0.7030421659189907, ""PROD::PRO_004004||SUP::SUP_0266"": 0.6975448694194589, ""PROD::PRO_004002||SUP::SUP_0266"": 0.688081507586885, ""PROD::PRO_003990||SUP::SUP_0266"": 0.6761375747827117, ""PROD::PRO_004036||SUP::SUP_0266"": 0.66650881195593, ""PROD::PRO_004017||SUP::SUP_0266"": 0.659356662171724, ""PROD::PRO_004005||SUP::SUP_0266"": 0.5843680612022868, ""PROD::PRO_004000||SUP::SUP_0266"": 0.5429924184832892}","{""数字化商务服务"": 0.5060849844988379, ""咨询与调查"": 0.1992303432255471, ""数字技术研究和试验发展"": 0.14422171586217358, ""地理遥感信息及测绘地理信息服务"": 0.10076431638921239, ""银行金融服务"": 0.04969864002422908}","{""互联网数据服务"": 0.697040359530346, ""互联网信息服务"": 0.3029596404696539}"
PRO_004124,SUP_0266,PROD::PRO_004124||SUP::SUP_0266,1.9260522613755975,0.5385355524464874,0.33412513203312655,0.770612201767372,6.5435001005420474,"{""PROD::PRO_004123||SUP::SUP_0266"": 0.9482506278499258, ""PROD::PRO_003991||SUP::SUP_0266"": 0.9462654624863581, ""PROD::PRO_004088||SUP::SUP_0266"": 0.9290323280069538, ""PROD::PRO_004101||SUP::SUP_0266"": 0.8114318710220302, ""PROD::PRO_003987||SUP::SUP_0266"": 0.7239974993863348, ""PROD::PRO_004040||SUP::SUP_0266"": 0.7040771727274598, ""PROD::PRO_004063||SUP::SUP_0266"": 0.6858618661519841, ""PROD::PRO_004122||SUP::SUP_0266"": 0.6615507670447325, ""PROD::PRO_004128||SUP::SUP_0266"": 0.6312732430373373, ""PROD::PRO_004068||SUP::SUP_0266"": 0.6294714605426857}","{""数字化商务服务"": 0.33412513203312655, ""咨询与调查"": 0.12335279297400098, ""资本投资服务"": 0.1057762240795402, ""证券市场服务"": 0.09437849863064665, ""法律服务"": 0.09178173479666903, ""科技中介服务"": 0.08623809918481189, ""金融信息服务"": 0.08229119707466179, ""互联网资讯服务"": 0.08205632122654306}","{""互联网数据服务"": 0.770612201767372, ""互联网信息服务"": 0.22938779823262795}"
PRO_004078,SUP_0266,PROD::PRO_004078||SUP::SUP_0266,1.1977171165044378,0.8946001569070733,0.406223302582501,0.6068364128102546,8.012105839980785,"{""PROD::PRO_004013||SUP::SUP_0266"": 0.9647407937224944, ""PROD::PRO_004128||SUP::SUP_0266"": 0.9557883590042764, ""PROD::PRO_004111||SUP::SUP_0266"": 0.926466614352314, ""PROD::PRO_004010||SUP::SUP_0266"": 0.9142364454576835, ""PROD::PRO_004117||SUP::SUP_0266"": 0.9055051749648607, ""PROD::PRO_004095||SUP::SUP_0266"": 0.9053716734212718, ""PROD::PRO_004032||SUP::SUP_0266"": 0.9029215062268198, ""PROD::PRO_004052||SUP::SUP_0266"": 0.9005399824027316, ""PROD::PRO_004116||SUP::SUP_0266"": 0.8876152955727455, ""PROD::PRO_004034||SUP::SUP_0266"": 0.8720582556085006}","{""数字资本市场服务"": 0.406223302582501, ""证券市场服务"": 0.3905715809545555, ""金融信息服务"": 0.10462647176855537, ""银行金融服务"": 0.09857864469438803}","{""互联网数据服务"": 0.6068364128102546, ""互联网信息服务"": 0.29174685391625743, ""互联网相关服务"": 0.10141673327348798}"
PRO_004061,SUP_0266,PROD::PRO_004061||SUP::SUP_0266,1.9045481785134353,0.6709062549673277,0.34547700972289813,0.6050608009336461,7.540973853614819,"{""PROD::PRO_004001||SUP::SUP_0266"": 0.9452491334994447, ""PROD::PRO_004003||SUP::SUP_0266"": 0.8889908383742263, ""PROD::PRO_004002||SUP::SUP_0266"": 0.8837542258090383, ""PROD::PRO_004000||SUP::SUP_0266"": 0.8829110833370801, ""PROD::PRO_004004||SUP::SUP_0266"": 0.8722584707713646, ""PROD::PRO_004005||SUP::SUP_0266"": 0.8430848497536718, ""PROD::PRO_004068||SUP::SUP_0266"": 0.8403396608787869, ""PROD::PRO_004040||SUP::SUP_0266"": 0.8376940070799193, ""PROD::PRO_004101||SUP::SUP_0266"": 0.8219754350182396, ""PROD::PRO_004070||SUP::SUP_0266"": 0.8135150344544018}","{""数字化商务服务"": 0.34547700972289813, ""人力资源服务"": 0.10953349086821816, ""咨询与调查"": 0.10301439739648291, ""地理遥感信息及测绘地理信息服务"": 0.1010754856650893, ""互联网资讯服务"": 0.09737680079145211, ""法律服务"": 0.09707022796747511, ""资本投资服务"": 0.09524879274118148, ""银行金融服务"": 0.05120379484720277}","{""互联网数据服务"": 0.6050608009336461, ""互联网信息服务"": 0.39493919906635405}"
PRO_004043,SUP_0266,PROD::PRO_004043||SUP::SUP_0266,1.860759938085479,1.2709353967600943,0.27473874586860436,0.3928007881848855,5.409082871409216,"{""PROD::PRO_004045||SUP::SUP_0266"": 0.8886534193162444, ""PROD::PRO_004110||SUP::SUP_0266"": 0.8758084667896671, ""PROD::PRO_004044||SUP::SUP_0266"": 0.8519291950259428, ""PROD::PRO_004046||SUP::SUP_0266"": 0.7700483731883925, ""PROD::PRO_004675||SUP::SUP_0298"": 0.7504096085329788, ""PROD::PRO_004014||SUP::SUP_0266"": 0.6821825342850617, ""PROD::PRO_004020||SUP::SUP_0266"": 0.6524971513598475, ""PROD::PRO_004551||SUP::SUP_0298"": 0.6520868246838138, ""PROD::PRO_004619||SUP::SUP_0298"": 0.6210889216200413, ""PROD::PRO_004000||SUP::SUP_0266"": 0.5684545243416158}","{""银行金融服务"": 0.27473874586860436, ""土地调查评估服务"": 0.22681057367447702, ""房地产开发经营"": 0.14947996328572732, ""土地登记服务"": 0.11649263919953794, ""数字政府"": 0.09223489463945328, ""数字化商务服务"": 0.07773036561266838, ""数字技术研究和试验发展"": 0.03420362329369277, ""互联网房地产业"": 0.028309194425838916}","{""互联网数据服务"": 0.3928007881848855, ""互联网信息服务"": 0.3304945278967546, ""货币银行服务"": 0.17409381403728152, ""软件开发"": 0.1026108698810783}"
PRO_004064,SUP_0266,PROD::PRO_004064||SUP::SUP_0266,1.827727353593446,0.6782593100314026,0.30880844060475465,0.5860634639517592,5.499598740495398,"{""PROD::PRO_004070||SUP::SUP_0266"": 0.8416642220092834, ""PROD::PRO_004047||SUP::SUP_0266"": 0.8393616863453606, ""PROD::PRO_004121||SUP::SUP_0266"": 0.8212249725381159, ""PROD::PRO_004120||SUP::SUP_0266"": 0.8144260362130807, ""PROD::PRO_004090||SUP::SUP_0266"": 0.8029639516667457, ""PROD::PRO_004101||SUP::SUP_0266"": 0.7776402880762093, ""PROD::PRO_004063||SUP::SUP_0266"": 0.7703797540676889, ""PROD::PRO_004119||SUP::SUP_0266"": 0.7518342377425927, ""PROD::PRO_004041||SUP::SUP_0266"": 0.7303889023735367, ""PROD::PRO_004122||SUP::SUP_0266"": 0.7296575309587936}","{""数字化商务服务"": 0.30880844060475465, ""资本投资服务"": 0.194107044160335, ""公开募集证券投资基金"": 0.10652417753130601, ""咨询与调查"": 0.10335957082508976, ""数字资本市场服务"": 0.10190490694305233, ""法律服务"": 0.09269433948325513, ""科技中介服务"": 0.0926015204522071}","{""互联网数据服务"": 0.5860634639517592, ""互联网信息服务"": 0.4139365360482408}"
PRO_004037,SUP_0266,PROD::PRO_004037||SUP::SUP_0266,2.0323440092315153,0.9522780863598902,0.2160325480515687,0.5008401235385403,7.901283216816621,"{""PROD::PRO_004097||SUP::SUP_0266"": 0.8329010974253016, ""PROD::PRO_004026||SUP::SUP_0266"": 0.8142442728130722, ""PROD::PRO_004000||SUP::SUP_0266"": 0.7569187985843379, ""PROD::PRO_004089||SUP::SUP_0266"": 0.7562930976288997, ""PROD::PRO_004002||SUP::SUP_0266"": 0.7525112703436965, ""PROD::PRO_004040||SUP::SUP_0266"": 0.7489118311495926, ""PROD::PRO_004001||SUP::SUP_0266"": 0.7433062785232846, ""PROD::PRO_004003||SUP::SUP_0266"": 0.7417290639273241, ""PROD::PRO_004048||SUP::SUP_0266"": 0.7410788059734849, ""PROD::PRO_004098||SUP::SUP_0266"": 0.7366295893467198}","{""金融信息服务"": 0.2160325480515687, ""数字化商务服务"": 0.1486223163628932, ""银行金融服务"": 0.14654481062073435, ""国家行政机构"": 0.09919217083489128, ""法律服务"": 0.09822407546566374, ""人力资源服务"": 0.09748887513727789, ""咨询与调查"": 0.09728201441074702, ""数字资本市场服务"": 0.09661318911622387}","{""互联网数据服务"": 0.5008401235385403, ""互联网信息服务"": 0.392367077130853, ""互联网相关服务"": 0.10679279933060677}"
PRO_001768,SUP_0127,PROD::PRO_001768||SUP::SUP_0127,1.004826102155996,0.971889793391807,0.72100336510805,0.6574931234346724,11.279259731204192,"{""PROD::PRO_001748||SUP::SUP_0127"": 0.6890207471012156, ""PROD::PRO_001762||SUP::SUP_0127"": 0.6180171943504628, ""PROD::PRO_001742||SUP::SUP_0127"": 0.6147181141720466, ""PROD::PRO_000067||SUP::SUP_0026"": 0.604481431912517, ""PROD::PRO_000068||SUP::SUP_0026"": 0.604481431912517, ""PROD::PRO_000727||SUP::SUP_0051"": 0.5966965800045582, ""PROD::PRO_001744||SUP::SUP_0127"": 0.5920801223124148, ""PROD::PRO_001747||SUP::SUP_0127"": 0.5861579863936777, ""PROD::PRO_004690||SUP::SUP_0298"": 0.5803589956608559, ""PROD::PRO_001774||SUP::SUP_0127"": 0.5506711622874686}","{""银行金融服务"": 0.72100336510805, ""数字金融"": 0.09808036088234082, ""互联网保险"": 0.08344557146125886, ""数字资本市场服务"": 0.033378228584503546, ""数字社会"": 0.03204623698192346, ""其他数字技术应用业"": 0.03204623698192346}","{""电信"": 0.6574931234346724, ""软件开发"": 0.19517969705837082, ""货币银行服务"": 0.09613871094577038, ""互联网数据服务"": 0.05118846856118662}"
PRO_004125,SUP_0266,PROD::PRO_004125||SUP::SUP_0266,2.3879577318566216,1.6016370830158257,0.17297246187455495,0.3753815026295626,5.63730956806505,"{""PROD::PRO_004126||SUP::SUP_0266"": 0.9978085876065922, ""PROD::PRO_004079||SUP::SUP_0266"": 0.8482000404669189, ""PROD::PRO_004112||SUP::SUP_0266"": 0.7601918418900735, ""PROD::PRO_004103||SUP::SUP_0266"": 0.7405736280118309, ""PROD::PRO_004029||SUP::SUP_0266"": 0.7310194234736533, ""PROD::PRO_004558||SUP::SUP_0298"": 0.6660905333355606, ""PROD::PRO_004602||SUP::SUP_0298"": 0.6412084012176293, ""PROD::PRO_004059||SUP::SUP_0266"": 0.6366479306679996, ""PROD::PRO_004673||SUP::SUP_0298"": 0.6277218627299005, ""PROD::PRO_004057||SUP::SUP_0266"": 0.6209296560022999}","{""住宅房屋建筑"": 0.17297246187455495, ""电信"": 0.11666496820297148, ""银行金融服务"": 0.10559035174849785, ""其他商务服务业"": 0.10455995382108534, ""行政办公自动化"": 0.10186158293083597, ""数字化商务服务"": 0.10054745782417177, ""正餐服务"": 0.0686213756142323, ""食品、饮料及烟草制品专门零售"": 0.0686213756142323, ""数字社会"": 0.061493113968154656, ""数字政府"": 0.04409723778034321}","{""互联网数据服务"": 0.3753815026295626, ""货币银行服务"": 0.22034239026714908, ""互联网信息服务"": 0.13724275122846458, ""电信"": 0.11666496820297145, ""互联网相关服务"": 0.10455995382108531, ""金融信息服务"": 0.04580843385076699}"
PRO_004126,SUP_0266,PROD::PRO_004126||SUP::SUP_0266,2.2910946601659026,1.2980381374473398,0.17062707494595566,0.5154610308024479,7.038292328105018,"{""PROD::PRO_004125||SUP::SUP_0266"": 0.9978085876065922, ""PROD::PRO_004079||SUP::SUP_0266"": 0.8621286602323686, ""PROD::PRO_004103||SUP::SUP_0266"": 0.7594227140372484, ""PROD::PRO_004029||SUP::SUP_0266"": 0.7507979198186158, ""PROD::PRO_004112||SUP::SUP_0266"": 0.7375979537930093, ""PROD::PRO_004558||SUP::SUP_0298"": 0.646610183790236, ""PROD::PRO_004602||SUP::SUP_0298"": 0.6455774467674242, ""PROD::PRO_004673||SUP::SUP_0298"": 0.6322105495265568, ""PROD::PRO_004057||SUP::SUP_0266"": 0.6271305284187025, ""PROD::PRO_004059||SUP::SUP_0266"": 0.6138658487339411}","{""住宅房屋建筑"": 0.17062707494595566, ""其他未列明食品制造"": 0.13719069917826754, ""电信"": 0.11853579448800515, ""银行金融服务"": 0.10562355972639878, ""行政办公自动化"": 0.10441454844614459, ""数字化商务服务"": 0.10322870823208, ""其他商务服务业"": 0.10141381849202866, ""数字社会"": 0.06124269229560889, ""数字政府"": 0.04438086743078988, ""数字技术研究和试验发展"": 0.01778074558824021}","{""互联网数据服务"": 0.5154610308024479, ""货币银行服务"": 0.22013749224691773, ""电信"": 0.11853579448800518, ""互联网相关服务"": 0.10141381849202868, ""金融信息服务"": 0.04445186397060054}"
PRO_004015,SUP_0266,PROD::PRO_004015||SUP::SUP_0266,0.8911397705044254,0.7880720458155099,0.604199432567024,0.7066341489770855,9.210073199212836,"{""PROD::PRO_004012||SUP::SUP_0266"": 0.9408914394864887, ""PROD::PRO_004095||SUP::SUP_0266"": 0.8532952568696077, ""PROD::PRO_004096||SUP::SUP_0266"": 0.8450065241875483, ""PROD::PRO_004117||SUP::SUP_0266"": 0.8309248476146512, ""PROD::PRO_004116||SUP::SUP_0266"": 0.8160770358908793, ""PROD::PRO_004013||SUP::SUP_0266"": 0.8018776362323962, ""PROD::PRO_004128||SUP::SUP_0266"": 0.791883907865988, ""PROD::PRO_004032||SUP::SUP_0266"": 0.7858866792964878, ""PROD::PRO_004078||SUP::SUP_0266"": 0.7783762317282017, ""PROD::PRO_004111||SUP::SUP_0266"": 0.7597678706154221}","{""数字资本市场服务"": 0.604199432567024, ""证券市场服务"": 0.29927629619984925, ""金融信息服务"": 0.09652427123312679}","{""互联网数据服务"": 0.7066341489770855, ""互联网信息服务"": 0.20075626609634586, ""互联网相关服务"": 0.09260958492656853}"
PRO_004050,SUP_0266,PROD::PRO_004050||SUP::SUP_0266,1.8119415512388994,0.8278592967746972,0.39974949272709576,0.7537820178662088,2.699293619689348,"{""PROD::PRO_003988||SUP::SUP_0266"": 0.9918872122954729, ""PROD::PRO_004129||SUP::SUP_0266"": 0.9504553061047949, ""PROD::PRO_004557||SUP::SUP_0298"": 0.8923768678307615, ""PROD::PRO_004112||SUP::SUP_0266"": 0.5268070467604954, ""PROD::PRO_004077||SUP::SUP_0266"": 0.46252015203846875, ""PROD::PRO_004046||SUP::SUP_0266"": 0.446930119400232, ""PROD::PRO_004036||SUP::SUP_0266"": 0.3890703997051962, ""PROD::PRO_004114||SUP::SUP_0266"": 0.37370859655583744, ""PROD::PRO_003985||SUP::SUP_0266"": 0.3683904326377372, ""PROD::PRO_004059||SUP::SUP_0266"": 0.3617867130546333}","{""住宅房屋建筑"": 0.39974949272709576, ""其他商务服务业"": 0.15531018546822448, ""环境治理业"": 0.08024384814418166, ""土地调查评估服务"": 0.07753909202475218, ""银行金融服务"": 0.0774104150424524, ""数字化建筑业"": 0.0774104150424524, ""数字化商务服务"": 0.06750085576540057, ""贸易经纪与代理"": 0.06483569578544054}","{""互联网数据服务"": 0.7537820178662088, ""互联网相关服务"": 0.09139715204888643, ""货币银行服务"": 0.07741041504245239, ""其他房屋建筑业"": 0.07741041504245239}"
PRO_003986,SUP_0266,PROD::PRO_003986||SUP::SUP_0266,1.1463957172049528,0.6240649836859653,0.5107885442369143,0.683679237527223,6.428032610229064,"{""PROD::PRO_004116||SUP::SUP_0266"": 0.8691390378026679, ""PROD::PRO_004034||SUP::SUP_0266"": 0.8550647030622514, ""PROD::PRO_004010||SUP::SUP_0266"": 0.8459123724843229, ""PROD::PRO_004032||SUP::SUP_0266"": 0.822484600805244, ""PROD::PRO_004096||SUP::SUP_0266"": 0.776805503108846, ""PROD::PRO_004117||SUP::SUP_0266"": 0.7759755823571703, ""PROD::PRO_004052||SUP::SUP_0266"": 0.7495846502817505, ""PROD::PRO_004095||SUP::SUP_0266"": 0.7477375273549154, ""PROD::PRO_003987||SUP::SUP_0266"": 0.7428145158824742, ""PROD::PRO_004128||SUP::SUP_0266"": 0.7184183324971473}","{""证券市场服务"": 0.5107885442369143, ""数字资本市场服务"": 0.30348084895745425, ""银行金融服务"": 0.09483687266457362, ""金融信息服务"": 0.09089373414105788}","{""互联网数据服务"": 0.683679237527223, ""互联网信息服务"": 0.31632076247277696}"
PRO_001748,SUP_0127,PROD::PRO_001748||SUP::SUP_0127,1.1447132206633208,1.5134602139308084,0.6440344296984034,0.416501978260591,8.720044735656518,"{""PROD::PRO_001744||SUP::SUP_0127"": 0.9198106600512469, ""PROD::PRO_000727||SUP::SUP_0051"": 0.9159740325973882, ""PROD::PRO_001742||SUP::SUP_0127"": 0.9092195706692665, ""PROD::PRO_001774||SUP::SUP_0127"": 0.8995652145235544, ""PROD::PRO_001747||SUP::SUP_0127"": 0.8951890374764466, ""PROD::PRO_004540||SUP::SUP_0298"": 0.819785329719899, ""PROD::PRO_001743||SUP::SUP_0127"": 0.815165189883052, ""PROD::PRO_001746||SUP::SUP_0127"": 0.810887280426847, ""PROD::PRO_004622||SUP::SUP_0298"": 0.7519000370478466, ""PROD::PRO_004690||SUP::SUP_0298"": 0.7514095418399032}","{""银行金融服务"": 0.6440344296984034, ""数字金融"": 0.15664013024507153, ""互联网金融"": 0.09602712057823672, ""数字政府"": 0.0442872171287962, ""数字社会"": 0.02950555117474608, ""其他数字技术应用业"": 0.02950555117474608}","{""电信"": 0.416501978260591, ""软件开发"": 0.2138084365807616, ""货币银行服务"": 0.18108955905232446, ""互联网数据服务"": 0.09602712057823672, ""国家行政机构"": 0.04828568839929004, ""金融信息服务"": 0.0442872171287962}"
PRO_001744,SUP_0127,PROD::PRO_001744||SUP::SUP_0127,0.7860160712816037,1.2305776568952178,0.7624414493311819,0.5877186285531995,10.32324242292474,"{""PROD::PRO_001747||SUP::SUP_0127"": 0.9887399631546105, ""PROD::PRO_001746||SUP::SUP_0127"": 0.9334502085294542, ""PROD::PRO_001743||SUP::SUP_0127"": 0.9333826506314784, ""PROD::PRO_001748||SUP::SUP_0127"": 0.9198106600512469, ""PROD::PRO_004540||SUP::SUP_0298"": 0.866421911172897, ""PROD::PRO_001742||SUP::SUP_0127"": 0.8134225988005664, ""PROD::PRO_001774||SUP::SUP_0127"": 0.7862964245357904, ""PROD::PRO_000727||SUP::SUP_0051"": 0.7379845824141336, ""PROD::PRO_001768||SUP::SUP_0127"": 0.5920801223124148, ""PROD::PRO_000720||SUP::SUP_0048"": 0.5667348386539284}","{""银行金融服务"": 0.7624414493311819, ""互联网金融"": 0.11468978811726463, ""数字金融"": 0.08804987100695683, ""数字商贸"": 0.03481889154459666}","{""电信"": 0.5877186285531995, ""货币银行服务"": 0.12286876255155349, ""软件开发"": 0.1214918413156221, ""互联网数据服务"": 0.11468978811726463, ""国家行政机构"": 0.05323097946236016}"
PRO_003997,SUP_0266,PROD::PRO_003997||SUP::SUP_0266,1.3541788334371427,1.5347726549154608,0.4685182596640743,0.31607814693758257,4.318266476529396,"{""PROD::PRO_004018||SUP::SUP_0266"": 0.918815035052351, ""PROD::PRO_003996||SUP::SUP_0266"": 0.9182064559556016, ""PROD::PRO_004617||SUP::SUP_0298"": 0.8612294996364852, ""PROD::PRO_003995||SUP::SUP_0266"": 0.7839091594936171, ""PROD::PRO_005721||SUP::SUP_0353"": 0.7704084586744332, ""PROD::PRO_003994||SUP::SUP_0266"": 0.6901959567721855, ""PROD::PRO_001824||SUP::SUP_0133"": 0.6795088034409732, ""PROD::PRO_004533||SUP::SUP_0298"": 0.6488974382322494, ""PROD::PRO_004083||SUP::SUP_0266"": 0.5249667518499106, ""PROD::PRO_004082||SUP::SUP_0266"": 0.4422977403137768}","{""知识产权服务"": 0.4685182596640743, ""数字技术研究和试验发展"": 0.22888665734490699, ""法律服务"": 0.13362894771484393, ""银行金融服务"": 0.1293061137378503, ""数字社会"": 0.03966002153832451}","{""互联网数据服务"": 0.31607814693758257, ""互联网信息服务"": 0.2419270987746812, ""货币银行服务"": 0.2086261568144993, ""互联网相关服务"": 0.12693558718771342, ""软件开发"": 0.1064330102855234}"
PRO_004005,SUP_0266,PROD::PRO_004005||SUP::SUP_0266,1.9711914979280913,0.6190047991668743,0.24888027147106082,0.6901197717915539,7.482336167408835,"{""PROD::PRO_004000||SUP::SUP_0266"": 0.9223166549827907, ""PROD::PRO_004004||SUP::SUP_0266"": 0.9161152227607204, ""PROD::PRO_004002||SUP::SUP_0266"": 0.9066341032194268, ""PROD::PRO_004001||SUP::SUP_0266"": 0.9027269451292234, ""PROD::PRO_004003||SUP::SUP_0266"": 0.9002302875596481, ""PROD::PRO_004084||SUP::SUP_0266"": 0.8705569266800903, ""PROD::PRO_004061||SUP::SUP_0266"": 0.8430848497536718, ""PROD::PRO_003990||SUP::SUP_0266"": 0.829685245697776, ""PROD::PRO_004017||SUP::SUP_0266"": 0.7747369323609636, ""PROD::PRO_004040||SUP::SUP_0266"": 0.7740940171430374}","{""数字化商务服务"": 0.24888027147106082, ""咨询与调查"": 0.20021750657302814, ""地理遥感信息及测绘地理信息服务"": 0.10602963098976412, ""人力资源服务"": 0.10448009431404082, ""网上税务办理"": 0.10075679062870692, ""其他互联网平台"": 0.09757721877282982, ""法律服务"": 0.08959233614929026, ""银行金融服务"": 0.05246615110127893}","{""互联网数据服务"": 0.6901197717915539, ""互联网信息服务"": 0.3098802282084461}"
PRO_004004,SUP_0266,PROD::PRO_004004||SUP::SUP_0266,1.2739982637987504,0.6202882610280955,0.5405341551292475,0.6885092386694913,9.20012592713807,"{""PROD::PRO_004002||SUP::SUP_0266"": 0.987960082906821, ""PROD::PRO_004003||SUP::SUP_0266"": 0.9867635156348842, ""PROD::PRO_004005||SUP::SUP_0266"": 0.9161152227607204, ""PROD::PRO_004001||SUP::SUP_0266"": 0.9134061589966532, ""PROD::PRO_004000||SUP::SUP_0266"": 0.906739189324421, ""PROD::PRO_003990||SUP::SUP_0266"": 0.9025632843215674, ""PROD::PRO_004061||SUP::SUP_0266"": 0.8722584707713646, ""PROD::PRO_004017||SUP::SUP_0266"": 0.8692780655189004, ""PROD::PRO_004036||SUP::SUP_0266"": 0.8668403647912148, ""PROD::PRO_004070||SUP::SUP_0266"": 0.8515933345214325}","{""数字化商务服务"": 0.5405341551292475, ""咨询与调查"": 0.20822429234174705, ""人力资源服务"": 0.10066725940798348, ""其他互联网平台"": 0.09613233815327675, ""银行金融服务"": 0.0544419549677452}","{""互联网数据服务"": 0.6885092386694913, ""互联网信息服务"": 0.31149076133050857}"
PRO_004006,SUP_0266,PROD::PRO_004006||SUP::SUP_0266,1.421940769296133,0.7876891309494124,0.444287950738817,0.7138496643994098,9.709451913204024,"{""PROD::PRO_004019||SUP::SUP_0266"": 0.9924848455372473, ""PROD::PRO_004099||SUP::SUP_0266"": 0.7729022056308583, ""PROD::PRO_004069||SUP::SUP_0266"": 0.6990264998263268, ""PROD::PRO_004100||SUP::SUP_0266"": 0.6053298897025945, ""PROD::PRO_004022||SUP::SUP_0266"": 0.5998454851235454, ""PROD::PRO_004051||SUP::SUP_0266"": 0.5831340313899597, ""PROD::PRO_004005||SUP::SUP_0266"": 0.5766816882629129, ""PROD::PRO_004007||SUP::SUP_0266"": 0.5754491251881595, ""PROD::PRO_004008||SUP::SUP_0266"": 0.5748993368074403, ""PROD::PRO_004015||SUP::SUP_0266"": 0.5684528131164553}","{""数字资本市场服务"": 0.444287950738817, ""数字化商务服务"": 0.19481797053431296, ""资本投资服务"": 0.18065704268624014, ""证券市场服务"": 0.09244209743001938, ""银行金融服务"": 0.08779493861061052}","{""互联网数据服务"": 0.7138496643994098, ""互联网信息服务"": 0.179399492956988, ""互联网相关服务"": 0.10675084264360216}"
PRO_004082,SUP_0266,PROD::PRO_004082||SUP::SUP_0266,1.344487187421041,0.504255731780799,0.5120655164119144,0.7972028497982211,4.642081669999974,"{""PROD::PRO_004041||SUP::SUP_0266"": 0.769202100324492, ""PROD::PRO_004106||SUP::SUP_0266"": 0.743990810245687, ""PROD::PRO_004107||SUP::SUP_0266"": 0.7433035998937634, ""PROD::PRO_004087||SUP::SUP_0266"": 0.742193502885643, ""PROD::PRO_004105||SUP::SUP_0266"": 0.7417813742974714, ""PROD::PRO_004060||SUP::SUP_0266"": 0.7371931180799063, ""PROD::PRO_004072||SUP::SUP_0266"": 0.7137607636465866, ""PROD::PRO_003985||SUP::SUP_0266"": 0.7109587005930861, ""PROD::PRO_003994||SUP::SUP_0266"": 0.7007223511331714, ""PROD::PRO_004085||SUP::SUP_0266"": 0.6918020121464452}","{""法律服务"": 0.5120655164119144, ""网上税务办理"": 0.19267723617406346, ""其他数字政府"": 0.10174130626194793, ""其他商务服务业"": 0.09745957976646812, ""数字技术研究和试验发展"": 0.0960563613856061}","{""互联网数据服务"": 0.7972028497982211, ""互联网相关服务"": 0.202797150201779}"
PRO_004116,SUP_0266,PROD::PRO_004116||SUP::SUP_0266,1.1589953765674679,0.5071259718773062,0.5027574485175605,0.795096103300364,9.166786655599632,"{""PROD::PRO_004010||SUP::SUP_0266"": 0.9490849160121905, ""PROD::PRO_004034||SUP::SUP_0266"": 0.9417532766980566, ""PROD::PRO_004117||SUP::SUP_0266"": 0.938160031307312, ""PROD::PRO_004096||SUP::SUP_0266"": 0.9341494155097589, ""PROD::PRO_004095||SUP::SUP_0266"": 0.9292870606957492, ""PROD::PRO_004032||SUP::SUP_0266"": 0.920443378223283, ""PROD::PRO_004013||SUP::SUP_0266"": 0.9035937785762866, ""PROD::PRO_004128||SUP::SUP_0266"": 0.8914094573041605, ""PROD::PRO_004078||SUP::SUP_0266"": 0.8876152955727455, ""PROD::PRO_004052||SUP::SUP_0266"": 0.8791132354226843}","{""数字资本市场服务"": 0.5027574485175605, ""证券市场服务"": 0.30426184466474687, ""金融信息服务"": 0.0971604757404104, ""银行金融服务"": 0.09582023107728223}","{""互联网数据服务"": 0.795096103300364, ""互联网信息服务"": 0.20490389669963596}"
PRO_004091,SUP_0266,PROD::PRO_004091||SUP::SUP_0266,1.7620650080101532,0.6930165305345821,0.3539554542505024,0.5080822129940267,6.76019742919251,"{""PROD::PRO_004093||SUP::SUP_0266"": 0.7872374583383998, ""PROD::PRO_003989||SUP::SUP_0266"": 0.778980743202999, ""PROD::PRO_004089||SUP::SUP_0266"": 0.7597449348273477, ""PROD::PRO_004002||SUP::SUP_0266"": 0.6994556184517497, ""PROD::PRO_004036||SUP::SUP_0266"": 0.6931905716818383, ""PROD::PRO_004003||SUP::SUP_0266"": 0.6829872945359851, ""PROD::PRO_004001||SUP::SUP_0266"": 0.6799143596260341, ""PROD::PRO_004070||SUP::SUP_0266"": 0.6797607917378093, ""PROD::PRO_004016||SUP::SUP_0266"": 0.6662661057107682, ""PROD::PRO_004037||SUP::SUP_0266"": 0.6635144021765452}","{""数字化商务服务"": 0.3539554542505024, ""法律服务"": 0.1875293616976447, ""金融信息服务"": 0.1098540403330941, ""国家行政机构"": 0.1071413529045837, ""咨询与调查"": 0.09631677606360894, ""人力资源服务"": 0.09588342219897977, ""银行金融服务"": 0.04931959255158644}","{""互联网数据服务"": 0.5080822129940267, ""互联网信息服务"": 0.4919177870059733}"
PRO_004013,SUP_0266,PROD::PRO_004013||SUP::SUP_0266,1.198058660145463,0.9001667612773081,0.40724950915342084,0.602685871718887,8.02965338728752,"{""PROD::PRO_004128||SUP::SUP_0266"": 0.9717330182671549, ""PROD::PRO_004111||SUP::SUP_0266"": 0.9658899647510506, ""PROD::PRO_004078||SUP::SUP_0266"": 0.9647407937224944, ""PROD::PRO_004117||SUP::SUP_0266"": 0.9432423696326517, ""PROD::PRO_004095||SUP::SUP_0266"": 0.9355500292737782, ""PROD::PRO_004052||SUP::SUP_0266"": 0.9207226413939045, ""PROD::PRO_004010||SUP::SUP_0266"": 0.9137406107253127, ""PROD::PRO_004116||SUP::SUP_0266"": 0.9035937785762866, ""PROD::PRO_003987||SUP::SUP_0266"": 0.8987775824849846, ""PROD::PRO_004034||SUP::SUP_0266"": 0.8824838678640425}","{""数字资本市场服务"": 0.40724950915342084, ""证券市场服务"": 0.3892710202262873, ""金融信息服务"": 0.10448208872522394, ""银行金融服务"": 0.09899738189506785}","{""互联网数据服务"": 0.602685871718887, ""互联网信息服务"": 0.29346029281518915, ""互联网相关服务"": 0.10385383546592387}"
PRO_004088,SUP_0266,PROD::PRO_004088||SUP::SUP_0266,1.9756921993434589,0.6260914029231344,0.2925644033491907,0.6810289856040549,7.790039195848611,"{""PROD::PRO_003991||SUP::SUP_0266"": 0.9436432681449834, ""PROD::PRO_004123||SUP::SUP_0266"": 0.940968179948514, ""PROD::PRO_004124||SUP::SUP_0266"": 0.9290323280069538, ""PROD::PRO_004101||SUP::SUP_0266"": 0.9266285645363057, ""PROD::PRO_004040||SUP::SUP_0266"": 0.7730350924167583, ""PROD::PRO_004061||SUP::SUP_0266"": 0.7427720978439205, ""PROD::PRO_004068||SUP::SUP_0266"": 0.7337880521672004, ""PROD::PRO_004070||SUP::SUP_0266"": 0.7195829851804683, ""PROD::PRO_004063||SUP::SUP_0266"": 0.7124440595313669, ""PROD::PRO_004001||SUP::SUP_0266"": 0.68912365570232}","{""数字化商务服务"": 0.2925644033491907, ""咨询与调查"": 0.116340912468053, ""银行金融服务"": 0.11453954306813555, ""资本投资服务"": 0.11424318527597717, ""法律服务"": 0.09530678706412753, ""其他互联网平台"": 0.0915756902381618, ""互联网资讯服务"": 0.09046805549210044, ""人力资源服务"": 0.08496142304425396}","{""互联网数据服务"": 0.6810289856040549, ""互联网信息服务"": 0.31897101439594516}"
PRO_004059,SUP_0266,PROD::PRO_004059||SUP::SUP_0266,2.3137803465162423,0.9096959993611242,0.21779427532049553,0.6705658435761259,3.342867873196323,"{""PROD::PRO_004112||SUP::SUP_0266"": 0.9322758554689352, ""PROD::PRO_004074||SUP::SUP_0266"": 0.8039755671542282, ""PROD::PRO_004065||SUP::SUP_0266"": 0.7742186377771597, ""PROD::PRO_004558||SUP::SUP_0298"": 0.765142965490216, ""PROD::PRO_004054||SUP::SUP_0266"": 0.7517851027002481, ""PROD::PRO_004114||SUP::SUP_0266"": 0.739493730857321, ""PROD::PRO_004046||SUP::SUP_0266"": 0.7047944606944211, ""PROD::PRO_004033||SUP::SUP_0266"": 0.6869326669745377, ""PROD::PRO_004036||SUP::SUP_0266"": 0.639311057511686, ""PROD::PRO_004125||SUP::SUP_0266"": 0.6366479306679996}","{""其他商务服务业"": 0.21779427532049553, ""其他土木工程建筑"": 0.10814004101182859, ""行政办公自动化"": 0.10413753683796109, ""住宅房屋建筑"": 0.10112007772307217, ""贸易经纪与代理"": 0.09946680676623128, ""土地调查评估服务"": 0.09479952500818167, ""数字化商务服务"": 0.08599157337994937, ""其他未列明食品制造"": 0.08563336517330532, ""银行金融服务"": 0.020583359755795023, ""数字社会"": 0.020583359755795023}","{""互联网数据服务"": 0.6705658435761259, ""互联网相关服务"": 0.22651735764489894, ""金融信息服务"": 0.05145839938948755, ""货币银行服务"": 0.05145839938948755}"
PRO_004047,SUP_0266,PROD::PRO_004047||SUP::SUP_0266,1.616652958699506,0.6773300780554207,0.36069711083126904,0.5886947895226411,8.192922920128375,"{""PROD::PRO_004090||SUP::SUP_0266"": 0.9740126102289345, ""PROD::PRO_004064||SUP::SUP_0266"": 0.8393616863453606, ""PROD::PRO_004041||SUP::SUP_0266"": 0.8188483836175174, ""PROD::PRO_004120||SUP::SUP_0266"": 0.7172212568243582, ""PROD::PRO_004070||SUP::SUP_0266"": 0.6828607745737789, ""PROD::PRO_004035||SUP::SUP_0266"": 0.6528584143738094, ""PROD::PRO_004121||SUP::SUP_0266"": 0.6518564404480046, ""PROD::PRO_004101||SUP::SUP_0266"": 0.6485079977983191, ""PROD::PRO_004063||SUP::SUP_0266"": 0.606674384302305, ""PROD::PRO_004122||SUP::SUP_0266"": 0.6001207394047482}","{""数字化商务服务"": 0.36069711083126904, ""数字资本市场服务"": 0.2521263818739256, ""法律服务"": 0.11385034002898056, ""咨询与调查"": 0.09972039464097823, ""资本投资服务"": 0.0901666994012645, ""科技中介服务"": 0.08343907322358202}","{""互联网数据服务"": 0.5886947895226411, ""互联网信息服务"": 0.41130521047735896}"
PRO_004070,SUP_0266,PROD::PRO_004070||SUP::SUP_0266,2.2774737625627317,0.6177660314631757,0.1502561918382247,0.6916599842054727,7.588261330802599,"{""PROD::PRO_004002||SUP::SUP_0266"": 0.868939203002538, ""PROD::PRO_004003||SUP::SUP_0266"": 0.868189607146939, ""PROD::PRO_004004||SUP::SUP_0266"": 0.8515933345214325, ""PROD::PRO_004064||SUP::SUP_0266"": 0.8416642220092834, ""PROD::PRO_004068||SUP::SUP_0266"": 0.8416311464307563, ""PROD::PRO_004101||SUP::SUP_0266"": 0.8189657006471652, ""PROD::PRO_004061||SUP::SUP_0266"": 0.8135150344544018, ""PROD::PRO_004075||SUP::SUP_0266"": 0.8111326800619219, ""PROD::PRO_004001||SUP::SUP_0266"": 0.791848015344499, ""PROD::PRO_004041||SUP::SUP_0266"": 0.7823776428190113}","{""数字化商务服务"": 0.1502561918382247, ""咨询与调查"": 0.10472914677043765, ""地理遥感信息及测绘地理信息服务"": 0.10272714921445365, ""数字资本市场服务"": 0.1015294068399483, ""互联网资讯服务"": 0.10152541695445605, ""资本投资服务"": 0.09879129899387862, ""其他互联网平台"": 0.09813378868161572, ""人力资源服务"": 0.09552011028030905, ""法律服务"": 0.0943777054115709, ""银行金融服务"": 0.05240978501510548}","{""互联网数据服务"": 0.6916599842054727, ""互联网信息服务"": 0.30834001579452713}"
PRO_004077,SUP_0266,PROD::PRO_004077||SUP::SUP_0266,2.0278465340914353,0.956982624484572,0.19539726329853138,0.6758643686321407,5.440129241777058,"{""PROD::PRO_004102||SUP::SUP_0266"": 0.8534731495013042, ""PROD::PRO_004028||SUP::SUP_0266"": 0.8510727476110178, ""PROD::PRO_004600||SUP::SUP_0298"": 0.7419035502721273, ""PROD::PRO_004671||SUP::SUP_0298"": 0.7408684266429514, ""PROD::PRO_000069||SUP::SUP_0026"": 0.6947704465169837, ""PROD::PRO_004001||SUP::SUP_0266"": 0.5919439821069975, ""PROD::PRO_004000||SUP::SUP_0266"": 0.5853884055615671, ""PROD::PRO_004091||SUP::SUP_0266"": 0.5730425737424432, ""PROD::PRO_004037||SUP::SUP_0266"": 0.5534341774739534, ""PROD::PRO_004040||SUP::SUP_0266"": 0.5321002325947815}","{""数字金融"": 0.19539726329853138, ""银行金融服务"": 0.16344585695957567, ""法律服务"": 0.16158600521067823, ""行政办公自动化"": 0.1270427869474533, ""数字政府"": 0.09197798893024114, ""人力资源服务"": 0.08811315651533742, ""数字化商务服务"": 0.08713733353266308, ""网上税务办理"": 0.08529960860551976}","{""互联网数据服务"": 0.6758643686321407, ""货币银行服务"": 0.1655757882909389, ""环境治理业"": 0.10341927436829025, ""国家行政机构"": 0.055140568708630246}"
PRO_004129,SUP_0266,PROD::PRO_004129||SUP::SUP_0266,2.2547470690934155,1.2331528943107088,0.15183231357395607,0.5506106146005535,4.584392937977976,"{""PROD::PRO_004050||SUP::SUP_0266"": 0.9504553061047949, ""PROD::PRO_003988||SUP::SUP_0266"": 0.9267393025333703, ""PROD::PRO_004557||SUP::SUP_0298"": 0.795334809779365, ""PROD::PRO_004112||SUP::SUP_0266"": 0.5540482878076552, ""PROD::PRO_004036||SUP::SUP_0266"": 0.5293704524444001, ""PROD::PRO_004046||SUP::SUP_0266"": 0.5133883256783719, ""PROD::PRO_004038||SUP::SUP_0266"": 0.5132948207586461, ""PROD::PRO_004127||SUP::SUP_0266"": 0.5050572101605596, ""PROD::PRO_004053||SUP::SUP_0266"": 0.49592845042233846, ""PROD::PRO_004077||SUP::SUP_0266"": 0.4762843934624623}","{""其他房屋建筑业"": 0.15183231357395607, ""住宅房屋建筑"": 0.1480437549033387, ""银行金融服务"": 0.14274919108838438, ""其他商务服务业"": 0.08850751090472658, ""数字化商务服务"": 0.08456530256191042, ""土地调查评估服务"": 0.08201220693802133, ""法律服务"": 0.08199726981451712, ""数字技术研究和试验发展"": 0.08068133684281892, ""环境治理业"": 0.076084967819203, ""数字化建筑业"": 0.06352614555312337}","{""互联网数据服务"": 0.5506106146005535, ""互联网信息服务"": 0.2338295833884732, ""互联网相关服务"": 0.08850751090472658, ""货币银行服务"": 0.06352614555312337, ""其他房屋建筑业"": 0.06352614555312337}"
PRO_004090,SUP_0266,PROD::PRO_004090||SUP::SUP_0266,1.9848175522595985,0.6928691712962656,0.2771361396284049,0.5117894761966313,6.34740903632127,"{""PROD::PRO_004047||SUP::SUP_0266"": 0.9740126102289348, ""PROD::PRO_004041||SUP::SUP_0266"": 0.8338013894088318, ""PROD::PRO_004064||SUP::SUP_0266"": 0.8029639516667457, ""PROD::PRO_004070||SUP::SUP_0266"": 0.7118722576918186, ""PROD::PRO_004035||SUP::SUP_0266"": 0.6775956476866392, ""PROD::PRO_004101||SUP::SUP_0266"": 0.6320710485512979, ""PROD::PRO_004120||SUP::SUP_0266"": 0.6293516538494931, ""PROD::PRO_004068||SUP::SUP_0266"": 0.6068437231160562, ""PROD::PRO_004081||SUP::SUP_0266"": 0.6014553038312638, ""PROD::PRO_004121||SUP::SUP_0266"": 0.5583263420136048}","{""数字化商务服务"": 0.2771361396284049, ""公开募集证券投资基金"": 0.1385845014737326, ""法律服务"": 0.11863496290070502, ""数字资本市场服务"": 0.11424734934074324, ""资本投资服务"": 0.08993235841050602, ""咨询与调查"": 0.08954543738391751, ""互联网资讯服务"": 0.08634296307594577, ""知识产权服务"": 0.08557628778604487}","{""互联网信息服务"": 0.5117894761966313, ""互联网数据服务"": 0.48821052380336866}"
PRO_004097,SUP_0266,PROD::PRO_004097||SUP::SUP_0266,1.3372648554730944,1.2121590295136961,0.43076286070460806,0.39550442618037057,7.4241721645294705,"{""PROD::PRO_004026||SUP::SUP_0266"": 0.9696316955807427, ""PROD::PRO_004037||SUP::SUP_0266"": 0.8329010974253016, ""PROD::PRO_004023||SUP::SUP_0266"": 0.7660678747960199, ""PROD::PRO_004030||SUP::SUP_0266"": 0.7572074747972084, ""PROD::PRO_004048||SUP::SUP_0266"": 0.7252209871548695, ""PROD::PRO_004104||SUP::SUP_0266"": 0.7240475012020224, ""PROD::PRO_004092||SUP::SUP_0266"": 0.7105056999938193, ""PROD::PRO_004021||SUP::SUP_0266"": 0.6744531541643531, ""PROD::PRO_004661||SUP::SUP_0298"": 0.6464870904904965, ""PROD::PRO_004081||SUP::SUP_0266"": 0.6318453870430332}","{""银行金融服务"": 0.43076286070460806, ""法律服务"": 0.31048136954400246, ""金融信息服务"": 0.13035543555384682, ""知识产权服务"": 0.08494408857102474, ""数字社会"": 0.04345624562651804}","{""互联网数据服务"": 0.39550442618037057, ""互联网信息服务"": 0.3872276470127466, ""互联网相关服务"": 0.13035543555384682, ""货币银行服务"": 0.08691249125303609}"
PRO_004098,SUP_0266,PROD::PRO_004098||SUP::SUP_0266,1.711342370117286,1.3552255432626799,0.4191503007652835,0.3622634387400375,9.329964725761025,"{""PROD::PRO_004027||SUP::SUP_0266"": 0.976876568548627, ""PROD::PRO_004598||SUP::SUP_0298"": 0.8267418676283389, ""PROD::PRO_004665||SUP::SUP_0298"": 0.8147984047827276, ""PROD::PRO_004081||SUP::SUP_0266"": 0.8129462676048653, ""PROD::PRO_004020||SUP::SUP_0266"": 0.7604768661576462, ""PROD::PRO_004014||SUP::SUP_0266"": 0.7531766108170168, ""PROD::PRO_004037||SUP::SUP_0266"": 0.7366295893467198, ""PROD::PRO_004113||SUP::SUP_0266"": 0.619244245200422, ""PROD::PRO_004009||SUP::SUP_0266"": 0.6179220402970454, ""PROD::PRO_004026||SUP::SUP_0266"": 0.6087826376637242}","{""银行金融服务"": 0.4191503007652835, ""数字资本市场服务"": 0.12977273031091374, ""知识产权服务"": 0.1079954828887869, ""法律服务"": 0.09785722793961406, ""应用软件开发"": 0.08226322446076717, ""出版业"": 0.08208757674245146, ""金融信息服务"": 0.08087345689218317}","{""互联网数据服务"": 0.3622634387400375, ""货币银行服务"": 0.2180696824191471, ""互联网相关服务"": 0.21064618720309697, ""互联网信息服务"": 0.20902069163771855}"
PRO_004054,SUP_0266,PROD::PRO_004054||SUP::SUP_0266,2.023249103533024,0.8062994814662636,0.2054779277625626,0.698164367877476,3.052626681830207,"{""PROD::PRO_004074||SUP::SUP_0266"": 0.7824375444775078, ""PROD::PRO_004112||SUP::SUP_0266"": 0.752529854626312, ""PROD::PRO_004059||SUP::SUP_0266"": 0.7517851027002481, ""PROD::PRO_004046||SUP::SUP_0266"": 0.739784867426118, ""PROD::PRO_004058||SUP::SUP_0266"": 0.7323256520464059, ""PROD::PRO_004001||SUP::SUP_0266"": 0.7320648954058968, ""PROD::PRO_004055||SUP::SUP_0266"": 0.7154332096440111, ""PROD::PRO_004036||SUP::SUP_0266"": 0.7133014160480166, ""PROD::PRO_004065||SUP::SUP_0266"": 0.6857907701927339, ""PROD::PRO_004057||SUP::SUP_0266"": 0.6842384340439203}","{""其他土木工程建筑"": 0.2054779277625626, ""住宅房屋建筑"": 0.19699372575140045, ""其他商务服务业"": 0.10323205435622813, ""土地调查评估服务"": 0.10148369686139733, ""数字化建筑业"": 0.10046044160740393, ""人力资源服务"": 0.10042467100837547, ""数字化商务服务"": 0.09785069668818519, ""行政办公自动化"": 0.09407678596444687}","{""互联网数据服务"": 0.698164367877476, ""互联网信息服务"": 0.1986035777662959, ""互联网相关服务"": 0.10323205435622812}"
PRO_004127,SUP_0266,PROD::PRO_004127||SUP::SUP_0266,1.2146597977306328,0.6151564154406758,0.5072111104839983,0.6948603606442904,10.366970995900871,"{""PROD::PRO_004053||SUP::SUP_0266"": 0.9983803946026703, ""PROD::PRO_004070||SUP::SUP_0266"": 0.7223347174602781, ""PROD::PRO_004003||SUP::SUP_0266"": 0.7212922031792285, ""PROD::PRO_004004||SUP::SUP_0266"": 0.7139606236740088, ""PROD::PRO_004002||SUP::SUP_0266"": 0.7073175826828106, ""PROD::PRO_003990||SUP::SUP_0266"": 0.6864013934111363, ""PROD::PRO_004036||SUP::SUP_0266"": 0.6767791634070534, ""PROD::PRO_004017||SUP::SUP_0266"": 0.6693810234469885, ""PROD::PRO_004005||SUP::SUP_0266"": 0.5977258544567845, ""PROD::PRO_004000||SUP::SUP_0266"": 0.5554768094320333}","{""数字化商务服务"": 0.5072111104839983, ""咨询与调查"": 0.19969976711321918, ""银行金融服务"": 0.19180446029942994, ""地理遥感信息及测绘地理信息服务"": 0.10128466210335263}","{""互联网数据服务"": 0.6948603606442904, ""互联网信息服务"": 0.3051396393557096}"
PRO_004128,SUP_0266,PROD::PRO_004128||SUP::SUP_0266,0.9400564211795718,0.8004393965847835,0.5108884524284392,0.7018539287945578,8.13912254228619,"{""PROD::PRO_004013||SUP::SUP_0266"": 0.9717330182671549, ""PROD::PRO_004078||SUP::SUP_0266"": 0.9557883590042764, ""PROD::PRO_004111||SUP::SUP_0266"": 0.9336402389669416, ""PROD::PRO_004010||SUP::SUP_0266"": 0.9223692852252502, ""PROD::PRO_004117||SUP::SUP_0266"": 0.9196477800901811, ""PROD::PRO_004095||SUP::SUP_0266"": 0.9172131894700737, ""PROD::PRO_004052||SUP::SUP_0266"": 0.9165647782126894, ""PROD::PRO_004116||SUP::SUP_0266"": 0.8914094573041605, ""PROD::PRO_003987||SUP::SUP_0266"": 0.8907094993040157, ""PROD::PRO_004032||SUP::SUP_0266"": 0.8868061462243836}","{""数字资本市场服务"": 0.5108884524284392, ""证券市场服务"": 0.3895485939189484, ""银行金融服务"": 0.09956295365261249}","{""互联网数据服务"": 0.7018539287945578, ""互联网信息服务"": 0.19672827504951232, ""互联网相关服务"": 0.10141779615592991}"
PRO_004011,SUP_0266,PROD::PRO_004011||SUP::SUP_0266,1.5280112451173429,1.1454233763460906,0.42731076925206646,0.60257456684707,10.015682978073574,"{""PROD::PRO_004062||SUP::SUP_0266"": 0.8797185107172181, ""PROD::PRO_004042||SUP::SUP_0266"": 0.7486315025020281, ""PROD::PRO_003998||SUP::SUP_0266"": 0.7456797062783868, ""PROD::PRO_004089||SUP::SUP_0266"": 0.7319155623459561, ""PROD::PRO_004113||SUP::SUP_0266"": 0.7013749588496244, ""PROD::PRO_001090||SUP::SUP_0078"": 0.6865388345933204, ""PROD::PRO_004005||SUP::SUP_0266"": 0.6767328681531071, ""PROD::PRO_001696||SUP::SUP_0121"": 0.6703119151890962, ""PROD::PRO_005724||SUP::SUP_0353"": 0.649963343105421, ""PROD::PRO_003993||SUP::SUP_0266"": 0.648579793693951}","{""数字化商务服务"": 0.42731076925206646, ""银行金融服务"": 0.23300749717120414, ""国家行政机构"": 0.1025171225186843, ""应用软件开发"": 0.09823939575414792, ""数字政府"": 0.09084454217662548, ""互联网批发零售"": 0.048080673127271586}","{""互联网数据服务"": 0.60257456684707, ""互联网信息服务"": 0.20737559446776238, ""信息技术服务"": 0.09388849243062439, ""货币银行服务"": 0.048080673127271586, ""人身保险"": 0.048080673127271586}"
PRO_004012,SUP_0266,PROD::PRO_004012||SUP::SUP_0266,0.8937292342082787,0.4992766105706322,0.6039355623462319,0.8008106196358284,9.232830131696014,"{""PROD::PRO_004015||SUP::SUP_0266"": 0.9408914394864887, ""PROD::PRO_004095||SUP::SUP_0266"": 0.8374205657616189, ""PROD::PRO_004078||SUP::SUP_0266"": 0.8368285397435061, ""PROD::PRO_004013||SUP::SUP_0266"": 0.8339865201204061, ""PROD::PRO_004117||SUP::SUP_0266"": 0.8334090116557564, ""PROD::PRO_004116||SUP::SUP_0266"": 0.8314559308867361, ""PROD::PRO_004128||SUP::SUP_0266"": 0.8247468967203279, ""PROD::PRO_004032||SUP::SUP_0266"": 0.8167629135318998, ""PROD::PRO_004096||SUP::SUP_0266"": 0.8028682817836632, ""PROD::PRO_004010||SUP::SUP_0266"": 0.7998312235863381}","{""数字资本市场服务"": 0.6039355623462319, ""证券市场服务"": 0.29738927240936414, ""金融信息服务"": 0.09867516524440391}","{""互联网数据服务"": 0.8008106196358284, ""互联网信息服务"": 0.19918938036417153}"
PRO_004034,SUP_0266,PROD::PRO_004034||SUP::SUP_0266,0.9374198325693311,0.5083024949465653,0.5033973740129242,0.7942267019206181,7.867747719462347,"{""PROD::PRO_004010||SUP::SUP_0266"": 0.9797804887518972, ""PROD::PRO_004116||SUP::SUP_0266"": 0.9417532766980566, ""PROD::PRO_004117||SUP::SUP_0266"": 0.9286840751818674, ""PROD::PRO_004095||SUP::SUP_0266"": 0.9200050324803143, ""PROD::PRO_004096||SUP::SUP_0266"": 0.9127728718483022, ""PROD::PRO_004032||SUP::SUP_0266"": 0.9073836360642618, ""PROD::PRO_004013||SUP::SUP_0266"": 0.8824838678640425, ""PROD::PRO_004128||SUP::SUP_0266"": 0.8756011535380063, ""PROD::PRO_004078||SUP::SUP_0266"": 0.8720582556085006, ""PROD::PRO_003987||SUP::SUP_0266"": 0.8692735853935695}","{""数字资本市场服务"": 0.5033973740129242, ""证券市场服务"": 0.40027470728691855, ""金融信息服务"": 0.09632791870015728}","{""互联网数据服务"": 0.7942267019206181, ""互联网信息服务"": 0.20577329807938188}"
PRO_004052,SUP_0266,PROD::PRO_004052||SUP::SUP_0266,0.9469655288386867,0.894986708444367,0.50490404713166,0.6048598245400875,7.975654791938434,"{""PROD::PRO_004013||SUP::SUP_0266"": 0.9207226413939045, ""PROD::PRO_004128||SUP::SUP_0266"": 0.9165647782126894, ""PROD::PRO_004078||SUP::SUP_0266"": 0.9005399824027316, ""PROD::PRO_004010||SUP::SUP_0266"": 0.892924563012255, ""PROD::PRO_004111||SUP::SUP_0266"": 0.8892037203800226, ""PROD::PRO_004116||SUP::SUP_0266"": 0.8791132354226843, ""PROD::PRO_004117||SUP::SUP_0266"": 0.8668209294367623, ""PROD::PRO_004095||SUP::SUP_0266"": 0.8667553356932579, ""PROD::PRO_004034||SUP::SUP_0266"": 0.863269979585283, ""PROD::PRO_003987||SUP::SUP_0266"": 0.8576716932324318}","{""数字资本市场服务"": 0.50490404713166, ""证券市场服务"": 0.3915712692758851, ""金融信息服务"": 0.1035246835924548}","{""互联网数据服务"": 0.6048598245400875, ""互联网信息服务"": 0.29470588430039096, ""互联网相关服务"": 0.10043429115952149}"
PRO_004079,SUP_0266,PROD::PRO_004079||SUP::SUP_0266,2.236555125899703,1.1721090458378147,0.24987815978701367,0.5362545993798571,7.487059007348283,"{""PROD::PRO_004126||SUP::SUP_0266"": 0.8621286602323686, ""PROD::PRO_004029||SUP::SUP_0266"": 0.85336928042532, ""PROD::PRO_004103||SUP::SUP_0266"": 0.8508552021439406, ""PROD::PRO_004125||SUP::SUP_0266"": 0.8482000404669189, ""PROD::PRO_004004||SUP::SUP_0266"": 0.6082254379512888, ""PROD::PRO_004000||SUP::SUP_0266"": 0.6045424786217244, ""PROD::PRO_004650||SUP::SUP_0298"": 0.602922655317168, ""PROD::PRO_004602||SUP::SUP_0298"": 0.6025628508957891, ""PROD::PRO_004112||SUP::SUP_0266"": 0.5953666908205975, ""PROD::PRO_004002||SUP::SUP_0266"": 0.5931043648239872}","{""数字化商务服务"": 0.24987815978701367, ""行政办公自动化"": 0.1211823891804386, ""其他未列明食品制造"": 0.12080422984748619, ""地理遥感信息及测绘地理信息服务"": 0.0866260340719957, ""银行金融服务"": 0.08514598576852413, ""其他商务服务业"": 0.08479463703142066, ""正餐服务"": 0.06139400133221189, ""食品、饮料及烟草制品专门零售"": 0.06139400133221189, ""数字社会"": 0.04293539469362508, ""数字金融"": 0.04293539469362508}","{""互联网数据服务"": 0.5362545993798571, ""互联网信息服务"": 0.20726042967857775, ""货币银行服务"": 0.17169033391014443, ""互联网相关服务"": 0.08479463703142065}"
PRO_004046,SUP_0266,PROD::PRO_004046||SUP::SUP_0266,2.026188099059502,0.8098669809160546,0.2037945245721462,0.6924089365822246,2.495632551451992,"{""PROD::PRO_004112||SUP::SUP_0266"": 0.8194451203760506, ""PROD::PRO_004114||SUP::SUP_0266"": 0.8061965367909538, ""PROD::PRO_004043||SUP::SUP_0266"": 0.7700483731883925, ""PROD::PRO_004001||SUP::SUP_0266"": 0.7481851543248511, ""PROD::PRO_004054||SUP::SUP_0266"": 0.739784867426118, ""PROD::PRO_004089||SUP::SUP_0266"": 0.7321283929113673, ""PROD::PRO_004000||SUP::SUP_0266"": 0.7274413012376737, ""PROD::PRO_004059||SUP::SUP_0266"": 0.7047944606944211, ""PROD::PRO_004061||SUP::SUP_0266"": 0.7026468359872353, ""PROD::PRO_003985||SUP::SUP_0266"": 0.6986948627341749}","{""其他商务服务业"": 0.2037945245721462, ""住宅房屋建筑"": 0.19391977067749805, ""贸易经纪与代理"": 0.10822351150413922, ""房地产开发经营"": 0.10337099599338394, ""人力资源服务"": 0.10043608594326855, ""国家行政机构"": 0.09828063249705514, ""数字化商务服务"": 0.0976514391223378, ""其他互联网平台"": 0.09432303969017106}","{""互联网数据服务"": 0.6924089365822246, ""互联网相关服务"": 0.2093104309207203, ""互联网信息服务"": 0.09828063249705515}"
PRO_004032,SUP_0266,PROD::PRO_004032||SUP::SUP_0266,0.9425094786804967,0.6174813759027149,0.5022587484611858,0.6920119684545614,7.8945946617144385,"{""PROD::PRO_004010||SUP::SUP_0266"": 0.9391708287225955, ""PROD::PRO_004116||SUP::SUP_0266"": 0.920443378223283, ""PROD::PRO_004117||SUP::SUP_0266"": 0.909835794558716, ""PROD::PRO_004034||SUP::SUP_0266"": 0.9073836360642618, ""PROD::PRO_004078||SUP::SUP_0266"": 0.9029215062268198, ""PROD::PRO_004128||SUP::SUP_0266"": 0.8868061462243836, ""PROD::PRO_004013||SUP::SUP_0266"": 0.8624737579753851, ""PROD::PRO_003987||SUP::SUP_0266"": 0.8597872349815877, ""PROD::PRO_004096||SUP::SUP_0266"": 0.8501063246708124, ""PROD::PRO_004095||SUP::SUP_0266"": 0.8499324143505481}","{""数字资本市场服务"": 0.5022587484611858, ""证券市场服务"": 0.39797524731963574, ""金融信息服务"": 0.09976600421917857}","{""互联网数据服务"": 0.6920119684545614, ""互联网信息服务"": 0.3079880315454386}"
PRO_004109,SUP_0266,PROD::PRO_004109||SUP::SUP_0266,0.9506532646646676,0.890743276937913,0.5751020889684524,0.6118837714517275,9.531131484988345,"{""PROD::PRO_004108||SUP::SUP_0266"": 0.9760697248515147, ""PROD::PRO_004111||SUP::SUP_0266"": 0.7098252884999533, ""PROD::PRO_004117||SUP::SUP_0266"": 0.6887394259803538, ""PROD::PRO_004095||SUP::SUP_0266"": 0.6801667683467859, ""PROD::PRO_004013||SUP::SUP_0266"": 0.6698570777576351, ""PROD::PRO_004116||SUP::SUP_0266"": 0.6664110657816368, ""PROD::PRO_004096||SUP::SUP_0266"": 0.6656297160373388, ""PROD::PRO_004078||SUP::SUP_0266"": 0.6545285667094126, ""PROD::PRO_004034||SUP::SUP_0266"": 0.6539482114512284, ""PROD::PRO_004012||SUP::SUP_0266"": 0.6402616800469586}","{""数字资本市场服务"": 0.5751020889684524, ""证券市场服务"": 0.28556760920474916, ""银行金融服务"": 0.13933030182679848}","{""互联网数据服务"": 0.6118837714517275, ""互联网信息服务"": 0.2867913240123409, ""互联网相关服务"": 0.10132490453593164}"
PRO_004108,SUP_0266,PROD::PRO_004108||SUP::SUP_0266,0.8832634370964522,0.8947458294303323,0.6131964870873076,0.6066239185357302,9.31478468109118,"{""PROD::PRO_004109||SUP::SUP_0266"": 0.9760697248515147, ""PROD::PRO_004111||SUP::SUP_0266"": 0.8231396268936972, ""PROD::PRO_004117||SUP::SUP_0266"": 0.8090094151540274, ""PROD::PRO_004095||SUP::SUP_0266"": 0.8051898152098377, ""PROD::PRO_004013||SUP::SUP_0266"": 0.8030488518485484, ""PROD::PRO_004116||SUP::SUP_0266"": 0.7914559081713898, ""PROD::PRO_004096||SUP::SUP_0266"": 0.7841232751670956, ""PROD::PRO_004078||SUP::SUP_0266"": 0.7820188375927561, ""PROD::PRO_004128||SUP::SUP_0266"": 0.7736086820149437, ""PROD::PRO_004034||SUP::SUP_0266"": 0.7694889067321851}","{""数字资本市场服务"": 0.6131964870873076, ""证券市场服务"": 0.29149809266790994, ""金融信息服务"": 0.09530542024478247}","{""互联网数据服务"": 0.6066239185357302, ""互联网信息服务"": 0.2919686517326037, ""互联网相关服务"": 0.10140742973166617}"
PRO_003988,SUP_0266,PROD::PRO_003988||SUP::SUP_0266,2.20175435091507,1.269966584732221,0.1858880252647517,0.5572376068916712,4.3134944393571475,"{""PROD::PRO_004050||SUP::SUP_0266"": 0.9918872122954729, ""PROD::PRO_004129||SUP::SUP_0266"": 0.9267393025333703, ""PROD::PRO_004557||SUP::SUP_0298"": 0.9172203657832231, ""PROD::PRO_004112||SUP::SUP_0266"": 0.4534456589251541, ""PROD::PRO_004077||SUP::SUP_0266"": 0.39947561832410305, ""PROD::PRO_004046||SUP::SUP_0266"": 0.3710522408167134, ""PROD::PRO_004127||SUP::SUP_0266"": 0.33062084894642396, ""PROD::PRO_004053||SUP::SUP_0266"": 0.32335752225704273, ""PROD::PRO_004036||SUP::SUP_0266"": 0.32078151897332063, ""PROD::PRO_004114||SUP::SUP_0266"": 0.3013589728742414}","{""其他房屋建筑业"": 0.1858880252647517, ""住宅房屋建筑"": 0.17367875777376607, ""银行金融服务"": 0.14654733998888592, ""数字化建筑业"": 0.08594741439073332, ""其他商务服务业"": 0.08497953906211049, ""环境治理业"": 0.07486509848214735, ""土地调查评估服务"": 0.06953831792614468, ""数字技术研究和试验发展"": 0.06196113425010935, ""数字化商务服务"": 0.060117160866890035, ""贸易经纪与代理"": 0.05647721199446124}","{""互联网数据服务"": 0.5572376068916712, ""互联网信息服务"": 0.1858880252647517, ""货币银行服务"": 0.08594741439073332, ""其他房屋建筑业"": 0.08594741439073332, ""互联网相关服务"": 0.08497953906211049}"
PRO_000653,SUP_0038,PROD::PRO_000653||SUP::SUP_0038,1.4401221670243443,0.7048177548783837,0.39623862269843046,0.8004660740058076,11.706829954153543,"{""PROD::PRO_000650||SUP::SUP_0038"": 0.9500348889838508, ""PROD::PRO_000651||SUP::SUP_0038"": 0.868819357902105, ""PROD::PRO_003312||SUP::SUP_0175"": 0.8682273593553163, ""PROD::PRO_000658||SUP::SUP_0038"": 0.843407625029933, ""PROD::PRO_000654||SUP::SUP_0038"": 0.8351357641103405, ""PROD::PRO_000664||SUP::SUP_0038"": 0.8185946936921893, ""PROD::PRO_000663||SUP::SUP_0038"": 0.817705660944852, ""PROD::PRO_004559||SUP::SUP_0298"": 0.8126105970233598, ""PROD::PRO_000660||SUP::SUP_0038"": 0.8085023480168831, ""PROD::PRO_000656||SUP::SUP_0038"": 0.8007821054258357}","{""银行金融服务"": 0.39623862269843046, ""金融信息服务"": 0.3606249716715566, ""其他数字金融"": 0.0991397874606029, ""数字资本市场服务"": 0.047530815434987356, ""数字社会"": 0.03215526757814092, ""数字金融"": 0.03215526757814092, ""咨询与调查"": 0.03215526757814092}","{""其他未列明金融业"": 0.8004660740058076, ""软件开发"": 0.10306812325976973, ""货币银行服务"": 0.04823290136721138, ""道路货物运输"": 0.04823290136721138}"
PRO_001763,SUP_0127,PROD::PRO_001763||SUP::SUP_0127,1.5180885425940103,0.80574921153563,0.559130976784347,0.7083587693755605,11.162650196196605,"{""PROD::PRO_001764||SUP::SUP_0127"": 0.9999999999999997, ""PROD::PRO_001762||SUP::SUP_0127"": 0.7605671640831373, ""PROD::PRO_002966||SUP::SUP_0166"": 0.6957086157514573, ""PROD::PRO_004702||SUP::SUP_0298"": 0.6568453131507577, ""PROD::PRO_002965||SUP::SUP_0166"": 0.6008416862408925, ""PROD::PRO_004706||SUP::SUP_0298"": 0.5283023051514312, ""PROD::PRO_000068||SUP::SUP_0026"": 0.5221061697823428, ""PROD::PRO_000067||SUP::SUP_0026"": 0.5221061697823428, ""PROD::PRO_005201||SUP::SUP_0319"": 0.5217572540871025, ""PROD::PRO_001742||SUP::SUP_0127"": 0.4427240699904891}","{""银行金融服务"": 0.559130976784347, ""数字社会"": 0.0845795405101894, ""汽车、摩托车、零配件和燃料及其他动力销售"": 0.08346835663447208, ""互联网保险"": 0.06960347881937906, ""互联网零售"": 0.06913874357823077, ""电信"": 0.06913874357823077, ""数字技术研究和试验发展"": 0.03709876856739932, ""数字资本市场服务"": 0.027841391527751624}","{""电信"": 0.7083587693755605, ""货币银行服务"": 0.14733683309271672, ""互联网数据服务"": 0.14430439753172275}"
PRO_001764,SUP_0127,PROD::PRO_001764||SUP::SUP_0127,1.5180885425940103,0.80574921153563,0.559130976784347,0.7083587693755605,11.162650196196605,"{""PROD::PRO_001763||SUP::SUP_0127"": 0.9999999999999997, ""PROD::PRO_001762||SUP::SUP_0127"": 0.7605671640831373, ""PROD::PRO_002966||SUP::SUP_0166"": 0.6957086157514573, ""PROD::PRO_004702||SUP::SUP_0298"": 0.6568453131507577, ""PROD::PRO_002965||SUP::SUP_0166"": 0.6008416862408925, ""PROD::PRO_004706||SUP::SUP_0298"": 0.5283023051514312, ""PROD::PRO_000068||SUP::SUP_0026"": 0.5221061697823428, ""PROD::PRO_000067||SUP::SUP_0026"": 0.5221061697823428, ""PROD::PRO_005201||SUP::SUP_0319"": 0.5217572540871025, ""PROD::PRO_001742||SUP::SUP_0127"": 0.4427240699904891}","{""银行金融服务"": 0.559130976784347, ""数字社会"": 0.0845795405101894, ""汽车、摩托车、零配件和燃料及其他动力销售"": 0.08346835663447208, ""互联网保险"": 0.06960347881937906, ""互联网零售"": 0.06913874357823077, ""电信"": 0.06913874357823077, ""数字技术研究和试验发展"": 0.03709876856739932, ""数字资本市场服务"": 0.027841391527751624}","{""电信"": 0.7083587693755605, ""货币银行服务"": 0.14733683309271672, ""互联网数据服务"": 0.14430439753172275}"
PRO_001787,SUP_0128,PROD::PRO_001787||SUP::SUP_0128,2.123209013279909,1.8103752981855117,0.33919665189016684,0.2514465909692203,6.049467682342478,"{""PROD::PRO_001788||SUP::SUP_0128"": 0.9996163504316486, ""PROD::PRO_001789||SUP::SUP_0128"": 0.9995409402504924, ""PROD::PRO_002859||SUP::SUP_0159"": 0.7709380643567477, ""PROD::PRO_002728||SUP::SUP_0145"": 0.685372259753641, ""PROD::PRO_001323||SUP::SUP_0104"": 0.22260134557524758, ""PROD::PRO_000042||SUP::SUP_0016"": 0.2101627228772437, ""PROD::PRO_006662||SUP::SUP_0373"": 0.15284517302047473, ""PROD::PRO_001768||SUP::SUP_0127"": 0.13597056286196363, ""PROD::PRO_004540||SUP::SUP_0298"": 0.13140329287135133, ""PROD::PRO_000070||SUP::SUP_0026"": 0.11195500899398392}","{""智能交通"": 0.33919665189016684, ""智慧教育"": 0.1788192467126597, ""城市公共交通运输"": 0.11305986410971368, ""银行金融服务"": 0.083539289828468, ""行政办公自动化"": 0.03636129983931304, ""智能化电力、热力、燃气及水生产和供应"": 0.03488087352233361, ""地理遥感信息及测绘地理信息服务"": 0.03488087352233361, ""其他数字政府"": 0.03488087352233361, ""智能车载设备制造"": 0.03488087352233361, ""其他互联网平台"": 0.03488087352233361}","{""互联网数据服务"": 0.2514465909692203, ""城市公共交通运输"": 0.22613678778045318, ""技能培训、教育辅助及其他教育"": 0.2025911283161025, ""道路运输辅助活动"": 0.17440436761166803, ""互联网相关服务"": 0.05035767294348103, ""信息技术咨询服务"": 0.03457718197553747, ""电信"": 0.030759747282072, ""货币银行服务"": 0.014863261560732826, ""国家行政机构"": 0.014863261560732826}"
PRO_001788,SUP_0128,PROD::PRO_001788||SUP::SUP_0128,2.1172310125216014,1.4752317960170034,0.3409870274031076,0.48088124673664184,6.048966542633859,"{""PROD::PRO_001787||SUP::SUP_0128"": 0.9996163504316486, ""PROD::PRO_001789||SUP::SUP_0128"": 0.9995857584377479, ""PROD::PRO_002859||SUP::SUP_0159"": 0.764002402508173, ""PROD::PRO_002728||SUP::SUP_0145"": 0.6863495746928717, ""PROD::PRO_001323||SUP::SUP_0104"": 0.22001135076160272, ""PROD::PRO_000042||SUP::SUP_0016"": 0.19855161798013254, ""PROD::PRO_006662||SUP::SUP_0373"": 0.14365741741742422, ""PROD::PRO_001768||SUP::SUP_0127"": 0.1377830977905774, ""PROD::PRO_004540||SUP::SUP_0298"": 0.13234560186525424, ""PROD::PRO_000070||SUP::SUP_0026"": 0.11535862739690006}","{""智能交通"": 0.3409870274031076, ""智慧教育"": 0.17866240845863632, ""城市公共交通运输"": 0.1136600234492393, ""银行金融服务"": 0.08512510305199407, ""行政办公自动化"": 0.03508516293154219, ""智能化电力、热力、燃气及水生产和供应"": 0.03474900687663692, ""地理遥感信息及测绘地理信息服务"": 0.03474900687663692, ""其他数字政府"": 0.03474900687663692, ""智能车载设备制造"": 0.03474900687663692, ""其他互联网平台"": 0.03474900687663692}","{""互联网数据服务"": 0.48088124673664184, ""技能培训、教育辅助及其他教育"": 0.20123914223561287, ""道路运输辅助活动"": 0.1737450343831846, ""互联网相关服务"": 0.05003371661826237, ""信息技术咨询服务"": 0.03266974403044873, ""电信"": 0.03133384003041727, ""货币银行服务"": 0.015048637982716207, ""国家行政机构"": 0.015048637982716207}"
PRO_000654,SUP_0038,PROD::PRO_000654||SUP::SUP_0038,1.0412846410075107,0.695819714852228,0.502460478673619,0.8044575450988463,11.712844231108338,"{""PROD::PRO_000658||SUP::SUP_0038"": 0.9193747487945458, ""PROD::PRO_000651||SUP::SUP_0038"": 0.9124164898789053, ""PROD::PRO_000660||SUP::SUP_0038"": 0.8872180062801754, ""PROD::PRO_000663||SUP::SUP_0038"": 0.8804093294407103, ""PROD::PRO_003312||SUP::SUP_0175"": 0.8799776196956978, ""PROD::PRO_000664||SUP::SUP_0038"": 0.8781841368527198, ""PROD::PRO_000662||SUP::SUP_0038"": 0.87251958867911, ""PROD::PRO_000650||SUP::SUP_0038"": 0.8724008286269959, ""PROD::PRO_000661||SUP::SUP_0038"": 0.8512937443617408, ""PROD::PRO_004559||SUP::SUP_0298"": 0.8394810705463358}","{""银行金融服务"": 0.502460478673619, ""金融信息服务"": 0.40207099375473443, ""数字社会"": 0.03182284252388226, ""数字金融"": 0.03182284252388226, ""咨询与调查"": 0.03182284252388226}","{""其他未列明金融业"": 0.8044575450988463, ""软件开发"": 0.1000739273295071, ""货币银行服务"": 0.04773426378582339, ""道路货物运输"": 0.04773426378582339}"
PRO_003932,SUP_0263,PROD::PRO_003932||SUP::SUP_0263,2.3294799997900046,1.349834323633301,0.20468176134539576,0.37414323022531776,6.675302045428088,"{""PROD::PRO_003930||SUP::SUP_0263"": 0.9987517009105, ""PROD::PRO_003931||SUP::SUP_0263"": 0.9954847497643668, ""PROD::PRO_003929||SUP::SUP_0263"": 0.7958637712536781, ""PROD::PRO_000045||SUP::SUP_0017"": 0.39642743306604056, ""PROD::PRO_004354||SUP::SUP_0287"": 0.38849994944941957, ""PROD::PRO_004356||SUP::SUP_0287"": 0.357914885822434, ""PROD::PRO_003542||SUP::SUP_0232"": 0.35301590049481146, ""PROD::PRO_002819||SUP::SUP_0147"": 0.3498888215689435, ""PROD::PRO_002821||SUP::SUP_0147"": 0.3398424175685685, ""PROD::PRO_004152||SUP::SUP_0268"": 0.3313648223413084}","{""银行金融服务"": 0.20468176134539576, ""互联网批发零售"": 0.1881932265626055, ""互联网零售"": 0.14996337015493585, ""数字金融"": 0.08810175071845987, ""广告业"": 0.06243855707970766, ""数字化餐饮"": 0.04689441001232706, ""数字化住宿"": 0.04689441001232706, ""数字内容服务"": 0.04689441001232706, ""互联网文体娱乐业"": 0.04689441001232706, ""数字化零售"": 0.024899401141984467}","{""互联网平台"": 0.37414323022531776, ""互联网数据服务"": 0.3345430871955525, ""互联网信息服务"": 0.1881932265626055, ""互联网相关服务"": 0.06651823599545052, ""非金融机构支付服务"": 0.03660222002107369}"
PRO_003929,SUP_0263,PROD::PRO_003929||SUP::SUP_0263,2.4175882434526175,1.4622712295059102,0.22965592984501834,0.39949982065544504,6.912208084505895,"{""PROD::PRO_003932||SUP::SUP_0263"": 0.7958637712536781, ""PROD::PRO_003930||SUP::SUP_0263"": 0.7866640561755647, ""PROD::PRO_003931||SUP::SUP_0263"": 0.7816909499141997, ""PROD::PRO_000062||SUP::SUP_0025"": 0.5371716964773615, ""PROD::PRO_000045||SUP::SUP_0017"": 0.4948699072003897, ""PROD::PRO_000058||SUP::SUP_0022"": 0.44586556644191333, ""PROD::PRO_001724||SUP::SUP_0125"": 0.40377384678049943, ""PROD::PRO_000083||SUP::SUP_0031"": 0.3953320479521403, ""PROD::PRO_002819||SUP::SUP_0147"": 0.3835128508693342, ""PROD::PRO_002821||SUP::SUP_0147"": 0.38216702279421955}","{""互联网零售"": 0.22965592984501834, ""互联网批发零售"": 0.16986432436080198, ""金融信息服务"": 0.09934907849554019, ""综合管理服务"": 0.07467735150847181, ""数字金融"": 0.07093011149866424, ""银行金融服务"": 0.07068120266755329, ""数字化餐饮"": 0.03614313451897968, ""数字化住宿"": 0.03614313451897968, ""数字内容服务"": 0.03614313451897968, ""互联网文体娱乐业"": 0.03614313451897968}","{""互联网平台"": 0.39949982065544504, ""互联网数据服务"": 0.23313674184221614, ""互联网相关服务"": 0.14719377956908153, ""互联网信息服务"": 0.1454923064247856, ""人力资源服务"": 0.07467735150847182}"
PRO_003930,SUP_0263,PROD::PRO_003930||SUP::SUP_0263,2.1069880149975497,1.2070449982620086,0.33148017694317594,0.3691482150970376,8.92496636203855,"{""PROD::PRO_003932||SUP::SUP_0263"": 0.9987517009105, ""PROD::PRO_003931||SUP::SUP_0263"": 0.9965799505539293, ""PROD::PRO_003929||SUP::SUP_0263"": 0.7866640561755647, ""PROD::PRO_000045||SUP::SUP_0017"": 0.4152679211218234, ""PROD::PRO_004354||SUP::SUP_0287"": 0.4101180449324322, ""PROD::PRO_004356||SUP::SUP_0287"": 0.3796109770460788, ""PROD::PRO_003542||SUP::SUP_0232"": 0.3685143607741659, ""PROD::PRO_004152||SUP::SUP_0268"": 0.3536455414309182, ""PROD::PRO_002819||SUP::SUP_0147"": 0.3435207794173667, ""PROD::PRO_002821||SUP::SUP_0147"": 0.3335183052509826}","{""互联网零售"": 0.33148017694317594, ""银行金融服务"": 0.20854202798605292, ""数字金融"": 0.08658416392366469, ""广告业"": 0.06565780893521889, ""数字化餐饮"": 0.04625624270377069, ""数字化住宿"": 0.04625624270377069, ""数字内容服务"": 0.04625624270377069, ""互联网文体娱乐业"": 0.04625624270377069, ""数字化零售"": 0.025699538688390658, ""网络借贷服务"": 0.025699538688390658}","{""互联网平台"": 0.3691482150970376, ""互联网数据服务"": 0.338934008867896, ""互联网相关服务"": 0.2538465308468683, ""非金融机构支付服务"": 0.03807124518819816}"
PRO_003931,SUP_0263,PROD::PRO_003931||SUP::SUP_0263,1.8477027866659494,1.4803394318383987,0.33561059976633967,0.27552274515649444,7.569232009137183,"{""PROD::PRO_003930||SUP::SUP_0263"": 0.9965799505539293, ""PROD::PRO_003932||SUP::SUP_0263"": 0.9954847497643668, ""PROD::PRO_003929||SUP::SUP_0263"": 0.7816909499141997, ""PROD::PRO_000045||SUP::SUP_0017"": 0.40338069307996216, ""PROD::PRO_004354||SUP::SUP_0287"": 0.37075432521486573, ""PROD::PRO_003542||SUP::SUP_0232"": 0.36542157481286597, ""PROD::PRO_002819||SUP::SUP_0147"": 0.36276895185562497, ""PROD::PRO_002821||SUP::SUP_0147"": 0.3528227958698118, ""PROD::PRO_004356||SUP::SUP_0287"": 0.34001701823361963, ""PROD::PRO_000083||SUP::SUP_0031"": 0.3264293190750073}","{""互联网零售"": 0.33561059976633967, ""互联网批发零售"": 0.20874723201142806, ""银行金融服务"": 0.20085434831746732, ""数字金融"": 0.09150974220976336, ""数字化零售"": 0.025392131339483114, ""网络借贷服务"": 0.025392131339483114, ""数字化租赁"": 0.025392131339483114, ""高等教育"": 0.023002669143834566, ""体育组织"": 0.023002669143834566, ""咨询与调查"": 0.02054817269444165}","{""互联网数据服务"": 0.27552274515649444, ""互联网相关服务"": 0.2570002436448902, ""互联网平台"": 0.24427041675895342, ""互联网信息服务"": 0.18819905931698636, ""非金融机构支付服务"": 0.03500753512267549}"
PRO_004062,SUP_0266,PROD::PRO_004062||SUP::SUP_0266,1.549446510661101,1.4112614702545376,0.3798369795266176,0.5089626901922754,10.15476817287988,"{""PROD::PRO_004011||SUP::SUP_0266"": 0.8797185107172181, ""PROD::PRO_003998||SUP::SUP_0266"": 0.8185131111741316, ""PROD::PRO_004042||SUP::SUP_0266"": 0.7562030555101599, ""PROD::PRO_002860||SUP::SUP_0160"": 0.7492773481913838, ""PROD::PRO_000053||SUP::SUP_0019"": 0.742384824173097, ""PROD::PRO_003993||SUP::SUP_0266"": 0.7261652395919939, ""PROD::PRO_001090||SUP::SUP_0078"": 0.7151293713113138, ""PROD::PRO_001696||SUP::SUP_0121"": 0.7139540938761126, ""PROD::PRO_000047||SUP::SUP_0019"": 0.7128323759595107, ""PROD::PRO_005724||SUP::SUP_0353"": 0.6739469423318261}","{""银行金融服务"": 0.3798369795266176, ""数字化商务服务"": 0.32777694270363966, ""数字政府"": 0.09697557825540089, ""数字金融"": 0.05003103987417433, ""其他未列明金融业"": 0.05003103987417433, ""互联网批发零售"": 0.04775089781858828, ""互联网保险"": 0.04759752194740486}","{""互联网数据服务"": 0.5089626901922754, ""国家行政机构"": 0.19920369888268039, ""互联网信息服务"": 0.10098697181897895, ""信息技术服务"": 0.09534484346888882, ""货币银行服务"": 0.04775089781858829, ""人身保险"": 0.04775089781858829}"
PRO_004067,SUP_0266,PROD::PRO_004067||SUP::SUP_0266,2.0767067520498346,1.236797105293268,0.25077726511077136,0.46352466703416256,6.29306791859663,"{""PROD::PRO_004039||SUP::SUP_0266"": 0.7918668628953927, ""PROD::PRO_004066||SUP::SUP_0266"": 0.7590107454823287, ""PROD::PRO_003448||SUP::SUP_0209"": 0.7417354096903735, ""PROD::PRO_001824||SUP::SUP_0133"": 0.7256727353166967, ""PROD::PRO_003995||SUP::SUP_0266"": 0.6778172650221459, ""PROD::PRO_004056||SUP::SUP_0266"": 0.6737843655017424, ""PROD::PRO_005728||SUP::SUP_0353"": 0.5994525940216667, ""PROD::PRO_005721||SUP::SUP_0353"": 0.5506777440103617, ""PROD::PRO_004100||SUP::SUP_0266"": 0.5273173639423556, ""PROD::PRO_001661||SUP::SUP_0118"": 0.5160757752176561}","{""数字化商务服务"": 0.25077726511077136, ""知识产权服务"": 0.18717326021953198, ""法律服务"": 0.12064868094553388, ""数字技术研究和试验发展"": 0.11056335656472942, ""其他土木工程建筑"": 0.10265765464951328, ""证券市场服务"": 0.08034197082916146, ""木质家具制造"": 0.05650533125134729, ""电信"": 0.03044416014313708, ""广播电视传输服务"": 0.03044416014313708, ""卫星传输服务"": 0.03044416014313708}","{""互联网数据服务"": 0.46352466703416256, ""互联网相关服务"": 0.22865339180077154, ""互联网信息服务"": 0.2239207873802166, ""软件开发"": 0.08390115378484932}"
PRO_001710,SUP_0122,PROD::PRO_001710||SUP::SUP_0122,1.2586192402403722,1.509535817234533,0.641604197197408,0.44773789097532146,11.234181086366434,"{""PROD::PRO_001714||SUP::SUP_0122"": 0.985499619368483, ""PROD::PRO_001709||SUP::SUP_0122"": 0.9830657475797151, ""PROD::PRO_001713||SUP::SUP_0122"": 0.9461449717363583, ""PROD::PRO_001633||SUP::SUP_0115"": 0.6758931150459823, ""PROD::PRO_001698||SUP::SUP_0122"": 0.5133606830203175, ""PROD::PRO_001711||SUP::SUP_0122"": 0.4980969291148517, ""PROD::PRO_001712||SUP::SUP_0122"": 0.4972908988652295, ""PROD::PRO_001716||SUP::SUP_0122"": 0.47983661054457327, ""PROD::PRO_001715||SUP::SUP_0122"": 0.4794849963146004, ""PROD::PRO_004189||SUP::SUP_0279"": 0.4342865230821863}","{""银行金融服务"": 0.641604197197408, ""其他农业"": 0.10409629894392489, ""互联网居民生活服务"": 0.07658924305930576, ""货币银行服务"": 0.07390105645933295, ""行政办公自动化"": 0.03692345165558886, ""数字政府"": 0.03344287634221976, ""专业公共卫生服务"": 0.03344287634221976}","{""互联网数据服务"": 0.44773789097532146, ""互联网信息服务"": 0.22562661626168856, ""互联网相关服务"": 0.10409629894392487, ""软件开发"": 0.07906419807531975, ""互联网平台"": 0.07658924305930576, ""电信"": 0.06688575268443951}"
PRO_001712,SUP_0122,PROD::PRO_001712||SUP::SUP_0122,1.363873736732811,1.4863495384947103,0.6128127553535526,0.44575864936809045,8.973767244540817,"{""PROD::PRO_001698||SUP::SUP_0122"": 0.9988227310357468, ""PROD::PRO_001711||SUP::SUP_0122"": 0.9919375745822482, ""PROD::PRO_001716||SUP::SUP_0122"": 0.9908878652506776, ""PROD::PRO_001715||SUP::SUP_0122"": 0.9807607496614543, ""PROD::PRO_001709||SUP::SUP_0122"": 0.6144984128812393, ""PROD::PRO_001714||SUP::SUP_0122"": 0.5907762263357104, ""PROD::PRO_004189||SUP::SUP_0279"": 0.5263502009789, ""PROD::PRO_001710||SUP::SUP_0122"": 0.4972908988652295, ""PROD::PRO_000055||SUP::SUP_0021"": 0.3977431218272309, ""PROD::PRO_001717||SUP::SUP_0123"": 0.3532871363522767}","{""银行金融服务"": 0.6128127553535526, ""货币银行服务"": 0.14273079912901737, ""行政办公自动化"": 0.0706360277800656, ""医院"": 0.057292248313192226, ""数字政府"": 0.03790862086520335, ""专业公共卫生服务"": 0.03790862086520335, ""人力资源服务"": 0.010177731923441395, ""网络借贷服务"": 0.010177731923441395, ""婚姻服务"": 0.010177731923441395, ""家庭服务"": 0.010177731923441395}","{""互联网数据服务"": 0.44575864936809045, ""互联网信息服务"": 0.226369437260319, ""软件开发"": 0.14387376371078453, ""电信"": 0.0758172417304067, ""医院"": 0.05729224831319222, ""不提供住宿社会工作"": 0.05088865961720696}"
PRO_004068,SUP_0266,PROD::PRO_004068||SUP::SUP_0266,1.7630966298995636,0.6728001569435166,0.34497934389030793,0.6005202570770275,6.562223185524361,"{""PROD::PRO_004040||SUP::SUP_0266"": 0.8741842550685059, ""PROD::PRO_004001||SUP::SUP_0266"": 0.850852784330501, ""PROD::PRO_004041||SUP::SUP_0266"": 0.8505379121698481, ""PROD::PRO_004002||SUP::SUP_0266"": 0.8439530485118762, ""PROD::PRO_004070||SUP::SUP_0266"": 0.8416311464307563, ""PROD::PRO_004003||SUP::SUP_0266"": 0.8409975074337946, ""PROD::PRO_004061||SUP::SUP_0266"": 0.8403396608787869, ""PROD::PRO_004101||SUP::SUP_0266"": 0.8380576935771625, ""PROD::PRO_004000||SUP::SUP_0266"": 0.8225572956499609, ""PROD::PRO_004075||SUP::SUP_0266"": 0.8194419181339871}","{""数字化商务服务"": 0.34497934389030793, ""法律服务"": 0.2047742675814028, ""人力资源服务"": 0.10102076673013323, ""咨询与调查"": 0.09985066110577845, ""其他互联网平台"": 0.09977255574536648, ""资本投资服务"": 0.09950162040765753, ""银行金融服务"": 0.050100784539353606}","{""互联网数据服务"": 0.6005202570770275, ""互联网信息服务"": 0.3994797429229726}"
PRO_002859,SUP_0159,PROD::PRO_002859||SUP::SUP_0159,2.2198972748736168,2.0468490509479893,0.302671143141053,0.242644069698271,3.979257187292033,"{""PROD::PRO_001787||SUP::SUP_0128"": 0.7709380643567477, ""PROD::PRO_001789||SUP::SUP_0128"": 0.7670481410415664, ""PROD::PRO_001788||SUP::SUP_0128"": 0.764002402508173, ""PROD::PRO_000042||SUP::SUP_0016"": 0.6733692797480346, ""PROD::PRO_002728||SUP::SUP_0145"": 0.6258063368684166, ""PROD::PRO_000039||SUP::SUP_0013"": 0.6182322242945554, ""PROD::PRO_001725||SUP::SUP_0125"": 0.6023953112494341, ""PROD::PRO_006662||SUP::SUP_0373"": 0.5144634550644158, ""PROD::PRO_000074||SUP::SUP_0027"": 0.5063200893746982, ""PROD::PRO_000069||SUP::SUP_0026"": 0.49587016960262587}","{""智能交通"": 0.302671143141053, ""智慧教育"": 0.1518496894347399, ""人力资源服务"": 0.09503833608888855, ""货币银行服务"": 0.08116555662834053, ""数字金融"": 0.07823214250689073, ""城市公共交通运输"": 0.060507591662246736, ""行政办公自动化"": 0.05311785693342467, ""智能道路运输"": 0.039940399538255754, ""智慧配送"": 0.039940399538255754, ""银行金融服务"": 0.024384221131976098}","{""互联网数据服务"": 0.242644069698271, ""技能培训、教育辅助及其他教育"": 0.20496754636816455, ""城市公共交通运输"": 0.12053466510502867, ""人力资源服务"": 0.09503833608888855, ""信息技术咨询服务"": 0.08116555662834053, ""测绘地理信息服务"": 0.07988079907651151, ""环境治理业"": 0.07823214250689073, ""砖瓦、石材等建筑材料制造"": 0.048768442263952196, ""水泥、石灰和石膏制造"": 0.048768442263952196}"
PRO_004044,SUP_0266,PROD::PRO_004044||SUP::SUP_0266,1.7239642569624702,1.4682178632779104,0.29981456452728883,0.31945560132253714,4.4940446984133136,"{""PROD::PRO_004045||SUP::SUP_0266"": 0.930859753076615, ""PROD::PRO_004110||SUP::SUP_0266"": 0.922550124370439, ""PROD::PRO_004675||SUP::SUP_0298"": 0.9210736497129438, ""PROD::PRO_004043||SUP::SUP_0266"": 0.8519291950259428, ""PROD::PRO_004551||SUP::SUP_0298"": 0.8324821813519357, ""PROD::PRO_004619||SUP::SUP_0298"": 0.7543756513482048, ""PROD::PRO_004046||SUP::SUP_0266"": 0.5932777197806611, ""PROD::PRO_004014||SUP::SUP_0266"": 0.3885839916068281, ""PROD::PRO_004020||SUP::SUP_0266"": 0.3329895424423913, ""PROD::PRO_003448||SUP::SUP_0209"": 0.31601994631294805}","{""房地产开发经营"": 0.29981456452728883, ""银行金融服务"": 0.22757428916622457, ""土地调查评估服务"": 0.2226922713483216, ""数字政府"": 0.12214492199699188, ""数字技术研究和试验发展"": 0.044859466810242554, ""互联网房地产业"": 0.03674069875373869, ""数字化商务服务"": 0.0230868936985959, ""木质家具制造"": 0.0230868936985959}","{""互联网信息服务"": 0.31945560132253714, ""互联网数据服务"": 0.2679358452892953, ""货币银行服务"": 0.23185636556024805, ""软件开发"": 0.13457840043072766, ""互联网相关服务"": 0.0461737873971918}"
PRO_004063,SUP_0266,PROD::PRO_004063||SUP::SUP_0266,1.499565147904525,0.5997337883048377,0.38138634764475104,0.7126808713767836,6.453497332133615,"{""PROD::PRO_004122||SUP::SUP_0266"": 0.9886711203518992, ""PROD::PRO_004121||SUP::SUP_0266"": 0.8047871567387122, ""PROD::PRO_004120||SUP::SUP_0266"": 0.8047416439273063, ""PROD::PRO_004101||SUP::SUP_0266"": 0.7952914666361218, ""PROD::PRO_004064||SUP::SUP_0266"": 0.7703797540676889, ""PROD::PRO_004070||SUP::SUP_0266"": 0.7196597461704214, ""PROD::PRO_004088||SUP::SUP_0266"": 0.7124440595313669, ""PROD::PRO_004119||SUP::SUP_0266"": 0.698484717527477, ""PROD::PRO_004123||SUP::SUP_0266"": 0.6901432073421566, ""PROD::PRO_003991||SUP::SUP_0266"": 0.6901190674368327}","{""数字化商务服务"": 0.38138634764475104, ""咨询与调查"": 0.19477718191008914, ""资本投资服务"": 0.19463587031482132, ""科技中介服务"": 0.12882175121339748, ""数字资本市场服务"": 0.10037884891694107}","{""互联网数据服务"": 0.7126808713767836, ""互联网信息服务"": 0.28731912862321635}"
PRO_004039,SUP_0266,PROD::PRO_004039||SUP::SUP_0266,1.9870326140634311,1.090737286822927,0.21550845239736827,0.3930147302349516,6.044521440338671,"{""PROD::PRO_004067||SUP::SUP_0266"": 0.7918668628953927, ""PROD::PRO_004038||SUP::SUP_0266"": 0.7062968622454695, ""PROD::PRO_002821||SUP::SUP_0147"": 0.6751930820504406, ""PROD::PRO_004083||SUP::SUP_0266"": 0.6740301066940311, ""PROD::PRO_002819||SUP::SUP_0147"": 0.6481608903842724, ""PROD::PRO_004066||SUP::SUP_0266"": 0.6199644977251274, ""PROD::PRO_001824||SUP::SUP_0133"": 0.5909107820336709, ""PROD::PRO_004049||SUP::SUP_0266"": 0.5686022989001095, ""PROD::PRO_003995||SUP::SUP_0266"": 0.5683215652437745, ""PROD::PRO_003448||SUP::SUP_0209"": 0.5616313883356702}","{""法律服务"": 0.21550845239736827, ""银行金融服务"": 0.19419197311894057, ""数字化商务服务"": 0.1406375079769707, ""住宅房屋建筑"": 0.12363302751264639, ""数字金融"": 0.10119642195974303, ""数字技术研究和试验发展"": 0.0922580453809684, ""知识产权服务"": 0.08873122364901356, ""木质家具制造"": 0.043843348004349046}","{""互联网信息服务"": 0.3930147302349516, ""互联网相关服务"": 0.30811388349396607, ""互联网数据服务"": 0.29887138627108223}"
PRO_005731,SUP_0353,PROD::PRO_005731||SUP::SUP_0353,1.6620522891415366,1.6081271263786976,0.47038874381396933,0.39122220995466533,9.723244416312493,"{""PROD::PRO_005724||SUP::SUP_0353"": 0.9635757370609441, ""PROD::PRO_004042||SUP::SUP_0266"": 0.9343281095062582, ""PROD::PRO_004667||SUP::SUP_0298"": 0.8784850071028825, ""PROD::PRO_001696||SUP::SUP_0121"": 0.8706565593946334, ""PROD::PRO_005725||SUP::SUP_0353"": 0.8465436164214893, ""PROD::PRO_001090||SUP::SUP_0078"": 0.822143703997589, ""PROD::PRO_002860||SUP::SUP_0160"": 0.7308621781090867, ""PROD::PRO_003993||SUP::SUP_0266"": 0.7183506655059015, ""PROD::PRO_000053||SUP::SUP_0019"": 0.6221634976141223, ""PROD::PRO_001697||SUP::SUP_0121"": 0.5938638437681654}","{""银行金融服务"": 0.47038874381396933, ""数字政府"": 0.12669871349460846, ""数字化商务服务"": 0.11706944993419151, ""金融信息服务"": 0.10607022791183739, ""互联网批发零售"": 0.05150648375800141, ""数字金融"": 0.04578778712659655, ""其他未列明金融业"": 0.04578778712659655, ""数字资本市场服务"": 0.03669080683419879}","{""互联网数据服务"": 0.39122220995466533, ""国家行政机构"": 0.16953142048509984, ""货币银行服务"": 0.16157890426059782, ""互联网信息服务"": 0.11706944993419152, ""信息技术服务"": 0.10909153160744411, ""人身保险"": 0.05150648375800142}"
PRO_004086,SUP_0266,PROD::PRO_004086||SUP::SUP_0266,1.5842747832058384,1.024021764051228,0.29442404392229304,0.5164173255911927,7.24183254140339,"{""PROD::PRO_004085||SUP::SUP_0266"": 0.8198136890290868, ""PROD::PRO_004072||SUP::SUP_0266"": 0.7130974709605197, ""PROD::PRO_004643||SUP::SUP_0298"": 0.7079897094600919, ""PROD::PRO_003985||SUP::SUP_0266"": 0.6954025813363031, ""PROD::PRO_004083||SUP::SUP_0266"": 0.6725310912375317, ""PROD::PRO_004712||SUP::SUP_0298"": 0.6480998842770096, ""PROD::PRO_002820||SUP::SUP_0147"": 0.5742258078655198, ""PROD::PRO_002818||SUP::SUP_0147"": 0.5669493146544488, ""PROD::PRO_004041||SUP::SUP_0266"": 0.507077915408842, ""PROD::PRO_004082||SUP::SUP_0266"": 0.5036166184211145}","{""网上税务办理"": 0.29442404392229304, ""法律服务"": 0.26264270265714884, ""银行金融服务"": 0.23906285723468879, ""其他商务服务业"": 0.10850738645902057, ""数字政府"": 0.050563246739864225, ""数字技术研究和试验发展"": 0.04479976298698455}","{""互联网数据服务"": 0.5164173255911927, ""互联网信息服务"": 0.27198475750443096, ""货币银行服务"": 0.21159791690437635}"
PRO_001714,SUP_0122,PROD::PRO_001714||SUP::SUP_0122,1.2724990935181468,1.3338148343832408,0.6372636502395562,0.5903448702739785,11.132854516228122,"{""PROD::PRO_001709||SUP::SUP_0122"": 0.9988971428179829, ""PROD::PRO_001710||SUP::SUP_0122"": 0.985499619368483, ""PROD::PRO_001713||SUP::SUP_0122"": 0.9053746683780874, ""PROD::PRO_001698||SUP::SUP_0122"": 0.6068861278667418, ""PROD::PRO_001633||SUP::SUP_0115"": 0.5985049784088158, ""PROD::PRO_001712||SUP::SUP_0122"": 0.5907762263357104, ""PROD::PRO_001711||SUP::SUP_0122"": 0.5845638958864253, ""PROD::PRO_001716||SUP::SUP_0122"": 0.5627489761277702, ""PROD::PRO_001715||SUP::SUP_0122"": 0.5534355838537522, ""PROD::PRO_004189||SUP::SUP_0279"": 0.4518312569533913}","{""银行金融服务"": 0.6372636502395562, ""其他农业"": 0.0875196843453062, ""互联网居民生活服务"": 0.08638950503816052, ""货币银行服务"": 0.08229106612828342, ""行政办公自动化"": 0.04046458204333893, ""数字政府"": 0.033035756102677456, ""专业公共卫生服务"": 0.033035756102677456}","{""互联网数据服务"": 0.5903448702739785, ""软件开发"": 0.08874526405052208, ""互联网相关服务"": 0.0875196843453062, ""互联网平台"": 0.08638950503816051, ""互联网信息服务"": 0.08092916408667784, ""电信"": 0.0660715122053549}"
PRO_004101,SUP_0266,PROD::PRO_004101||SUP::SUP_0266,1.7361005527129452,0.5010171312905765,0.40837660549642724,0.7995561382225445,10.60300206082402,"{""PROD::PRO_004088||SUP::SUP_0266"": 0.9266285645363057, ""PROD::PRO_003991||SUP::SUP_0266"": 0.8428194643948209, ""PROD::PRO_004123||SUP::SUP_0266"": 0.8409378554115078, ""PROD::PRO_004068||SUP::SUP_0266"": 0.8380576935771625, ""PROD::PRO_004061||SUP::SUP_0266"": 0.8219754350182396, ""PROD::PRO_004070||SUP::SUP_0266"": 0.8189657006471652, ""PROD::PRO_004124||SUP::SUP_0266"": 0.8114318710220302, ""PROD::PRO_004040||SUP::SUP_0266"": 0.8073910347641132, ""PROD::PRO_004063||SUP::SUP_0266"": 0.7952914666361218, ""PROD::PRO_004064||SUP::SUP_0266"": 0.7776402880762093}","{""数字化商务服务"": 0.40837660549642724, ""咨询与调查"": 0.1017757854713175, ""互联网资讯服务"": 0.10120077150251985, ""其他互联网平台"": 0.09925873697895497, ""银行金融服务"": 0.0979855348844212, ""法律服务"": 0.09749757832731229, ""数字资本市场服务"": 0.09390498733904676}","{""互联网数据服务"": 0.7995561382225445, ""互联网信息服务"": 0.20044386177745555}"
PRO_003993,SUP_0266,PROD::PRO_003993||SUP::SUP_0266,1.492522256609164,1.4484343955242922,0.5084336802344235,0.489600270661096,11.286231709670856,"{""PROD::PRO_000047||SUP::SUP_0019"": 0.8614345350328719, ""PROD::PRO_001090||SUP::SUP_0078"": 0.8215097869638139, ""PROD::PRO_001696||SUP::SUP_0121"": 0.813088697136295, ""PROD::PRO_005724||SUP::SUP_0353"": 0.7981743681229843, ""PROD::PRO_000053||SUP::SUP_0019"": 0.7978656917620061, ""PROD::PRO_004042||SUP::SUP_0266"": 0.7751733132518653, ""PROD::PRO_002860||SUP::SUP_0160"": 0.7619765357941066, ""PROD::PRO_004062||SUP::SUP_0266"": 0.7261652395919939, ""PROD::PRO_005731||SUP::SUP_0353"": 0.7183506655059015, ""PROD::PRO_005722||SUP::SUP_0353"": 0.7037222365172836}","{""银行金融服务"": 0.5084336802344235, ""数字化商务服务"": 0.19303710290456016, ""网上税务办理"": 0.09236313227030256, ""互联网保险"": 0.055380189454835325, ""互联网批发零售"": 0.052813493992693646, ""数字金融"": 0.048986200571592434, ""其他未列明金融业"": 0.048986200571592434}","{""互联网数据服务"": 0.489600270661096, ""国家行政机构"": 0.20055931024036203, ""信息技术服务"": 0.10454423234674462, ""互联网信息服务"": 0.09966919876641017, ""货币银行服务"": 0.052813493992693646, ""人身保险"": 0.052813493992693646}"
PRO_004083,SUP_0266,PROD::PRO_004083||SUP::SUP_0266,1.9331288470267334,1.2696122812049668,0.3089711563686082,0.40854644863578465,4.305728944291315,"{""PROD::PRO_004082||SUP::SUP_0266"": 0.6816120040527232, ""PROD::PRO_004039||SUP::SUP_0266"": 0.6740301066940311, ""PROD::PRO_004086||SUP::SUP_0266"": 0.6725310912375317, ""PROD::PRO_002861||SUP::SUP_0160"": 0.6714003112841832, ""PROD::PRO_004049||SUP::SUP_0266"": 0.6260681449674963, ""PROD::PRO_003995||SUP::SUP_0266"": 0.6084900518508707, ""PROD::PRO_001824||SUP::SUP_0133"": 0.6078851897516672, ""PROD::PRO_000052||SUP::SUP_0019"": 0.6074351842770129, ""PROD::PRO_004041||SUP::SUP_0266"": 0.6032469872421446, ""PROD::PRO_001724||SUP::SUP_0125"": 0.5873396591570684}","{""法律服务"": 0.3089711563686082, ""数字金融"": 0.153803146143166, ""网上税务办理"": 0.10607681117161423, ""银行金融服务"": 0.09874831551962264, ""知识产权服务"": 0.09597576256469795, ""数字技术研究和试验发展"": 0.09588035903091632, ""综合管理服务"": 0.09263975885986173, ""其他数字金融"": 0.047904690341512866}","{""互联网信息服务"": 0.40854644863578465, ""互联网数据服务"": 0.2971059560196747, ""法律服务"": 0.20170783648467885, ""人力资源服务"": 0.09263975885986173}"
PRO_003895,SUP_0252,PROD::PRO_003895||SUP::SUP_0252,2.5251089863378393,1.4449940236849623,0.17944697606812288,0.45684127056545537,7.0016858565298135,"{""PROD::PRO_001197||SUP::SUP_0085"": 0.8942553289328334, ""PROD::PRO_000013||SUP::SUP_0003"": 0.882086521502093, ""PROD::PRO_000010||SUP::SUP_0003"": 0.8813544946387433, ""PROD::PRO_001199||SUP::SUP_0085"": 0.8767259364650445, ""PROD::PRO_001198||SUP::SUP_0085"": 0.8609080501954286, ""PROD::PRO_000018||SUP::SUP_0003"": 0.8480273534702208, ""PROD::PRO_000012||SUP::SUP_0003"": 0.8185413913359391, ""PROD::PRO_004514||SUP::SUP_0292"": 0.743667573804043, ""PROD::PRO_000020||SUP::SUP_0003"": 0.6641474328039981, ""PROD::PRO_000011||SUP::SUP_0003"": 0.6549119756282962}","{""智能道路运输"": 0.17944697606812288, ""数字广告"": 0.10856949170592503, ""智能交通"": 0.10709895838679051, ""房地产开发经营"": 0.10074819264471972, ""动漫、游戏及其他数字内容服务"": 0.09153252942647062, ""智能化电力、热力、燃气及水生产和供应"": 0.0817449846921326, ""数字政府"": 0.07017365008818618, ""智慧物流"": 0.05503363000730431, ""其他数字政府"": 0.054239695972632396, ""软件开发"": 0.02649069766310756}","{""智能交通"": 0.45684127056545537, ""市政设施管理"": 0.26379684798554354, ""软件开发"": 0.09153252942647065, ""城市公共交通运输"": 0.08060826072368298, ""数字政府"": 0.05423969597263241, ""非金融机构支付服务"": 0.05298139532621513}"
PRO_004154,SUP_0268,PROD::PRO_004154||SUP::SUP_0268,1.6570692855658724,2.0355434816135642,0.3633405061269275,0.36602718771728393,9.972963220260715,"{""PROD::PRO_004242||SUP::SUP_0281"": 0.8149096438963804, ""PROD::PRO_000043||SUP::SUP_0017"": 0.705002046584083, ""PROD::PRO_004153||SUP::SUP_0268"": 0.6024920852493864, ""PROD::PRO_003430||SUP::SUP_0205"": 0.5827146469805756, ""PROD::PRO_000044||SUP::SUP_0017"": 0.578508830366546, ""PROD::PRO_000063||SUP::SUP_0026"": 0.57038814481235, ""PROD::PRO_000064||SUP::SUP_0026"": 0.5612081940617386, ""PROD::PRO_000045||SUP::SUP_0017"": 0.5542290217102731, ""PROD::PRO_000071||SUP::SUP_0026"": 0.5512633552482069, ""PROD::PRO_000072||SUP::SUP_0026"": 0.5504862856386064}","{""银行金融服务"": 0.3633405061269275, ""网络借贷服务"": 0.27487807182715784, ""广告业"": 0.0992376896681442, ""数字化租赁"": 0.08849055063621562, ""数字化零售"": 0.07841944820243509, ""数字金融"": 0.047990053909342585, ""互联网保险"": 0.04764367962977721}","{""货币银行服务"": 0.36602718771728393, ""互联网数据服务"": 0.13662403750561766, ""互联网信息服务"": 0.09923768966814421, ""综合零售"": 0.09598010781868518, ""国家行政机构"": 0.09394978472098384, ""互联网相关服务"": 0.04764367962977722, ""高等教育"": 0.045809359607339506, ""非货币银行服务"": 0.023109434117489593, ""其他社会保障"": 0.023109434117489593, ""房地产中介服务"": 0.023109434117489593}"
PRO_004100,SUP_0266,PROD::PRO_004100||SUP::SUP_0266,1.7136721973883648,0.8610700960202338,0.4227808370954786,0.6344463506883989,9.428998909158608,"{""PROD::PRO_004099||SUP::SUP_0266"": 0.8434114480974345, ""PROD::PRO_001824||SUP::SUP_0133"": 0.6287019827709427, ""PROD::PRO_004006||SUP::SUP_0266"": 0.6053298897025945, ""PROD::PRO_004019||SUP::SUP_0266"": 0.5994545466805817, ""PROD::PRO_003995||SUP::SUP_0266"": 0.5683533815005055, ""PROD::PRO_004067||SUP::SUP_0266"": 0.5273173639423556, ""PROD::PRO_004007||SUP::SUP_0266"": 0.5196917952215391, ""PROD::PRO_004008||SUP::SUP_0266"": 0.519219022188966, ""PROD::PRO_004039||SUP::SUP_0266"": 0.5163258786595397, ""PROD::PRO_004015||SUP::SUP_0266"": 0.502298289721847}","{""数字资本市场服务"": 0.4227808370954786, ""数字技术研究和试验发展"": 0.10783718885101376, ""数字化商务服务"": 0.1038283247419066, ""知识产权服务"": 0.09748598320758305, ""住宅房屋建筑"": 0.0904473402632614, ""银行金融服务"": 0.08905828402839581, ""法律服务"": 0.08856204181236085}","{""互联网数据服务"": 0.6344463506883989, ""互联网信息服务"": 0.2751063090483397, ""互联网相关服务"": 0.0904473402632614}"
PRO_004099,SUP_0266,PROD::PRO_004099||SUP::SUP_0266,1.8870232929688575,0.5963036382269951,0.2058185131508667,0.8199302475068191,7.741579501286836,"{""PROD::PRO_004100||SUP::SUP_0266"": 0.8434114480974345, ""PROD::PRO_004006||SUP::SUP_0266"": 0.7729022056308583, ""PROD::PRO_004019||SUP::SUP_0266"": 0.7728861669392367, ""PROD::PRO_004001||SUP::SUP_0266"": 0.6423076152951108, ""PROD::PRO_003994||SUP::SUP_0266"": 0.640813673251998, ""PROD::PRO_004037||SUP::SUP_0266"": 0.6355442121625111, ""PROD::PRO_004068||SUP::SUP_0266"": 0.6317023320783682, ""PROD::PRO_004015||SUP::SUP_0266"": 0.6235701134922195, ""PROD::PRO_004066||SUP::SUP_0266"": 0.6174556181874172, ""PROD::PRO_004038||SUP::SUP_0266"": 0.604298114920733}","{""数字资本市场服务"": 0.2058185131508667, ""数字化商务服务"": 0.20491968424356133, ""法律服务"": 0.1827357632871552, ""证券市场服务"": 0.12430728598835918, ""人力资源服务"": 0.09466733775916979, ""数字技术研究和试验发展"": 0.09444715118093187, ""互联网资讯服务"": 0.09310426438995596}","{""互联网数据服务"": 0.8199302475068191, ""互联网相关服务"": 0.0910044940559965, ""互联网信息服务"": 0.08906525843718435}"
PRO_004096,SUP_0266,PROD::PRO_004096||SUP::SUP_0266,0.9396239143419695,0.6198333353881511,0.4920416615987282,0.6890818362970978,7.715872664946037,"{""PROD::PRO_004095||SUP::SUP_0266"": 0.9776157675727339, ""PROD::PRO_004116||SUP::SUP_0266"": 0.9341494155097589, ""PROD::PRO_004117||SUP::SUP_0266"": 0.9281469696901762, ""PROD::PRO_004034||SUP::SUP_0266"": 0.9127728718483022, ""PROD::PRO_004010||SUP::SUP_0266"": 0.891424276831238, ""PROD::PRO_004013||SUP::SUP_0266"": 0.876499955978513, ""PROD::PRO_004128||SUP::SUP_0266"": 0.8590874293435795, ""PROD::PRO_004078||SUP::SUP_0266"": 0.8505913608551819, ""PROD::PRO_004032||SUP::SUP_0266"": 0.8501063246708124, ""PROD::PRO_004015||SUP::SUP_0266"": 0.8450065241875483}","{""数字资本市场服务"": 0.4920416615987282, ""证券市场服务"": 0.411706367278985, ""金融信息服务"": 0.09625197112228666}","{""互联网数据服务"": 0.6890818362970978, ""互联网信息服务"": 0.31091816370290215}"
PRO_004095,SUP_0266,PROD::PRO_004095||SUP::SUP_0266,1.0791078969814138,0.8942577589585476,0.604939184629463,0.6002070352749937,10.535152017974271,"{""PROD::PRO_004096||SUP::SUP_0266"": 0.9776157675727339, ""PROD::PRO_004117||SUP::SUP_0266"": 0.9369425188700486, ""PROD::PRO_004013||SUP::SUP_0266"": 0.9355500292737782, ""PROD::PRO_004116||SUP::SUP_0266"": 0.9292870606957492, ""PROD::PRO_004034||SUP::SUP_0266"": 0.9200050324803143, ""PROD::PRO_004010||SUP::SUP_0266"": 0.9174253651862109, ""PROD::PRO_004128||SUP::SUP_0266"": 0.9172131894700737, ""PROD::PRO_004078||SUP::SUP_0266"": 0.9053716734212718, ""PROD::PRO_004111||SUP::SUP_0266"": 0.8905462219683473, ""PROD::PRO_004052||SUP::SUP_0266"": 0.8667553356932579}","{""数字资本市场服务"": 0.604939184629463, ""证券市场服务"": 0.20108187078590042, ""金融信息服务"": 0.09973272731155601, ""银行金融服务"": 0.09424621727308068}","{""互联网数据服务"": 0.6002070352749937, ""互联网信息服务"": 0.3029598570750605, ""互联网相关服务"": 0.09683310764994561}"
PRO_004056,SUP_0266,PROD::PRO_004056||SUP::SUP_0266,1.9097509778298907,1.096154387167963,0.3158128202714685,0.35216333800999416,5.555255436023674,"{""PROD::PRO_004055||SUP::SUP_0266"": 0.9583880677908796, ""PROD::PRO_004058||SUP::SUP_0266"": 0.953577064082761, ""PROD::PRO_004057||SUP::SUP_0266"": 0.8131619566993628, ""PROD::PRO_005728||SUP::SUP_0353"": 0.7789809053828322, ""PROD::PRO_004054||SUP::SUP_0266"": 0.6815573111467437, ""PROD::PRO_004067||SUP::SUP_0266"": 0.6737843655017424, ""PROD::PRO_003448||SUP::SUP_0209"": 0.5608108762961681, ""PROD::PRO_004066||SUP::SUP_0266"": 0.5019490217480403, ""PROD::PRO_001661||SUP::SUP_0118"": 0.47251262909074776, ""PROD::PRO_004039||SUP::SUP_0266"": 0.4716983341562667}","{""住宅房屋建筑"": 0.3158128202714685, ""数字化商务服务"": 0.1827541851184074, ""其他土木工程建筑"": 0.1395760809200404, ""数字化建筑业"": 0.1388754241971131, ""法律服务"": 0.06869639457198372, ""木质家具制造"": 0.040837207223990875, ""电信"": 0.03781596256566527, ""广播电视传输服务"": 0.03781596256566527, ""卫星传输服务"": 0.03781596256566527}","{""互联网相关服务"": 0.35216333800999416, ""互联网信息服务"": 0.34714789968913734, ""互联网数据服务"": 0.3006887623008685}"
PRO_004057,SUP_0266,PROD::PRO_004057||SUP::SUP_0266,2.182146460700533,1.1620394347912009,0.2620956374542773,0.44712573087479146,5.9070401570888,"{""PROD::PRO_004058||SUP::SUP_0266"": 0.8828226766381452, ""PROD::PRO_004055||SUP::SUP_0266"": 0.8721662022199046, ""PROD::PRO_004056||SUP::SUP_0266"": 0.8131619566993628, ""PROD::PRO_004054||SUP::SUP_0266"": 0.6842384340439203, ""PROD::PRO_004126||SUP::SUP_0266"": 0.6271305284187025, ""PROD::PRO_004125||SUP::SUP_0266"": 0.6209296560022999, ""PROD::PRO_004103||SUP::SUP_0266"": 0.4955607370321018, ""PROD::PRO_004029||SUP::SUP_0266"": 0.49478047811779846, ""PROD::PRO_004079||SUP::SUP_0266"": 0.4887359524902677, ""PROD::PRO_005728||SUP::SUP_0353"": 0.45067639617015365}","{""其他土木工程建筑"": 0.2620956374542773, ""数字化建筑业"": 0.1372931265451253, ""住宅房屋建筑"": 0.10641008256603189, ""电信"": 0.09936877826536888, ""其他未列明食品制造"": 0.09656454924989111, ""行政办公自动化"": 0.07706766577319266, ""数字化商务服务"": 0.07694632296144324, ""正餐服务"": 0.04876444232627676, ""食品、饮料及烟草制品专门零售"": 0.04876444232627676, ""广播电视传输服务"": 0.0233624762660582}","{""互联网数据服务"": 0.44712573087479146, ""互联网信息服务"": 0.370457884559866, ""互联网相关服务"": 0.10641008256603186, ""电信"": 0.07600630199931066}"
PRO_004058,SUP_0266,PROD::PRO_004058||SUP::SUP_0266,1.737332400716282,1.0555268185568427,0.3420186474134654,0.4583132530609416,3.4226361196732897,"{""PROD::PRO_004055||SUP::SUP_0266"": 0.9888081302072244, ""PROD::PRO_004056||SUP::SUP_0266"": 0.953577064082761, ""PROD::PRO_004057||SUP::SUP_0266"": 0.8828226766381452, ""PROD::PRO_004054||SUP::SUP_0266"": 0.7323256520464059, ""PROD::PRO_005728||SUP::SUP_0353"": 0.6111470092354654, ""PROD::PRO_004067||SUP::SUP_0266"": 0.5075146681930451, ""PROD::PRO_001824||SUP::SUP_0133"": 0.3968729640219405, ""PROD::PRO_004066||SUP::SUP_0266"": 0.3850330628868832, ""PROD::PRO_004094||SUP::SUP_0266"": 0.37644099985223767, ""PROD::PRO_003448||SUP::SUP_0209"": 0.37173632790986366}","{""住宅房屋建筑"": 0.3420186474134654, ""其他土木工程建筑"": 0.3129709981679728, ""数字化商务服务"": 0.0919876898491886, ""数字技术研究和试验发展"": 0.0639470111597674, ""国家行政机构"": 0.06065486692415321, ""电信"": 0.03282412607449055, ""广播电视传输服务"": 0.03282412607449055, ""卫星传输服务"": 0.03282412607449055, ""木质家具制造"": 0.029948408261980832}","{""互联网数据服务"": 0.4583132530609416, ""互联网相关服务"": 0.3217080402238569, ""互联网信息服务"": 0.21997870671520153}"
PRO_004055,SUP_0266,PROD::PRO_004055||SUP::SUP_0266,1.9711535910255016,1.0658869236395614,0.33280820161866387,0.45431999695285413,4.9912372231116775,"{""PROD::PRO_004058||SUP::SUP_0266"": 0.9888081302072244, ""PROD::PRO_004056||SUP::SUP_0266"": 0.9583880677908796, ""PROD::PRO_004057||SUP::SUP_0266"": 0.8721662022199046, ""PROD::PRO_004054||SUP::SUP_0266"": 0.7154332096440111, ""PROD::PRO_005728||SUP::SUP_0353"": 0.6354553022117706, ""PROD::PRO_004067||SUP::SUP_0266"": 0.4889318031112516, ""PROD::PRO_004094||SUP::SUP_0266"": 0.4229391336119813, ""PROD::PRO_004025||SUP::SUP_0266"": 0.40887362691491114, ""PROD::PRO_003448||SUP::SUP_0209"": 0.3797425683572637, ""PROD::PRO_001824||SUP::SUP_0133"": 0.3686851578700533}","{""住宅房屋建筑"": 0.33280820161866387, ""数字化建筑业"": 0.15847749033915454, ""其他土木工程建筑"": 0.15360202967046804, ""数字化商务服务"": 0.09596158037612344, ""国家行政机构"": 0.0677849730533632, ""数字技术研究和试验发展"": 0.059089621898938294, ""电信"": 0.03394839991054874, ""广播电视传输服务"": 0.03394839991054874, ""卫星传输服务"": 0.03394839991054874, ""木质家具制造"": 0.030430903311642443}","{""互联网数据服务"": 0.45431999695285413, ""互联网信息服务"": 0.2917931404569987, ""互联网相关服务"": 0.2538868625901471}"
PRO_004514,SUP_0292,PROD::PRO_004514||SUP::SUP_0292,2.6607410518600982,1.8473070716317,0.169772517723997,0.3485109567175647,6.714450036892877,"{""PROD::PRO_001198||SUP::SUP_0085"": 0.7952543109429299, ""PROD::PRO_000010||SUP::SUP_0003"": 0.7866209603617331, ""PROD::PRO_001199||SUP::SUP_0085"": 0.7590405457734671, ""PROD::PRO_003895||SUP::SUP_0252"": 0.743667573804043, ""PROD::PRO_001197||SUP::SUP_0085"": 0.681241619810068, ""PROD::PRO_000718||SUP::SUP_0047"": 0.68073027236705, ""PROD::PRO_000061||SUP::SUP_0024"": 0.6706285883867535, ""PROD::PRO_000018||SUP::SUP_0003"": 0.6679604899541319, ""PROD::PRO_000013||SUP::SUP_0003"": 0.6316039500784516, ""PROD::PRO_003175||SUP::SUP_0169"": 0.6186559383050132}","{""智能道路运输"": 0.169772517723997, ""智能交通"": 0.13396261509333443, ""数字化零售"": 0.09495398902550665, ""数字广告"": 0.08977507583844595, ""数字政府"": 0.06545281354943297, ""其他数字政府"": 0.05590446067018279, ""智慧物流"": 0.048415243504381276, ""橡胶制品业"": 0.04837890249078325, ""塑料制品业"": 0.04837890249078325, ""房地产开发经营"": 0.0476609846838138}","{""智能交通"": 0.3485109567175647, ""市政设施管理"": 0.15334851232105268, ""数字政府"": 0.15122643003781044, ""互联网数据服务"": 0.10570360243718945, ""人力资源服务"": 0.08793466819252621, ""非金融机构支付服务"": 0.05651802531229007, ""橡胶制品业"": 0.04837890249078327, ""塑料制品业"": 0.04837890249078327}"
PRO_001090,SUP_0078,PROD::PRO_001090||SUP::SUP_0078,1.6207130384401571,1.369383176358362,0.35855393969855837,0.4860650577522697,10.232452305720637,"{""PROD::PRO_001696||SUP::SUP_0121"": 0.975477686875668, ""PROD::PRO_000053||SUP::SUP_0019"": 0.9187894171816884, ""PROD::PRO_005724||SUP::SUP_0353"": 0.8934054443522611, ""PROD::PRO_002860||SUP::SUP_0160"": 0.8776331343469724, ""PROD::PRO_004042||SUP::SUP_0266"": 0.8554467331656896, ""PROD::PRO_003998||SUP::SUP_0266"": 0.8456110587965261, ""PROD::PRO_005731||SUP::SUP_0353"": 0.822143703997589, ""PROD::PRO_003993||SUP::SUP_0266"": 0.8215097869638139, ""PROD::PRO_004062||SUP::SUP_0266"": 0.7151293713113138, ""PROD::PRO_004667||SUP::SUP_0298"": 0.7054110545871345}","{""银行金融服务"": 0.35855393969855837, ""数字化商务服务"": 0.2865987444302409, ""数字政府"": 0.12533534333269797, ""网上税务办理"": 0.09751949554590948, ""数字金融"": 0.05205071821369999, ""其他未列明金融业"": 0.05205071821369999, ""数字资本市场服务"": 0.02789104056519342}","{""互联网数据服务"": 0.4860650577522697, ""国家行政机构"": 0.2130846714029988, ""信息技术服务"": 0.11570737752762109, ""互联网信息服务"": 0.1014697716215302, ""货币银行服务"": 0.08367312169558025}"
PRO_004643,SUP_0298,PROD::PRO_004643||SUP::SUP_0298,1.6362813637852793,0.6123286645300376,0.3532651985571368,0.6982632598961546,9.945056932410816,"{""PROD::PRO_004712||SUP::SUP_0298"": 0.9836819094898236, ""PROD::PRO_004086||SUP::SUP_0266"": 0.7079897094600919, ""PROD::PRO_004085||SUP::SUP_0266"": 0.7023698152637203, ""PROD::PRO_004576||SUP::SUP_0298"": 0.6563388000103978, ""PROD::PRO_004636||SUP::SUP_0298"": 0.6137270561867878, ""PROD::PRO_004580||SUP::SUP_0298"": 0.613685312561559, ""PROD::PRO_004072||SUP::SUP_0266"": 0.6013602992604108, ""PROD::PRO_004647||SUP::SUP_0298"": 0.5980479397800605, ""PROD::PRO_004569||SUP::SUP_0298"": 0.5959860305703928, ""PROD::PRO_004593||SUP::SUP_0298"": 0.5939489335896158}","{""银行金融服务"": 0.3532651985571368, ""网上税务办理"": 0.30173674010384555, ""数字社会"": 0.09017675519557944, ""数字技术研究和试验发展"": 0.09017675519557944, ""数字政府"": 0.0737709518815462, ""法律服务"": 0.04602315974975116, ""其他数字政府"": 0.04485043931656151}","{""货币银行服务"": 0.6982632598961546, ""互联网数据服务"": 0.30173674010384555}"
PRO_004671,SUP_0298,PROD::PRO_004671||SUP::SUP_0298,2.0415001103372377,1.4299471353283968,0.22723409860278102,0.41739090407921703,5.945366307242979,"{""PROD::PRO_004600||SUP::SUP_0298"": 0.9998783626967023, ""PROD::PRO_004102||SUP::SUP_0266"": 0.872898523944069, ""PROD::PRO_004028||SUP::SUP_0266"": 0.8662624842909173, ""PROD::PRO_004077||SUP::SUP_0266"": 0.7408684266429514, ""PROD::PRO_000069||SUP::SUP_0026"": 0.6295736532728797, ""PROD::PRO_001702||SUP::SUP_0122"": 0.408430574021857, ""PROD::PRO_000034||SUP::SUP_0012"": 0.3894962951407175, ""PROD::PRO_001708||SUP::SUP_0122"": 0.3859246942044381, ""PROD::PRO_004673||SUP::SUP_0298"": 0.329011534064371, ""PROD::PRO_000661||SUP::SUP_0038"": 0.3193983374435183}","{""银行金融服务"": 0.22723409860278102, ""数字金融"": 0.1900978982674206, ""行政办公自动化"": 0.14690950798991673, ""环境治理业"": 0.12468873879130729, ""数字政府"": 0.08414015735175429, ""房地产开发经营"": 0.06873918678024359, ""供应链管理服务"": 0.0655525327554393, ""网上税务办理"": 0.064951429509309, ""数字社会"": 0.02768644995182827}","{""互联网数据服务"": 0.41739090407921703, ""货币银行服务"": 0.22365321460716506, ""其他未列明金融业"": 0.1874456076425122, ""环境治理业"": 0.10595774091566629, ""国家行政机构"": 0.06555253275543929}"
PRO_004600,SUP_0298,PROD::PRO_004600||SUP::SUP_0298,1.9941886974404914,1.4744994647026495,0.2829960044010955,0.4181495613840012,6.703061090721673,"{""PROD::PRO_004671||SUP::SUP_0298"": 0.9998783626967023, ""PROD::PRO_004102||SUP::SUP_0266"": 0.8717753509274351, ""PROD::PRO_004028||SUP::SUP_0266"": 0.8656479751830036, ""PROD::PRO_004077||SUP::SUP_0266"": 0.7419035502721273, ""PROD::PRO_000069||SUP::SUP_0026"": 0.6279764059836963, ""PROD::PRO_001702||SUP::SUP_0122"": 0.40838036711739645, ""PROD::PRO_000034||SUP::SUP_0012"": 0.38895189717429135, ""PROD::PRO_001708||SUP::SUP_0122"": 0.3856592354410546, ""PROD::PRO_004673||SUP::SUP_0298"": 0.32017372189729476, ""PROD::PRO_000661||SUP::SUP_0038"": 0.3189356325554291}","{""银行金融服务"": 0.2829960044010955, ""数字金融"": 0.16212234678835252, ""行政办公自动化"": 0.14702881015332586, ""环境治理业"": 0.12512535038871359, ""房地产开发经营"": 0.06887517455428391, ""供应链管理服务"": 0.06559847624456976, ""网上税务办理"": 0.06504315412361261, ""数字政府"": 0.056211318588347596, ""数字社会"": 0.026999364757698638}","{""互联网数据服务"": 0.4181495613840012, ""其他未列明金融业"": 0.187708248890984, ""国家行政机构"": 0.14991545412709115, ""货币银行服务"": 0.13831570739791868, ""环境治理业"": 0.10591102820000493}"
PRO_004611,SUP_0298,PROD::PRO_004611||SUP::SUP_0298,1.4251860300108998,0.8709177036711537,0.3862100812915485,0.7342075863792723,8.928700395823222,"{""PROD::PRO_004548||SUP::SUP_0298"": 0.8925446465718364, ""PROD::PRO_004578||SUP::SUP_0298"": 0.830605475861426, ""PROD::PRO_004613||SUP::SUP_0298"": 0.7410462382937845, ""PROD::PRO_004553||SUP::SUP_0298"": 0.6988379344143985, ""PROD::PRO_004661||SUP::SUP_0298"": 0.6803537359570201, ""PROD::PRO_004546||SUP::SUP_0298"": 0.6414833355763881, ""PROD::PRO_004097||SUP::SUP_0266"": 0.6297227425257057, ""PROD::PRO_004026||SUP::SUP_0266"": 0.6019308192526548, ""PROD::PRO_000657||SUP::SUP_0038"": 0.5867996046313974, ""PROD::PRO_004665||SUP::SUP_0298"": 0.5383047731776762}","{""银行金融服务"": 0.3862100812915485, ""金融信息服务"": 0.2657924136207277, ""数字社会"": 0.1554187804716283, ""数字政府"": 0.152110514550931, ""数字技术研究和试验发展"": 0.04046821006516461}","{""货币银行服务"": 0.7342075863792723, ""互联网数据服务"": 0.09204280359786626, ""互联网相关服务"": 0.08798062454241637, ""其他未列明金融业"": 0.08576898548044504}"
PRO_004580,SUP_0298,PROD::PRO_004580||SUP::SUP_0298,1.5972896980163684,0.5286446274137646,0.36472943921510376,0.7786235088872318,6.3022335053535095,"{""PROD::PRO_004567||SUP::SUP_0298"": 0.932364819928006, ""PROD::PRO_004583||SUP::SUP_0298"": 0.9127395905620301, ""PROD::PRO_004561||SUP::SUP_0298"": 0.8969368216034472, ""PROD::PRO_004571||SUP::SUP_0298"": 0.8833728792519371, ""PROD::PRO_004636||SUP::SUP_0298"": 0.840814932724947, ""PROD::PRO_004591||SUP::SUP_0298"": 0.8282781954310311, ""PROD::PRO_004538||SUP::SUP_0298"": 0.7665995938173118, ""PROD::PRO_004609||SUP::SUP_0298"": 0.7358158158445917, ""PROD::PRO_004613||SUP::SUP_0298"": 0.7354592493459872, ""PROD::PRO_004593||SUP::SUP_0298"": 0.7309238948760384}","{""银行金融服务"": 0.36472943921510376, ""数字社会"": 0.24199537569787155, ""数字政府"": 0.20959750405587058, ""数字技术研究和试验发展"": 0.06340234231111809, ""金融信息服务"": 0.05345154235724073, ""数字金融"": 0.03341189818139763, ""其他数字技术应用业"": 0.03341189818139763}","{""货币银行服务"": 0.7786235088872318, ""法律服务"": 0.22137649111276828}"
PRO_004613,SUP_0298,PROD::PRO_004613||SUP::SUP_0298,1.569536377020223,0.4740173352878796,0.41111065911601197,0.8182629015546019,6.3580534705472855,"{""PROD::PRO_004636||SUP::SUP_0298"": 0.8089027114342241, ""PROD::PRO_004591||SUP::SUP_0298"": 0.7883562185787126, ""PROD::PRO_004548||SUP::SUP_0298"": 0.782741956375011, ""PROD::PRO_004583||SUP::SUP_0298"": 0.7502736959127968, ""PROD::PRO_004578||SUP::SUP_0298"": 0.7483046286294546, ""PROD::PRO_004611||SUP::SUP_0298"": 0.7410462382937845, ""PROD::PRO_004580||SUP::SUP_0298"": 0.7354592493459872, ""PROD::PRO_004567||SUP::SUP_0298"": 0.6917415540015079, ""PROD::PRO_004609||SUP::SUP_0298"": 0.6626089587041704, ""PROD::PRO_004561||SUP::SUP_0298"": 0.6447948849944379}","{""银行金融服务"": 0.41111065911601197, ""数字社会"": 0.24841858300175468, ""数字政府"": 0.14842216381802445, ""数字技术研究和试验发展"": 0.07058102704970035, ""法律服务"": 0.05000246386899131, ""数字金融"": 0.03573255157275858, ""其他数字技术应用业"": 0.03573255157275858}","{""货币银行服务"": 0.8182629015546019, ""法律服务"": 0.18173709844539807}"
PRO_004560,SUP_0298,PROD::PRO_004560||SUP::SUP_0298,1.3777564271465674,0.6270941031877606,0.44567391621097335,0.8056438120761018,7.890053142195924,"{""PROD::PRO_004669||SUP::SUP_0298"": 0.7741035042701476, ""PROD::PRO_004609||SUP::SUP_0298"": 0.7391716590474735, ""PROD::PRO_004538||SUP::SUP_0298"": 0.6869002688048469, ""PROD::PRO_004576||SUP::SUP_0298"": 0.6842559035453889, ""PROD::PRO_000050||SUP::SUP_0019"": 0.6647806782186781, ""PROD::PRO_000048||SUP::SUP_0019"": 0.6231549264257316, ""PROD::PRO_004555||SUP::SUP_0298"": 0.6199777869642188, ""PROD::PRO_004543||SUP::SUP_0298"": 0.6142760041342383, ""PROD::PRO_000647||SUP::SUP_0037"": 0.6129775365321435, ""PROD::PRO_004647||SUP::SUP_0298"": 0.6070783426763496}","{""银行金融服务"": 0.44567391621097335, ""数字社会"": 0.2127879014472658, ""数字金融"": 0.19922438495448952, ""数字资本市场服务"": 0.09650815616256529, ""其他数字政府"": 0.045805641224706026}","{""货币银行服务"": 0.8056438120761018, ""国家行政机构"": 0.10031886528963407, ""互联网数据服务"": 0.09403732263426418}"
PRO_004553,SUP_0298,PROD::PRO_004553||SUP::SUP_0298,1.452158179739834,0.9009116979088191,0.4122076818668785,0.7146989462068238,8.305983010217467,"{""PROD::PRO_004546||SUP::SUP_0298"": 0.9809360123326302, ""PROD::PRO_000657||SUP::SUP_0038"": 0.859287521030712, ""PROD::PRO_004578||SUP::SUP_0298"": 0.813189267180387, ""PROD::PRO_004548||SUP::SUP_0298"": 0.790759098992391, ""PROD::PRO_004611||SUP::SUP_0298"": 0.6988379344143985, ""PROD::PRO_004049||SUP::SUP_0266"": 0.5744038142843501, ""PROD::PRO_004613||SUP::SUP_0298"": 0.529348751562654, ""PROD::PRO_004571||SUP::SUP_0298"": 0.4523708217444855, ""PROD::PRO_004636||SUP::SUP_0298"": 0.4517680880454824, ""PROD::PRO_004561||SUP::SUP_0298"": 0.4493742320352243}","{""银行金融服务"": 0.4122076818668785, ""数字政府"": 0.20161987959974054, ""金融信息服务"": 0.1644587297996479, ""数字社会"": 0.15782964070006864, ""数字技术研究和试验发展"": 0.06388406803366435}","{""货币银行服务"": 0.7146989462068238, ""其他未列明金融业"": 0.130189643691671, ""互联网信息服务"": 0.08702724767504624, ""法律服务"": 0.0680841624264588}"
PRO_004596,SUP_0298,PROD::PRO_004596||SUP::SUP_0298,1.6326076305819892,0.8828159752964025,0.4908121009100084,0.623137576597603,8.210988861717542,"{""PROD::PRO_004688||SUP::SUP_0298"": 0.8072761488987852, ""PROD::PRO_004585||SUP::SUP_0298"": 0.7642832716990258, ""PROD::PRO_004020||SUP::SUP_0266"": 0.6749308582540537, ""PROD::PRO_004014||SUP::SUP_0266"": 0.6697749064950846, ""PROD::PRO_004665||SUP::SUP_0298"": 0.6674080279372154, ""PROD::PRO_004598||SUP::SUP_0298"": 0.6569725602827262, ""PROD::PRO_004659||SUP::SUP_0298"": 0.6142997957601661, ""PROD::PRO_004627||SUP::SUP_0298"": 0.6026511932431876, ""PROD::PRO_004009||SUP::SUP_0266"": 0.5805231617833188, ""PROD::PRO_004098||SUP::SUP_0266"": 0.5621737383684411}","{""银行金融服务"": 0.4908121009100084, ""数字政府"": 0.13295886349588426, ""出版业"": 0.08795414135314504, ""数字资本市场服务"": 0.08517404938261441, ""数字金融"": 0.08513424055963734, ""基础软件开发"": 0.040769708649895584, ""数字社会"": 0.03859844782440737, ""智能制造"": 0.03859844782440737}","{""货币银行服务"": 0.623137576597603, ""互联网数据服务"": 0.2746047220419234, ""互联网信息服务"": 0.10225770136047369}"
PRO_004634,SUP_0298,PROD::PRO_004634||SUP::SUP_0298,1.8386651188769967,1.1102230246240462e-16,0.38982936831461634,1.0,7.823206959473464,"{""PROD::PRO_004677||SUP::SUP_0298"": 0.7904907685710001, ""PROD::PRO_004538||SUP::SUP_0298"": 0.7435820262697391, ""PROD::PRO_004638||SUP::SUP_0298"": 0.7340822099221584, ""PROD::PRO_004573||SUP::SUP_0298"": 0.732589939832359, ""PROD::PRO_004583||SUP::SUP_0298"": 0.713412383539624, ""PROD::PRO_004529||SUP::SUP_0298"": 0.6938980890918325, ""PROD::PRO_004663||SUP::SUP_0298"": 0.6912225667777736, ""PROD::PRO_004585||SUP::SUP_0298"": 0.6882747880113698, ""PROD::PRO_004606||SUP::SUP_0298"": 0.6702340125790429, ""PROD::PRO_004647||SUP::SUP_0298"": 0.6628319063242055}","{""银行金融服务"": 0.38982936831461634, ""数字政府"": 0.14569443000385007, ""数字社会"": 0.13587455730806577, ""数字资本市场服务"": 0.09744912896076822, ""数字金融"": 0.08366125544863423, ""其他数字政府"": 0.04654314007640321, ""数字技术研究和试验发展"": 0.03436415859286358, ""行政办公自动化"": 0.03436415859286358, ""智能制造"": 0.032219802701934856}","{""货币银行服务"": 1.0}"
PRO_004675,SUP_0298,PROD::PRO_004675||SUP::SUP_0298,1.9460784873520445,1.3732295886824524,0.29933305609751476,0.320209164229375,2.8756713758821824,"{""PROD::PRO_004110||SUP::SUP_0266"": 0.951191791450019, ""PROD::PRO_004045||SUP::SUP_0266"": 0.9511176880058858, ""PROD::PRO_004551||SUP::SUP_0298"": 0.9235067622821267, ""PROD::PRO_004044||SUP::SUP_0266"": 0.9210736497129438, ""PROD::PRO_004619||SUP::SUP_0298"": 0.8381619725579642, ""PROD::PRO_004043||SUP::SUP_0266"": 0.7504096085329788, ""PROD::PRO_004046||SUP::SUP_0266"": 0.478096032123709, ""PROD::PRO_003448||SUP::SUP_0209"": 0.35654530789175576, ""PROD::PRO_002965||SUP::SUP_0166"": 0.28450519877719493, ""PROD::PRO_004710||SUP::SUP_0298"": 0.258439366753034}","{""房地产开发经营"": 0.29933305609751476, ""土地调查评估服务"": 0.21290088385116454, ""土地登记服务"": 0.13720648728317722, ""银行金融服务"": 0.10672389968949964, ""数字政府"": 0.10672389968949964, ""互联网房地产业"": 0.04161855390711974, ""数字化商务服务"": 0.026556144163049775, ""木质家具制造"": 0.026556144163049775, ""数字社会"": 0.014126977051975055, ""互联网零售"": 0.014126977051975055}","{""互联网数据服务"": 0.320209164229375, ""货币银行服务"": 0.30092266415205987, ""互联网信息服务"": 0.28337495213654035, ""互联网相关服务"": 0.05311228832609953, ""电信"": 0.04238093115592515}"
PRO_004585,SUP_0298,PROD::PRO_004585||SUP::SUP_0298,1.7497443575593135,1.1102230246240462e-16,0.3851262464808854,1.0,6.938344611608785,"{""PROD::PRO_004688||SUP::SUP_0298"": 0.9752998885593666, ""PROD::PRO_004596||SUP::SUP_0298"": 0.7642832716990258, ""PROD::PRO_004583||SUP::SUP_0298"": 0.7221304455161962, ""PROD::PRO_004659||SUP::SUP_0298"": 0.7182175761339676, ""PROD::PRO_004634||SUP::SUP_0298"": 0.6882747880113698, ""PROD::PRO_004538||SUP::SUP_0298"": 0.6784678024235975, ""PROD::PRO_004529||SUP::SUP_0298"": 0.65451585085285, ""PROD::PRO_004677||SUP::SUP_0298"": 0.618653234596453, ""PROD::PRO_004591||SUP::SUP_0298"": 0.6169012723419307, ""PROD::PRO_004627||SUP::SUP_0298"": 0.6147924231136204}","{""银行金融服务"": 0.3851262464808854, ""数字政府"": 0.19182630268177364, ""数字金融"": 0.11262332242829745, ""数字社会"": 0.10980480383946173, ""数字资本市场服务"": 0.09281889782608291, ""基础软件开发"": 0.04610342162990857, ""智能制造"": 0.032535452040085615, ""其他数字技术应用业"": 0.029161553073504595}","{""货币银行服务"": 1.0}"
PRO_004663,SUP_0298,PROD::PRO_004663||SUP::SUP_0298,1.831044245344451,1.1102230246240462e-16,0.36779223167558317,1.0,7.529440043717143,"{""PROD::PRO_004593||SUP::SUP_0298"": 0.9080958965362245, ""PROD::PRO_004529||SUP::SUP_0298"": 0.8858263075510742, ""PROD::PRO_004538||SUP::SUP_0298"": 0.8544145971182012, ""PROD::PRO_004576||SUP::SUP_0298"": 0.8162144039290788, ""PROD::PRO_004583||SUP::SUP_0298"": 0.7660796879129469, ""PROD::PRO_004638||SUP::SUP_0298"": 0.7564585368843044, ""PROD::PRO_004555||SUP::SUP_0298"": 0.7441124852453203, ""PROD::PRO_004609||SUP::SUP_0298"": 0.7311095811194259, ""PROD::PRO_004591||SUP::SUP_0298"": 0.7126872886372714, ""PROD::PRO_004580||SUP::SUP_0298"": 0.6961845112108269}","{""银行金融服务"": 0.36779223167558317, ""数字社会"": 0.2166230068992453, ""数字资本市场服务"": 0.1125404242567892, ""数字金融"": 0.07744943158254362, ""数字技术研究和试验发展"": 0.0704914949800001, ""数字政府"": 0.04866356550788079, ""法律服务"": 0.044223624645599334, ""行政办公自动化"": 0.03203493504612026, ""其他数字技术应用业"": 0.030181285406238195}","{""货币银行服务"": 1.0}"
PRO_004543,SUP_0298,PROD::PRO_004543||SUP::SUP_0298,2.4120910966700424,1.6286733403569946,0.16090583832382707,0.2998082164628315,6.5051989760148965,"{""PROD::PRO_003992||SUP::SUP_0266"": 0.8998191814556217, ""PROD::PRO_000051||SUP::SUP_0019"": 0.829630536795431, ""PROD::PRO_001277||SUP::SUP_0092"": 0.6219319624227956, ""PROD::PRO_004560||SUP::SUP_0298"": 0.6142760041342383, ""PROD::PRO_004071||SUP::SUP_0266"": 0.5206810532032967, ""PROD::PRO_004555||SUP::SUP_0298"": 0.5019007121566799, ""PROD::PRO_000048||SUP::SUP_0019"": 0.4934312365538427, ""PROD::PRO_004663||SUP::SUP_0298"": 0.48194608835119057, ""PROD::PRO_004593||SUP::SUP_0298"": 0.47750322552211877, ""PROD::PRO_000656||SUP::SUP_0038"": 0.45761102473128723}","{""数字金融"": 0.16090583832382707, ""咨询与调查"": 0.15254453501815937, ""互联网房地产业"": 0.10543487400128927, ""数字社会"": 0.10423882074361207, ""银行金融服务"": 0.10254738713528064, ""互联网搜索服务"": 0.08827001112065055, ""物联网技术服务"": 0.046881865112647116, ""可穿戴智能设备制造"": 0.046881865112647116, ""互联网数据服务"": 0.046881865112647116, ""数字政府"": 0.04085167524014322}","{""货币银行服务"": 0.2998082164628315, ""互联网相关服务"": 0.2408145461388099, ""互联网数据服务"": 0.22429599988008275, ""房地产租赁经营"": 0.10543487400128926, ""其他未列明金融业"": 0.07757787611717011, ""金融信息服务"": 0.05206848739981642}"
PRO_004604,SUP_0298,PROD::PRO_004604||SUP::SUP_0298,2.1838379676902715,0.791765151222286,0.25753551364203064,0.6281373703762775,4.868700823263619,"{""PROD::PRO_004033||SUP::SUP_0266"": 0.8533721934627972, ""PROD::PRO_004606||SUP::SUP_0298"": 0.7649578689581544, ""PROD::PRO_004677||SUP::SUP_0298"": 0.6734717177694916, ""PROD::PRO_004065||SUP::SUP_0266"": 0.666545174060042, ""PROD::PRO_004634||SUP::SUP_0298"": 0.5841670105090021, ""PROD::PRO_004585||SUP::SUP_0298"": 0.5596059040528679, ""PROD::PRO_004558||SUP::SUP_0298"": 0.4999385822557265, ""PROD::PRO_004688||SUP::SUP_0298"": 0.4417655965655971, ""PROD::PRO_004583||SUP::SUP_0298"": 0.43462211329001965, ""PROD::PRO_004059||SUP::SUP_0266"": 0.42561189575812564}","{""银行金融服务"": 0.25753551364203064, ""其他商务服务业"": 0.1445399393552722, ""数字政府"": 0.12653080013903817, ""行政办公自动化"": 0.1128961076705013, ""数字社会"": 0.08151094552564458, ""住宅房屋建筑"": 0.0720880268574673, ""数字金融"": 0.06457552322945193, ""智能制造"": 0.06457552322945193, ""基础软件开发"": 0.024941353462563817, ""数字技术研究和试验发展"": 0.016935422296192663}","{""货币银行服务"": 0.6281373703762775, ""互联网数据服务"": 0.32952407388324084, ""金融信息服务"": 0.04233855574048166}"
PRO_004636,SUP_0298,PROD::PRO_004636||SUP::SUP_0298,1.5401918051545083,0.4933613429034806,0.44073175463723513,0.8050218552547518,6.533800545144307,"{""PROD::PRO_004591||SUP::SUP_0298"": 0.8776855246854647, ""PROD::PRO_004580||SUP::SUP_0298"": 0.840814932724947, ""PROD::PRO_004583||SUP::SUP_0298"": 0.8375692277727724, ""PROD::PRO_004613||SUP::SUP_0298"": 0.8089027114342241, ""PROD::PRO_004567||SUP::SUP_0298"": 0.7974343795440751, ""PROD::PRO_004609||SUP::SUP_0298"": 0.7742312754634884, ""PROD::PRO_004538||SUP::SUP_0298"": 0.7431120225178512, ""PROD::PRO_004561||SUP::SUP_0298"": 0.7243165872025642, ""PROD::PRO_004571||SUP::SUP_0298"": 0.7240592394212375, ""PROD::PRO_004576||SUP::SUP_0298"": 0.6765999506097274}","{""银行金融服务"": 0.44073175463723513, ""数字政府"": 0.20295175118890585, ""数字社会"": 0.181094353737553, ""法律服务"": 0.05386575702570453, ""金融信息服务"": 0.046385949565003026, ""数字金融"": 0.03748521692279925, ""其他数字技术应用业"": 0.03748521692279925}","{""货币银行服务"": 0.8050218552547518, ""法律服务"": 0.19497814474524827}"
PRO_004673,SUP_0298,PROD::PRO_004673||SUP::SUP_0298,2.1154192665273817,1.3975258919312459,0.2842620463460021,0.39321456545748545,8.658578661275403,"{""PROD::PRO_004602||SUP::SUP_0298"": 0.9993800986598705, ""PROD::PRO_004103||SUP::SUP_0266"": 0.7614653356266867, ""PROD::PRO_004029||SUP::SUP_0266"": 0.7512114010382887, ""PROD::PRO_004126||SUP::SUP_0266"": 0.6322105495265568, ""PROD::PRO_004125||SUP::SUP_0266"": 0.6277218627299005, ""PROD::PRO_000036||SUP::SUP_0012"": 0.620639100341464, ""PROD::PRO_004650||SUP::SUP_0298"": 0.5960392039548772, ""PROD::PRO_004079||SUP::SUP_0266"": 0.5915763057366059, ""PROD::PRO_004677||SUP::SUP_0298"": 0.5060373343792643, ""PROD::PRO_004663||SUP::SUP_0298"": 0.480825281160143}","{""银行金融服务"": 0.2842620463460021, ""行政办公自动化"": 0.11595142224959477, ""数字化商务服务"": 0.11439001394438209, ""数字政府"": 0.11269844534050846, ""其他未列明食品制造"": 0.09558575992273441, ""电信"": 0.09008172901642009, ""正餐服务"": 0.04813463525458546, ""食品、饮料及烟草制品专门零售"": 0.04813463525458546, ""数字社会"": 0.045380656335593655, ""数字金融"": 0.045380656335593655}","{""货币银行服务"": 0.39321456545748545, ""互联网数据服务"": 0.3259271961167112, ""互联网信息服务"": 0.09626927050917092, ""国家行政机构"": 0.09450723890021241, ""电信"": 0.09008172901642009}"
PRO_004602,SUP_0298,PROD::PRO_004602||SUP::SUP_0298,2.1081830325777857,1.3992597147235508,0.28334819021251634,0.39191616536494345,8.655546176319653,"{""PROD::PRO_004673||SUP::SUP_0298"": 0.9993800986598705, ""PROD::PRO_004103||SUP::SUP_0266"": 0.7677640871172262, ""PROD::PRO_004029||SUP::SUP_0266"": 0.757296467500596, ""PROD::PRO_004126||SUP::SUP_0266"": 0.6455774467674242, ""PROD::PRO_004125||SUP::SUP_0266"": 0.6412084012176293, ""PROD::PRO_000036||SUP::SUP_0012"": 0.625996198865033, ""PROD::PRO_004650||SUP::SUP_0298"": 0.6049993143704759, ""PROD::PRO_004079||SUP::SUP_0266"": 0.6025628508957891, ""PROD::PRO_004677||SUP::SUP_0298"": 0.5143318749299234, ""PROD::PRO_004663||SUP::SUP_0298"": 0.48537078299353653}","{""银行金融服务"": 0.28334819021251634, ""数字社会"": 0.1207301095381771, ""行政办公自动化"": 0.1155490298420926, ""数字化商务服务"": 0.11397364579932087, ""其他未列明食品制造"": 0.09650231097092685, ""电信"": 0.09068612873170653, ""正餐服务"": 0.04857992768455798, ""食品、饮料及烟草制品专门零售"": 0.04857992768455798, ""数字金融"": 0.045526409090795306, ""数字政府"": 0.03652432044534846}","{""货币银行服务"": 0.39191616536494345, ""互联网数据服务"": 0.3260249866123403, ""互联网信息服务"": 0.09715985536911596, ""国家行政机构"": 0.09421286392189378, ""电信"": 0.09068612873170653}"
PRO_004647,SUP_0298,PROD::PRO_004647||SUP::SUP_0298,1.5765292167950502,1.1102230246240462e-16,0.41851323769459525,1.0,6.598900976967183,"{""PROD::PRO_004538||SUP::SUP_0298"": 0.8354261107246068, ""PROD::PRO_004609||SUP::SUP_0298"": 0.7707028816634265, ""PROD::PRO_004573||SUP::SUP_0298"": 0.7415954910001041, ""PROD::PRO_004583||SUP::SUP_0298"": 0.7364312213991175, ""PROD::PRO_004576||SUP::SUP_0298"": 0.6877990035767543, ""PROD::PRO_004634||SUP::SUP_0298"": 0.6628319063242055, ""PROD::PRO_004663||SUP::SUP_0298"": 0.6531759807436328, ""PROD::PRO_004606||SUP::SUP_0298"": 0.6466664379727158, ""PROD::PRO_004638||SUP::SUP_0298"": 0.6416569582213061, ""PROD::PRO_004636||SUP::SUP_0298"": 0.6377781021741782}","{""银行金融服务"": 0.41851323769459525, ""数字社会"": 0.22916798160061874, ""数字政府"": 0.1451564751108699, ""数字金融"": 0.08436502808661905, ""数字技术研究和试验发展"": 0.06080331570424898, ""智能制造"": 0.03150013541650332, ""行政办公自动化"": 0.03049382638654466}","{""货币银行服务"": 1.0}"
PRO_004591,SUP_0298,PROD::PRO_004591||SUP::SUP_0298,1.5978443413046797,0.3321537558308757,0.4331488497566076,0.8967555849915237,7.557702027712349,"{""PROD::PRO_004583||SUP::SUP_0298"": 0.8791024283732929, ""PROD::PRO_004636||SUP::SUP_0298"": 0.8776855246854647, ""PROD::PRO_004580||SUP::SUP_0298"": 0.8282781954310311, ""PROD::PRO_004567||SUP::SUP_0298"": 0.818501500706615, ""PROD::PRO_004613||SUP::SUP_0298"": 0.7883562185787126, ""PROD::PRO_004529||SUP::SUP_0298"": 0.7628206691907445, ""PROD::PRO_004659||SUP::SUP_0298"": 0.7561921633715117, ""PROD::PRO_004538||SUP::SUP_0298"": 0.7524439634239397, ""PROD::PRO_004533||SUP::SUP_0298"": 0.7516090228355738, ""PROD::PRO_004609||SUP::SUP_0298"": 0.7128144531177625}","{""银行金融服务"": 0.4331488497566076, ""数字政府"": 0.20447984422246523, ""数字社会"": 0.1293158902219768, ""数字资本市场服务"": 0.09622092773071478, ""法律服务"": 0.05223881549253587, ""数字金融"": 0.04769240952758515, ""数字技术研究和试验发展"": 0.03690326304811461}","{""货币银行服务"": 0.8967555849915237, ""法律服务"": 0.10324441500847623}"
PRO_004557,SUP_0298,PROD::PRO_004557||SUP::SUP_0298,1.8490234875724045,1.3520623002547025,0.3358109382865617,0.3790910646716321,3.454344193582232,"{""PROD::PRO_003988||SUP::SUP_0266"": 0.9172203657832231, ""PROD::PRO_004050||SUP::SUP_0266"": 0.8923768678307615, ""PROD::PRO_004129||SUP::SUP_0266"": 0.795334809779365, ""PROD::PRO_004710||SUP::SUP_0298"": 0.38458259796512384, ""PROD::PRO_004112||SUP::SUP_0266"": 0.37526121656152533, ""PROD::PRO_004558||SUP::SUP_0298"": 0.37258652840864104, ""PROD::PRO_004677||SUP::SUP_0298"": 0.3591106296634028, ""PROD::PRO_004638||SUP::SUP_0298"": 0.35878674603918714, ""PROD::PRO_004538||SUP::SUP_0298"": 0.32289001364850556, ""PROD::PRO_004609||SUP::SUP_0298"": 0.32161017943284187}","{""住宅房屋建筑"": 0.3358109382865617, ""银行金融服务"": 0.2093755240010818, ""其他房屋建筑业"": 0.17498409252304944, ""数字社会"": 0.07780119176484716, ""其他商务服务业"": 0.07358409412688553, ""数字技术研究和试验发展"": 0.038063142070087014, ""数字政府"": 0.03770595100065197, ""行政办公自动化"": 0.023451217913338495, ""铁路、道路、隧道和桥梁工程建筑"": 0.01461192415674852, ""土木工程建筑"": 0.01461192415674852}","{""货币银行服务"": 0.3790910646716321, ""互联网数据服务"": 0.33581093828656167, ""互联网信息服务"": 0.17498409252304942, ""互联网相关服务"": 0.07358409412688552, ""金融信息服务"": 0.036529810391871295}"
PRO_004533,SUP_0298,PROD::PRO_004533||SUP::SUP_0298,1.5798848178392937,1.3139247872859614,0.4206164779203525,0.3881997460570702,3.708452440330398,"{""PROD::PRO_005721||SUP::SUP_0353"": 0.882501530234618, ""PROD::PRO_003995||SUP::SUP_0266"": 0.7597102475114398, ""PROD::PRO_004591||SUP::SUP_0298"": 0.7516090228355738, ""PROD::PRO_004617||SUP::SUP_0298"": 0.6689065366156254, ""PROD::PRO_001824||SUP::SUP_0133"": 0.660179436775488, ""PROD::PRO_003997||SUP::SUP_0266"": 0.6488974382322494, ""PROD::PRO_003994||SUP::SUP_0266"": 0.6357178227370748, ""PROD::PRO_004636||SUP::SUP_0298"": 0.6156266150965146, ""PROD::PRO_004659||SUP::SUP_0298"": 0.5951845913773489, ""PROD::PRO_003996||SUP::SUP_0266"": 0.5599472511689984}","{""知识产权服务"": 0.4206164779203525, ""数字技术研究和试验发展"": 0.25435285226629184, ""数字社会"": 0.10013071293302887, ""数字金融"": 0.08086544031830618, ""银行金融服务"": 0.06316907624371447, ""数字政府"": 0.04390380362899178, ""其他数字技术应用业"": 0.0369616366893144}","{""货币银行服务"": 0.3881997460570702, ""互联网数据服务"": 0.2737928170295923, ""互联网信息服务"": 0.20781194984253443, ""软件开发"": 0.13019548707080306}"
PRO_004688,SUP_0298,PROD::PRO_004688||SUP::SUP_0298,1.9439406095864633,0.2868031348895999,0.2551776866496961,0.91668036490336,4.697953614958038,"{""PROD::PRO_004585||SUP::SUP_0298"": 0.9752998885593666, ""PROD::PRO_004596||SUP::SUP_0298"": 0.8072761488987852, ""PROD::PRO_004659||SUP::SUP_0298"": 0.750324066341337, ""PROD::PRO_004583||SUP::SUP_0298"": 0.6951385498043313, ""PROD::PRO_004529||SUP::SUP_0298"": 0.6557218785101799, ""PROD::PRO_004591||SUP::SUP_0298"": 0.6540624918860984, ""PROD::PRO_004538||SUP::SUP_0298"": 0.6399497590339549, ""PROD::PRO_004627||SUP::SUP_0298"": 0.6293563155082404, ""PROD::PRO_004634||SUP::SUP_0298"": 0.6213252221579305, ""PROD::PRO_004009||SUP::SUP_0266"": 0.5843001429321858}","{""银行金融服务"": 0.2551776866496961, ""数字金融"": 0.16047777515591868, ""数字社会"": 0.15260823488613062, ""数字政府"": 0.14793181070389358, ""数字资本市场服务"": 0.09350418325790553, ""出版业"": 0.08331963509664, ""智能制造"": 0.07589148785959776, ""其他数字技术应用业"": 0.03108918639021775}","{""货币银行服务"": 0.91668036490336, ""互联网数据服务"": 0.08331963509664}"
PRO_004617,SUP_0298,PROD::PRO_004617||SUP::SUP_0298,1.339519146823473,1.5327629470531379,0.5945686746668513,0.3281288243349036,2.935958912494574,"{""PROD::PRO_004018||SUP::SUP_0266"": 0.8659753280188731, ""PROD::PRO_003997||SUP::SUP_0266"": 0.8612294996364852, ""PROD::PRO_003996||SUP::SUP_0266"": 0.842182574681446, ""PROD::PRO_004533||SUP::SUP_0298"": 0.6689065366156254, ""PROD::PRO_005721||SUP::SUP_0353"": 0.6270048327330007, ""PROD::PRO_003995||SUP::SUP_0266"": 0.5167532675262388, ""PROD::PRO_003994||SUP::SUP_0266"": 0.4827624564679458, ""PROD::PRO_004659||SUP::SUP_0298"": 0.4709939788268659, ""PROD::PRO_004569||SUP::SUP_0298"": 0.4681412969316592, ""PROD::PRO_004591||SUP::SUP_0298"": 0.4411580870890408}","{""知识产权服务"": 0.5945686746668513, ""银行金融服务"": 0.13209597884949875, ""数字技术研究和试验发展"": 0.10228959529865021, ""数字金融"": 0.06125589722000393, ""数字社会"": 0.0485339567449918, ""数字政府"": 0.03770903477541723, ""其他数字技术应用业"": 0.023546862444586696}","{""货币银行服务"": 0.3281288243349036, ""互联网信息服务"": 0.22064995487326963, ""互联网数据服务"": 0.21215726952422262, ""互联网相关服务"": 0.13866459117058405, ""软件开发"": 0.10039936009702013}"
PRO_004576,SUP_0298,PROD::PRO_004576||SUP::SUP_0298,1.7716853370540657,1.1102230246240462e-16,0.3698558208417355,1.0,7.323958491167378,"{""PROD::PRO_004538||SUP::SUP_0298"": 0.8841937948619747, ""PROD::PRO_004663||SUP::SUP_0298"": 0.8162144039290788, ""PROD::PRO_004593||SUP::SUP_0298"": 0.8102862949330613, ""PROD::PRO_004609||SUP::SUP_0298"": 0.8089489494382858, ""PROD::PRO_004529||SUP::SUP_0298"": 0.7558450471466703, ""PROD::PRO_004583||SUP::SUP_0298"": 0.7365926795239534, ""PROD::PRO_004669||SUP::SUP_0298"": 0.7322021622245661, ""PROD::PRO_004638||SUP::SUP_0298"": 0.7318854336833761, ""PROD::PRO_004712||SUP::SUP_0298"": 0.7103539240866124, ""PROD::PRO_004580||SUP::SUP_0298"": 0.7053482228495168}","{""银行金融服务"": 0.3698558208417355, ""数字社会"": 0.1927707708228688, ""数字政府"": 0.14711381881160362, ""数字资本市场服务"": 0.09826543577336302, ""数字技术研究和试验发展"": 0.06683123634133274, ""数字金融"": 0.04759584310091658, ""法律服务"": 0.0458502379237164, ""行政办公自动化"": 0.03171683638446333}","{""货币银行服务"": 1.0}"
PRO_004627,SUP_0298,PROD::PRO_004627||SUP::SUP_0298,1.9788475357010924,0.7765492271714662,0.22556589390270787,0.7723558945668245,4.2955008368161085,"{""PROD::PRO_004659||SUP::SUP_0298"": 0.8075692026439414, ""PROD::PRO_004593||SUP::SUP_0298"": 0.7712275911847688, ""PROD::PRO_004555||SUP::SUP_0298"": 0.7389491943219374, ""PROD::PRO_004650||SUP::SUP_0298"": 0.7385973506058713, ""PROD::PRO_004529||SUP::SUP_0298"": 0.732509896834084, ""PROD::PRO_004663||SUP::SUP_0298"": 0.6961744462835516, ""PROD::PRO_002860||SUP::SUP_0160"": 0.6555014706972456, ""PROD::PRO_001090||SUP::SUP_0078"": 0.641560850200216, ""PROD::PRO_004688||SUP::SUP_0298"": 0.6293563155082404, ""PROD::PRO_003993||SUP::SUP_0266"": 0.6256779669317071}","{""数字政府"": 0.22556589390270787, ""数字金融"": 0.20893600134707507, ""银行金融服务"": 0.16139106038806342, ""数字社会"": 0.14151364901781346, ""数字资本市场服务"": 0.10409222107579444, ""其他未列明金融业"": 0.04657452704613833, ""互联网批发零售"": 0.04558402155468881, ""数字技术研究和试验发展"": 0.03653138033507498, ""基础软件开发"": 0.029811245332643694}","{""货币银行服务"": 0.7723558945668245, ""国家行政机构"": 0.09314905409227665, ""互联网数据服务"": 0.08891102978621, ""人身保险"": 0.04558402155468881}"
PRO_004538,SUP_0298,PROD::PRO_004538||SUP::SUP_0298,1.818326140465799,1.1102230246240462e-16,0.4237853248942467,1.0,8.646991438779047,"{""PROD::PRO_004609||SUP::SUP_0298"": 0.9401400751917286, ""PROD::PRO_004576||SUP::SUP_0298"": 0.8841937948619747, ""PROD::PRO_004583||SUP::SUP_0298"": 0.8682332005007336, ""PROD::PRO_004663||SUP::SUP_0298"": 0.8544145971182012, ""PROD::PRO_004647||SUP::SUP_0298"": 0.8354261107246068, ""PROD::PRO_004593||SUP::SUP_0298"": 0.8231363183528871, ""PROD::PRO_004529||SUP::SUP_0298"": 0.8227330559724034, ""PROD::PRO_004638||SUP::SUP_0298"": 0.8006266978255295, ""PROD::PRO_004573||SUP::SUP_0298"": 0.7999145025686006, ""PROD::PRO_004580||SUP::SUP_0298"": 0.7665995938173118}","{""银行金融服务"": 0.4237853248942467, ""数字社会"": 0.13631317331645174, ""数字政府"": 0.10259452289972348, ""数字资本市场服务"": 0.09799786754784104, ""数字技术研究和试验发展"": 0.06447020769511613, ""其他数字政府"": 0.049754885105494126, ""数字金融"": 0.04763994524303171, ""法律服务"": 0.04565583266151005, ""行政办公自动化"": 0.03178824063658518}","{""货币银行服务"": 1.0}"
PRO_004593,SUP_0298,PROD::PRO_004593||SUP::SUP_0298,1.6580353094034987,1.1102230246240462e-16,0.39812752657639144,1.0,6.811892324275241,"{""PROD::PRO_004663||SUP::SUP_0298"": 0.9080958965362245, ""PROD::PRO_004555||SUP::SUP_0298"": 0.8742194516675136, ""PROD::PRO_004529||SUP::SUP_0298"": 0.8448545359842585, ""PROD::PRO_004538||SUP::SUP_0298"": 0.8231363183528871, ""PROD::PRO_004576||SUP::SUP_0298"": 0.8102862949330613, ""PROD::PRO_004627||SUP::SUP_0298"": 0.7712275911847688, ""PROD::PRO_004580||SUP::SUP_0298"": 0.7309238948760384, ""PROD::PRO_004583||SUP::SUP_0298"": 0.7274602442592576, ""PROD::PRO_004609||SUP::SUP_0298"": 0.7099173862530326, ""PROD::PRO_004591||SUP::SUP_0298"": 0.7010325405391147}","{""银行金融服务"": 0.39812752657639144, ""数字社会"": 0.1819119160984194, ""数字政府"": 0.1523058331030824, ""数字资本市场服务"": 0.10692799044983445, ""数字金融"": 0.08489737400673827, ""法律服务"": 0.04625424846645852, ""其他数字技术应用业"": 0.029575111299075477}","{""货币银行服务"": 1.0}"
PRO_004573,SUP_0298,PROD::PRO_004573||SUP::SUP_0298,1.607585314940778,1.1102230246240462e-16,0.4732292176295984,1.0,7.7448285194060045,"{""PROD::PRO_004538||SUP::SUP_0298"": 0.7999145025686006, ""PROD::PRO_004638||SUP::SUP_0298"": 0.7601509814746085, ""PROD::PRO_004609||SUP::SUP_0298"": 0.7547192856934093, ""PROD::PRO_004647||SUP::SUP_0298"": 0.7415954910001041, ""PROD::PRO_004606||SUP::SUP_0298"": 0.7353158734855314, ""PROD::PRO_004634||SUP::SUP_0298"": 0.732589939832359, ""PROD::PRO_004583||SUP::SUP_0298"": 0.6740563507181978, ""PROD::PRO_004656||SUP::SUP_0298"": 0.6731065681848274, ""PROD::PRO_004576||SUP::SUP_0298"": 0.6489819860371401, ""PROD::PRO_004677||SUP::SUP_0298"": 0.6273925274456669}","{""银行金融服务"": 0.4732292176295984, ""数字社会"": 0.18999725211605153, ""数字政府"": 0.09858750869644684, ""数字金融"": 0.08124849895634992, ""其他数字政府"": 0.051875615726374606, ""数字技术研究和试验发展"": 0.0354490650564089, ""行政办公自动化"": 0.0354490650564089, ""智能制造"": 0.03416377676236079}","{""货币银行服务"": 1.0}"
PRO_004609,SUP_0298,PROD::PRO_004609||SUP::SUP_0298,1.6712050478895144,0.19031775136475143,0.45540137297229344,0.9527564106698648,7.76685685695978,"{""PROD::PRO_004538||SUP::SUP_0298"": 0.9401400751917286, ""PROD::PRO_004583||SUP::SUP_0298"": 0.8254921302357057, ""PROD::PRO_004576||SUP::SUP_0298"": 0.8089489494382858, ""PROD::PRO_004636||SUP::SUP_0298"": 0.7742312754634884, ""PROD::PRO_004647||SUP::SUP_0298"": 0.7707028816634265, ""PROD::PRO_004573||SUP::SUP_0298"": 0.7547192856934093, ""PROD::PRO_004638||SUP::SUP_0298"": 0.7426520519031244, ""PROD::PRO_004560||SUP::SUP_0298"": 0.7391716590474735, ""PROD::PRO_004580||SUP::SUP_0298"": 0.7358158158445917, ""PROD::PRO_004663||SUP::SUP_0298"": 0.7311095811194259}","{""银行金融服务"": 0.45540137297229344, ""数字社会"": 0.17281096013426447, ""数字政府"": 0.0994890038081457, ""数字金融"": 0.0797330301756824, ""数字技术研究和试验发展"": 0.06463362251756705, ""其他数字政府"": 0.04925888322582482, ""法律服务"": 0.047029103187176756, ""行政办公自动化"": 0.031644023979045324}","{""货币银行服务"": 0.9527564106698648, ""金融信息服务"": 0.04724358933013519}"
PRO_004555,SUP_0298,PROD::PRO_004555||SUP::SUP_0298,1.64785697469436,0.1821115038815591,0.3192034461036586,0.955460600329724,6.160989396228435,"{""PROD::PRO_004593||SUP::SUP_0298"": 0.8742194516675136, ""PROD::PRO_004663||SUP::SUP_0298"": 0.7441124852453203, ""PROD::PRO_004627||SUP::SUP_0298"": 0.7389491943219374, ""PROD::PRO_004529||SUP::SUP_0298"": 0.7170019962037716, ""PROD::PRO_004669||SUP::SUP_0298"": 0.70072283004397, ""PROD::PRO_004650||SUP::SUP_0298"": 0.6997682789588168, ""PROD::PRO_004576||SUP::SUP_0298"": 0.6738623025184858, ""PROD::PRO_004560||SUP::SUP_0298"": 0.6199777869642188, ""PROD::PRO_004538||SUP::SUP_0298"": 0.6163178204846861, ""PROD::PRO_004659||SUP::SUP_0298"": 0.5749482241609132}","{""银行金融服务"": 0.3192034461036586, ""数字社会"": 0.2164505897722803, ""数字金融"": 0.17160911758681593, ""数字政府"": 0.1478480802939241, ""数字资本市场服务"": 0.10301929889997354, ""数字技术研究和试验发展"": 0.041869467343347594}","{""货币银行服务"": 0.955460600329724, ""金融信息服务"": 0.04453939967027598}"
PRO_004606,SUP_0298,PROD::PRO_004606||SUP::SUP_0298,1.7097291793654772,1.1102230246240462e-16,0.3916663794438713,1.0,6.456003212260857,"{""PROD::PRO_004604||SUP::SUP_0298"": 0.7649578689581544, ""PROD::PRO_004573||SUP::SUP_0298"": 0.7353158734855314, ""PROD::PRO_004677||SUP::SUP_0298"": 0.7333676868044676, ""PROD::PRO_004538||SUP::SUP_0298"": 0.7009823299349999, ""PROD::PRO_004609||SUP::SUP_0298"": 0.7006512191207652, ""PROD::PRO_004583||SUP::SUP_0298"": 0.6796977299242024, ""PROD::PRO_004634||SUP::SUP_0298"": 0.6702340125790429, ""PROD::PRO_004647||SUP::SUP_0298"": 0.6466664379727158, ""PROD::PRO_004585||SUP::SUP_0298"": 0.6113867782212086, ""PROD::PRO_004638||SUP::SUP_0298"": 0.5926394490387057}","{""银行金融服务"": 0.3916663794438713, ""数字社会"": 0.21879807719111036, ""数字金融"": 0.11627802314246774, ""数字政府"": 0.10566682723802358, ""智能制造"": 0.062494619382372454, ""其他数字政府"": 0.04729929461025506, ""数字技术研究和试验发展"": 0.028898389495949774, ""行政办公自动化"": 0.028898389495949774}","{""货币银行服务"": 1.0}"
PRO_004677,SUP_0298,PROD::PRO_004677||SUP::SUP_0298,1.7922549614027605,0.23155414018600531,0.34607730249914076,0.9383240981931171,5.581382197425158,"{""PROD::PRO_004558||SUP::SUP_0298"": 0.8659354247674828, ""PROD::PRO_004634||SUP::SUP_0298"": 0.7904907685710001, ""PROD::PRO_004606||SUP::SUP_0298"": 0.7333676868044676, ""PROD::PRO_004538||SUP::SUP_0298"": 0.6969480289574894, ""PROD::PRO_004583||SUP::SUP_0298"": 0.6768677888251999, ""PROD::PRO_004604||SUP::SUP_0298"": 0.6734717177694916, ""PROD::PRO_004638||SUP::SUP_0298"": 0.6709335167294147, ""PROD::PRO_004710||SUP::SUP_0298"": 0.655241810568411, ""PROD::PRO_004609||SUP::SUP_0298"": 0.6293974528250585, ""PROD::PRO_004573||SUP::SUP_0298"": 0.6273925274456669}","{""银行金融服务"": 0.34607730249914076, ""数字社会"": 0.2013594877852082, ""数字政府"": 0.19508053948494294, ""数字金融"": 0.0822207044102822, ""数字技术研究和试验发展"": 0.056528340362025045, ""智能制造"": 0.037534924373622686, ""行政办公自动化"": 0.031857979639271866, ""铁路、道路、隧道和桥梁工程建筑"": 0.024670360722753186, ""土木工程建筑"": 0.024670360722753186}","{""货币银行服务"": 0.9383240981931171, ""金融信息服务"": 0.06167590180688297}"
PRO_004656,SUP_0298,PROD::PRO_004656||SUP::SUP_0298,2.25266815409585,1.417115976249808,0.28080284942267514,0.5077507884645267,6.721799355878205,"{""PROD::PRO_004573||SUP::SUP_0298"": 0.6731065681848274, ""PROD::PRO_001724||SUP::SUP_0125"": 0.5829388615564769, ""PROD::PRO_004649||SUP::SUP_0298"": 0.5433442120949218, ""PROD::PRO_004124||SUP::SUP_0266"": 0.5252404387720851, ""PROD::PRO_004638||SUP::SUP_0298"": 0.5241999021613091, ""PROD::PRO_004076||SUP::SUP_0266"": 0.5115112956096302, ""PROD::PRO_004560||SUP::SUP_0298"": 0.5021081834392958, ""PROD::PRO_004538||SUP::SUP_0298"": 0.49644820716238414, ""PROD::PRO_004647||SUP::SUP_0298"": 0.48303346593445196, ""PROD::PRO_000058||SUP::SUP_0022"": 0.47468166518208}","{""银行金融服务"": 0.28080284942267514, ""数字社会"": 0.14147104753229026, ""综合管理服务"": 0.10964478390184641, ""数字金融"": 0.09478265533328686, ""互联网零售"": 0.0892827224832657, ""法律服务"": 0.04810499794157036, ""社会团体"": 0.04810499794157036, ""其他数字政府"": 0.04542680500690186, ""数字技术研究和试验发展"": 0.03286553060949505, ""行政办公自动化"": 0.03286553060949505}","{""货币银行服务"": 0.5077507884645267, ""互联网数据服务"": 0.1950023019097253, ""人力资源服务"": 0.10964478390184645, ""互联网平台"": 0.08928272248326573, ""国家行政机构"": 0.051098719478401874, ""金融信息服务"": 0.047220683762234046}"
PRO_004548,SUP_0298,PROD::PRO_004548||SUP::SUP_0298,1.6119448349751333,0.5861151763133604,0.37915893992857774,0.8239793800700297,7.070206863055745,"{""PROD::PRO_004611||SUP::SUP_0298"": 0.8925446465718361, ""PROD::PRO_004578||SUP::SUP_0298"": 0.8860461298036086, ""PROD::PRO_004553||SUP::SUP_0298"": 0.7907590989923915, ""PROD::PRO_004613||SUP::SUP_0298"": 0.7827419563750111, ""PROD::PRO_004546||SUP::SUP_0298"": 0.7790402566098331, ""PROD::PRO_004661||SUP::SUP_0298"": 0.752577651141304, ""PROD::PRO_000657||SUP::SUP_0038"": 0.7192600457533098, ""PROD::PRO_004580||SUP::SUP_0298"": 0.5915126501173705, ""PROD::PRO_004023||SUP::SUP_0266"": 0.5690912258739949, ""PROD::PRO_004636||SUP::SUP_0298"": 0.555746496478515}","{""银行金融服务"": 0.37915893992857774, ""数字政府"": 0.22167946534813027, ""法律服务"": 0.1181595465558126, ""数字社会"": 0.11707185219398135, ""金融信息服务"": 0.09826869576062376, ""数字技术研究和试验发展"": 0.06566150021287429}","{""货币银行服务"": 0.8239793800700297, ""其他未列明金融业"": 0.09826869576062376, ""互联网信息服务"": 0.07775192416934647}"
PRO_004546,SUP_0298,PROD::PRO_004546||SUP::SUP_0298,1.4546000089197415,0.9064036137809639,0.409806262737768,0.7108682809803094,8.333619611637404,"{""PROD::PRO_004553||SUP::SUP_0298"": 0.9809360123326302, ""PROD::PRO_000657||SUP::SUP_0038"": 0.8733191228882766, ""PROD::PRO_004548||SUP::SUP_0298"": 0.7790402566098329, ""PROD::PRO_004578||SUP::SUP_0298"": 0.7518529787641482, ""PROD::PRO_004611||SUP::SUP_0298"": 0.6414833355763881, ""PROD::PRO_004049||SUP::SUP_0266"": 0.560331625019913, ""PROD::PRO_004613||SUP::SUP_0298"": 0.509466409404969, ""PROD::PRO_004636||SUP::SUP_0298"": 0.48141431495286235, ""PROD::PRO_004571||SUP::SUP_0298"": 0.43891782122362955, ""PROD::PRO_004561||SUP::SUP_0298"": 0.4304397377714797}","{""银行金融服务"": 0.409806262737768, ""数字政府"": 0.1993735989842621, ""金融信息服务"": 0.1694964883733297, ""数字社会"": 0.1575612421992102, ""数字技术研究和试验发展"": 0.06376240770543014}","{""货币银行服务"": 0.7108682809803094, ""其他未列明金融业"": 0.13545708279359084, ""互联网信息服务"": 0.0869108271340345, ""法律服务"": 0.06676380909206535}"
PRO_004575,SUP_0298,PROD::PRO_004575||SUP::SUP_0298,1.559690955511581,1.3497339741779746,0.4212989720364086,0.5089755134413262,3.904791137992713,"{""PROD::PRO_004119||SUP::SUP_0266"": 0.7198908815584303, ""PROD::PRO_004051||SUP::SUP_0266"": 0.673674484293561, ""PROD::PRO_003999||SUP::SUP_0266"": 0.6614347545092386, ""PROD::PRO_004022||SUP::SUP_0266"": 0.6599140129766099, ""PROD::PRO_004624||SUP::SUP_0298"": 0.6565964566176193, ""PROD::PRO_000050||SUP::SUP_0019"": 0.6463192487423374, ""PROD::PRO_000048||SUP::SUP_0019"": 0.6199244773846666, ""PROD::PRO_000652||SUP::SUP_0038"": 0.6182830860519543, ""PROD::PRO_004121||SUP::SUP_0266"": 0.604990395365748, ""PROD::PRO_004669||SUP::SUP_0298"": 0.583123063383533}","{""资本投资服务"": 0.4212989720364086, ""数字金融"": 0.1923890771879336, ""银行金融服务"": 0.14609259322864782, ""数字社会"": 0.09618951718885949, ""数字化商务服务"": 0.09388209686990233, ""数字资本市场服务"": 0.05014774348824807}","{""互联网数据服务"": 0.5089755134413262, ""货币银行服务"": 0.192379034377719, ""互联网信息服务"": 0.10240511546405894, ""国家行政机构"": 0.10029548697649615, ""金融信息服务"": 0.09594484974039977}"
PRO_004710,SUP_0298,PROD::PRO_004710||SUP::SUP_0298,2.115654102541954,1.279489293600748,0.35343330096550996,0.6087331898127709,6.967886499082888,"{""PROD::PRO_004638||SUP::SUP_0298"": 0.662665310602975, ""PROD::PRO_004677||SUP::SUP_0298"": 0.655241810568411, ""PROD::PRO_004558||SUP::SUP_0298"": 0.6549474464089804, ""PROD::PRO_004114||SUP::SUP_0266"": 0.6458038357963367, ""PROD::PRO_004634||SUP::SUP_0298"": 0.5686752112824736, ""PROD::PRO_004538||SUP::SUP_0298"": 0.5203096968755954, ""PROD::PRO_001090||SUP::SUP_0078"": 0.5150917397439798, ""PROD::PRO_002860||SUP::SUP_0160"": 0.5117473440716919, ""PROD::PRO_004529||SUP::SUP_0298"": 0.5116451011183752, ""PROD::PRO_001696||SUP::SUP_0121"": 0.5093607570990614}","{""银行金融服务"": 0.35343330096550996, ""贸易经纪与代理"": 0.11220661173202758, ""数字社会"": 0.10089547852355274, ""数字资本市场服务"": 0.08889690649636921, ""数字金融"": 0.07739257838299694, ""数字技术研究和试验发展"": 0.061137806324480286, ""互联网批发零售"": 0.044747875162864735, ""其他未列明金融业"": 0.04445733546189195, ""行政办公自动化"": 0.03837874861975915, ""智能制造"": 0.032935242921105}","{""货币银行服务"": 0.6087331898127709, ""互联网数据服务"": 0.11220661173202759, ""国家行政机构"": 0.08891467092378391, ""信息技术服务"": 0.08850000810674992, ""金融信息服务"": 0.05689764426180285, ""人身保险"": 0.04474787516286474}"
PRO_004558,SUP_0298,PROD::PRO_004558||SUP::SUP_0298,2.318215459715504,1.184206411089146,0.24940393902763144,0.4891048173181636,4.877383724463798,"{""PROD::PRO_004677||SUP::SUP_0298"": 0.8659354247674828, ""PROD::PRO_004059||SUP::SUP_0266"": 0.765142965490216, ""PROD::PRO_004112||SUP::SUP_0266"": 0.7198375313037866, ""PROD::PRO_004125||SUP::SUP_0266"": 0.6660905333355606, ""PROD::PRO_004710||SUP::SUP_0298"": 0.6549474464089804, ""PROD::PRO_004126||SUP::SUP_0266"": 0.646610183790236, ""PROD::PRO_004634||SUP::SUP_0298"": 0.6303358556811304, ""PROD::PRO_004114||SUP::SUP_0266"": 0.5260447328159115, ""PROD::PRO_004638||SUP::SUP_0298"": 0.5174233764992815, ""PROD::PRO_004606||SUP::SUP_0298"": 0.5133224700029702}","{""银行金融服务"": 0.24940393902763144, ""住宅房屋建筑"": 0.11761133781675456, ""其他商务服务业"": 0.11064736772833973, ""其他未列明食品制造"": 0.1023858314929154, ""数字政府"": 0.08978831015733524, ""贸易经纪与代理"": 0.08085916955179494, ""正餐服务"": 0.049695738046015965, ""食品、饮料及烟草制品专门零售"": 0.049695738046015965, ""数字社会"": 0.03229664110899392, ""数字金融"": 0.03229664110899392}","{""货币银行服务"": 0.4891048173181636, ""互联网数据服务"": 0.3008563388614648, ""互联网相关服务"": 0.1106473677283397, ""互联网信息服务"": 0.0993914760920319}"
PRO_004638,SUP_0298,PROD::PRO_004638||SUP::SUP_0298,1.669377755943426,1.1102230246240462e-16,0.3376459163986887,1.0,6.253509872651584,"{""PROD::PRO_004538||SUP::SUP_0298"": 0.8006266978255295, ""PROD::PRO_004583||SUP::SUP_0298"": 0.7896812912123542, ""PROD::PRO_004573||SUP::SUP_0298"": 0.7601509814746085, ""PROD::PRO_004663||SUP::SUP_0298"": 0.7564585368843044, ""PROD::PRO_004529||SUP::SUP_0298"": 0.7456945961391813, ""PROD::PRO_004609||SUP::SUP_0298"": 0.7426520519031244, ""PROD::PRO_004634||SUP::SUP_0298"": 0.7340822099221584, ""PROD::PRO_004576||SUP::SUP_0298"": 0.7318854336833761, ""PROD::PRO_004593||SUP::SUP_0298"": 0.6869099276495049, ""PROD::PRO_004669||SUP::SUP_0298"": 0.6725453800933626}","{""银行金融服务"": 0.3376459163986887, ""数字社会"": 0.26434905195116815, ""数字金融"": 0.12950852622245704, ""数字政府"": 0.10417767289247688, ""数字资本市场服务"": 0.10048861856163083, ""智能制造"": 0.03297458395062065, ""数字技术研究和试验发展"": 0.030855630022957787}","{""货币银行服务"": 1.0}"
PRO_004551,SUP_0298,PROD::PRO_004551||SUP::SUP_0298,2.062531435554745,1.4923819808162695,0.2183438275964359,0.2883770247649293,4.081168392314933,"{""PROD::PRO_004675||SUP::SUP_0298"": 0.9235067622821267, ""PROD::PRO_004619||SUP::SUP_0298"": 0.8933105889042913, ""PROD::PRO_004110||SUP::SUP_0266"": 0.873671512855562, ""PROD::PRO_004045||SUP::SUP_0266"": 0.8590911792284572, ""PROD::PRO_004044||SUP::SUP_0266"": 0.8324821813519357, ""PROD::PRO_004043||SUP::SUP_0266"": 0.6520868246838138, ""PROD::PRO_004046||SUP::SUP_0266"": 0.5305722266403065, ""PROD::PRO_004638||SUP::SUP_0298"": 0.521408933213519, ""PROD::PRO_004710||SUP::SUP_0298"": 0.4926930224039463, ""PROD::PRO_003448||SUP::SUP_0209"": 0.4090470203005897}","{""房地产开发经营"": 0.2183438275964359, ""土地调查评估服务"": 0.19886794628133872, ""银行金融服务"": 0.14679082978034982, ""数字政府"": 0.12191873406685763, ""土地登记服务"": 0.1191324611572185, ""数字技术研究和试验发展"": 0.06892494391072894, ""互联网房地产业"": 0.042612439208065934, ""数字化商务服务"": 0.029268361142756282, ""木质家具制造"": 0.029268361142756282, ""行政办公自动化"": 0.024872095713492172}","{""互联网数据服务"": 0.2883770247649293, ""货币银行服务"": 0.2729604980877841, ""互联网信息服务"": 0.24796721027006363, ""软件开发"": 0.13215854459171028, ""互联网相关服务"": 0.058536722285512544}"
PRO_004650,SUP_0298,PROD::PRO_004650||SUP::SUP_0298,1.8932965603903749,0.6125256718096821,0.28785359626587537,0.8125073807566815,7.627390372678825,"{""PROD::PRO_004627||SUP::SUP_0298"": 0.7385973506058713, ""PROD::PRO_004555||SUP::SUP_0298"": 0.6997682789588168, ""PROD::PRO_004663||SUP::SUP_0298"": 0.6912337805823237, ""PROD::PRO_004593||SUP::SUP_0298"": 0.6907431684315266, ""PROD::PRO_004529||SUP::SUP_0298"": 0.6083749068763589, ""PROD::PRO_004602||SUP::SUP_0298"": 0.6049993143704759, ""PROD::PRO_004079||SUP::SUP_0266"": 0.602922655317168, ""PROD::PRO_000047||SUP::SUP_0019"": 0.5988987676281118, ""PROD::PRO_004673||SUP::SUP_0298"": 0.5960392039548772, ""PROD::PRO_004659||SUP::SUP_0298"": 0.5783891511354137}","{""银行金融服务"": 0.28785359626587537, ""数字政府"": 0.20384034494967185, ""数字社会"": 0.1369978226252159, ""数字金融"": 0.09970078740416471, ""数字资本市场服务"": 0.09491077675468604, ""电信"": 0.09406018705301394, ""互联网保险"": 0.04671621609515233, ""数字技术研究和试验发展"": 0.035920268852219876}","{""货币银行服务"": 0.8125073807566815, ""电信"": 0.09406018705301394, ""互联网数据服务"": 0.09343243219030466}"
PRO_004529,SUP_0298,PROD::PRO_004529||SUP::SUP_0298,1.589080226163395,1.1102230246240462e-16,0.41925589190549145,1.0,6.705093431477747,"{""PROD::PRO_004663||SUP::SUP_0298"": 0.8858263075510742, ""PROD::PRO_004593||SUP::SUP_0298"": 0.8448545359842585, ""PROD::PRO_004538||SUP::SUP_0298"": 0.8227330559724034, ""PROD::PRO_004583||SUP::SUP_0298"": 0.7931974625432016, ""PROD::PRO_004591||SUP::SUP_0298"": 0.7628206691907445, ""PROD::PRO_004576||SUP::SUP_0298"": 0.7558450471466703, ""PROD::PRO_004638||SUP::SUP_0298"": 0.7456945961391813, ""PROD::PRO_004627||SUP::SUP_0298"": 0.732509896834084, ""PROD::PRO_004555||SUP::SUP_0298"": 0.7170019962037716, ""PROD::PRO_004609||SUP::SUP_0298"": 0.7057837916643146}","{""银行金融服务"": 0.41925589190549145, ""数字社会"": 0.2135712151355928, ""数字政府"": 0.15525693073535568, ""数字金融"": 0.07890206789888038, ""数字技术研究和试验发展"": 0.06826742108112702, ""其他数字技术应用业"": 0.03274076781489208, ""行政办公自动化"": 0.03200570542866051}","{""货币银行服务"": 1.0}"
PRO_004649,SUP_0298,PROD::PRO_004649||SUP::SUP_0298,2.254206148062882,1.4799673557152062,0.16590498289836722,0.3118001212353731,8.230507394598078,"{""PROD::PRO_004076||SUP::SUP_0266"": 0.9533125295928766, ""PROD::PRO_000058||SUP::SUP_0022"": 0.8915786846834654, ""PROD::PRO_005723||SUP::SUP_0353"": 0.7492582538609388, ""PROD::PRO_000062||SUP::SUP_0025"": 0.7302583949510884, ""PROD::PRO_003913||SUP::SUP_0258"": 0.5521846675293903, ""PROD::PRO_004656||SUP::SUP_0298"": 0.5433442120949218, ""PROD::PRO_001314||SUP::SUP_0100"": 0.5225043082210747, ""PROD::PRO_003912||SUP::SUP_0258"": 0.5083096864160426, ""PROD::PRO_004573||SUP::SUP_0298"": 0.48627948533533416, ""PROD::PRO_004609||SUP::SUP_0298"": 0.45514881509028804}","{""数字资本市场服务"": 0.16590498289836722, ""互联网零售"": 0.13947961710937132, ""数字社会"": 0.11613977829360582, ""金融信息服务"": 0.11424248141917341, ""银行金融服务"": 0.09420942857151098, ""智慧配送"": 0.08174118796317607, ""数字金融"": 0.08053777055880001, ""法律服务"": 0.0745686661746449, ""社会团体"": 0.0745686661746449, ""数字化商务服务"": 0.05860742083670519}","{""货币银行服务"": 0.3118001212353731, ""互联网数据服务"": 0.2663521740227002, ""互联网平台"": 0.25372209852854477, ""金融信息服务"": 0.08638441825020585, ""智慧物流"": 0.08174118796317609}"
PRO_004571,SUP_0298,PROD::PRO_004571||SUP::SUP_0298,1.6164167870964825,0.5622584896843812,0.39367865983794625,0.7500697625128495,6.6942013315013345,"{""PROD::PRO_004561||SUP::SUP_0298"": 0.9799528126818486, ""PROD::PRO_004567||SUP::SUP_0298"": 0.8972211129579977, ""PROD::PRO_004580||SUP::SUP_0298"": 0.8833728792519371, ""PROD::PRO_004636||SUP::SUP_0298"": 0.7240592394212375, ""PROD::PRO_004578||SUP::SUP_0298"": 0.6996191473549492, ""PROD::PRO_004583||SUP::SUP_0298"": 0.698837679410553, ""PROD::PRO_004591||SUP::SUP_0298"": 0.6838860590269826, ""PROD::PRO_004569||SUP::SUP_0298"": 0.6676189603099597, ""PROD::PRO_004593||SUP::SUP_0298"": 0.6483890405709659, ""PROD::PRO_004613||SUP::SUP_0298"": 0.6278346583519993}","{""银行金融服务"": 0.39367865983794625, ""数字社会"": 0.21717647234650095, ""数字政府"": 0.14804654238292053, ""数字技术研究和试验发展"": 0.1215888878053856, ""法律服务"": 0.05880690928143214, ""数字金融"": 0.03035126417290729, ""其他数字技术应用业"": 0.03035126417290729}","{""货币银行服务"": 0.7500697625128495, ""法律服务"": 0.24993023748715043}"
PRO_004631,SUP_0298,PROD::PRO_004631||SUP::SUP_0298,1.8012413402629057,1.2873622047719722,0.41564000016182345,0.4153836184044382,9.768587512229766,"{""PROD::PRO_004535||SUP::SUP_0298"": 0.9898848839931871, ""PROD::PRO_004024||SUP::SUP_0266"": 0.9526502117850764, ""PROD::PRO_000655||SUP::SUP_0038"": 0.8999877892609905, ""PROD::PRO_004016||SUP::SUP_0266"": 0.886623030991114, ""PROD::PRO_004093||SUP::SUP_0266"": 0.5914355992861599, ""PROD::PRO_003989||SUP::SUP_0266"": 0.5325441159349171, ""PROD::PRO_004091||SUP::SUP_0266"": 0.45250656671569744, ""PROD::PRO_004583||SUP::SUP_0298"": 0.2718275163758561, ""PROD::PRO_004638||SUP::SUP_0298"": 0.26054569344995826, ""PROD::PRO_004538||SUP::SUP_0298"": 0.2506711351981}","{""银行金融服务"": 0.41564000016182345, ""法律服务"": 0.14561834985498526, ""数字化商务服务"": 0.09713697141080475, ""金融信息服务"": 0.0874646751514419, ""数字社会"": 0.0747776946898077, ""网上税务办理"": 0.0743193637436033, ""数字技术研究和试验发展"": 0.06845661607050829, ""数字政府"": 0.022322381100106946, ""行政办公自动化"": 0.014263947816918376}","{""互联网数据服务"": 0.4153836184044382, ""货币银行服务"": 0.2911846632841743, ""其他未列明金融业"": 0.14781336845640225, ""互联网信息服务"": 0.14561834985498529}"
PRO_004567,SUP_0298,PROD::PRO_004567||SUP::SUP_0298,1.9160179298959383,0.3573130755089809,0.31773544515861246,0.8847695260538553,6.844370642533153,"{""PROD::PRO_004580||SUP::SUP_0298"": 0.932364819928006, ""PROD::PRO_004561||SUP::SUP_0298"": 0.9181264153310233, ""PROD::PRO_004571||SUP::SUP_0298"": 0.8972211129579977, ""PROD::PRO_004583||SUP::SUP_0298"": 0.8733798293627435, ""PROD::PRO_004591||SUP::SUP_0298"": 0.818501500706615, ""PROD::PRO_004636||SUP::SUP_0298"": 0.7974343795440751, ""PROD::PRO_004529||SUP::SUP_0298"": 0.6957871812179808, ""PROD::PRO_004613||SUP::SUP_0298"": 0.6917415540015079, ""PROD::PRO_004593||SUP::SUP_0298"": 0.681455350441229, ""PROD::PRO_004538||SUP::SUP_0298"": 0.6617274994103017}","{""银行金融服务"": 0.31773544515861246, ""数字社会"": 0.19525287019813392, ""数字政府"": 0.1545195128530567, ""数字资本市场服务"": 0.08732554179752383, ""数字技术研究和试验发展"": 0.06186989854363771, ""法律服务"": 0.05850874035264549, ""金融信息服务"": 0.056303365394057454, ""数字金融"": 0.03424231285116619, ""其他数字技术应用业"": 0.03424231285116619}","{""货币银行服务"": 0.8847695260538553, ""法律服务"": 0.11523047394614469}"
PRO_004561,SUP_0298,PROD::PRO_004561||SUP::SUP_0298,1.768955156047959,0.36891293074799236,0.3442388898083481,0.8789998825766876,6.480428114810047,"{""PROD::PRO_004571||SUP::SUP_0298"": 0.9799528126818486, ""PROD::PRO_004567||SUP::SUP_0298"": 0.9181264153310233, ""PROD::PRO_004580||SUP::SUP_0298"": 0.8969368216034472, ""PROD::PRO_004583||SUP::SUP_0298"": 0.7458530479982618, ""PROD::PRO_004636||SUP::SUP_0298"": 0.7243165872025642, ""PROD::PRO_004578||SUP::SUP_0298"": 0.7074634853996891, ""PROD::PRO_004591||SUP::SUP_0298"": 0.6864011338771763, ""PROD::PRO_004593||SUP::SUP_0298"": 0.6604763175006405, ""PROD::PRO_004613||SUP::SUP_0298"": 0.6447948849944379, ""PROD::PRO_004538||SUP::SUP_0298"": 0.6234927441938908}","{""银行金融服务"": 0.3442388898083481, ""数字政府"": 0.21671110100423266, ""数字社会"": 0.16315179916656822, ""数字技术研究和试验发展"": 0.09191300335653298, ""金融信息服务"": 0.0645741171497924, ""法律服务"": 0.05910376769640172, ""数字金融"": 0.030153660909062064, ""其他数字技术应用业"": 0.030153660909062064}","{""货币银行服务"": 0.8789998825766876, ""法律服务"": 0.12100011742331235}"
PRO_004578,SUP_0298,PROD::PRO_004578||SUP::SUP_0298,1.4085220194387067,0.5963568995518738,0.41040388464032396,0.8197446912458327,7.1659791124157515,"{""PROD::PRO_004548||SUP::SUP_0298"": 0.8860461298036085, ""PROD::PRO_004611||SUP::SUP_0298"": 0.830605475861426, ""PROD::PRO_004553||SUP::SUP_0298"": 0.813189267180387, ""PROD::PRO_004546||SUP::SUP_0298"": 0.7518529787641482, ""PROD::PRO_004613||SUP::SUP_0298"": 0.7483046286294546, ""PROD::PRO_004561||SUP::SUP_0298"": 0.7074634853996891, ""PROD::PRO_004571||SUP::SUP_0298"": 0.6996191473549492, ""PROD::PRO_004661||SUP::SUP_0298"": 0.6632381943002963, ""PROD::PRO_004580||SUP::SUP_0298"": 0.655951751889378, ""PROD::PRO_000657||SUP::SUP_0038"": 0.6226209768123863}","{""银行金融服务"": 0.41040388464032396, ""数字政府"": 0.2604436735922309, ""数字社会"": 0.15291915090332822, ""金融信息服务"": 0.131785442278617, ""法律服务"": 0.044447848585499904}","{""货币银行服务"": 0.8197446912458327, ""法律服务"": 0.09587665491628547, ""其他未列明金融业"": 0.08437865383788183}"
PRO_004583,SUP_0298,PROD::PRO_004583||SUP::SUP_0298,1.857024256556674,0.33653268215677823,0.3665149552974165,0.8947195874260779,7.227379084961894,"{""PROD::PRO_004580||SUP::SUP_0298"": 0.9127395905620301, ""PROD::PRO_004591||SUP::SUP_0298"": 0.8791024283732929, ""PROD::PRO_004567||SUP::SUP_0298"": 0.8733798293627435, ""PROD::PRO_004538||SUP::SUP_0298"": 0.8682332005007336, ""PROD::PRO_004636||SUP::SUP_0298"": 0.8375692277727724, ""PROD::PRO_004609||SUP::SUP_0298"": 0.8254921302357057, ""PROD::PRO_004529||SUP::SUP_0298"": 0.7931974625432016, ""PROD::PRO_004638||SUP::SUP_0298"": 0.7896812912123542, ""PROD::PRO_004663||SUP::SUP_0298"": 0.7660796879129469, ""PROD::PRO_004613||SUP::SUP_0298"": 0.7502736959127968}","{""银行金融服务"": 0.3665149552974165, ""数字社会"": 0.1710619051622704, ""数字政府"": 0.14403360952912164, ""数字资本市场服务"": 0.09561493556596981, ""数字技术研究和试验发展"": 0.06538491816131665, ""法律服务"": 0.05501249137905867, ""数字金融"": 0.03532341189262689, ""其他数字技术应用业"": 0.03532341189262689, ""行政办公自动化"": 0.03173036111959267}","{""货币银行服务"": 0.8947195874260779, ""法律服务"": 0.10528041257392215}"
PRO_004669,SUP_0298,PROD::PRO_004669||SUP::SUP_0298,1.441250443438123,0.32668781859436635,0.3473290477580629,0.8992682525302954,5.883977707454608,"{""PROD::PRO_004560||SUP::SUP_0298"": 0.7741035042701476, ""PROD::PRO_004624||SUP::SUP_0298"": 0.7730738443505099, ""PROD::PRO_004576||SUP::SUP_0298"": 0.7322021622245661, ""PROD::PRO_004555||SUP::SUP_0298"": 0.70072283004397, ""PROD::PRO_004638||SUP::SUP_0298"": 0.6725453800933626, ""PROD::PRO_004538||SUP::SUP_0298"": 0.6584603969787675, ""PROD::PRO_004573||SUP::SUP_0298"": 0.623343487185224, ""PROD::PRO_004609||SUP::SUP_0298"": 0.6196155403857027, ""PROD::PRO_004593||SUP::SUP_0298"": 0.5996460008495254, ""PROD::PRO_004575||SUP::SUP_0298"": 0.583123063383533}","{""数字社会"": 0.3473290477580629, ""银行金融服务"": 0.333645157823615, ""数字金融"": 0.19394928739981238, ""数字技术研究和试验发展"": 0.06294702445532702, ""行政办公自动化"": 0.033277014073682526, ""数字化商务服务"": 0.028852468489500228}","{""货币银行服务"": 0.8992682525302954, ""金融信息服务"": 0.10073174746970451}"
PRO_004619,SUP_0298,PROD::PRO_004619||SUP::SUP_0298,1.8755326728166506,1.268856635630201,0.27581849192037183,0.4585492104110184,4.694959442205746,"{""PROD::PRO_004551||SUP::SUP_0298"": 0.8933105889042913, ""PROD::PRO_004675||SUP::SUP_0298"": 0.8381619725579642, ""PROD::PRO_004110||SUP::SUP_0266"": 0.7636702652716925, ""PROD::PRO_004044||SUP::SUP_0266"": 0.7543756513482048, ""PROD::PRO_004045||SUP::SUP_0266"": 0.7448780633164781, ""PROD::PRO_004043||SUP::SUP_0266"": 0.6210889216200413, ""PROD::PRO_004609||SUP::SUP_0298"": 0.5899492517452166, ""PROD::PRO_004538||SUP::SUP_0298"": 0.575850698865999, ""PROD::PRO_004576||SUP::SUP_0298"": 0.5574823508173181, ""PROD::PRO_004638||SUP::SUP_0298"": 0.5356794534429102}","{""银行金融服务"": 0.27581849192037183, ""房地产开发经营"": 0.24475122578794936, ""土地登记服务"": 0.1097361907710938, ""土地调查评估服务"": 0.10835461233566554, ""数字社会"": 0.08479226864796698, ""数字政府"": 0.08395693532789357, ""数字技术研究和试验发展"": 0.06661584960730023, ""行政办公自动化"": 0.025974425601758628}","{""货币银行服务"": 0.4585492104110184, ""互联网信息服务"": 0.21944285566151595, ""互联网数据服务"": 0.2000836619108408, ""软件开发"": 0.12192427201662481}"
PRO_004712,SUP_0298,PROD::PRO_004712||SUP::SUP_0298,1.499653130082676,0.49254739884840043,0.40861208959428763,0.8055951322097576,10.314648635647421,"{""PROD::PRO_004643||SUP::SUP_0298"": 0.9836819094898236, ""PROD::PRO_004576||SUP::SUP_0298"": 0.7103539240866124, ""PROD::PRO_004085||SUP::SUP_0266"": 0.6806673538672672, ""PROD::PRO_004580||SUP::SUP_0298"": 0.6561063385852325, ""PROD::PRO_004086||SUP::SUP_0266"": 0.6480998842770096, ""PROD::PRO_004636||SUP::SUP_0298"": 0.647798702307864, ""PROD::PRO_004647||SUP::SUP_0298"": 0.6319116688072769, ""PROD::PRO_004538||SUP::SUP_0298"": 0.6316238137834899, ""PROD::PRO_004569||SUP::SUP_0298"": 0.6309638509674078, ""PROD::PRO_004593||SUP::SUP_0298"": 0.6138438220811381}","{""银行金融服务"": 0.40861208959428763, ""网上税务办理"": 0.26636350210647264, ""数字社会"": 0.1385038182631166, ""数字技术研究和试验发展"": 0.0922990577577197, ""法律服务"": 0.04799571450419552, ""其他数字政府"": 0.04622581777420806}","{""货币银行服务"": 0.8055951322097576, ""互联网数据服务"": 0.1944048677902424}"
PRO_004535,SUP_0298,PROD::PRO_004535||SUP::SUP_0298,1.8257612588266663,1.279755898415463,0.41419037242266094,0.3927816065349256,9.656890602160402,"{""PROD::PRO_004631||SUP::SUP_0298"": 0.9898848839931871, ""PROD::PRO_004024||SUP::SUP_0266"": 0.9226280107746019, ""PROD::PRO_004016||SUP::SUP_0266"": 0.8714925894867213, ""PROD::PRO_000655||SUP::SUP_0038"": 0.8698918581861111, ""PROD::PRO_004093||SUP::SUP_0266"": 0.569763791909192, ""PROD::PRO_003989||SUP::SUP_0266"": 0.5162318668921588, ""PROD::PRO_004091||SUP::SUP_0266"": 0.4686169650152101, ""PROD::PRO_004583||SUP::SUP_0298"": 0.37978641562756765, ""PROD::PRO_004538||SUP::SUP_0298"": 0.3620959006624379, ""PROD::PRO_004638||SUP::SUP_0298"": 0.3565238086748419}","{""银行金融服务"": 0.41419037242266094, ""法律服务"": 0.13818046361829125, ""数字化商务服务"": 0.09033952309944153, ""金融信息服务"": 0.08185170999986043, ""数字社会"": 0.08102368430748136, ""网上税务办理"": 0.07430207699567012, ""数字技术研究和试验发展"": 0.0711604357921701, ""数字政府"": 0.03010872589189467, ""行政办公自动化"": 0.01884300787252965}","{""互联网数据服务"": 0.3927816065349256, ""货币银行服务"": 0.3311112719359814, ""互联网信息服务"": 0.1381804636182912, ""其他未列明金融业"": 0.1379266579108016}"
PRO_004659,SUP_0298,PROD::PRO_004659||SUP::SUP_0298,1.9331230584029513,0.3037348986926618,0.3562822462163504,0.909481892516663,6.8335554380161465,"{""PROD::PRO_004627||SUP::SUP_0298"": 0.8075692026439414, ""PROD::PRO_004591||SUP::SUP_0298"": 0.7561921633715117, ""PROD::PRO_004688||SUP::SUP_0298"": 0.750324066341337, ""PROD::PRO_004583||SUP::SUP_0298"": 0.7213969791178368, ""PROD::PRO_004585||SUP::SUP_0298"": 0.7182175761339676, ""PROD::PRO_004529||SUP::SUP_0298"": 0.671987216355248, ""PROD::PRO_004580||SUP::SUP_0298"": 0.6328958456966728, ""PROD::PRO_004567||SUP::SUP_0298"": 0.6260279153086953, ""PROD::PRO_004593||SUP::SUP_0298"": 0.6171409853142219, ""PROD::PRO_004596||SUP::SUP_0298"": 0.6142997957601661}","{""银行金融服务"": 0.3562822462163504, ""数字政府"": 0.19195996782535446, ""数字社会"": 0.1008065874201609, ""数字资本市场服务"": 0.09716341650272724, ""数字金融"": 0.07106220878836596, ""法律服务"": 0.045755574779983946, ""其他数字技术应用业"": 0.03644623604809876, ""基础软件开发"": 0.03616341104689622, ""智能制造"": 0.0346159727402672, ""数字技术研究和试验发展"": 0.02974437863179494}","{""货币银行服务"": 0.909481892516663, ""法律服务"": 0.09051810748333702}"
PRO_004665,SUP_0298,PROD::PRO_004665||SUP::SUP_0298,1.4673014374890374,1.2314212865298901,0.48061729726178015,0.503232277502449,10.267122210371493,"{""PROD::PRO_004598||SUP::SUP_0298"": 0.9991391309114632, ""PROD::PRO_004027||SUP::SUP_0266"": 0.8188535735607948, ""PROD::PRO_004098||SUP::SUP_0266"": 0.8147984047827276, ""PROD::PRO_004596||SUP::SUP_0298"": 0.6674080279372154, ""PROD::PRO_004081||SUP::SUP_0266"": 0.5728194358859051, ""PROD::PRO_004611||SUP::SUP_0298"": 0.5383047731776762, ""PROD::PRO_004688||SUP::SUP_0298"": 0.5092165289355511, ""PROD::PRO_004020||SUP::SUP_0266"": 0.4586397287958368, ""PROD::PRO_004014||SUP::SUP_0266"": 0.4425436337166013, ""PROD::PRO_004585||SUP::SUP_0298"": 0.4340269570105927}","{""银行金融服务"": 0.48061729726178015, ""数字资本市场服务"": 0.2611440558678054, ""知识产权服务"": 0.09156686537290032, ""数字政府"": 0.07015804913984339, ""基础软件开发"": 0.027133251439920594, ""数字社会"": 0.023126826972583434, ""数字金融"": 0.023126826972583434, ""智能制造"": 0.023126826972583434}","{""货币银行服务"": 0.503232277502449, ""互联网数据服务"": 0.2009898092736644, ""互联网信息服务"": 0.16488176998391765, ""互联网相关服务"": 0.1308961432399689}"
PRO_004598,SUP_0298,PROD::PRO_004598||SUP::SUP_0298,1.4567893087313277,1.241913687349628,0.48035482721368217,0.4935010765393575,10.309425372229002,"{""PROD::PRO_004665||SUP::SUP_0298"": 0.9991391309114632, ""PROD::PRO_004027||SUP::SUP_0266"": 0.8325757302017754, ""PROD::PRO_004098||SUP::SUP_0266"": 0.8267418676283389, ""PROD::PRO_004596||SUP::SUP_0298"": 0.6569725602827262, ""PROD::PRO_004081||SUP::SUP_0266"": 0.5860694562368174, ""PROD::PRO_004611||SUP::SUP_0298"": 0.526432617983108, ""PROD::PRO_004688||SUP::SUP_0298"": 0.487957683769364, ""PROD::PRO_004020||SUP::SUP_0266"": 0.46849965694725926, ""PROD::PRO_004014||SUP::SUP_0266"": 0.4518456906376491, ""PROD::PRO_004585||SUP::SUP_0298"": 0.4139909366263794}","{""银行金融服务"": 0.48035482721368217, ""数字资本市场服务"": 0.26548124425858605, ""知识产权服务"": 0.09376773239021177, ""数字政府"": 0.06813656271245976, ""基础软件开发"": 0.026023471576916573, ""数字社会"": 0.022078720616047934, ""数字金融"": 0.022078720616047934, ""智能制造"": 0.022078720616047934}","{""货币银行服务"": 0.4935010765393575, ""互联网数据服务"": 0.20456663408252168, ""互联网信息服务"": 0.16872497506860423, ""互联网相关服务"": 0.13320731430951663}"
PRO_004564,SUP_0298,PROD::PRO_004564||SUP::SUP_0298,2.220078977507475,1.6556034052120743,0.3549759364231805,0.28633204323817474,8.262941387202476,"{""PROD::PRO_004566||SUP::SUP_0298"": 0.9659566207439623, ""PROD::PRO_004565||SUP::SUP_0298"": 0.9231437499254164, ""PROD::PRO_005722||SUP::SUP_0353"": 0.6094141011762921, ""PROD::PRO_000047||SUP::SUP_0019"": 0.3879230595325407, ""PROD::PRO_001718||SUP::SUP_0123"": 0.3749606674382979, ""PROD::PRO_003909||SUP::SUP_0256"": 0.35418748208201367, ""PROD::PRO_000077||SUP::SUP_0028"": 0.33080551484265985, ""PROD::PRO_003912||SUP::SUP_0258"": 0.3304322830370525, ""PROD::PRO_001695||SUP::SUP_0121"": 0.3212562383898889, ""PROD::PRO_001717||SUP::SUP_0123"": 0.3127295809996209}","{""银行金融服务"": 0.3549759364231805, ""行政办公自动化"": 0.09399099963725402, ""人力资源服务"": 0.0800991052919416, ""人身保险"": 0.07212405544115984, ""数字资本市场服务"": 0.0672867266827769, ""数字社会"": 0.06556669597577783, ""数字技术研究和试验发展"": 0.06556669597577783, ""咨询与调查"": 0.0654181864707619, ""互联网保险"": 0.03949685642214587, ""数字化商务服务"": 0.019088537381109372}","{""金融信息服务"": 0.28633204323817474, ""互联网数据服务"": 0.26850836980998166, ""货币银行服务"": 0.1656367706464436, ""不提供住宿社会工作"": 0.14003603208426366, ""医院"": 0.07212405544115982, ""针织或钩针编织物及其制品制造"": 0.06736272877997634}"
PRO_004661,SUP_0298,PROD::PRO_004661||SUP::SUP_0298,1.3360531927149324,1.0876554909980385,0.5225994811083045,0.39858236852526246,8.453959430180586,"{""PROD::PRO_004023||SUP::SUP_0266"": 0.9052290558458129, ""PROD::PRO_004092||SUP::SUP_0266"": 0.8834392553636459, ""PROD::PRO_004030||SUP::SUP_0266"": 0.8058146461290241, ""PROD::PRO_004104||SUP::SUP_0266"": 0.7894331334917486, ""PROD::PRO_004548||SUP::SUP_0298"": 0.7525776511413036, ""PROD::PRO_004048||SUP::SUP_0266"": 0.7201437362097569, ""PROD::PRO_004021||SUP::SUP_0266"": 0.6810924355739811, ""PROD::PRO_004611||SUP::SUP_0298"": 0.6803537359570201, ""PROD::PRO_004578||SUP::SUP_0298"": 0.6632381943002963, ""PROD::PRO_004097||SUP::SUP_0266"": 0.6464870904904965}","{""银行金融服务"": 0.5225994811083045, ""法律服务"": 0.2376080911154966, ""金融信息服务"": 0.0858798484546249, ""数字社会"": 0.07935485994241472, ""数字政府"": 0.04518936000345833, ""数字技术研究和试验发展"": 0.029368359375700905}","{""互联网数据服务"": 0.39858236852526246, ""互联网信息服务"": 0.32296083220729055, ""货币银行服务"": 0.278456799267447}"
PRO_004569,SUP_0298,PROD::PRO_004569||SUP::SUP_0298,1.7949479900210097,0.640701855602472,0.33502241984397557,0.7991808530048775,5.538347795844484,"{""PROD::PRO_004580||SUP::SUP_0298"": 0.6775709609745154, ""PROD::PRO_004571||SUP::SUP_0298"": 0.6676189603099597, ""PROD::PRO_004576||SUP::SUP_0298"": 0.6656654116358652, ""PROD::PRO_004082||SUP::SUP_0266"": 0.6562779589979022, ""PROD::PRO_002861||SUP::SUP_0160"": 0.6335145291759249, ""PROD::PRO_004593||SUP::SUP_0298"": 0.6314072879003134, ""PROD::PRO_004712||SUP::SUP_0298"": 0.6309638509674078, ""PROD::PRO_004583||SUP::SUP_0298"": 0.6263701994890216, ""PROD::PRO_004591||SUP::SUP_0298"": 0.6169736675192095, ""PROD::PRO_004663||SUP::SUP_0298"": 0.6162941132326655}","{""银行金融服务"": 0.33502241984397557, ""数字政府"": 0.19783456812803227, ""法律服务"": 0.15493018679801104, ""数字金融"": 0.13065814135208956, ""数字社会"": 0.06479047363328459, ""金融信息服务"": 0.051973736611322145, ""数字技术研究和试验发展"": 0.03276978638689767, ""其他数字技术应用业"": 0.032020687246386924}","{""货币银行服务"": 0.7991808530048775, ""互联网信息服务"": 0.10218169288941988, ""法律服务"": 0.09863745410570265}"
PRO_004622,SUP_0298,PROD::PRO_004622||SUP::SUP_0298,1.298169866744672,1.4475465481312135,0.6103782695845855,0.4006256748144678,10.300307421537001,"{""PROD::PRO_004690||SUP::SUP_0298"": 0.8939068064778333, ""PROD::PRO_000727||SUP::SUP_0051"": 0.8582901351021873, ""PROD::PRO_004716||SUP::SUP_0298"": 0.7620529125837627, ""PROD::PRO_001774||SUP::SUP_0127"": 0.7577193155070076, ""PROD::PRO_004719||SUP::SUP_0298"": 0.7565175197962052, ""PROD::PRO_001748||SUP::SUP_0127"": 0.7519000370478466, ""PROD::PRO_001323||SUP::SUP_0104"": 0.7515520327852773, ""PROD::PRO_004695||SUP::SUP_0298"": 0.7460520147959189, ""PROD::PRO_004700||SUP::SUP_0298"": 0.7392594008492189, ""PROD::PRO_002985||SUP::SUP_0166"": 0.7385405390303489}","{""银行金融服务"": 0.6103782695845855, ""数字社会"": 0.18330189042431308, ""互联网零售"": 0.055966980528617136, ""其他数字技术应用业"": 0.038418898405250125, ""数字技术研究和试验发展"": 0.03174146760215909, ""电信"": 0.03174146760215909, ""行政办公自动化"": 0.024225512926458047, ""互联网保险"": 0.024225512926458047}","{""电信"": 0.4006256748144678, ""货币银行服务"": 0.2622838281716554, ""金融信息服务"": 0.14496404250156741, ""互联网相关服务"": 0.09690205170583219, ""软件开发"": 0.09522440280647725}"
PRO_004706,SUP_0298,PROD::PRO_004706||SUP::SUP_0298,1.803007464946499,1.400171246828127,0.4700152668157604,0.47537103169219563,10.787250286580312,"{""PROD::PRO_002966||SUP::SUP_0166"": 0.9163868723723805, ""PROD::PRO_001766||SUP::SUP_0127"": 0.8939164872587602, ""PROD::PRO_004702||SUP::SUP_0298"": 0.8819902039031177, ""PROD::PRO_000040||SUP::SUP_0014"": 0.6882569924722396, ""PROD::PRO_000074||SUP::SUP_0027"": 0.5722628257561259, ""PROD::PRO_000073||SUP::SUP_0027"": 0.5431317621873482, ""PROD::PRO_001762||SUP::SUP_0127"": 0.5424459090116711, ""PROD::PRO_001764||SUP::SUP_0127"": 0.5283023051514312, ""PROD::PRO_001763||SUP::SUP_0127"": 0.5283023051514312, ""PROD::PRO_000054||SUP::SUP_0020"": 0.5064392480487045}","{""银行金融服务"": 0.4700152668157604, ""广告业"": 0.10425869552886738, ""智能道路运输"": 0.08448122286504457, ""智慧配送"": 0.08448122286504457, ""数字社会"": 0.06680291601388108, ""互联网零售"": 0.04627210521568689, ""数字技术研究和试验发展"": 0.04627210521568689, ""电信"": 0.04627210521568689, ""互联网保险"": 0.02557218013217067, ""数据资源与产权交易"": 0.02557218013217067}","{""电信"": 0.47537103169219563, ""测绘地理信息服务"": 0.16896244573008914, ""互联网数据服务"": 0.14534415015344107, ""货币银行服务"": 0.13360583202776216, ""城市公共交通运输"": 0.076716540396512}"
PRO_001766,SUP_0127,PROD::PRO_001766||SUP::SUP_0127,2.2970844145760334,1.856303291184829,0.2559721409843112,0.2646847911786446,8.3672742666398,"{""PROD::PRO_004706||SUP::SUP_0298"": 0.8939164872587602, ""PROD::PRO_002966||SUP::SUP_0166"": 0.8456966062395127, ""PROD::PRO_000074||SUP::SUP_0027"": 0.733639571061804, ""PROD::PRO_000040||SUP::SUP_0014"": 0.7058915326038234, ""PROD::PRO_000042||SUP::SUP_0016"": 0.7051962027304028, ""PROD::PRO_000073||SUP::SUP_0027"": 0.6832369109203166, ""PROD::PRO_001725||SUP::SUP_0125"": 0.674109294475158, ""PROD::PRO_004702||SUP::SUP_0298"": 0.6735063281607854, ""PROD::PRO_000069||SUP::SUP_0026"": 0.6087816852726475, ""PROD::PRO_001742||SUP::SUP_0127"": 0.5904161977535161}","{""银行金融服务"": 0.2559721409843112, ""智能道路运输"": 0.09957820131982878, ""智慧配送"": 0.09957820131982878, ""广告业"": 0.09922023554975345, ""人力资源服务"": 0.09475291867772294, ""数字金融"": 0.08557045866284527, ""行政办公自动化"": 0.0495612499314199, ""智慧教育"": 0.0495612499314199, ""数字社会"": 0.047334082814298316, ""互联网零售"": 0.03962375360285726}","{""电信"": 0.2646847911786446, ""测绘地理信息服务"": 0.1991564026396575, ""货币银行服务"": 0.15749269342853664, ""互联网数据服务"": 0.09922023554975343, ""技能培训、教育辅助及其他教育"": 0.09912249986283977, ""人力资源服务"": 0.09475291867772291, ""环境治理业"": 0.08557045866284524}"
PRO_001323,SUP_0104,PROD::PRO_001323||SUP::SUP_0104,2.0847533388080715,1.5924359373948582,0.29271450525782405,0.3570785193690999,10.136716402385524,"{""PROD::PRO_000021||SUP::SUP_0004"": 0.879477385522588, ""PROD::PRO_002985||SUP::SUP_0166"": 0.8609973940391774, ""PROD::PRO_003003||SUP::SUP_0166"": 0.8550008829398019, ""PROD::PRO_000022||SUP::SUP_0004"": 0.8550008829398019, ""PROD::PRO_000787||SUP::SUP_0072"": 0.8544191945055343, ""PROD::PRO_003008||SUP::SUP_0166"": 0.8544191945055343, ""PROD::PRO_004622||SUP::SUP_0298"": 0.7515520327852773, ""PROD::PRO_000727||SUP::SUP_0051"": 0.7100642631774513, ""PROD::PRO_001774||SUP::SUP_0127"": 0.6211804441738854, ""PROD::PRO_001742||SUP::SUP_0127"": 0.5837111253861711}","{""银行金融服务"": 0.29271450525782405, ""互联网零售"": 0.10948443962095385, ""数字技术研究和试验发展"": 0.10948443962095385, ""电信"": 0.10948443962095385, ""数字金融"": 0.1092538005003779, ""非金融机构支付服务"": 0.10917947113602411, ""数字政府"": 0.0480174450658183, ""互联网资讯服务"": 0.03746048639236471, ""互联网金融"": 0.03746048639236471, ""机械设备经营租赁"": 0.03746048639236471}","{""电信"": 0.3570785193690999, ""货币银行服务"": 0.2664507167022203, ""软件开发"": 0.11002004722645949, ""互联网数据服务"": 0.10925380050037792, ""互联网信息服务"": 0.10917947113602412, ""金融信息服务"": 0.0480174450658183}"
PRO_005722,SUP_0353,PROD::PRO_005722||SUP::SUP_0353,1.6770112478473158,1.3333632339418633,0.4316070707482132,0.4968200752708341,11.159876585374802,"{""PROD::PRO_000047||SUP::SUP_0019"": 0.8584032908123848, ""PROD::PRO_000650||SUP::SUP_0038"": 0.8158077343560592, ""PROD::PRO_004565||SUP::SUP_0298"": 0.8075304370513019, ""PROD::PRO_000654||SUP::SUP_0038"": 0.7891629095865477, ""PROD::PRO_000653||SUP::SUP_0038"": 0.7736725898837199, ""PROD::PRO_004566||SUP::SUP_0298"": 0.7531009738727859, ""PROD::PRO_003312||SUP::SUP_0175"": 0.7428953938934166, ""PROD::PRO_000651||SUP::SUP_0038"": 0.7229206228667824, ""PROD::PRO_000658||SUP::SUP_0038"": 0.715229278807977, ""PROD::PRO_003993||SUP::SUP_0266"": 0.7037222365172836}","{""银行金融服务"": 0.4316070707482132, ""金融信息服务"": 0.20029147798088764, ""其他数字金融"": 0.10272287813949497, ""数字政府"": 0.09160133182601114, ""互联网保险"": 0.055867841459287186, ""行政办公自动化"": 0.05255686099249996, ""数字社会"": 0.03267626942680289, ""数字技术研究和试验发展"": 0.03267626942680289}","{""其他未列明金融业"": 0.4968200752708341, ""互联网数据服务"": 0.20333701474458554, ""金融信息服务"": 0.15412812612520427, ""软件开发"": 0.09670037971917175, ""货币银行服务"": 0.049014404140204346}"
PRO_000718,SUP_0047,PROD::PRO_000718||SUP::SUP_0047,2.9885398722289005,2.662722772670394,0.12007564203407278,0.15006032815459594,7.249590392660663,"{""PROD::PRO_000717||SUP::SUP_0047"": 0.8413923682264622, ""PROD::PRO_004191||SUP::SUP_0280"": 0.7576338112852781, ""PROD::PRO_000010||SUP::SUP_0003"": 0.7440787776021593, ""PROD::PRO_003175||SUP::SUP_0169"": 0.70081258639294, ""PROD::PRO_004514||SUP::SUP_0292"": 0.68073027236705, ""PROD::PRO_001199||SUP::SUP_0085"": 0.6794612548266092, ""PROD::PRO_001198||SUP::SUP_0085"": 0.6771505120712993, ""PROD::PRO_003542||SUP::SUP_0232"": 0.6673781944049648, ""PROD::PRO_001184||SUP::SUP_0079"": 0.6340018266788611, ""PROD::PRO_003430||SUP::SUP_0205"": 0.624546482958781}","{""汽车零部件及配件制造"": 0.12007564203407278, ""动漫、游戏及其他数字内容服务"": 0.09714745176355406, ""数字化零售"": 0.09406357577046359, ""数字金融"": 0.07631203638513298, ""智能道路运输"": 0.06925503693777303, ""其他数字政府"": 0.05309397869440847, ""数字政府"": 0.03878075960508085, ""稻谷种植"": 0.03604080163319462, ""农业科学研究和试验发展"": 0.03604080163319462, ""国家行政机构"": 0.03604080163319462}","{""智能交通"": 0.15006032815459594, ""人力资源服务"": 0.10001341161920563, ""软件开发"": 0.0971474517635541, ""互联网相关服务"": 0.09524196819330755, ""环境卫生管理"": 0.09047880544686517, ""综合零售"": 0.08912942730806099, ""橡胶制品业"": 0.06003782101703642, ""塑料制品业"": 0.06003782101703642, ""数字政府"": 0.05309397869440849, ""非金融机构支付服务"": 0.04831829094317261}"
PRO_000717,SUP_0047,PROD::PRO_000717||SUP::SUP_0047,2.9764079037253297,2.801776932033886,0.0979930966966485,0.20280510351154973,3.2798841970017225,"{""PROD::PRO_004191||SUP::SUP_0280"": 0.8662182174662199, ""PROD::PRO_000718||SUP::SUP_0047"": 0.8413923682264622, ""PROD::PRO_003175||SUP::SUP_0169"": 0.7041124725540057, ""PROD::PRO_001724||SUP::SUP_0125"": 0.6583039835326516, ""PROD::PRO_001184||SUP::SUP_0079"": 0.6479132310902999, ""PROD::PRO_000039||SUP::SUP_0013"": 0.6277899333497039, ""PROD::PRO_000077||SUP::SUP_0028"": 0.6099963728230863, ""PROD::PRO_004514||SUP::SUP_0292"": 0.5978898276684008, ""PROD::PRO_000033||SUP::SUP_0012"": 0.5862749598035136, ""PROD::PRO_000035||SUP::SUP_0012"": 0.5779694392373586}","{""综合管理服务"": 0.0979930966966485, ""人力资源服务"": 0.09080217504667842, ""动漫、游戏及其他数字内容服务"": 0.08900003214661713, ""国家行政机构"": 0.06634357305794589, ""橡胶制品业"": 0.06262353393107507, ""塑料制品业"": 0.06262353393107507, ""数字金融"": 0.043635539404266635, ""咨询与调查"": 0.043635539404266635, ""货币银行服务"": 0.043017372341394175, ""财产保险"": 0.043017372341394175}","{""人力资源服务"": 0.20280510351154973, ""环境卫生管理"": 0.09644636139759978, ""针织或钩针编织物及其制品制造"": 0.0908021750466784, ""软件开发"": 0.0890000321466171, ""国家行政机构"": 0.08727107880853323, ""橡胶制品业"": 0.06262353393107506, ""塑料制品业"": 0.06262353393107506, ""水泥、石灰和石膏制造"": 0.05246108438600997, ""砖瓦、石材等建筑材料制造"": 0.046725434740490755, ""谷物种植"": 0.014326951895900159}"
PRO_001817,SUP_0131,PROD::PRO_001817||SUP::SUP_0131,1.0639555171848538,2.373285365623717,0.6692037505889951,0.1836469444676938,10.28971862645074,"{""PROD::PRO_004190||SUP::SUP_0279"": 0.6647116259694811, ""PROD::PRO_004153||SUP::SUP_0268"": 0.6465132091721002, ""PROD::PRO_001192||SUP::SUP_0084"": 0.5722500773800918, ""PROD::PRO_000044||SUP::SUP_0017"": 0.5592570579657966, ""PROD::PRO_004358||SUP::SUP_0287"": 0.5490077436776578, ""PROD::PRO_004355||SUP::SUP_0287"": 0.5490077436776578, ""PROD::PRO_001196||SUP::SUP_0084"": 0.5261311353575321, ""PROD::PRO_001191||SUP::SUP_0084"": 0.5227318683641994, ""PROD::PRO_003414||SUP::SUP_0195"": 0.5083014077263165, ""PROD::PRO_003415||SUP::SUP_0195"": 0.5065015274880517}","{""银行金融服务"": 0.6692037505889951, ""专业公共卫生服务"": 0.11860503123333507, ""广告业"": 0.11535787305477523, ""互联网保险"": 0.04989434382974207, ""其他数字政府"": 0.04693900129315264}","{""贸易经纪与代理"": 0.1836469444676938, ""电信"": 0.11860503123333507, ""互联网信息服务"": 0.11535787305477523, ""纺织、服装及家庭用品批发"": 0.10210704258700659, ""互联网数据服务"": 0.09795989424927111, ""电力供应"": 0.09069662991285775, ""货币银行服务"": 0.04989434382974207, ""互联网相关服务"": 0.04989434382974207, ""金融信息服务"": 0.048979947124635555, ""数字金融"": 0.048979947124635555}"
PRO_004152,SUP_0268,PROD::PRO_004152||SUP::SUP_0268,1.1407789731368856,1.332114632553282,0.6674889810527697,0.5425689576221717,11.419499146644686,"{""PROD::PRO_004357||SUP::SUP_0287"": 0.9530238150956767, ""PROD::PRO_004356||SUP::SUP_0287"": 0.9191499405736696, ""PROD::PRO_004354||SUP::SUP_0287"": 0.9142595824168407, ""PROD::PRO_004352||SUP::SUP_0287"": 0.7743409382415325, ""PROD::PRO_000045||SUP::SUP_0017"": 0.6812965454521274, ""PROD::PRO_000648||SUP::SUP_0037"": 0.6444404192282702, ""PROD::PRO_000043||SUP::SUP_0017"": 0.6292054049562069, ""PROD::PRO_000044||SUP::SUP_0017"": 0.5590545224931852, ""PROD::PRO_004349||SUP::SUP_0287"": 0.5302078173404549, ""PROD::PRO_006100||SUP::SUP_0368"": 0.5056730382532645}","{""银行金融服务"": 0.6674889810527697, ""货币银行服务"": 0.10889872484582065, ""网络借贷服务"": 0.07618169882732025, ""数字化租赁"": 0.07618169882732025, ""互联网保险"": 0.03931105900009075, ""数字化零售"": 0.03193783744667834}","{""互联网数据服务"": 0.5425689576221717, ""货币银行服务"": 0.21842906672659304, ""其他未列明金融业"": 0.07111486211712577, ""互联网平台"": 0.0642880272670093, ""非金融机构支付服务"": 0.0642880272670093, ""互联网相关服务"": 0.03931105900009075}"
PRO_005724,SUP_0353,PROD::PRO_005724||SUP::SUP_0353,1.974345253253116,1.6140451469793087,0.28311956293719864,0.385099455207646,9.415133605876498,"{""PROD::PRO_005731||SUP::SUP_0353"": 0.9635757370609441, ""PROD::PRO_004042||SUP::SUP_0266"": 0.9613400441762862, ""PROD::PRO_001696||SUP::SUP_0121"": 0.9237746193178995, ""PROD::PRO_001090||SUP::SUP_0078"": 0.8934054443522611, ""PROD::PRO_004667||SUP::SUP_0298"": 0.8311630141670818, ""PROD::PRO_002860||SUP::SUP_0160"": 0.812198297243953, ""PROD::PRO_003993||SUP::SUP_0266"": 0.7981743681229843, ""PROD::PRO_005725||SUP::SUP_0353"": 0.7845013114828947, ""PROD::PRO_000053||SUP::SUP_0019"": 0.7199116903173971, ""PROD::PRO_004062||SUP::SUP_0266"": 0.6739469423318261}","{""银行金融服务"": 0.28311956293719864, ""数字化商务服务"": 0.1955619056362271, ""数字政府"": 0.1285852431468818, ""网上税务办理"": 0.11523280556818369, ""金融信息服务"": 0.09381752115285556, ""互联网批发零售"": 0.0534206144379544, ""数字金融"": 0.048564884351795796, ""其他未列明金融业"": 0.048564884351795796, ""数字资本市场服务"": 0.03313257841710722}","{""互联网数据服务"": 0.385099455207646, ""国家行政机构"": 0.18322309862661373, ""货币银行服务"": 0.15281834968927605, ""互联网信息服务"": 0.11496544187939492, ""信息技术服务"": 0.1104730401591149, ""人身保险"": 0.0534206144379544}"
PRO_004153,SUP_0268,PROD::PRO_004153||SUP::SUP_0268,2.4346057294748493,2.0317246166219394,0.11508404642168715,0.20393980735634273,7.006432614435639,"{""PROD::PRO_001817||SUP::SUP_0131"": 0.6465132091721002, ""PROD::PRO_000074||SUP::SUP_0027"": 0.6167363381129859, ""PROD::PRO_000042||SUP::SUP_0016"": 0.6112830776954102, ""PROD::PRO_004154||SUP::SUP_0268"": 0.6024920852493864, ""PROD::PRO_001725||SUP::SUP_0125"": 0.5518329484392238, ""PROD::PRO_004190||SUP::SUP_0279"": 0.5501342485477141, ""PROD::PRO_004352||SUP::SUP_0287"": 0.5338375851019879, ""PROD::PRO_000073||SUP::SUP_0027"": 0.5289461733340778, ""PROD::PRO_000061||SUP::SUP_0024"": 0.4889064969916417, ""PROD::PRO_004521||SUP::SUP_0296"": 0.487066163680111}","{""其他数字金融"": 0.11508404642168715, ""银行金融服务"": 0.10724796666773452, ""智能道路运输"": 0.10196990367817135, ""智慧配送"": 0.10196990367817135, ""人力资源服务"": 0.09823027241240895, ""专业公共卫生服务"": 0.0979278914952095, ""货币银行服务"": 0.09502696705020358, ""工程和技术研究和试验发展"": 0.08670131436784559, ""行政办公自动化"": 0.054406413583085574, ""智慧教育"": 0.054406413583085574}","{""测绘地理信息服务"": 0.20393980735634273, ""互联网数据服务"": 0.1817282814180492, ""软件开发"": 0.11508404642168718, ""技能培训、教育辅助及其他教育"": 0.10881282716617116, ""货币银行服务"": 0.10724796666773453, ""人力资源服务"": 0.09823027241240896, ""电信"": 0.09792789149520952, ""数字政府"": 0.08702890706239672}"
PRO_001824,SUP_0133,PROD::PRO_001824||SUP::SUP_0133,1.587882372621893,1.4284851322874221,0.42561938573422886,0.4138754047591675,2.4745926856106344,"{""PROD::PRO_003995||SUP::SUP_0266"": 0.9486962753870969, ""PROD::PRO_005721||SUP::SUP_0353"": 0.7668677641539277, ""PROD::PRO_004067||SUP::SUP_0266"": 0.7256727353166967, ""PROD::PRO_003994||SUP::SUP_0266"": 0.7099914909240452, ""PROD::PRO_003997||SUP::SUP_0266"": 0.6795088034409732, ""PROD::PRO_004533||SUP::SUP_0298"": 0.660179436775488, ""PROD::PRO_004100||SUP::SUP_0266"": 0.6287019827709427, ""PROD::PRO_004083||SUP::SUP_0266"": 0.6078851897516672, ""PROD::PRO_004039||SUP::SUP_0266"": 0.5909107820336709, ""PROD::PRO_003996||SUP::SUP_0266"": 0.5121461818649877}","{""知识产权服务"": 0.42561938573422886, ""法律服务"": 0.17550476959980624, ""住宅房屋建筑"": 0.10623911759308408, ""数字技术研究和试验发展"": 0.10394336981869685, ""银行金融服务"": 0.09665084190536397, ""证券市场服务"": 0.09204251534882008}","{""互联网信息服务"": 0.4138754047591675, ""互联网数据服务"": 0.27096453021232203, ""软件开发"": 0.11227010553006239, ""互联网相关服务"": 0.10623911759308406, ""货币银行服务"": 0.09665084190536395}"
PRO_004071,SUP_0266,PROD::PRO_004071||SUP::SUP_0266,1.744802818235649,0.9274322269221352,0.35667558837248475,0.5895356602605989,7.750545832899892,"{""PROD::PRO_004069||SUP::SUP_0266"": 0.7531125714736967, ""PROD::PRO_000051||SUP::SUP_0019"": 0.6915156450801977, ""PROD::PRO_004004||SUP::SUP_0266"": 0.5999462085851246, ""PROD::PRO_004022||SUP::SUP_0266"": 0.5974771639319885, ""PROD::PRO_003990||SUP::SUP_0266"": 0.5928130490816537, ""PROD::PRO_004051||SUP::SUP_0266"": 0.5916241798235915, ""PROD::PRO_004002||SUP::SUP_0266"": 0.5881642503144865, ""PROD::PRO_004003||SUP::SUP_0266"": 0.579634837672734, ""PROD::PRO_004005||SUP::SUP_0266"": 0.5727693299568177, ""PROD::PRO_004017||SUP::SUP_0266"": 0.5684058958874589}","{""数字化商务服务"": 0.35667558837248475, ""资本投资服务"": 0.1938079193388004, ""咨询与调查"": 0.19109362432252744, ""地理遥感信息及测绘地理信息服务"": 0.0977833613692267, ""银行金融服务"": 0.04793152836868161, ""物联网技术服务"": 0.037569326076093076, ""可穿戴智能设备制造"": 0.037569326076093076, ""互联网数据服务"": 0.037569326076093076}","{""互联网数据服务"": 0.5895356602605989, ""互联网信息服务"": 0.2877168705924713, ""互联网相关服务"": 0.12274746914692976}"
PRO_000049,SUP_0019,PROD::PRO_000049||SUP::SUP_0019,2.262895882136247,1.6220899357071286,0.12550871318653345,0.3831869965630208,9.407604637524193,"{""PROD::PRO_004081||SUP::SUP_0266"": 0.5876552598371159, ""PROD::PRO_001194||SUP::SUP_0084"": 0.5500149926364518, ""PROD::PRO_005725||SUP::SUP_0353"": 0.4926730275063611, ""PROD::PRO_004667||SUP::SUP_0298"": 0.4890911427633142, ""PROD::PRO_001314||SUP::SUP_0100"": 0.4724669118982192, ""PROD::PRO_000066||SUP::SUP_0026"": 0.4715427715021734, ""PROD::PRO_004109||SUP::SUP_0266"": 0.44017185121712576, ""PROD::PRO_004348||SUP::SUP_0287"": 0.43723151536673166, ""PROD::PRO_000081||SUP::SUP_0030"": 0.4333401971476414, ""PROD::PRO_004047||SUP::SUP_0266"": 0.43187094409328153}","{""数字资本市场服务"": 0.12550871318653345, ""银行金融服务"": 0.12489691543570115, ""知识产权服务"": 0.12227384371242245, ""数字化商务服务"": 0.1144420068115437, ""金融信息服务"": 0.10251082374951632, ""智慧配送"": 0.09830652304677116, ""信息技术咨询服务"": 0.0981142365038314, ""智能道路运输"": 0.09016539995749813, ""公开募集证券投资基金"": 0.08985969143990127, ""数字政府"": 0.0339218461562808}","{""互联网数据服务"": 0.3831869965630208, ""互联网信息服务"": 0.21213353515232378, ""其他批发业"": 0.11444200681154372, ""货币银行服务"": 0.1017655384688424, ""智慧物流"": 0.09830652304677118, ""公路旅客运输"": 0.09016539995749814}"
PRO_003415,SUP_0195,PROD::PRO_003415||SUP::SUP_0195,2.3567215692884536,2.2958266439172137,0.3197240726662442,0.15217710257786027,6.68444561421514,"{""PROD::PRO_003414||SUP::SUP_0195"": 0.9998182174850466, ""PROD::PRO_001196||SUP::SUP_0084"": 0.7209888659124338, ""PROD::PRO_001184||SUP::SUP_0079"": 0.6986409141436234, ""PROD::PRO_000077||SUP::SUP_0028"": 0.6459240095763883, ""PROD::PRO_000039||SUP::SUP_0013"": 0.6234080395565922, ""PROD::PRO_006662||SUP::SUP_0373"": 0.6232721857682293, ""PROD::PRO_003469||SUP::SUP_0214"": 0.6082790176432513, ""PROD::PRO_000078||SUP::SUP_0029"": 0.5844532841903104, ""PROD::PRO_001194||SUP::SUP_0084"": 0.533109500177097, ""PROD::PRO_001296||SUP::SUP_0097"": 0.5322022582760697}","{""银行金融服务"": 0.3197240726662442, ""人力资源服务"": 0.09831271579553803, ""货币银行服务"": 0.09486500014588657, ""数字化商务服务"": 0.08114180925583629, ""人身保险"": 0.0810037227102812, ""其他数字政府"": 0.05486897252254384, ""生态保护"": 0.03086098947623331, ""自然科学研究和试验发展"": 0.03086098947623331, ""林业专业及辅助性活动"": 0.03086098947623331, ""数字社会"": 0.026584120042380182}","{""电力供应"": 0.15217710257786027, ""国家行政机构"": 0.14382555065323427, ""其他批发业"": 0.13601078177838014, ""环境卫生管理"": 0.10633648016952074, ""针织或钩针编织物及其制品制造"": 0.09831271579553805, ""信息技术咨询服务"": 0.09486500014588657, ""林业专业及辅助性活动"": 0.09258296842869995, ""砖瓦、石材等建筑材料制造"": 0.04744283887029952, ""水泥、石灰和石膏制造"": 0.04744283887029952, ""医院"": 0.0405018613551406}"
PRO_003830,SUP_0247,PROD::PRO_003830||SUP::SUP_0247,0.5728843991460493,2.2028035618045427,0.85506043263895,0.2071907620420125,13.45582746418773,"{""PROD::PRO_001190||SUP::SUP_0084"": 0.8014868505895443, ""PROD::PRO_003829||SUP::SUP_0247"": 0.8003721242163646, ""PROD::PRO_004351||SUP::SUP_0287"": 0.7554951432207075, ""PROD::PRO_001861||SUP::SUP_0140"": 0.6872113350245951, ""PROD::PRO_000044||SUP::SUP_0017"": 0.6776233817433486, ""PROD::PRO_001191||SUP::SUP_0084"": 0.6614771032577398, ""PROD::PRO_001839||SUP::SUP_0135"": 0.6139915995376912, ""PROD::PRO_000649||SUP::SUP_0037"": 0.6133353831971963, ""PROD::PRO_001193||SUP::SUP_0084"": 0.6093745883368289, ""PROD::PRO_001189||SUP::SUP_0084"": 0.6060165912793709}","{""银行金融服务"": 0.85506043263895, ""电信"": 0.05033494489300611, ""互联网保险"": 0.04963267315292926, ""数字化租赁"": 0.044971949315114654}","{""其他信息技术服务业"": 0.2071907620420125, ""货币银行服务"": 0.1394804423637114, ""其他批发业"": 0.11741016016695904, ""互联网数据服务"": 0.11067281478873472, ""贸易经纪与代理"": 0.09690007089092036, ""机械设备、五金产品及电子产品批发"": 0.08926755063501621, ""纺织、服装及家庭用品批发"": 0.08877563617370432, ""电信"": 0.050334944893006106, ""互联网信息服务"": 0.050334944893006106, ""互联网相关服务"": 0.049632673152929255}"
PRO_003414,SUP_0195,PROD::PRO_003414||SUP::SUP_0195,2.3576740061293986,2.296394050939294,0.31928715309296574,0.15140430606582778,6.6819656137418235,"{""PROD::PRO_003415||SUP::SUP_0195"": 0.9998182174850466, ""PROD::PRO_001196||SUP::SUP_0084"": 0.7262812134318846, ""PROD::PRO_001184||SUP::SUP_0079"": 0.7025967885524771, ""PROD::PRO_000077||SUP::SUP_0028"": 0.6459728544654195, ""PROD::PRO_000039||SUP::SUP_0013"": 0.6270871655283652, ""PROD::PRO_006662||SUP::SUP_0373"": 0.6268860424399424, ""PROD::PRO_003469||SUP::SUP_0214"": 0.6119867935226396, ""PROD::PRO_000078||SUP::SUP_0029"": 0.5887240285833102, ""PROD::PRO_001296||SUP::SUP_0097"": 0.5377010307053907, ""PROD::PRO_001194||SUP::SUP_0084"": 0.53657718506017}","{""银行金融服务"": 0.31928715309296574, ""人力资源服务"": 0.09782085388853355, ""货币银行服务"": 0.09493050294354341, ""人身保险"": 0.08142505307575836, ""数字化商务服务"": 0.08125486706887829, ""其他数字政府"": 0.054991047975151766, ""生态保护"": 0.030891427452954992, ""自然科学研究和试验发展"": 0.030891427452954992, ""林业专业及辅助性活动"": 0.030891427452954992, ""数字社会"": 0.026598880015020806}","{""贸易经纪与代理"": 0.15140430606582778, ""国家行政机构"": 0.14414260718173097, ""其他批发业"": 0.13624591504403002, ""环境卫生管理"": 0.10639552006008321, ""针织或钩针编织物及其制品制造"": 0.09782085388853354, ""信息技术咨询服务"": 0.0949305029435434, ""林业专业及辅助性活动"": 0.09267428235886496, ""砖瓦、石材等建筑材料制造"": 0.04748047969081389, ""水泥、石灰和石膏制造"": 0.04748047969081389, ""医院"": 0.04071252653787917}"
PRO_000059,SUP_0023,PROD::PRO_000059||SUP::SUP_0023,2.3296762163502027,2.001543337608134,0.17396123438723995,0.3363134234880982,7.8148890493985075,"{""PROD::PRO_000060||SUP::SUP_0023"": 0.9780084142326664, ""PROD::PRO_000055||SUP::SUP_0021"": 0.6851752527257904, ""PROD::PRO_003175||SUP::SUP_0169"": 0.6007930881588105, ""PROD::PRO_000061||SUP::SUP_0024"": 0.49681092227805634, ""PROD::PRO_001766||SUP::SUP_0127"": 0.4939043133948543, ""PROD::PRO_004514||SUP::SUP_0292"": 0.49372276708422624, ""PROD::PRO_000648||SUP::SUP_0037"": 0.48321287011419467, ""PROD::PRO_000040||SUP::SUP_0014"": 0.47437577781760665, ""PROD::PRO_000042||SUP::SUP_0016"": 0.4608526978008993, ""PROD::PRO_001296||SUP::SUP_0097"": 0.4551344374326717}","{""智慧医疗"": 0.17396123438723995, ""银行金融服务"": 0.17380270855602206, ""医院"": 0.12187413830103468, ""动漫、游戏及其他数字内容服务"": 0.08781992133926877, ""广告业"": 0.08437861543073173, ""人身保险"": 0.08095610159964721, ""数字化零售"": 0.07980622176138544, ""房地产开发经营"": 0.04418461029517956, ""行政办公自动化"": 0.04098661269853947, ""智慧教育"": 0.04098661269853947}","{""医院"": 0.3363134234880982, ""人力资源服务"": 0.10686483439861763, ""数字政府"": 0.08836922059035911, ""电信"": 0.08785221351573239, ""软件开发"": 0.08781992133926876, ""货币银行服务"": 0.08595049504028965, ""互联网数据服务"": 0.08437861543073172, ""技能培训、教育辅助及其他教育"": 0.08197322539707892, ""基层医疗卫生服务"": 0.0404780507998236}"
PRO_000060,SUP_0023,PROD::PRO_000060||SUP::SUP_0023,1.9520850002518841,1.8964228114763753,0.29142022639309106,0.3342507984337632,6.226564247709151,"{""PROD::PRO_000059||SUP::SUP_0023"": 0.9780084142326664, ""PROD::PRO_000055||SUP::SUP_0021"": 0.6189157702042023, ""PROD::PRO_003175||SUP::SUP_0169"": 0.5404343594055308, ""PROD::PRO_001766||SUP::SUP_0127"": 0.5347966749981242, ""PROD::PRO_000042||SUP::SUP_0016"": 0.4826725173942349, ""PROD::PRO_004706||SUP::SUP_0298"": 0.4796191078876829, ""PROD::PRO_000648||SUP::SUP_0037"": 0.47842012840557724, ""PROD::PRO_001296||SUP::SUP_0097"": 0.46940582794521113, ""PROD::PRO_000061||SUP::SUP_0024"": 0.45249250937289087, ""PROD::PRO_000040||SUP::SUP_0014"": 0.4450334131251834}","{""医院"": 0.29142022639309106, ""银行金融服务"": 0.2724253182937942, ""人身保险"": 0.08566114408134426, ""广告业"": 0.08121345976807585, ""数字化零售"": 0.0741616730284938, ""行政办公自动化"": 0.04404108086770348, ""智慧教育"": 0.04404108086770348, ""房地产开发经营"": 0.04128732935719366, ""智慧配送"": 0.03287434367130014, ""数字化通用、专用设备制造"": 0.03287434367130014}","{""医院"": 0.3342507984337632, ""电信"": 0.14135669357613778, ""货币银行服务"": 0.13106862471765643, ""人力资源服务"": 0.09862303101390041, ""技能培训、教育辅助及其他教育"": 0.08808216173540696, ""数字政府"": 0.08257465871438732, ""互联网数据服务"": 0.08121345976807585, ""基层医疗卫生服务"": 0.04283057204067213}"
PRO_000039,SUP_0013,PROD::PRO_000039||SUP::SUP_0013,2.4185164518259237,2.432890429278284,0.21416221924982928,0.11926162196316405,3.4930526474688715,"{""PROD::PRO_001184||SUP::SUP_0079"": 0.8574305103705144, ""PROD::PRO_001725||SUP::SUP_0125"": 0.828811560096226, ""PROD::PRO_001296||SUP::SUP_0097"": 0.7798760859856512, ""PROD::PRO_000042||SUP::SUP_0016"": 0.7124892700379966, ""PROD::PRO_000077||SUP::SUP_0028"": 0.7109060618071565, ""PROD::PRO_000069||SUP::SUP_0026"": 0.7095636957703394, ""PROD::PRO_006662||SUP::SUP_0373"": 0.6775847778888866, ""PROD::PRO_000074||SUP::SUP_0027"": 0.644950404387668, ""PROD::PRO_000033||SUP::SUP_0012"": 0.6400899800213411, ""PROD::PRO_000717||SUP::SUP_0047"": 0.6277899333497039}","{""人力资源服务"": 0.21416221924982928, ""数字金融"": 0.14321020813750082, ""人身保险"": 0.10847443124544447, ""货币银行服务"": 0.09424654085805641, ""汽车零部件及配件制造"": 0.0873204822990015, ""行政办公自动化"": 0.049550736151996566, ""智慧教育"": 0.049550736151996566, ""智能道路运输"": 0.044853682241744554, ""智慧配送"": 0.044853682241744554, ""咨询与调查"": 0.0445156594595211}","{""环境卫生管理"": 0.11926162196316405, ""人力资源服务"": 0.11528095835566088, ""技能培训、教育辅助及其他教育"": 0.09910147230399316, ""针织或钩针编织物及其制品制造"": 0.09888126089416845, ""环境治理业"": 0.09869454867797975, ""信息技术咨询服务"": 0.09424654085805644, ""测绘地理信息服务"": 0.08970736448348914, ""国家行政机构"": 0.08903131891904222, ""医院"": 0.05423721562272225, ""基层医疗卫生服务"": 0.05423721562272225}"
PRO_000061,SUP_0024,PROD::PRO_000061||SUP::SUP_0024,2.5561369122116506,2.344671217343724,0.2610129699851096,0.151220916157435,8.459640683239222,"{""PROD::PRO_000044||SUP::SUP_0017"": 0.7769867036658591, ""PROD::PRO_003175||SUP::SUP_0169"": 0.7378827188928971, ""PROD::PRO_003829||SUP::SUP_0247"": 0.7301676892446903, ""PROD::PRO_004514||SUP::SUP_0292"": 0.6706285883867535, ""PROD::PRO_003909||SUP::SUP_0256"": 0.6368459865071348, ""PROD::PRO_001198||SUP::SUP_0085"": 0.6319267334210635, ""PROD::PRO_001184||SUP::SUP_0079"": 0.6288246631276097, ""PROD::PRO_000078||SUP::SUP_0029"": 0.6243236187733733, ""PROD::PRO_000043||SUP::SUP_0017"": 0.6213251913837508, ""PROD::PRO_003430||SUP::SUP_0205"": 0.6188584103117672}","{""银行金融服务"": 0.2610129699851096, ""动漫、游戏及其他数字内容服务"": 0.1004270224769003, ""人身保险"": 0.09536805813054876, ""数字化零售"": 0.0831699933051827, ""互联网保险"": 0.05817710615425144, ""网络借贷服务"": 0.046521905001591805, ""数字化租赁"": 0.046521905001591805, ""数字金融"": 0.04633720404904397, ""智慧配送"": 0.036832789256138726, ""数字化通用、专用设备制造"": 0.036832789256138726}","{""货币银行服务"": 0.151220916157435, ""人力资源服务"": 0.11049836776841616, ""其他信息技术服务业"": 0.10934303757625384, ""软件开发"": 0.10042702247690029, ""医院"": 0.09536805813054874, ""环境卫生管理"": 0.09416686027337436, ""国家行政机构"": 0.0934928262546043, ""综合零售"": 0.09267440809808793, ""互联网相关服务"": 0.05817710615425143, ""非金融机构支付服务"": 0.04731569855506391}"
PRO_003829,SUP_0247,PROD::PRO_003829||SUP::SUP_0247,1.0643284235428692,1.9929988972441055,0.6433106649439337,0.21587893941841466,12.693754405186638,"{""PROD::PRO_003830||SUP::SUP_0247"": 0.8003721242163646, ""PROD::PRO_004351||SUP::SUP_0287"": 0.7773323029338186, ""PROD::PRO_000061||SUP::SUP_0024"": 0.7301676892446903, ""PROD::PRO_000649||SUP::SUP_0037"": 0.7209941984390988, ""PROD::PRO_000078||SUP::SUP_0029"": 0.7189239918337118, ""PROD::PRO_000044||SUP::SUP_0017"": 0.704916501891475, ""PROD::PRO_001190||SUP::SUP_0084"": 0.6937964537653647, ""PROD::PRO_001189||SUP::SUP_0084"": 0.6382477059054237, ""PROD::PRO_001194||SUP::SUP_0084"": 0.6272825718012067, ""PROD::PRO_001191||SUP::SUP_0084"": 0.6256891768911766}","{""银行金融服务"": 0.6433106649439337, ""数字化商务服务"": 0.20285748010286767, ""数字化零售"": 0.051875281153730954, ""房地产开发经营"": 0.051875281153730954, ""互联网保险"": 0.05008129264573686}","{""国家行政机构"": 0.21587893941841466, ""其他批发业"": 0.18771399196930752, ""货币银行服务"": 0.15252838063706325, ""互联网数据服务"": 0.11045224914370512, ""数字政府"": 0.1037505623074619, ""纺织、服装及家庭用品批发"": 0.09068952153666776, ""贸易经纪与代理"": 0.08890506234164296, ""互联网相关服务"": 0.05008129264573685}"
PRO_000055,SUP_0021,PROD::PRO_000055||SUP::SUP_0021,2.446997144374295,2.4229884857116604,0.19211024936807317,0.2115458632147345,6.580796275404406,"{""PROD::PRO_000059||SUP::SUP_0023"": 0.6851752527257904, ""PROD::PRO_003430||SUP::SUP_0205"": 0.682947292228807, ""PROD::PRO_003175||SUP::SUP_0169"": 0.682920476486684, ""PROD::PRO_000060||SUP::SUP_0023"": 0.6189157702042023, ""PROD::PRO_001188||SUP::SUP_0083"": 0.6093779783753456, ""PROD::PRO_000061||SUP::SUP_0024"": 0.5868728299453883, ""PROD::PRO_000718||SUP::SUP_0047"": 0.584792216654945, ""PROD::PRO_000649||SUP::SUP_0037"": 0.5749006825571119, ""PROD::PRO_004191||SUP::SUP_0280"": 0.5718520903173874, ""PROD::PRO_006662||SUP::SUP_0373"": 0.5668236400783462}","{""银行金融服务"": 0.19211024936807317, ""数字化零售"": 0.1399203948419351, ""医院"": 0.11114714214165115, ""智慧医疗"": 0.10039872107308327, ""货币银行服务"": 0.09194848681764811, ""数字金融"": 0.05539286442602261, ""房地产开发经营"": 0.047600404122533385, ""橡胶制品业"": 0.0474316485959621, ""塑料制品业"": 0.0474316485959621, ""智慧配送"": 0.03692712629337909}","{""医院"": 0.2115458632147345, ""综合零售"": 0.11078572885204528, ""人力资源服务"": 0.11078137888013732, ""软件开发"": 0.09885152814703689, ""数字政府"": 0.09520080824506681, ""货币银行服务"": 0.09325872122103634, ""信息技术咨询服务"": 0.09194848681764815, ""橡胶制品业"": 0.04743164859596212, ""塑料制品业"": 0.04743164859596212, ""谷物种植"": 0.010307131936707884}"
PRO_000079,SUP_0029,PROD::PRO_000079||SUP::SUP_0029,2.66958748982008,2.4157577823754064,0.1867010206939284,0.22235966699187557,7.29681373268831,"{""PROD::PRO_001718||SUP::SUP_0123"": 0.7049435558641397, ""PROD::PRO_001717||SUP::SUP_0123"": 0.7016373266315838, ""PROD::PRO_000038||SUP::SUP_0012"": 0.6955679186178119, ""PROD::PRO_001188||SUP::SUP_0083"": 0.690559595618246, ""PROD::PRO_000035||SUP::SUP_0012"": 0.6338539806512381, ""PROD::PRO_000033||SUP::SUP_0012"": 0.6044833533492678, ""PROD::PRO_003912||SUP::SUP_0258"": 0.5908462990950454, ""PROD::PRO_003430||SUP::SUP_0205"": 0.5764448708464237, ""PROD::PRO_001184||SUP::SUP_0079"": 0.5639423766598719, ""PROD::PRO_003913||SUP::SUP_0258"": 0.5634222382524522}","{""银行金融服务"": 0.1867010206939284, ""数字资本市场服务"": 0.18247281103976565, ""数字金融"": 0.09334365692769162, ""货币银行服务"": 0.050101477210825314, ""财产保险"": 0.050101477210825314, ""数字社会"": 0.04977749472427446, ""咨询与调查"": 0.04777994597594147, ""数字化零售"": 0.04556371095175014, ""数字化商务服务"": 0.02786029162643894, ""数字化社会工作"": 0.02786029162643894}","{""不提供住宿社会工作"": 0.22235966699187557, ""农业专业及辅助性活动"": 0.10995901670415237, ""软件开发"": 0.10916727479422733, ""国家行政机构"": 0.0955598919518829, ""货币银行服务"": 0.0934040750483155, ""综合零售"": 0.09112742190350025, ""环境卫生管理"": 0.08915096219294537, ""金融信息服务"": 0.08906873599145007, ""化学药品原料药制造"": 0.006680196961443372, ""其他未列明制造业"": 0.006680196961443372}"
PRO_003430,SUP_0205,PROD::PRO_003430||SUP::SUP_0205,2.06321882872826,2.336636721916327,0.40430145333011164,0.18502186512930427,7.390473852309752,"{""PROD::PRO_000649||SUP::SUP_0037"": 0.8309473205861739, ""PROD::PRO_001188||SUP::SUP_0083"": 0.8301349968343567, ""PROD::PRO_000646||SUP::SUP_0037"": 0.7696841933149408, ""PROD::PRO_000038||SUP::SUP_0012"": 0.7606579457763919, ""PROD::PRO_001184||SUP::SUP_0079"": 0.7439297193471106, ""PROD::PRO_000037||SUP::SUP_0012"": 0.7045089743597853, ""PROD::PRO_005729||SUP::SUP_0353"": 0.6858348974064127, ""PROD::PRO_000055||SUP::SUP_0021"": 0.682947292228807, ""PROD::PRO_003909||SUP::SUP_0256"": 0.6776818105372471, ""PROD::PRO_004191||SUP::SUP_0280"": 0.6675556018724914}","{""银行金融服务"": 0.40430145333011164, ""住宅房屋建筑"": 0.09326160349718586, ""医院"": 0.09286893947535102, ""人身保险"": 0.0921529256539532, ""供应链管理服务"": 0.07375953518663592, ""数字社会"": 0.05114943070925189, ""稻谷种植"": 0.030258645868265998, ""农业科学研究和试验发展"": 0.030258645868265998, ""国家行政机构"": 0.030258645868265998, ""互联网保险"": 0.025859058792521594}","{""医院"": 0.18502186512930427, ""农业专业及辅助性活动"": 0.11352245045950839, ""货币银行服务"": 0.11299436618436522, ""软件开发"": 0.11288390429923831, ""金融信息服务"": 0.10466364765987218, ""环境卫生管理"": 0.10116148766692121, ""国家行政机构"": 0.09580095278822866, ""互联网数据服务"": 0.09326160349718587, ""谷物种植"": 0.010086215289422001, ""中药材种植"": 0.010086215289422001}"
PRO_003175,SUP_0169,PROD::PRO_003175||SUP::SUP_0169,2.7668780387509333,2.5513100556712214,0.1026300614230317,0.1075523466986494,5.4248986662000585,"{""PROD::PRO_004191||SUP::SUP_0280"": 0.784145105768645, ""PROD::PRO_000061||SUP::SUP_0024"": 0.7378827188928971, ""PROD::PRO_000717||SUP::SUP_0047"": 0.7041124725540057, ""PROD::PRO_000718||SUP::SUP_0047"": 0.70081258639294, ""PROD::PRO_006100||SUP::SUP_0368"": 0.683926260649565, ""PROD::PRO_000055||SUP::SUP_0021"": 0.682920476486684, ""PROD::PRO_001184||SUP::SUP_0079"": 0.6817225007720108, ""PROD::PRO_003430||SUP::SUP_0205"": 0.6300116859869238, ""PROD::PRO_006662||SUP::SUP_0373"": 0.6299155538293728, ""PROD::PRO_000042||SUP::SUP_0016"": 0.625235147582122}","{""汽车零部件及配件制造"": 0.1026300614230317, ""数字化零售"": 0.09969081096079412, ""银行金融服务"": 0.09968775852625666, ""医院"": 0.09954115738732162, ""货币银行服务"": 0.09181526318705144, ""房地产开发经营"": 0.05377617334932469, ""橡胶制品业"": 0.05107453822444859, ""塑料制品业"": 0.05107453822444859, ""数字金融"": 0.04591463761146942, ""行政办公自动化"": 0.045566528148150195}","{""数字政府"": 0.1075523466986494, ""橡胶制品业"": 0.10238956893596445, ""塑料制品业"": 0.10238956893596445, ""其他未列明金融业"": 0.09968775852625668, ""医院"": 0.09954115738732164, ""环境卫生管理"": 0.09936654278245, ""综合零售"": 0.09182927522293885, ""信息技术咨询服务"": 0.09181526318705145, ""技能培训、教育辅助及其他教育"": 0.0911330562963004, ""谷物种植"": 0.012699495780789188}"
PRO_001851,SUP_0136,PROD::PRO_001851||SUP::SUP_0136,1.6127300796609703,2.2010382413153002,0.508906666107998,0.17582012777264355,11.492318787327225,"{""PROD::PRO_001842||SUP::SUP_0135"": 0.996951889366918, ""PROD::PRO_001850||SUP::SUP_0135"": 0.9870389043841621, ""PROD::PRO_001840||SUP::SUP_0135"": 0.9126240704989017, ""PROD::PRO_001849||SUP::SUP_0135"": 0.8905169805178239, ""PROD::PRO_001839||SUP::SUP_0135"": 0.5390573657068606, ""PROD::PRO_000034||SUP::SUP_0012"": 0.38336502392366234, ""PROD::PRO_004634||SUP::SUP_0298"": 0.26593622925970983, ""PROD::PRO_000035||SUP::SUP_0012"": 0.2505371963008698, ""PROD::PRO_006100||SUP::SUP_0368"": 0.2240800790211861, ""PROD::PRO_002726||SUP::SUP_0145"": 0.2201866806445809}","{""银行金融服务"": 0.508906666107998, ""数字化租赁"": 0.13456940302863826, ""其他数字金融"": 0.11930574778492899, ""网络借贷服务"": 0.07852475679532427, ""供应链管理服务"": 0.06760936832430614, ""货币银行服务"": 0.022092080036776398, ""财产保险"": 0.022092080036776398, ""数字社会"": 0.0156332992950839, ""数字金融"": 0.0156332992950839, ""智能制造"": 0.0156332992950839}","{""互联网数据服务"": 0.17582012777264355, ""软件开发"": 0.17407189668459855, ""信息技术服务"": 0.16094826881305216, ""信息技术咨询服务"": 0.15704951359064853, ""其他信息技术服务业"": 0.09506690937267798, ""其他未列明金融业"": 0.07834985748326868, ""国家行政机构"": 0.06760936832430614, ""货币银行服务"": 0.04689989788525171, ""化学药品原料药制造"": 0.0029456106715701866, ""其他未列明制造业"": 0.0029456106715701866}"
PRO_001296,SUP_0097,PROD::PRO_001296||SUP::SUP_0097,2.9241484654306165,2.2416815198001623,0.1191659114428535,0.20004477687355415,4.245130963521289,"{""PROD::PRO_000039||SUP::SUP_0013"": 0.7798760859856512, ""PROD::PRO_006662||SUP::SUP_0373"": 0.7391115225110718, ""PROD::PRO_001725||SUP::SUP_0125"": 0.7211958226896017, ""PROD::PRO_001184||SUP::SUP_0079"": 0.6934933409905863, ""PROD::PRO_000033||SUP::SUP_0012"": 0.6515234525509456, ""PROD::PRO_000083||SUP::SUP_0031"": 0.6435483846065286, ""PROD::PRO_003469||SUP::SUP_0214"": 0.6238209391050523, ""PROD::PRO_003175||SUP::SUP_0169"": 0.6114145448105341, ""PROD::PRO_000648||SUP::SUP_0037"": 0.5988618973769468, ""PROD::PRO_000042||SUP::SUP_0016"": 0.5987144276311525}","{""银行金融服务"": 0.1191659114428535, ""货币银行服务"": 0.1109517104258797, ""人力资源服务"": 0.10826229552957904, ""咨询与调查"": 0.08110379859302182, ""数字金融"": 0.048901714586663765, ""行政办公自动化"": 0.044938001762334076, ""智慧教育"": 0.044938001762334076, ""互联网平台"": 0.03220208400635806, ""互联网批发零售"": 0.03220208400635806, ""生态保护"": 0.031214955652896656}","{""人力资源服务"": 0.20004477687355415, ""信息技术咨询服务"": 0.11095171042587973, ""环境卫生管理"": 0.1041037380806234, ""国家行政机构"": 0.09780342917332756, ""互联网平台"": 0.0966062520190742, ""林业专业及辅助性活动"": 0.09364486695868998, ""货币银行服务"": 0.08989814094241046, ""技能培训、教育辅助及其他教育"": 0.08987600352466818, ""砖瓦、石材等建筑材料制造"": 0.05853554100088614, ""水泥、石灰和石膏制造"": 0.05853554100088614}"
PRO_001191,SUP_0084,PROD::PRO_001191||SUP::SUP_0084,0.9359669542230997,1.5260392559807732,0.5976494386933096,0.3082580143301668,13.361407523631115,"{""PROD::PRO_001193||SUP::SUP_0084"": 0.9720867998075337, ""PROD::PRO_001192||SUP::SUP_0084"": 0.9329113028433607, ""PROD::PRO_001189||SUP::SUP_0084"": 0.8651093282145604, ""PROD::PRO_000078||SUP::SUP_0029"": 0.8265593600037616, ""PROD::PRO_001196||SUP::SUP_0084"": 0.7674918815997979, ""PROD::PRO_001190||SUP::SUP_0084"": 0.7658488442662921, ""PROD::PRO_001195||SUP::SUP_0084"": 0.7544534233315008, ""PROD::PRO_001194||SUP::SUP_0084"": 0.7455846216753736, ""PROD::PRO_003830||SUP::SUP_0247"": 0.6614771032577398, ""PROD::PRO_000076||SUP::SUP_0028"": 0.650025119789356}","{""银行金融服务"": 0.5976494386933096, ""数字化商务服务"": 0.25902845395736074, ""其他数字政府"": 0.14332210734932962}","{""纺织、服装及家庭用品批发"": 0.3082580143301668, ""其他批发业"": 0.2386410631906626, ""国家行政机构"": 0.23569491172067117, ""机械设备、五金产品及电子产品批发"": 0.12240520691311653, ""贸易经纪与代理"": 0.09500080384538284}"
PRO_001192,SUP_0084,PROD::PRO_001192||SUP::SUP_0084,0.8511807079445253,1.731172186551639,0.6776864294389267,0.23512368958223906,13.365045749566015,"{""PROD::PRO_001191||SUP::SUP_0084"": 0.9329113028433607, ""PROD::PRO_001193||SUP::SUP_0084"": 0.928267149621765, ""PROD::PRO_001189||SUP::SUP_0084"": 0.9023092374411933, ""PROD::PRO_001196||SUP::SUP_0084"": 0.8048034044778025, ""PROD::PRO_000078||SUP::SUP_0029"": 0.7770190798671682, ""PROD::PRO_001195||SUP::SUP_0084"": 0.7420304133867502, ""PROD::PRO_001194||SUP::SUP_0084"": 0.7344586499411526, ""PROD::PRO_001190||SUP::SUP_0084"": 0.6619612963899549, ""PROD::PRO_000076||SUP::SUP_0028"": 0.5869799826478932, ""PROD::PRO_004242||SUP::SUP_0281"": 0.5797929186403905}","{""银行金融服务"": 0.6776864294389267, ""数字化商务服务"": 0.1727250320218463, ""其他数字政府"": 0.14958853853922705}","{""其他批发业"": 0.23512368958223906, ""贸易经纪与代理"": 0.21893136346691244, ""纺织、服装及家庭用品批发"": 0.19466475543073994, ""国家行政机构"": 0.15416190153103795, ""机械设备、五金产品及电子产品批发"": 0.12133365045420916, ""货币银行服务"": 0.07578463953486156}"
PRO_001190,SUP_0084,PROD::PRO_001190||SUP::SUP_0084,0.6649176357886065,1.9388037187924043,0.7624060731831084,0.2171485958540467,13.610448313442767,"{""PROD::PRO_004351||SUP::SUP_0287"": 0.8591605970089196, ""PROD::PRO_004348||SUP::SUP_0287"": 0.8382059873126515, ""PROD::PRO_001189||SUP::SUP_0084"": 0.8318998066667266, ""PROD::PRO_003830||SUP::SUP_0247"": 0.8014868505895443, ""PROD::PRO_000649||SUP::SUP_0037"": 0.791562187174669, ""PROD::PRO_000078||SUP::SUP_0029"": 0.7776043322878267, ""PROD::PRO_001191||SUP::SUP_0084"": 0.7658488442662921, ""PROD::PRO_001193||SUP::SUP_0084"": 0.7362960977629927, ""PROD::PRO_001861||SUP::SUP_0140"": 0.7177110711771703, ""PROD::PRO_000076||SUP::SUP_0028"": 0.6968374423656295}","{""银行金融服务"": 0.7624060731831084, ""数字化商务服务"": 0.19168458914799932, ""电信"": 0.04590933766889218}","{""互联网数据服务"": 0.2171485958540467, ""国家行政机构"": 0.20201731096549258, ""纺织、服装及家庭用品批发"": 0.19557539904665805, ""货币银行服务"": 0.10126664390818067, ""贸易经纪与代理"": 0.09797706795043351, ""机械设备、五金产品及电子产品批发"": 0.09419630693740401, ""电信"": 0.04590933766889217, ""互联网信息服务"": 0.04590933766889217}"
PRO_001189,SUP_0084,PROD::PRO_001189||SUP::SUP_0084,0.6637043363988883,1.7466391469366305,0.7669962972694322,0.2520288010347713,13.466895530254794,"{""PROD::PRO_001192||SUP::SUP_0084"": 0.9023092374411933, ""PROD::PRO_001191||SUP::SUP_0084"": 0.8651093282145604, ""PROD::PRO_001193||SUP::SUP_0084"": 0.8642155173130196, ""PROD::PRO_001190||SUP::SUP_0084"": 0.8318998066667266, ""PROD::PRO_000078||SUP::SUP_0029"": 0.8249554535309866, ""PROD::PRO_001196||SUP::SUP_0084"": 0.7859525904263379, ""PROD::PRO_001194||SUP::SUP_0084"": 0.7661068923295958, ""PROD::PRO_004351||SUP::SUP_0287"": 0.7279718824525896, ""PROD::PRO_000076||SUP::SUP_0028"": 0.6816048918343258, ""PROD::PRO_004348||SUP::SUP_0287"": 0.6496976979017555}","{""银行金融服务"": 0.7669962972694322, ""数字化商务服务"": 0.18325875523191523, ""其他数字政府"": 0.04974494749865262}","{""其他批发业"": 0.2520288010347713, ""纺织、服装及家庭用品批发"": 0.20049994404991883, ""互联网数据服务"": 0.17439245516842844, ""国家行政机构"": 0.15417202420658857, ""贸易经纪与代理"": 0.10950995934572545, ""机械设备、五金产品及电子产品批发"": 0.1093968161945673}"
PRO_001196,SUP_0084,PROD::PRO_001196||SUP::SUP_0084,0.6023437925862414,1.8324550430313915,0.8171683256656802,0.29025117042445353,13.436500099308544,"{""PROD::PRO_001192||SUP::SUP_0084"": 0.8048034044778025, ""PROD::PRO_000078||SUP::SUP_0029"": 0.803704622696759, ""PROD::PRO_001193||SUP::SUP_0084"": 0.8002105423068239, ""PROD::PRO_001189||SUP::SUP_0084"": 0.7859525904263379, ""PROD::PRO_001191||SUP::SUP_0084"": 0.7674918815997979, ""PROD::PRO_003414||SUP::SUP_0195"": 0.7262812134318846, ""PROD::PRO_003415||SUP::SUP_0195"": 0.7209888659124338, ""PROD::PRO_001194||SUP::SUP_0084"": 0.6925208305493246, ""PROD::PRO_001195||SUP::SUP_0084"": 0.6622303051218548, ""PROD::PRO_004242||SUP::SUP_0281"": 0.6456430647207132}","{""银行金融服务"": 0.8171683256656802, ""数字化商务服务"": 0.09345977990119825, ""其他数字政府"": 0.08937189443312156}","{""贸易经纪与代理"": 0.29025117042445353, ""纺织、服装及家庭用品批发"": 0.21468192522428897, ""国家行政机构"": 0.10846468991154005, ""机械设备、五金产品及电子产品批发"": 0.10799314310775453, ""电力供应"": 0.09801594314480987, ""其他批发业"": 0.09345977990119823, ""货币银行服务"": 0.08713334828595473}"
PRO_001195,SUP_0084,PROD::PRO_001195||SUP::SUP_0084,1.3915824984715441,1.9171254624798293,0.5879459212422611,0.2018677104457874,10.395332993046997,"{""PROD::PRO_001193||SUP::SUP_0084"": 0.8425986069107672, ""PROD::PRO_001191||SUP::SUP_0084"": 0.7544534233315008, ""PROD::PRO_001192||SUP::SUP_0084"": 0.7420304133867502, ""PROD::PRO_000078||SUP::SUP_0029"": 0.6668633042286836, ""PROD::PRO_001196||SUP::SUP_0084"": 0.6622303051218548, ""PROD::PRO_001194||SUP::SUP_0084"": 0.6401027115765185, ""PROD::PRO_001315||SUP::SUP_0100"": 0.625146747630319, ""PROD::PRO_001189||SUP::SUP_0084"": 0.6148264314308879, ""PROD::PRO_000080||SUP::SUP_0030"": 0.5890871200435428, ""PROD::PRO_000082||SUP::SUP_0030"": 0.5841759414941418}","{""银行金融服务"": 0.5879459212422611, ""数字化商务服务"": 0.09523190993185338, ""其他批发业"": 0.09300682169880929, ""智慧物流"": 0.08727668246205418, ""其他数字政府"": 0.04926198220296817, ""智能道路运输"": 0.04382100758472988, ""智能交通"": 0.043455674877324296}","{""纺织、服装及家庭用品批发"": 0.2018677104457874, ""公路旅客运输"": 0.1745533649241083, ""国家行政机构"": 0.14847522560378515, ""其他批发业"": 0.1444938921348215, ""机械设备、五金产品及电子产品批发"": 0.12535843574916497, ""贸易经纪与代理"": 0.11224454944352334, ""运输代理业"": 0.09300682169880925}"
PRO_001194,SUP_0084,PROD::PRO_001194||SUP::SUP_0084,1.0038436890494769,1.6957166556248822,0.6628754417921219,0.32068988390278497,12.178839314961996,"{""PROD::PRO_000076||SUP::SUP_0028"": 0.7731598946305167, ""PROD::PRO_001189||SUP::SUP_0084"": 0.7661068923295958, ""PROD::PRO_001193||SUP::SUP_0084"": 0.7540259434197258, ""PROD::PRO_001191||SUP::SUP_0084"": 0.7455846216753736, ""PROD::PRO_001192||SUP::SUP_0084"": 0.7344586499411526, ""PROD::PRO_000078||SUP::SUP_0029"": 0.7219646183673677, ""PROD::PRO_001196||SUP::SUP_0084"": 0.6925208305493246, ""PROD::PRO_001195||SUP::SUP_0084"": 0.6401027115765185, ""PROD::PRO_001190||SUP::SUP_0084"": 0.631456351088157, ""PROD::PRO_000075||SUP::SUP_0028"": 0.6307260068715682}","{""银行金融服务"": 0.6628754417921219, ""其他数字政府"": 0.13911823806966933, ""数字化商务服务"": 0.10904771210426349, ""人力资源服务"": 0.08895860803394517}","{""纺织、服装及家庭用品批发"": 0.32068988390278497, ""贸易经纪与代理"": 0.19543956487188024, ""国家行政机构"": 0.1506641727541121, ""其他批发业"": 0.13789874151296408, ""机械设备、五金产品及电子产品批发"": 0.10634902892431342, ""技能培训、教育辅助及其他教育"": 0.08895860803394517}"
PRO_001193,SUP_0084,PROD::PRO_001193||SUP::SUP_0084,0.8619193259001577,1.5319378075247383,0.6701349434525985,0.30465466993373796,13.360683630085745,"{""PROD::PRO_001191||SUP::SUP_0084"": 0.9720867998075337, ""PROD::PRO_001192||SUP::SUP_0084"": 0.928267149621765, ""PROD::PRO_001189||SUP::SUP_0084"": 0.8642155173130196, ""PROD::PRO_000078||SUP::SUP_0029"": 0.8613120719981723, ""PROD::PRO_001195||SUP::SUP_0084"": 0.8425986069107672, ""PROD::PRO_001196||SUP::SUP_0084"": 0.8002105423068239, ""PROD::PRO_001194||SUP::SUP_0084"": 0.7540259434197258, ""PROD::PRO_001190||SUP::SUP_0084"": 0.7362960977629927, ""PROD::PRO_000076||SUP::SUP_0028"": 0.6757400702898239, ""PROD::PRO_004242||SUP::SUP_0281"": 0.6669537582316765}","{""银行金融服务"": 0.6701349434525985, ""数字化商务服务"": 0.17647714139403492, ""其他数字政府"": 0.15338791515336664}","{""纺织、服装及家庭用品批发"": 0.30465466993373796, ""其他批发业"": 0.2333369270883099, ""贸易经纪与代理"": 0.2239880442228603, ""国家行政机构"": 0.1556977328385933, ""货币银行服务"": 0.08232262591649851}"
PRO_000076,SUP_0028,PROD::PRO_000076||SUP::SUP_0028,0.6882312043258101,2.0271369133483277,0.775461225401544,0.21336983850634988,12.005864191181518,"{""PROD::PRO_000078||SUP::SUP_0029"": 0.7818299125786626, ""PROD::PRO_000075||SUP::SUP_0028"": 0.7737850860785781, ""PROD::PRO_001194||SUP::SUP_0084"": 0.7731598946305167, ""PROD::PRO_001190||SUP::SUP_0084"": 0.6968374423656295, ""PROD::PRO_001189||SUP::SUP_0084"": 0.6816048918343258, ""PROD::PRO_001193||SUP::SUP_0084"": 0.6757400702898239, ""PROD::PRO_001191||SUP::SUP_0084"": 0.650025119789356, ""PROD::PRO_000649||SUP::SUP_0037"": 0.6268862634636617, ""PROD::PRO_004348||SUP::SUP_0287"": 0.616359885303364, ""PROD::PRO_004351||SUP::SUP_0287"": 0.6132050447450875}","{""银行金融服务"": 0.775461225401544, ""人力资源服务"": 0.11231476051010088, ""数字化商务服务"": 0.11222401408835497}","{""其他批发业"": 0.21336983850634988, ""互联网数据服务"": 0.1784711196100604, ""国家行政机构"": 0.11348246557182723, ""技能培训、教育辅助及其他教育"": 0.11231476051010089, ""纺织、服装及家庭用品批发"": 0.09893482255757953, ""机械设备、五金产品及电子产品批发"": 0.09808354480739255, ""贸易经纪与代理"": 0.09435102455215483, ""货币银行服务"": 0.09099242388453474}"
PRO_000077,SUP_0028,PROD::PRO_000077||SUP::SUP_0028,2.3226967828354255,2.580072928863884,0.3373094305859587,0.11610424190379624,7.338860936986769,"{""PROD::PRO_001184||SUP::SUP_0079"": 0.7804344423640297, ""PROD::PRO_000075||SUP::SUP_0028"": 0.7251896454557599, ""PROD::PRO_000039||SUP::SUP_0013"": 0.7109060618071565, ""PROD::PRO_001718||SUP::SUP_0123"": 0.6804706133630919, ""PROD::PRO_000033||SUP::SUP_0012"": 0.6477274958124513, ""PROD::PRO_003414||SUP::SUP_0195"": 0.6459728544654195, ""PROD::PRO_003415||SUP::SUP_0195"": 0.6459240095763883, ""PROD::PRO_004191||SUP::SUP_0280"": 0.6325325139110684, ""PROD::PRO_001188||SUP::SUP_0083"": 0.6275998760499729, ""PROD::PRO_001194||SUP::SUP_0084"": 0.625085113846459}","{""银行金融服务"": 0.3373094305859587, ""数字化商务服务"": 0.11830130685212557, ""人力资源服务"": 0.10788554355325372, ""国家行政机构"": 0.05780716811411407, ""数字金融"": 0.04818079891101894, ""咨询与调查"": 0.04818079891101894, ""稻谷种植"": 0.03136701988048664, ""农业科学研究和试验发展"": 0.03136701988048664, ""数字社会"": 0.02902606047594907, ""数字政府"": 0.02902606047594907}","{""环境卫生管理"": 0.11610424190379624, ""技能培训、教育辅助及其他教育"": 0.1078855435532537, ""不提供住宿社会工作"": 0.10123274988097117, ""国家行政机构"": 0.09636159782203786, ""电力供应"": 0.09610056205483994, ""贸易经纪与代理"": 0.09609329546266511, ""软件开发"": 0.09336723736458334, ""其他批发业"": 0.09299311938188275, ""砖瓦、石材等建筑材料制造"": 0.05288029646725486, ""水泥、石灰和石膏制造"": 0.05288029646725486}"
PRO_001774,SUP_0127,PROD::PRO_001774||SUP::SUP_0127,1.1515812837953812,1.6200105454459313,0.6273427480071944,0.4374339115368032,9.56335828334751,"{""PROD::PRO_000727||SUP::SUP_0051"": 0.945679942081198, ""PROD::PRO_001748||SUP::SUP_0127"": 0.8995652145235544, ""PROD::PRO_001742||SUP::SUP_0127"": 0.8809736192869371, ""PROD::PRO_001744||SUP::SUP_0127"": 0.7862964245357904, ""PROD::PRO_001747||SUP::SUP_0127"": 0.7620306090991577, ""PROD::PRO_004622||SUP::SUP_0298"": 0.7577193155070076, ""PROD::PRO_001743||SUP::SUP_0127"": 0.7094905347231169, ""PROD::PRO_001746||SUP::SUP_0127"": 0.7015368393108812, ""PROD::PRO_001633||SUP::SUP_0115"": 0.6982700450403533, ""PROD::PRO_004540||SUP::SUP_0298"": 0.6944911426308709}","{""银行金融服务"": 0.6273427480071944, ""数字金融"": 0.14465725238324298, ""互联网金融"": 0.09054181646608725, ""其他农业"": 0.08910991079885679, ""数字政府"": 0.04834827234461865}","{""电信"": 0.4374339115368032, ""软件开发"": 0.19759015130986368, ""货币银行服务"": 0.0926621049441945, ""互联网数据服务"": 0.09054181646608724, ""互联网相关服务"": 0.08910991079885677, ""金融信息服务"": 0.048348272344618644, ""国家行政机构"": 0.04431383259957586}"
PRO_004351,SUP_0287,PROD::PRO_004351||SUP::SUP_0287,1.0520023466147763,2.2264596529844414,0.7099137830404509,0.1967944055006143,12.145654055935061,"{""PROD::PRO_001190||SUP::SUP_0084"": 0.8591605970089196, ""PROD::PRO_000649||SUP::SUP_0037"": 0.8283253451987203, ""PROD::PRO_004348||SUP::SUP_0287"": 0.78107637437848, ""PROD::PRO_003829||SUP::SUP_0247"": 0.7773323029338186, ""PROD::PRO_003830||SUP::SUP_0247"": 0.7554951432207075, ""PROD::PRO_000870||SUP::SUP_0075"": 0.7296728759711978, ""PROD::PRO_001189||SUP::SUP_0084"": 0.7279718824525896, ""PROD::PRO_001839||SUP::SUP_0135"": 0.6992396810401521, ""PROD::PRO_001861||SUP::SUP_0140"": 0.683527508382256, ""PROD::PRO_000646||SUP::SUP_0037"": 0.66131800573742}","{""银行金融服务"": 0.7099137830404509, ""数字化商务服务"": 0.10069080219751854, ""货币银行服务"": 0.04862463239015602, ""人身保险"": 0.04862463239015602, ""数字化租赁"": 0.04659659631438654, ""电信"": 0.04554955366733189}","{""其他信息技术服务业"": 0.1967944055006143, ""其他批发业"": 0.1145071156388023, ""货币银行服务"": 0.1103974581928319, ""互联网数据服务"": 0.10410021483185468, ""国家行政机构"": 0.10069080219751854, ""婚姻服务"": 0.09724926478031204, ""纺织、服装及家庭用品批发"": 0.0970225599451343, ""金融信息服务"": 0.08813907157826828, ""电信"": 0.0455495536673319, ""互联网信息服务"": 0.0455495536673319}"
PRO_000066,SUP_0026,PROD::PRO_000066||SUP::SUP_0026,2.2420044187412533,1.4520672949160613,0.1827799837060415,0.4994281144106393,5.158290228981051,"{""PROD::PRO_002853||SUP::SUP_0156"": 0.7156352565024974, ""PROD::PRO_004559||SUP::SUP_0298"": 0.6478327161440522, ""PROD::PRO_004641||SUP::SUP_0298"": 0.6394641761738807, ""PROD::PRO_004624||SUP::SUP_0298"": 0.6213167234917789, ""PROD::PRO_001314||SUP::SUP_0100"": 0.5798694915822217, ""PROD::PRO_004573||SUP::SUP_0298"": 0.5431810924671859, ""PROD::PRO_004654||SUP::SUP_0298"": 0.5152915779228203, ""PROD::PRO_000073||SUP::SUP_0027"": 0.510504282565191, ""PROD::PRO_004035||SUP::SUP_0266"": 0.5040106913126627, ""PROD::PRO_004667||SUP::SUP_0298"": 0.4994506707880928}","{""数字社会"": 0.1827799837060415, ""智慧配送"": 0.14457083679417146, ""数字金融"": 0.13817801694957146, ""智慧物流"": 0.12388613083469824, ""银行金融服务"": 0.11032248218117789, ""数字化商务服务"": 0.08725105964064439, ""数字政府"": 0.06572051542470783, ""智能道路运输"": 0.04418759400608451, ""咨询与调查"": 0.037382865038194636, ""其他数字技术应用业"": 0.03689996259675311}","{""货币银行服务"": 0.4994281144106393, ""道路货物运输"": 0.17996042839199028, ""智慧物流"": 0.10038324278808697, ""测绘地理信息服务"": 0.08837518801216905, ""互联网信息服务"": 0.08725105964064442, ""金融信息服务"": 0.044601966756470074}"
PRO_000070,SUP_0026,PROD::PRO_000070||SUP::SUP_0026,1.7291376571694412,2.2287095837788113,0.43433871632118437,0.17534303932216175,9.37662717284425,"{""PROD::PRO_000011||SUP::SUP_0003"": 0.7379051790710669, ""PROD::PRO_003830||SUP::SUP_0247"": 0.5537577902018609, ""PROD::PRO_001190||SUP::SUP_0084"": 0.5455520034414792, ""PROD::PRO_001191||SUP::SUP_0084"": 0.536524428769437, ""PROD::PRO_000020||SUP::SUP_0003"": 0.46583302282369987, ""PROD::PRO_001193||SUP::SUP_0084"": 0.45952071511766723, ""PROD::PRO_001861||SUP::SUP_0140"": 0.4505730379518911, ""PROD::PRO_001197||SUP::SUP_0085"": 0.44712205884854206, ""PROD::PRO_000012||SUP::SUP_0003"": 0.4436052305697089, ""PROD::PRO_001192||SUP::SUP_0084"": 0.43951898859272487}","{""银行金融服务"": 0.43433871632118437, ""智能交通"": 0.1452594282975089, ""数字化商务服务"": 0.10900931759454048, ""智能化电力、热力、燃气及水生产和供应"": 0.09170099424245153, ""房地产开发经营"": 0.08732536918017023, ""电信"": 0.04434850422215295, ""智能道路运输"": 0.04400883507099576, ""智慧物流"": 0.04400883507099576}","{""市政设施管理"": 0.17534303932216175, ""城市公共交通运输"": 0.1452594282975089, ""国家行政机构"": 0.10900931759454048, ""其他批发业"": 0.10739397740266807, ""贸易经纪与代理"": 0.1056168651489978, ""智能交通"": 0.09170099424245153, ""机械设备、五金产品及电子产品批发"": 0.09045839257136615, ""纺织、服装及家庭用品批发"": 0.08652097697599949, ""电信"": 0.04434850422215295, ""互联网信息服务"": 0.04434850422215295}"
PRO_000050,SUP_0019,PROD::PRO_000050||SUP::SUP_0019,1.3785828271492941,1.266769192241897,0.3873171099917342,0.4149421836818562,4.319052660792956,"{""PROD::PRO_000647||SUP::SUP_0037"": 0.914564982549395, ""PROD::PRO_000048||SUP::SUP_0019"": 0.8916750269449965, ""PROD::PRO_000652||SUP::SUP_0038"": 0.7623640591309493, ""PROD::PRO_003999||SUP::SUP_0266"": 0.7477134655517503, ""PROD::PRO_004051||SUP::SUP_0266"": 0.7156540323398717, ""PROD::PRO_004022||SUP::SUP_0266"": 0.6901070919821217, ""PROD::PRO_004119||SUP::SUP_0266"": 0.672606922616063, ""PROD::PRO_004560||SUP::SUP_0298"": 0.6647806782186781, ""PROD::PRO_004575||SUP::SUP_0298"": 0.6463192487423374, ""PROD::PRO_004624||SUP::SUP_0298"": 0.5907718594775682}","{""资本投资服务"": 0.3873171099917342, ""银行金融服务"": 0.289720513960145, ""数字金融"": 0.19305741668721738, ""数字社会"": 0.10037874052532018, ""数字化商务服务"": 0.029526218835583307}","{""互联网数据服务"": 0.4149421836818562, ""货币银行服务"": 0.29615155430922585, ""金融信息服务"": 0.19432644070155944, ""互联网信息服务"": 0.09457982130735844}"
PRO_000036,SUP_0012,PROD::PRO_000036||SUP::SUP_0012,2.689641379750388,2.1315331252493324,0.11319040988989001,0.3070035596172922,5.921383546040379,"{""PROD::PRO_000035||SUP::SUP_0012"": 0.7116270526209401, ""PROD::PRO_004029||SUP::SUP_0266"": 0.708417709065057, ""PROD::PRO_004103||SUP::SUP_0266"": 0.7077167951028783, ""PROD::PRO_003469||SUP::SUP_0214"": 0.6629957273033856, ""PROD::PRO_000033||SUP::SUP_0012"": 0.6514387501161595, ""PROD::PRO_004602||SUP::SUP_0298"": 0.625996198865033, ""PROD::PRO_004673||SUP::SUP_0298"": 0.620639100341464, ""PROD::PRO_004079||SUP::SUP_0266"": 0.5420028203393195, ""PROD::PRO_004126||SUP::SUP_0266"": 0.5225136458132623, ""PROD::PRO_004125||SUP::SUP_0266"": 0.5052893919948912}","{""数字化商务服务"": 0.11319040988989001, ""行政办公自动化"": 0.11307841842262242, ""银行金融服务"": 0.09959319106139863, ""电信"": 0.08660077325939632, ""其他未列明食品制造"": 0.0807347313047798, ""货币银行服务"": 0.056851598106719095, ""财产保险"": 0.056851598106719095, ""数字金融"": 0.052043178904378706, ""咨询与调查"": 0.052043178904378706, ""数字政府"": 0.050010583750482666}","{""互联网数据服务"": 0.3070035596172922, ""货币银行服务"": 0.19918638212279724, ""林业专业及辅助性活动"": 0.10593292229771784, ""国家行政机构"": 0.1040863578087574, ""电信"": 0.08660077325939632, ""互联网信息服务"": 0.08348680868060085, ""化学药品原料药制造"": 0.007580213080895878, ""其他未列明制造业"": 0.007580213080895878, ""基础化学原料制造"": 0.007580213080895878, ""专用化学产品制造"": 0.007580213080895878}"
PRO_000033,SUP_0012,PROD::PRO_000033||SUP::SUP_0012,2.572031833516516,2.5980897686666817,0.15386073530851277,0.1961912801033227,4.647202043898912,"{""PROD::PRO_000035||SUP::SUP_0012"": 0.8300480400964405, ""PROD::PRO_000038||SUP::SUP_0012"": 0.7711348085199058, ""PROD::PRO_000034||SUP::SUP_0012"": 0.6948554206438677, ""PROD::PRO_003469||SUP::SUP_0214"": 0.6738710688244214, ""PROD::PRO_001184||SUP::SUP_0079"": 0.6606703263445137, ""PROD::PRO_001296||SUP::SUP_0097"": 0.6515234525509456, ""PROD::PRO_000036||SUP::SUP_0012"": 0.6514387501161595, ""PROD::PRO_000077||SUP::SUP_0028"": 0.6477274958124513, ""PROD::PRO_006662||SUP::SUP_0373"": 0.6407915643427503, ""PROD::PRO_000039||SUP::SUP_0013"": 0.6400899800213411}","{""货币银行服务"": 0.15386073530851277, ""银行金融服务"": 0.14634550606969748, ""供应链管理服务"": 0.1293529003906176, ""人身保险"": 0.09494449500672356, ""人力资源服务"": 0.09439132198709917, ""财产保险"": 0.060480165134281776, ""数字社会"": 0.052163132019835495, ""生态保护"": 0.032733714638958876, ""自然科学研究和试验发展"": 0.032733714638958876, ""林业专业及辅助性活动"": 0.032733714638958876}","{""国家行政机构"": 0.1961912801033227, ""农业专业及辅助性活动"": 0.11237508748206405, ""林业专业及辅助性活动"": 0.09820114391687662, ""环境卫生管理"": 0.09627744059727796, ""针织或钩针编织物及其制品制造"": 0.09439132198709917, ""信息技术咨询服务"": 0.09338057017423099, ""水泥、石灰和石膏制造"": 0.05470318724982494, ""医院"": 0.04747224750336178, ""基层医疗卫生服务"": 0.04747224750336178, ""砖瓦、石材等建筑材料制造"": 0.0466391652319207}"
PRO_000038,SUP_0012,PROD::PRO_000038||SUP::SUP_0012,1.9135271862320415,1.9927424949166601,0.3655590116261502,0.40669628402836616,8.580273310506843,"{""PROD::PRO_000646||SUP::SUP_0037"": 0.8223183670138247, ""PROD::PRO_000037||SUP::SUP_0012"": 0.8154141692210249, ""PROD::PRO_000034||SUP::SUP_0012"": 0.797772930225013, ""PROD::PRO_000033||SUP::SUP_0012"": 0.7711348085199058, ""PROD::PRO_001188||SUP::SUP_0083"": 0.7710497184789197, ""PROD::PRO_000649||SUP::SUP_0037"": 0.767284230114093, ""PROD::PRO_003430||SUP::SUP_0205"": 0.7606579457763919, ""PROD::PRO_000035||SUP::SUP_0012"": 0.7144228716871885, ""PROD::PRO_000079||SUP::SUP_0029"": 0.6955679186178119, ""PROD::PRO_005729||SUP::SUP_0353"": 0.6573250793029276}","{""银行金融服务"": 0.3655590116261502, ""供应链管理服务"": 0.15918239615988922, ""数字金融"": 0.10113582890153082, ""网络借贷服务"": 0.09184902828325771, ""住宅房屋建筑"": 0.086799100683312, ""咨询与调查"": 0.05091377918830284, ""数字化零售"": 0.05022204971322799, ""货币银行服务"": 0.04716940272216461, ""财产保险"": 0.04716940272216461}","{""国家行政机构"": 0.40669628402836616, ""金融信息服务"": 0.10858629463501102, ""软件开发"": 0.10181632232420597, ""货币银行服务"": 0.10131909345831965, ""综合零售"": 0.10044409942645598, ""互联网数据服务"": 0.08679910068331201, ""化学药品原料药制造"": 0.006289253696288615, ""其他未列明制造业"": 0.006289253696288615, ""基础化学原料制造"": 0.006289253696288615, ""专用化学产品制造"": 0.006289253696288615}"
PRO_000035,SUP_0012,PROD::PRO_000035||SUP::SUP_0012,2.2453477660156955,1.4629464097064053,0.2821069916388388,0.5202393361713221,8.461589756609085,"{""PROD::PRO_000033||SUP::SUP_0012"": 0.8300480400964405, ""PROD::PRO_000038||SUP::SUP_0012"": 0.7144228716871885, ""PROD::PRO_000036||SUP::SUP_0012"": 0.7116270526209401, ""PROD::PRO_006100||SUP::SUP_0368"": 0.6451072014598717, ""PROD::PRO_000079||SUP::SUP_0029"": 0.6338539806512381, ""PROD::PRO_000034||SUP::SUP_0012"": 0.6090674288335177, ""PROD::PRO_000037||SUP::SUP_0012"": 0.5998959189259431, ""PROD::PRO_000718||SUP::SUP_0047"": 0.5970878607779115, ""PROD::PRO_003469||SUP::SUP_0214"": 0.5865651768032768, ""PROD::PRO_000717||SUP::SUP_0047"": 0.5779694392373586}","{""银行金融服务"": 0.2821069916388388, ""供应链管理服务"": 0.16718113439188223, ""网络借贷服务"": 0.09743138204860859, ""汽车零部件及配件制造"": 0.08884122047935765, ""数字金融"": 0.06379444649873803, ""咨询与调查"": 0.06379444649873803, ""橡胶制品业"": 0.04588998196419663, ""塑料制品业"": 0.04588998196419663, ""生态保护"": 0.030054164724611837, ""自然科学研究和试验发展"": 0.030054164724611837}","{""国家行政机构"": 0.5202393361713221, ""农业专业及辅助性活动"": 0.10981584068321583, ""其他未列明金融业"": 0.09916114456387565, ""橡胶制品业"": 0.09031059220387547, ""塑料制品业"": 0.09031059220387547, ""林业专业及辅助性活动"": 0.09016249417383551}"
PRO_000034,SUP_0012,PROD::PRO_000034||SUP::SUP_0012,2.0311095858194985,2.230342644217056,0.3885543967195433,0.29942383812163326,8.122096240375551,"{""PROD::PRO_000038||SUP::SUP_0012"": 0.797772930225013, ""PROD::PRO_000646||SUP::SUP_0037"": 0.7016699141671249, ""PROD::PRO_000033||SUP::SUP_0012"": 0.6948554206438677, ""PROD::PRO_000037||SUP::SUP_0012"": 0.6343468442572208, ""PROD::PRO_000649||SUP::SUP_0037"": 0.6327226770262322, ""PROD::PRO_000035||SUP::SUP_0012"": 0.6090674288335177, ""PROD::PRO_001188||SUP::SUP_0083"": 0.5799829764822747, ""PROD::PRO_000079||SUP::SUP_0029"": 0.5441442415557965, ""PROD::PRO_005729||SUP::SUP_0353"": 0.5314007448433198, ""PROD::PRO_003430||SUP::SUP_0205"": 0.5305410408978759}","{""银行金融服务"": 0.3885543967195433, ""数字金融"": 0.09792980382189159, ""网络借贷服务"": 0.08697256846870025, ""住宅房屋建筑"": 0.08493572868300733, ""供应链管理服务"": 0.08257273336787282, ""咨询与调查"": 0.055530644296636796, ""货币银行服务"": 0.04867473972050347, ""财产保险"": 0.04867473972050347, ""数字化零售"": 0.042399159525254804, ""数字社会"": 0.03187774283804302}","{""国家行政机构"": 0.29942383812163326, ""农业专业及辅助性活动"": 0.12751097135217196, ""金融信息服务"": 0.11215047406886808, ""货币银行服务"": 0.10113038445840196, ""软件开发"": 0.09270080482440018, ""互联网数据服务"": 0.08493572868300726, ""综合零售"": 0.08479831905050955, ""化学药品原料药制造"": 0.006489965296067125, ""其他未列明制造业"": 0.006489965296067125, ""基础化学原料制造"": 0.006489965296067125}"
PRO_000037,SUP_0012,PROD::PRO_000037||SUP::SUP_0012,2.042000041955999,2.242347262126657,0.36193286116633067,0.25170418576468023,8.187135235893956,"{""PROD::PRO_000646||SUP::SUP_0037"": 0.9136984600061624, ""PROD::PRO_005729||SUP::SUP_0353"": 0.838210145252687, ""PROD::PRO_000038||SUP::SUP_0012"": 0.8154141692210249, ""PROD::PRO_000649||SUP::SUP_0037"": 0.7312793376672996, ""PROD::PRO_001188||SUP::SUP_0083"": 0.7311952149340719, ""PROD::PRO_003430||SUP::SUP_0205"": 0.7045089743597853, ""PROD::PRO_000034||SUP::SUP_0012"": 0.6343468442572208, ""PROD::PRO_000033||SUP::SUP_0012"": 0.6083336202759928, ""PROD::PRO_000035||SUP::SUP_0012"": 0.5998959189259431, ""PROD::PRO_000079||SUP::SUP_0029"": 0.5515845855174256}","{""银行金融服务"": 0.36193286116633067, ""住宅房屋建筑"": 0.11758630761077779, ""供应链管理服务"": 0.11758493863623673, ""数字金融"": 0.09208449340042119, ""网络借贷服务"": 0.07737772575690197, ""数字化零售"": 0.049415179142606375, ""咨询与调查"": 0.0426693142578148, ""货币银行服务"": 0.04207748287036737, ""财产保险"": 0.04207748287036737, ""数字社会"": 0.02859710714408789}","{""国家行政机构"": 0.25170418576468023, ""金融信息服务"": 0.12817600549250102, ""互联网数据服务"": 0.11758630761077771, ""农业专业及辅助性活动"": 0.11438842857635148, ""货币银行服务"": 0.10258577474319495, ""软件开发"": 0.10257397378654656, ""综合零售"": 0.09883035828521268, ""化学药品原料药制造"": 0.005610331049382311, ""其他未列明制造业"": 0.005610331049382311, ""基础化学原料制造"": 0.005610331049382311}"
PRO_000054,SUP_0020,PROD::PRO_000054||SUP::SUP_0020,2.3656267613339588,2.1447274853139877,0.28390916659163906,0.20918958831657156,7.916445537737865,"{""PROD::PRO_004702||SUP::SUP_0298"": 0.7558868176145181, ""PROD::PRO_004706||SUP::SUP_0298"": 0.5064392480487045, ""PROD::PRO_001837||SUP::SUP_0134"": 0.492096698649948, ""PROD::PRO_000665||SUP::SUP_0039"": 0.4851624106279263, ""PROD::PRO_000666||SUP::SUP_0039"": 0.4808302720649429, ""PROD::PRO_000667||SUP::SUP_0039"": 0.47733374175458865, ""PROD::PRO_000020||SUP::SUP_0003"": 0.4628049827702466, ""PROD::PRO_002966||SUP::SUP_0166"": 0.4181263571472761, ""PROD::PRO_004090||SUP::SUP_0266"": 0.3849507971045627, ""PROD::PRO_000080||SUP::SUP_0030"": 0.36025331283403106}","{""银行金融服务"": 0.28390916659163906, ""智能交通"": 0.10201253460967039, ""智能化电力、热力、燃气及水生产和供应"": 0.0959403089919158, ""数字资本市场服务"": 0.07980099565874939, ""数字社会"": 0.07834835140577384, ""数字金融"": 0.04983849201282119, ""数字化零售"": 0.04983849201282119, ""货币银行服务"": 0.04947607348788763, ""综合零售"": 0.04947607348788763, ""智能道路运输"": 0.03734058127655952}","{""货币银行服务"": 0.20918958831657156, ""电信"": 0.13917123469273876, ""测绘地理信息服务"": 0.10201253460967039, ""其他未列明金融业"": 0.10057504417581745, ""互联网相关服务"": 0.09967698402564237, ""互联网数据服务"": 0.09895214697577526, ""智能交通"": 0.0959403089919158, ""互联网信息服务"": 0.07980099565874939, ""公路旅客运输"": 0.07468116255311905}"
PRO_000044,SUP_0017,PROD::PRO_000044||SUP::SUP_0017,1.7620693147978648,1.9362849416851469,0.43702368017316423,0.23005692279071518,10.834282854644714,"{""PROD::PRO_000043||SUP::SUP_0017"": 0.9140730833772082, ""PROD::PRO_000061||SUP::SUP_0024"": 0.7769867036658591, ""PROD::PRO_004242||SUP::SUP_0281"": 0.7603530225491185, ""PROD::PRO_000045||SUP::SUP_0017"": 0.7474746142148702, ""PROD::PRO_000078||SUP::SUP_0029"": 0.7364405913302847, ""PROD::PRO_003829||SUP::SUP_0247"": 0.704916501891475, ""PROD::PRO_003830||SUP::SUP_0247"": 0.6776233817433486, ""PROD::PRO_001861||SUP::SUP_0140"": 0.6733025842244703, ""PROD::PRO_004352||SUP::SUP_0287"": 0.6447083371050673, ""PROD::PRO_001190||SUP::SUP_0084"": 0.6424333715708215}","{""银行金融服务"": 0.43702368017316423, ""网络借贷服务"": 0.09702726783757455, ""数字化租赁"": 0.09702726783757455, ""数字化商务服务"": 0.09310171972544004, ""货币银行服务"": 0.08857937391620957, ""数字化零售"": 0.08760981114560987, ""房地产开发经营"": 0.05337684638993968, ""电信"": 0.04625403297448748}","{""货币银行服务"": 0.23005692279071518, ""国家行政机构"": 0.19428460003289413, ""互联网数据服务"": 0.1912782681832201, ""数字政府"": 0.10675369277987937, ""其他信息技术服务业"": 0.09685164408006637, ""其他批发业"": 0.08826680618424985, ""电信"": 0.04625403297448748, ""互联网信息服务"": 0.04625403297448748}"
PRO_000720,SUP_0048,PROD::PRO_000720||SUP::SUP_0048,1.251346525144052,1.6020549837634228,0.5820736894803028,0.38032810512850346,10.309546414850374,"{""PROD::PRO_000719||SUP::SUP_0048"": 0.993535836080072, ""PROD::PRO_002726||SUP::SUP_0145"": 0.7356677144180417, ""PROD::PRO_001743||SUP::SUP_0127"": 0.7217191300531074, ""PROD::PRO_001746||SUP::SUP_0127"": 0.7034289730825808, ""PROD::PRO_001748||SUP::SUP_0127"": 0.6264149460192101, ""PROD::PRO_001774||SUP::SUP_0127"": 0.6166916581566099, ""PROD::PRO_000727||SUP::SUP_0051"": 0.6161016873795834, ""PROD::PRO_004540||SUP::SUP_0298"": 0.5901660721247319, ""PROD::PRO_001747||SUP::SUP_0127"": 0.5675036280718638, ""PROD::PRO_001744||SUP::SUP_0127"": 0.5667348386539284}","{""银行金融服务"": 0.5820736894803028, ""数字金融"": 0.12790478144515147, ""其他数字金融"": 0.1091824862182969, ""互联网金融"": 0.10711233811971692, ""数字化商务服务"": 0.07372670473653196}","{""电信"": 0.38032810512850346, ""货币银行服务"": 0.1912475014071089, ""软件开发"": 0.16833547719232891, ""其他未列明金融业"": 0.1091824862182969, ""互联网数据服务"": 0.10711233811971692, ""国家行政机构"": 0.043794091934045}"
PRO_004348,SUP_0287,PROD::PRO_004348||SUP::SUP_0287,0.9433060479284988,2.0846988312971098,0.7196499646460089,0.21105778930161656,12.31559563416539,"{""PROD::PRO_001190||SUP::SUP_0084"": 0.8382059873126515, ""PROD::PRO_000649||SUP::SUP_0037"": 0.7920487995822594, ""PROD::PRO_004351||SUP::SUP_0287"": 0.78107637437848, ""PROD::PRO_005723||SUP::SUP_0353"": 0.6611646019003209, ""PROD::PRO_000870||SUP::SUP_0075"": 0.6564385368899646, ""PROD::PRO_001189||SUP::SUP_0084"": 0.6496976979017555, ""PROD::PRO_000646||SUP::SUP_0037"": 0.6435484326747426, ""PROD::PRO_001861||SUP::SUP_0140"": 0.6247229071373519, ""PROD::PRO_000076||SUP::SUP_0028"": 0.616359885303364, ""PROD::PRO_000078||SUP::SUP_0029"": 0.5701305173308233}","{""银行金融服务"": 0.7196499646460089, ""数字化商务服务"": 0.1385756802880308, ""货币银行服务"": 0.0480316634623204, ""人身保险"": 0.0480316634623204, ""电信"": 0.045711028141319436}","{""互联网数据服务"": 0.21105778930161656, ""纺织、服装及家庭用品批发"": 0.18527508165054737, ""其他批发业"": 0.12266320647610589, ""货币银行服务"": 0.11590855578805537, ""婚姻服务"": 0.09606332692464081, ""金融信息服务"": 0.09417698688557768, ""国家行政机构"": 0.08343299669081747, ""电信"": 0.04571102814131944, ""互联网信息服务"": 0.04571102814131944}"
PRO_004187,SUP_0279,PROD::PRO_004187||SUP::SUP_0279,1.5925497164897435,0.8213513098250552,0.5027585181136094,0.7772194842703526,10.212501655620656,"{""PROD::PRO_004186||SUP::SUP_0279"": 0.9999999999999999, ""PROD::PRO_004188||SUP::SUP_0279"": 0.9906482863343499, ""PROD::PRO_004190||SUP::SUP_0279"": 0.6142776543231395, ""PROD::PRO_001633||SUP::SUP_0115"": 0.3877683441417552, ""PROD::PRO_001774||SUP::SUP_0127"": 0.3442438419383219, ""PROD::PRO_001832||SUP::SUP_0134"": 0.26681708754370737, ""PROD::PRO_000043||SUP::SUP_0017"": 0.24305794334517217, ""PROD::PRO_004189||SUP::SUP_0279"": 0.24164157400880437, ""PROD::PRO_001762||SUP::SUP_0127"": 0.2240533786083272, ""PROD::PRO_000727||SUP::SUP_0051"": 0.219621017063366}","{""银行金融服务"": 0.5027585181136094, ""专业公共卫生服务"": 0.16219715296689874, ""数字资本市场服务"": 0.11032342326422352, ""其他农业"": 0.0855598623184359, ""气象服务"": 0.029436174483211813, ""安全系统监控服务"": 0.029436174483211813, ""网络借贷服务"": 0.026814984361401093, ""数字化租赁"": 0.026814984361401093, ""数字政府"": 0.02665872564760652}","{""电信"": 0.7772194842703526, ""互联网相关服务"": 0.08555986231843592, ""非专业视听设备制造"": 0.058872348966423634, ""货币银行服务"": 0.05362996872280219, ""互联网数据服务"": 0.024718335721985812}"
PRO_004186,SUP_0279,PROD::PRO_004186||SUP::SUP_0279,1.3035943892474278,0.8213513098250552,0.6130819413778329,0.7772194842703526,10.239757602099186,"{""PROD::PRO_004187||SUP::SUP_0279"": 0.9999999999999999, ""PROD::PRO_004188||SUP::SUP_0279"": 0.9906482863343499, ""PROD::PRO_004190||SUP::SUP_0279"": 0.6142776543231395, ""PROD::PRO_001633||SUP::SUP_0115"": 0.3877683441417552, ""PROD::PRO_001774||SUP::SUP_0127"": 0.3442438419383219, ""PROD::PRO_001832||SUP::SUP_0134"": 0.26681708754370737, ""PROD::PRO_000043||SUP::SUP_0017"": 0.24305794334517217, ""PROD::PRO_004189||SUP::SUP_0279"": 0.24164157400880437, ""PROD::PRO_001762||SUP::SUP_0127"": 0.2240533786083272, ""PROD::PRO_000727||SUP::SUP_0051"": 0.219621017063366}","{""银行金融服务"": 0.6130819413778329, ""专业公共卫生服务"": 0.16219715296689874, ""其他农业"": 0.0855598623184359, ""气象服务"": 0.029436174483211813, ""安全系统监控服务"": 0.029436174483211813, ""网络借贷服务"": 0.026814984361401093, ""数字化租赁"": 0.026814984361401093, ""数字政府"": 0.02665872564760652}","{""电信"": 0.7772194842703526, ""互联网相关服务"": 0.08555986231843592, ""非专业视听设备制造"": 0.058872348966423634, ""货币银行服务"": 0.05362996872280219, ""互联网数据服务"": 0.024718335721985812}"
PRO_004189,SUP_0279,PROD::PRO_004189||SUP::SUP_0279,2.1003402793084716,2.158691738814514,0.27406715605642956,0.20006135438803388,10.332565769975721,"{""PROD::PRO_003912||SUP::SUP_0258"": 0.7028182830038552, ""PROD::PRO_003913||SUP::SUP_0258"": 0.6625975547311682, ""PROD::PRO_001717||SUP::SUP_0123"": 0.5923715746763845, ""PROD::PRO_004190||SUP::SUP_0279"": 0.5683012856957346, ""PROD::PRO_001718||SUP::SUP_0123"": 0.5523279890520216, ""PROD::PRO_001633||SUP::SUP_0115"": 0.549078215778048, ""PROD::PRO_001711||SUP::SUP_0122"": 0.532299826260188, ""PROD::PRO_001712||SUP::SUP_0122"": 0.5263502009789, ""PROD::PRO_001698||SUP::SUP_0122"": 0.5229735206324724, ""PROD::PRO_001715||SUP::SUP_0122"": 0.5126240977704803}","{""银行金融服务"": 0.27406715605642956, ""数字资本市场服务"": 0.23863636403460087, ""专业公共卫生服务"": 0.09932311369669151, ""其他农业"": 0.09596346062693574, ""互联网居民生活服务"": 0.09199124156846175, ""行政办公自动化"": 0.044796151995493784, ""数字化商务服务"": 0.02413285744520122, ""数字化社会工作"": 0.02413285744520122, ""房地产中介服务"": 0.02413285744520122, ""人力资源服务"": 0.020705984921445805}","{""不提供住宿社会工作"": 0.20006135438803388, ""货币银行服务"": 0.12283290921196195, ""金融信息服务"": 0.11580345482263889, ""电信"": 0.0993231136966915, ""互联网相关服务"": 0.09596346062693573, ""互联网数据服务"": 0.09303106907394175, ""互联网平台"": 0.09199124156846174, ""软件开发"": 0.09140109262034696, ""互联网信息服务"": 0.08959230399098755}"
PRO_004190,SUP_0279,PROD::PRO_004190||SUP::SUP_0279,2.165893665746824,1.550083339166274,0.33294126959653136,0.46070150863781817,10.03289184613816,"{""PROD::PRO_001817||SUP::SUP_0131"": 0.6647116259694811, ""PROD::PRO_004188||SUP::SUP_0279"": 0.6343330870832834, ""PROD::PRO_004186||SUP::SUP_0279"": 0.6142776543231395, ""PROD::PRO_004187||SUP::SUP_0279"": 0.6142776543231395, ""PROD::PRO_004189||SUP::SUP_0279"": 0.5683012856957346, ""PROD::PRO_004153||SUP::SUP_0268"": 0.5501342485477141, ""PROD::PRO_001633||SUP::SUP_0115"": 0.44026615530191504, ""PROD::PRO_000044||SUP::SUP_0017"": 0.40246104744014644, ""PROD::PRO_000074||SUP::SUP_0027"": 0.39717854638083816, ""PROD::PRO_000043||SUP::SUP_0017"": 0.39120590596443794}","{""银行金融服务"": 0.33294126959653136, ""其他数字金融"": 0.1259604099313658, ""广告业"": 0.10424841804637774, ""其他农业"": 0.08342881820346217, ""数字资本市场服务"": 0.058201678838827, ""数字政府"": 0.05384550240591367, ""专业公共卫生服务"": 0.05384550240591367, ""互联网保险"": 0.03813244460936751, ""智能道路运输"": 0.03763193734208233, ""智慧配送"": 0.03763193734208233}","{""电信"": 0.46070150863781817, ""软件开发"": 0.1259604099313658, ""互联网相关服务"": 0.12156126281282968, ""货币银行服务"": 0.112264525887444, ""互联网信息服务"": 0.10424841804637774, ""测绘地理信息服务"": 0.07526387468416466}"
PRO_004191,SUP_0280,PROD::PRO_004191||SUP::SUP_0280,2.7655142479365895,2.1530176989087817,0.13066283514567495,0.2080352718225881,4.195251384661566,"{""PROD::PRO_000717||SUP::SUP_0047"": 0.8662182174662199, ""PROD::PRO_003175||SUP::SUP_0169"": 0.784145105768645, ""PROD::PRO_000718||SUP::SUP_0047"": 0.7576338112852781, ""PROD::PRO_001184||SUP::SUP_0079"": 0.6952418507028416, ""PROD::PRO_003430||SUP::SUP_0205"": 0.6675556018724914, ""PROD::PRO_001724||SUP::SUP_0125"": 0.6533774684435621, ""PROD::PRO_003542||SUP::SUP_0232"": 0.642820631704476, ""PROD::PRO_000077||SUP::SUP_0028"": 0.6325325139110684, ""PROD::PRO_000061||SUP::SUP_0024"": 0.6154399262830214, ""PROD::PRO_000083||SUP::SUP_0031"": 0.595029325032564}","{""数字化零售"": 0.13066283514567495, ""汽车零部件及配件制造"": 0.1253572956424829, ""综合管理服务"": 0.0945554259034165, ""人力资源服务"": 0.09153878751450402, ""数字金融"": 0.07931284874502637, ""橡胶制品业"": 0.0548215933092711, ""塑料制品业"": 0.0548215933092711, ""房地产开发经营"": 0.04453259192292226, ""智慧配送"": 0.03782661530639052, ""数字化通用、专用设备制造"": 0.03782661530639052}","{""人力资源服务"": 0.2080352718225881, ""橡胶制品业"": 0.11750024113051259, ""塑料制品业"": 0.11750024113051259, ""环境卫生管理"": 0.10061395207839977, ""综合零售"": 0.09660725583272434, ""互联网相关服务"": 0.0930276624859926, ""针织或钩针编织物及其制品制造"": 0.09153878751450405, ""数字政府"": 0.08906518384584454, ""互联网平台"": 0.08611140415892149}"
PRO_000083,SUP_0031,PROD::PRO_000083||SUP::SUP_0031,2.683309152123247,2.601242940126454,0.11119424698842174,0.19979836695651232,5.5355520487400005,"{""PROD::PRO_001296||SUP::SUP_0097"": 0.6435483846065286, ""PROD::PRO_001724||SUP::SUP_0125"": 0.6051564352463745, ""PROD::PRO_004191||SUP::SUP_0280"": 0.595029325032564, ""PROD::PRO_000081||SUP::SUP_0030"": 0.5848955751164776, ""PROD::PRO_000042||SUP::SUP_0016"": 0.5688203118224282, ""PROD::PRO_000039||SUP::SUP_0013"": 0.5682329962932702, ""PROD::PRO_006662||SUP::SUP_0373"": 0.5611186345739527, ""PROD::PRO_000717||SUP::SUP_0047"": 0.5596809965242764, ""PROD::PRO_003175||SUP::SUP_0169"": 0.5511976009051044, ""PROD::PRO_001315||SUP::SUP_0100"": 0.5499247827328952}","{""人身保险"": 0.11119424698842174, ""综合管理服务"": 0.10456076922415071, ""智能道路运输"": 0.10106003619557033, ""货币银行服务"": 0.09695178410053786, ""汽车零部件及配件制造"": 0.09670338462631121, ""其他批发业"": 0.09501767633779774, ""国家行政机构"": 0.05881558172975353, ""行政办公自动化"": 0.04914125165855673, ""智慧教育"": 0.04914125165855673, ""稻谷种植"": 0.03427032544127871}","{""人力资源服务"": 0.19979836695651232, ""公路旅客运输"": 0.10106003619557033, ""技能培训、教育辅助及其他教育"": 0.09828250331711345, ""信息技术咨询服务"": 0.09695178410053786, ""运输代理业"": 0.09501767633779774, ""医院"": 0.05559712349421087, ""基层医疗卫生服务"": 0.05559712349421087, ""砖瓦、石材等建筑材料制造"": 0.04909051257694963, ""水泥、石灰和石膏制造"": 0.04909051257694963, ""橡胶制品业"": 0.04835169231315561}"
PRO_000043,SUP_0017,PROD::PRO_000043||SUP::SUP_0017,1.9149986249391202,1.8213140799599936,0.4104507695324274,0.30136707765180587,9.370037193833756,"{""PROD::PRO_000044||SUP::SUP_0017"": 0.9140730833772082, ""PROD::PRO_000045||SUP::SUP_0017"": 0.8044714816180732, ""PROD::PRO_004242||SUP::SUP_0281"": 0.761345721414563, ""PROD::PRO_004154||SUP::SUP_0268"": 0.705002046584083, ""PROD::PRO_004352||SUP::SUP_0287"": 0.6696438537650761, ""PROD::PRO_001861||SUP::SUP_0140"": 0.6317420866523042, ""PROD::PRO_004152||SUP::SUP_0268"": 0.6292054049562069, ""PROD::PRO_000078||SUP::SUP_0029"": 0.6253893957512789, ""PROD::PRO_000061||SUP::SUP_0024"": 0.6213251913837508, ""PROD::PRO_003430||SUP::SUP_0205"": 0.6170668776180176}","{""银行金融服务"": 0.4104507695324274, ""数字化零售"": 0.1271413503920113, ""货币银行服务"": 0.09594761626517971, ""广告业"": 0.09015353222056804, ""互联网保险"": 0.0654849088430325, ""电信"": 0.04525849596608394, ""房地产开发经营"": 0.04451222146189624, ""数字金融"": 0.044207152541428985, ""网络借贷服务"": 0.038421976388686045, ""数字化租赁"": 0.038421976388686045}","{""互联网数据服务"": 0.30136707765180587, ""货币银行服务"": 0.2755855050990753, ""国家行政机构"": 0.0896067684672681, ""数字政府"": 0.08902444292379248, ""综合零售"": 0.08841430508285796, ""互联网相关服务"": 0.06548490884303249, ""电信"": 0.04525849596608393, ""互联网信息服务"": 0.04525849596608393}"
PRO_001833,SUP_0134,PROD::PRO_001833||SUP::SUP_0134,2.5858651122323817,2.3381372244937766,0.21003248093034488,0.13567104772865168,4.420895472760815,"{""PROD::PRO_001830||SUP::SUP_0134"": 0.9550187140424914, ""PROD::PRO_001827||SUP::SUP_0134"": 0.9431656892177881, ""PROD::PRO_001834||SUP::SUP_0134"": 0.9420950832082149, ""PROD::PRO_001826||SUP::SUP_0134"": 0.9398488220069608, ""PROD::PRO_001828||SUP::SUP_0134"": 0.9382181308615857, ""PROD::PRO_001825||SUP::SUP_0134"": 0.9323579737396591, ""PROD::PRO_001829||SUP::SUP_0134"": 0.9114140813810687, ""PROD::PRO_001838||SUP::SUP_0134"": 0.847093656460815, ""PROD::PRO_001831||SUP::SUP_0134"": 0.8139024733511906, ""PROD::PRO_001832||SUP::SUP_0134"": 0.8093635374287694}","{""环境治理业"": 0.21003248093034488, ""其他数字政府"": 0.10387161906906343, ""其他房屋建筑业"": 0.1009041001887879, ""气象服务"": 0.09641437709498432, ""数字化设施种植"": 0.0937830838111343, ""环境与生态监测检测服务"": 0.05161141588436071, ""铁路、道路、隧道和桥梁工程建筑"": 0.04505421761230903, ""水利和水运工程建筑"": 0.04505421761230903, ""安全系统监控服务"": 0.044802961210623604, ""牛的饲养"": 0.034806457036977295}","{""其他房屋建筑业"": 0.13567104772865168, ""炼铁"": 0.10573163831075365, ""牲畜饲养"": 0.10441937111093189, ""安全保护服务"": 0.10405215547515076, ""城乡市容管理"": 0.10387161906906346, ""互联网数据服务"": 0.10322283176872145, ""谷物种植"": 0.09378308381113433, ""软件开发"": 0.09010843522461807, ""非专业视听设备制造"": 0.08960592242124722, ""工矿工程建筑"": 0.03476694753986376}"
PRO_001835,SUP_0134,PROD::PRO_001835||SUP::SUP_0134,2.709526294356155,2.377870311555234,0.20626865291917912,0.15797606098051153,5.048482915955616,"{""PROD::PRO_001831||SUP::SUP_0134"": 0.9976817706762753, ""PROD::PRO_001838||SUP::SUP_0134"": 0.9944626534786759, ""PROD::PRO_001827||SUP::SUP_0134"": 0.9305226502701949, ""PROD::PRO_001828||SUP::SUP_0134"": 0.924863371866216, ""PROD::PRO_001830||SUP::SUP_0134"": 0.9140328063163358, ""PROD::PRO_001826||SUP::SUP_0134"": 0.9135409962591025, ""PROD::PRO_001834||SUP::SUP_0134"": 0.9096116425080115, ""PROD::PRO_001833||SUP::SUP_0134"": 0.8044430752672379, ""PROD::PRO_001836||SUP::SUP_0134"": 0.7630223353537571, ""PROD::PRO_001825||SUP::SUP_0134"": 0.6889316010825546}","{""环境治理业"": 0.20626865291917912, ""数字化设施种植"": 0.11248161451850891, ""其他数字政府"": 0.1046093836833811, ""铁路、道路、隧道和桥梁工程建筑"": 0.05642286110433535, ""水利和水运工程建筑"": 0.05642286110433535, ""稻谷种植"": 0.04549444646200259, ""森林经营和管护"": 0.04549444646200259, ""水上货物运输"": 0.04315193933832031, ""水上旅客运输"": 0.04315193933832031, ""环境与生态监测检测服务"": 0.03896181445905284}","{""谷物种植"": 0.15797606098051153, ""软件开发"": 0.11284572220867072, ""牲畜饲养"": 0.1052494929621585, ""城乡市容管理"": 0.10460938368338113, ""炼铁"": 0.10338436080802466, ""安全保护服务"": 0.10332873318934985, ""水上运输辅助活动"": 0.08630387867664063, ""互联网数据服务"": 0.0779236289181057, ""森林经营、管护和改培"": 0.0454944464620026, ""其他房屋建筑业"": 0.034294764037051506}"
PRO_001831,SUP_0134,PROD::PRO_001831||SUP::SUP_0134,2.759381754312403,2.501509075185357,0.20504965007367484,0.1575826602034251,5.039222885813858,"{""PROD::PRO_001835||SUP::SUP_0134"": 0.9976817706762753, ""PROD::PRO_001838||SUP::SUP_0134"": 0.9927076066162889, ""PROD::PRO_001827||SUP::SUP_0134"": 0.9294338343945776, ""PROD::PRO_001828||SUP::SUP_0134"": 0.9292886053208483, ""PROD::PRO_001830||SUP::SUP_0134"": 0.9140608108070081, ""PROD::PRO_001826||SUP::SUP_0134"": 0.9119997827792949, ""PROD::PRO_001834||SUP::SUP_0134"": 0.9072027448978814, ""PROD::PRO_001833||SUP::SUP_0134"": 0.8139024733511906, ""PROD::PRO_001836||SUP::SUP_0134"": 0.7878554789821173, ""PROD::PRO_001825||SUP::SUP_0134"": 0.6979281639226295}","{""环境治理业"": 0.20504965007367484, ""数字化设施种植"": 0.11176545356356346, ""其他数字政府"": 0.10462533154063142, ""稻谷种植"": 0.04581720663986162, ""森林经营和管护"": 0.04581720663986162, ""水资源管理"": 0.04519450994359251, ""水上货物运输"": 0.04435093695469726, ""水上旅客运输"": 0.04435093695469726, ""环境与生态监测检测服务"": 0.03928863709500552, ""气象服务"": 0.03928863709500552}","{""谷物种植"": 0.1575826602034251, ""牲畜饲养"": 0.10464168237061175, ""城乡市容管理"": 0.10462533154063142, ""炼铁"": 0.1029108877816949, ""安全保护服务"": 0.1026788438940594, ""水上运输辅助活动"": 0.08870187390939452, ""互联网数据服务"": 0.07857727419001104, ""森林经营、管护和改培"": 0.04581720663986162, ""铁路、道路、隧道和桥梁工程建筑"": 0.037441825726110156, ""其他农业"": 0.037441825726110156}"
PRO_001838,SUP_0134,PROD::PRO_001838||SUP::SUP_0134,2.8344670957330944,2.596258581163389,0.20705678114906031,0.10930395362760531,3.9207499709303746,"{""PROD::PRO_001835||SUP::SUP_0134"": 0.9944626534786759, ""PROD::PRO_001831||SUP::SUP_0134"": 0.9927076066162889, ""PROD::PRO_001827||SUP::SUP_0134"": 0.958015447346199, ""PROD::PRO_001828||SUP::SUP_0134"": 0.9498291215662945, ""PROD::PRO_001830||SUP::SUP_0134"": 0.9451178935494622, ""PROD::PRO_001826||SUP::SUP_0134"": 0.9408113826406944, ""PROD::PRO_001834||SUP::SUP_0134"": 0.9353890307329584, ""PROD::PRO_001833||SUP::SUP_0134"": 0.847093656460815, ""PROD::PRO_001836||SUP::SUP_0134"": 0.776743948043681, ""PROD::PRO_001825||SUP::SUP_0134"": 0.7419125115432479}","{""环境治理业"": 0.20705678114906031, ""其他数字政府"": 0.10458273671510296, ""铁路、道路、隧道和桥梁工程建筑"": 0.054651976813802655, ""水利和水运工程建筑"": 0.054651976813802655, ""稻谷种植"": 0.046635426749490304, ""森林经营和管护"": 0.046635426749490304, ""水资源管理"": 0.044639269342542164, ""水上货物运输"": 0.04276243272018485, ""水上旅客运输"": 0.04276243272018485, ""环境与生态监测检测服务"": 0.040844842034543104}","{""软件开发"": 0.10930395362760531, ""牲畜饲养"": 0.10548410763989836, ""城乡市容管理"": 0.10458273671510296, ""炼铁"": 0.10406399801979248, ""安全保护服务"": 0.10358982146918339, ""水上运输辅助活动"": 0.0855248654403697, ""互联网数据服务"": 0.08168968406908621, ""谷物种植"": 0.046635426749490304, ""森林经营、管护和改培"": 0.046635426749490304, ""铁路、道路、隧道和桥梁工程建筑"": 0.036499065463571026}"
PRO_001828,SUP_0134,PROD::PRO_001828||SUP::SUP_0134,2.7677551595568515,2.4233025926631213,0.20941446630553603,0.15094275885217487,3.719654197922267,"{""PROD::PRO_001827||SUP::SUP_0134"": 0.9886608587205505, ""PROD::PRO_001830||SUP::SUP_0134"": 0.9873412043933556, ""PROD::PRO_001834||SUP::SUP_0134"": 0.9812605716053773, ""PROD::PRO_001826||SUP::SUP_0134"": 0.9787628324907799, ""PROD::PRO_001838||SUP::SUP_0134"": 0.9498291215662945, ""PROD::PRO_001833||SUP::SUP_0134"": 0.9382181308615857, ""PROD::PRO_001831||SUP::SUP_0134"": 0.9292886053208483, ""PROD::PRO_001835||SUP::SUP_0134"": 0.9248633718662163, ""PROD::PRO_001825||SUP::SUP_0134"": 0.8648759777367347, ""PROD::PRO_001829||SUP::SUP_0134"": 0.8574045089079596}","{""环境治理业"": 0.20941446630553603, ""数字化设施种植"": 0.10104022103370779, ""其他房屋建筑业"": 0.0912083438255702, ""稻谷种植"": 0.0499025378184671, ""森林经营和管护"": 0.0499025378184671, ""铁路、道路、隧道和桥梁工程建筑"": 0.049427588580821906, ""水利和水运工程建筑"": 0.049427588580821906, ""环境与生态监测检测服务"": 0.04600156911022048, ""气象服务"": 0.04600156911022048, ""水资源管理"": 0.04194912656486259}","{""谷物种植"": 0.15094275885217487, ""其他房屋建筑业"": 0.126002948032263, ""牲畜饲养"": 0.10517103489917316, ""炼铁"": 0.10503065368545761, ""安全保护服务"": 0.10411810997263031, ""软件开发"": 0.09885517716164378, ""互联网数据服务"": 0.09200313822044094, ""森林经营、管护和改培"": 0.04990253781846709, ""工矿工程建筑"": 0.0347946042066928, ""其他煤炭采选"": 0.0347946042066928}"
PRO_001834,SUP_0134,PROD::PRO_001834||SUP::SUP_0134,2.9120934877688613,2.381871209948032,0.10544911391210723,0.1496485506478177,5.0198269076822335,"{""PROD::PRO_001830||SUP::SUP_0134"": 0.9910386013396892, ""PROD::PRO_001827||SUP::SUP_0134"": 0.9908721551783982, ""PROD::PRO_001826||SUP::SUP_0134"": 0.9885118635164653, ""PROD::PRO_001828||SUP::SUP_0134"": 0.9812605716053773, ""PROD::PRO_001833||SUP::SUP_0134"": 0.9420950832082149, ""PROD::PRO_001838||SUP::SUP_0134"": 0.9353890307329584, ""PROD::PRO_001835||SUP::SUP_0134"": 0.9096116425080115, ""PROD::PRO_001831||SUP::SUP_0134"": 0.9072027448978814, ""PROD::PRO_001829||SUP::SUP_0134"": 0.8824210493630816, ""PROD::PRO_001825||SUP::SUP_0134"": 0.8698611649761483}","{""环境治理业"": 0.10544911391210723, ""其他数字政府"": 0.10440870582921762, ""数字化设施种植"": 0.09952785322444445, ""其他房屋建筑业"": 0.09389192068496907, ""稻谷种植"": 0.05012069742337325, ""森林经营和管护"": 0.05012069742337325, ""铁路、道路、隧道和桥梁工程建筑"": 0.048264379136591914, ""水利和水运工程建筑"": 0.048264379136591914, ""环境与生态监测检测服务"": 0.0462777579749631, ""气象服务"": 0.0462777579749631}","{""谷物种植"": 0.1496485506478177, ""炼铁"": 0.10544911391210723, ""牲畜饲养"": 0.1054314036027424, ""安全保护服务"": 0.10518026236163583, ""城乡市容管理"": 0.10440870582921762, ""软件开发"": 0.09652875827318383, ""其他房屋建筑业"": 0.09389192068496907, ""互联网数据服务"": 0.0925555159499262, ""森林经营、管护和改培"": 0.05012069742337325, ""铁路、道路、隧道和桥梁工程建筑"": 0.032261690438342275}"
PRO_001830,SUP_0134,PROD::PRO_001830||SUP::SUP_0134,2.9117186711328866,2.421786035836312,0.10487046398063092,0.15054063447898175,5.036917868156464,"{""PROD::PRO_001827||SUP::SUP_0134"": 0.9986908044872824, ""PROD::PRO_001834||SUP::SUP_0134"": 0.9910386013396892, ""PROD::PRO_001828||SUP::SUP_0134"": 0.9873412043933556, ""PROD::PRO_001826||SUP::SUP_0134"": 0.9861425758345589, ""PROD::PRO_001833||SUP::SUP_0134"": 0.9550187140424914, ""PROD::PRO_001838||SUP::SUP_0134"": 0.9451178935494622, ""PROD::PRO_001831||SUP::SUP_0134"": 0.9140608108070081, ""PROD::PRO_001835||SUP::SUP_0134"": 0.9140328063163358, ""PROD::PRO_001829||SUP::SUP_0134"": 0.8831733667088782, ""PROD::PRO_001825||SUP::SUP_0134"": 0.8755044837630859}","{""环境治理业"": 0.10487046398063092, ""其他数字政府"": 0.10447921006503326, ""数字化设施种植"": 0.10001119217651536, ""其他房屋建筑业"": 0.09345629990284289, ""稻谷种植"": 0.05052944230246635, ""森林经营和管护"": 0.05052944230246635, ""铁路、道路、隧道和桥梁工程建筑"": 0.04836238528260226, ""水利和水运工程建筑"": 0.04836238528260226, ""环境与生态监测检测服务"": 0.04632239415560723, ""气象服务"": 0.04632239415560723}","{""谷物种植"": 0.15054063447898175, ""其他房屋建筑业"": 0.12841312122971993, ""牲畜饲养"": 0.10568021053689762, ""城乡市容管理"": 0.1044792100650333, ""安全保护服务"": 0.10435237269166407, ""软件开发"": 0.09672477056520457, ""互联网数据服务"": 0.09264478831121449, ""森林经营、管护和改培"": 0.050529442302466365, ""工矿工程建筑"": 0.03495682132687699, ""其他煤炭采选"": 0.03495682132687699}"
PRO_001837,SUP_0134,PROD::PRO_001837||SUP::SUP_0134,2.7688498585474677,2.502730026348082,0.1860500382062312,0.1341393760189038,4.34284992299764,"{""PROD::PRO_001836||SUP::SUP_0134"": 0.9094499876080477, ""PROD::PRO_001828||SUP::SUP_0134"": 0.7201130847942044, ""PROD::PRO_001831||SUP::SUP_0134"": 0.6969223734556717, ""PROD::PRO_001838||SUP::SUP_0134"": 0.6607492307119543, ""PROD::PRO_001835||SUP::SUP_0134"": 0.6583066142606562, ""PROD::PRO_001827||SUP::SUP_0134"": 0.6414159402582098, ""PROD::PRO_001830||SUP::SUP_0134"": 0.640725038173749, ""PROD::PRO_001834||SUP::SUP_0134"": 0.6206734412502842, ""PROD::PRO_001826||SUP::SUP_0134"": 0.6164668893154002, ""PROD::PRO_001832||SUP::SUP_0134"": 0.6150657118625092}","{""环境治理业"": 0.1860500382062312, ""其他数字政府"": 0.10621311910883544, ""数字化设施种植"": 0.09745724418094202, ""水上货物运输"": 0.06706968800945186, ""水上旅客运输"": 0.06706968800945186, ""铁路、道路、隧道和桥梁工程建筑"": 0.051396301931254176, ""水利和水运工程建筑"": 0.051396301931254176, ""气象服务"": 0.04535957552589324, ""安全系统监控服务"": 0.04535957552589324, ""水资源管理"": 0.03942854554945748}","{""水上运输辅助活动"": 0.1341393760189038, ""城乡市容管理"": 0.10621311910883549, ""软件开发"": 0.10279260386250841, ""谷物种植"": 0.09745724418094208, ""牲畜饲养"": 0.09460567944050118, ""炼铁"": 0.0945037747994956, ""安全保护服务"": 0.09092581779738391, ""非专业视听设备制造"": 0.09071915105178652, ""铁路、道路、隧道和桥梁工程建筑"": 0.0323656567776358, ""其他农业"": 0.0323656567776358}"
PRO_001826,SUP_0134,PROD::PRO_001826||SUP::SUP_0134,2.607214049558138,2.4225585582630225,0.21021294022805043,0.15018066612422468,4.871151522370504,"{""PROD::PRO_001834||SUP::SUP_0134"": 0.9885118635164653, ""PROD::PRO_001827||SUP::SUP_0134"": 0.9883492653689581, ""PROD::PRO_001830||SUP::SUP_0134"": 0.9861425758345589, ""PROD::PRO_001828||SUP::SUP_0134"": 0.9787628324907799, ""PROD::PRO_001838||SUP::SUP_0134"": 0.9408113826406944, ""PROD::PRO_001833||SUP::SUP_0134"": 0.9398488220069608, ""PROD::PRO_001835||SUP::SUP_0134"": 0.9135409962591025, ""PROD::PRO_001831||SUP::SUP_0134"": 0.9119997827792949, ""PROD::PRO_001829||SUP::SUP_0134"": 0.8735074537071281, ""PROD::PRO_001825||SUP::SUP_0134"": 0.8721162915132215}","{""环境治理业"": 0.21021294022805043, ""其他数字政府"": 0.10419474349721743, ""数字化设施种植"": 0.1001546007259456, ""其他房屋建筑业"": 0.09298972341471612, ""稻谷种植"": 0.05002606539827908, ""森林经营和管护"": 0.05002606539827908, ""铁路、道路、隧道和桥梁工程建筑"": 0.04854372289269669, ""水利和水运工程建筑"": 0.04854372289269669, ""环境与生态监测检测服务"": 0.04642081323353716, ""气象服务"": 0.04642081323353716}","{""谷物种植"": 0.15018066612422468, ""其他房屋建筑业"": 0.12806725075977046, ""牲畜饲养"": 0.10521527255863791, ""炼铁"": 0.10498035819288742, ""城乡市容管理"": 0.10419474349721743, ""软件开发"": 0.09708744578539338, ""互联网数据服务"": 0.09284162646707432, ""森林经营、管护和改培"": 0.05002606539827908, ""工矿工程建筑"": 0.035077527345054337, ""其他煤炭采选"": 0.035077527345054337}"
PRO_001829,SUP_0134,PROD::PRO_001829||SUP::SUP_0134,2.655651166190414,2.3957182316919976,0.2122339484654591,0.1437528688433607,5.551280797425373,"{""PROD::PRO_001833||SUP::SUP_0134"": 0.9114140813810687, ""PROD::PRO_001830||SUP::SUP_0134"": 0.8831733667088782, ""PROD::PRO_001834||SUP::SUP_0134"": 0.8824210493630816, ""PROD::PRO_001826||SUP::SUP_0134"": 0.8735074537071281, ""PROD::PRO_001825||SUP::SUP_0134"": 0.8712966975232168, ""PROD::PRO_001827||SUP::SUP_0134"": 0.8641232219985491, ""PROD::PRO_001828||SUP::SUP_0134"": 0.8574045089079596, ""PROD::PRO_001838||SUP::SUP_0134"": 0.7401867565050153, ""PROD::PRO_001832||SUP::SUP_0134"": 0.7318042099427388, ""PROD::PRO_001836||SUP::SUP_0134"": 0.7037638262378259}","{""环境治理业"": 0.2122339484654591, ""其他数字政府"": 0.10306463517395245, ""气象服务"": 0.096350677223198, ""数字化设施种植"": 0.08897443065344297, ""稻谷种植"": 0.054778438189917726, ""森林经营和管护"": 0.054778438189917726, ""环境与生态监测检测服务"": 0.05236727549571339, ""安全系统监控服务"": 0.0439834017274846, ""水上货物运输"": 0.04229809923218671, ""水上旅客运输"": 0.04229809923218671}","{""谷物种植"": 0.1437528688433607, ""炼铁"": 0.10616219052910657, ""安全保护服务"": 0.10500029577954736, ""互联网数据服务"": 0.10473455099142678, ""牲畜饲养"": 0.10387226063699324, ""城乡市容管理"": 0.10306463517395245, ""非专业视听设备制造"": 0.0879668034549692, ""水上运输辅助活动"": 0.08459619846437343, ""森林经营、管护和改培"": 0.054778438189917726, ""其他房屋建筑业"": 0.03535725264545084}"
PRO_001836,SUP_0134,PROD::PRO_001836||SUP::SUP_0134,2.647954145393159,2.383628712393241,0.19736868768827354,0.14560112852983942,4.890494313743993,"{""PROD::PRO_001837||SUP::SUP_0134"": 0.9094499876080477, ""PROD::PRO_001828||SUP::SUP_0134"": 0.8539268079937886, ""PROD::PRO_001830||SUP::SUP_0134"": 0.8013298006109788, ""PROD::PRO_001827||SUP::SUP_0134"": 0.79839978969326, ""PROD::PRO_001833||SUP::SUP_0134"": 0.7890461889487734, ""PROD::PRO_001831||SUP::SUP_0134"": 0.7878554789821173, ""PROD::PRO_001834||SUP::SUP_0134"": 0.7863738212530512, ""PROD::PRO_001838||SUP::SUP_0134"": 0.776743948043681, ""PROD::PRO_001826||SUP::SUP_0134"": 0.774450875891293, ""PROD::PRO_001825||SUP::SUP_0134"": 0.7667774508676629}","{""环境治理业"": 0.19736868768827354, ""智能交通"": 0.11305444423032818, ""其他数字政府"": 0.10615231404315832, ""数字化设施种植"": 0.09655765193456162, ""稻谷种植"": 0.04904347659527788, ""森林经营和管护"": 0.04904347659527788, ""铁路、道路、隧道和桥梁工程建筑"": 0.04896946754840666, ""水利和水运工程建筑"": 0.04896946754840666, ""环境与生态监测检测服务"": 0.047659354410564785, ""气象服务"": 0.047659354410564785}","{""谷物种植"": 0.14560112852983942, ""测绘地理信息服务"": 0.11305444423032812, ""城乡市容管理"": 0.10615231404315828, ""炼铁"": 0.09961393863069441, ""牲畜饲养"": 0.09924970666587496, ""软件开发"": 0.09793893509681327, ""安全保护服务"": 0.09627259832930496, ""互联网数据服务"": 0.09531870882112953, ""森林经营、管护和改培"": 0.04904347659527786, ""其他房屋建筑业"": 0.032584916352526354}"
PRO_004188,SUP_0279,PROD::PRO_004188||SUP::SUP_0279,1.7200556959215665,0.9229286886398742,0.4626334570603402,0.7323104861568539,9.967492285905974,"{""PROD::PRO_004187||SUP::SUP_0279"": 0.9906482863343499, ""PROD::PRO_004186||SUP::SUP_0279"": 0.9906482863343499, ""PROD::PRO_004190||SUP::SUP_0279"": 0.6343330870832834, ""PROD::PRO_001633||SUP::SUP_0115"": 0.32078171789564747, ""PROD::PRO_001832||SUP::SUP_0134"": 0.27863200059941895, ""PROD::PRO_004189||SUP::SUP_0279"": 0.2516696329389432, ""PROD::PRO_000043||SUP::SUP_0017"": 0.2496812364065112, ""PROD::PRO_001774||SUP::SUP_0127"": 0.22814460788395663, ""PROD::PRO_000044||SUP::SUP_0017"": 0.2219268692245926, ""PROD::PRO_001762||SUP::SUP_0127"": 0.1906817074683267}","{""银行金融服务"": 0.4626334570603402, ""专业公共卫生服务"": 0.17446458156093994, ""数字资本市场服务"": 0.11368083152526191, ""其他农业"": 0.07362195631189221, ""气象服务"": 0.03197413043018042, ""安全系统监控服务"": 0.03197413043018042, ""数字政府"": 0.028880091488393746, ""网络借贷服务"": 0.028651915076717677, ""数字化租赁"": 0.028651915076717677, ""互联网保险"": 0.025466991039375664}","{""电信"": 0.7323104861568539, ""互联网相关服务"": 0.0990889473512679, ""货币银行服务"": 0.08277082119281104, ""非专业视听设备制造"": 0.06394826086036086, ""互联网数据服务"": 0.02188148443870629}"
PRO_000062,SUP_0025,PROD::PRO_000062||SUP::SUP_0025,2.1886325301992158,1.5633306375289138,0.2385026611709472,0.39944749969097787,8.541823228568951,"{""PROD::PRO_000058||SUP::SUP_0022"": 0.8839677607770267, ""PROD::PRO_005723||SUP::SUP_0353"": 0.7727608297203021, ""PROD::PRO_004076||SUP::SUP_0266"": 0.761538486119519, ""PROD::PRO_004649||SUP::SUP_0298"": 0.7302583949510884, ""PROD::PRO_002853||SUP::SUP_0156"": 0.5413132118401527, ""PROD::PRO_003929||SUP::SUP_0263"": 0.5371716964773615, ""PROD::PRO_001314||SUP::SUP_0100"": 0.460643602425292, ""PROD::PRO_004656||SUP::SUP_0298"": 0.44878595031742174, ""PROD::PRO_000070||SUP::SUP_0026"": 0.43287561979169187, ""PROD::PRO_004348||SUP::SUP_0287"": 0.42872893983488325}","{""银行金融服务"": 0.2385026611709472, ""互联网零售"": 0.23693379718831734, ""智慧物流"": 0.090248282175824, ""智慧配送"": 0.07679896389900408, ""数字化商务服务"": 0.06441773070524622, ""法律服务"": 0.06348223050886767, ""社会团体"": 0.06348223050886767, ""数字社会"": 0.03741102211703647, ""数字金融"": 0.03741102211703647, ""金融信息服务"": 0.030437353202950948}","{""互联网数据服务"": 0.39944749969097787, ""互联网平台"": 0.23693379718831734, ""货币银行服务"": 0.13569675063997486, ""道路货物运输"": 0.090248282175824, ""智慧物流"": 0.07679896389900408, ""国家行政机构"": 0.060874706405901896}"
PRO_000045,SUP_0017,PROD::PRO_000045||SUP::SUP_0017,1.783586735404273,1.5997555515724684,0.423439436255617,0.4038618285691955,8.813680770208913,"{""PROD::PRO_000043||SUP::SUP_0017"": 0.8044714816180732, ""PROD::PRO_000044||SUP::SUP_0017"": 0.7474746142148702, ""PROD::PRO_004352||SUP::SUP_0287"": 0.7384505982089692, ""PROD::PRO_004152||SUP::SUP_0268"": 0.6812965454521274, ""PROD::PRO_004357||SUP::SUP_0287"": 0.6719626989832953, ""PROD::PRO_003909||SUP::SUP_0256"": 0.6646782052085526, ""PROD::PRO_004356||SUP::SUP_0287"": 0.6029770964366817, ""PROD::PRO_004354||SUP::SUP_0287"": 0.5958763837247196, ""PROD::PRO_003830||SUP::SUP_0247"": 0.5843504269414125, ""PROD::PRO_004242||SUP::SUP_0281"": 0.5807611081286661}","{""银行金融服务"": 0.423439436255617, ""货币银行服务"": 0.11067408409319412, ""广告业"": 0.10210821325983126, ""人身保险"": 0.09961756650557643, ""数字化商务服务"": 0.08757857119767212, ""网络借贷服务"": 0.06028442838499803, ""数字化租赁"": 0.06028442838499803, ""互联网保险"": 0.056013271918112985}","{""互联网数据服务"": 0.4038618285691955, ""货币银行服务"": 0.26362275655811285, ""医院"": 0.09961756650557642, ""国家行政机构"": 0.08757857119767211, ""互联网相关服务"": 0.05601327191811298, ""互联网平台"": 0.044653002625665024, ""非金融机构支付服务"": 0.044653002625665024}"
PRO_000068,SUP_0026,PROD::PRO_000068||SUP::SUP_0026,0.47069321907714035,0.9272195658636884,0.8699718468749816,0.6821258709392668,12.864974096574548,"{""PROD::PRO_000067||SUP::SUP_0026"": 0.9999999999999999, ""PROD::PRO_000727||SUP::SUP_0051"": 0.6215368054474188, ""PROD::PRO_001768||SUP::SUP_0127"": 0.604481431912517, ""PROD::PRO_004717||SUP::SUP_0298"": 0.5446882022259987, ""PROD::PRO_004622||SUP::SUP_0298"": 0.5404313836563791, ""PROD::PRO_004719||SUP::SUP_0298"": 0.5368483068399156, ""PROD::PRO_001764||SUP::SUP_0127"": 0.5221061697823428, ""PROD::PRO_001763||SUP::SUP_0127"": 0.5221061697823428, ""PROD::PRO_001762||SUP::SUP_0127"": 0.5218893277275922, ""PROD::PRO_001774||SUP::SUP_0127"": 0.5093654957569361}","{""银行金融服务"": 0.8699718468749816, ""互联网保险"": 0.08441022073724735, ""数字政府"": 0.04561793238777098}","{""电信"": 0.6821258709392668, ""货币银行服务"": 0.18288791923628775, ""金融信息服务"": 0.09093341647054577, ""互联网数据服务"": 0.0440527933538997}"
PRO_000051,SUP_0019,PROD::PRO_000051||SUP::SUP_0019,2.22928351619354,1.8916983439612125,0.15604513804387382,0.35889648233756166,6.942867864681715,"{""PROD::PRO_003992||SUP::SUP_0266"": 0.8640285562246712, ""PROD::PRO_004543||SUP::SUP_0298"": 0.829630536795431, ""PROD::PRO_004071||SUP::SUP_0266"": 0.6915156450801977, ""PROD::PRO_004560||SUP::SUP_0298"": 0.48110772232988563, ""PROD::PRO_000050||SUP::SUP_0019"": 0.47623289892869436, ""PROD::PRO_000048||SUP::SUP_0019"": 0.45735694653194137, ""PROD::PRO_001277||SUP::SUP_0092"": 0.4521168949877411, ""PROD::PRO_004069||SUP::SUP_0266"": 0.4316808629009091, ""PROD::PRO_001725||SUP::SUP_0125"": 0.4267109160092656, ""PROD::PRO_001296||SUP::SUP_0097"": 0.42666148789609415}","{""咨询与调查"": 0.15604513804387382, ""银行金融服务"": 0.14688364111080254, ""互联网搜索服务"": 0.12488899066893681, ""数字资本市场服务"": 0.11792066282183833, ""数字金融"": 0.11156247959334432, ""互联网房地产业"": 0.08165313840852334, ""数字化商务服务"": 0.07796235362475108, ""人力资源服务"": 0.07706477212331794, ""人身保险"": 0.07705584531564763, ""数字社会"": 0.028962978288964204}","{""互联网相关服务"": 0.35889648233756166, ""货币银行服务"": 0.19327726023525393, ""国家行政机构"": 0.08600853284186902, ""互联网数据服务"": 0.08259950130438012, ""房地产租赁经营"": 0.08165313840852333, ""人力资源服务"": 0.07706477212331794, ""金融信息服务"": 0.0434444674334463, ""医院"": 0.03852792265782381, ""基层医疗卫生服务"": 0.03852792265782381}"
PRO_000048,SUP_0019,PROD::PRO_000048||SUP::SUP_0019,1.4355474165120892,1.5325411444273485,0.38258365137009764,0.29961670273607427,6.030673073664078,"{""PROD::PRO_000050||SUP::SUP_0019"": 0.8916750269449965, ""PROD::PRO_000647||SUP::SUP_0037"": 0.8855336047922567, ""PROD::PRO_004051||SUP::SUP_0266"": 0.7374447747131063, ""PROD::PRO_004022||SUP::SUP_0266"": 0.7179899202585212, ""PROD::PRO_000652||SUP::SUP_0038"": 0.666124744850169, ""PROD::PRO_004560||SUP::SUP_0298"": 0.6231549264257316, ""PROD::PRO_004575||SUP::SUP_0298"": 0.6199244773846666, ""PROD::PRO_003999||SUP::SUP_0266"": 0.6023825782940682, ""PROD::PRO_004119||SUP::SUP_0266"": 0.565784307781456, ""PROD::PRO_004555||SUP::SUP_0298"": 0.5475750092758744}","{""资本投资服务"": 0.38258365137009764, ""银行金融服务"": 0.3517060491668853, ""数字社会"": 0.1003482811097122, ""数字金融"": 0.07021502563311109, ""数字资本市场服务"": 0.06501373724359254, ""数字化商务服务"": 0.03013325547660111}","{""货币银行服务"": 0.29961670273607427, ""互联网数据服务"": 0.27788360570623066, ""金融信息服务"": 0.18777217140664304, ""国家行政机构"": 0.13002747448718507, ""互联网信息服务"": 0.10470004566386693}"
PRO_005201,SUP_0319,PROD::PRO_005201||SUP::SUP_0319,1.9541955754522733,1.3159811131654782,0.340702072512158,0.5347640101086661,8.449358061814294,"{""PROD::PRO_001762||SUP::SUP_0127"": 0.7457244845703348, ""PROD::PRO_000040||SUP::SUP_0014"": 0.7278070273704814, ""PROD::PRO_004700||SUP::SUP_0298"": 0.7257952303710603, ""PROD::PRO_002966||SUP::SUP_0166"": 0.6750015406100749, ""PROD::PRO_004695||SUP::SUP_0298"": 0.6617609084202805, ""PROD::PRO_002985||SUP::SUP_0166"": 0.6292100725198947, ""PROD::PRO_002965||SUP::SUP_0166"": 0.5350178064087286, ""PROD::PRO_004690||SUP::SUP_0298"": 0.5258596346492943, ""PROD::PRO_000021||SUP::SUP_0004"": 0.5230767723993291, ""PROD::PRO_001764||SUP::SUP_0127"": 0.5217572540871025}","{""银行金融服务"": 0.340702072512158, ""数字社会"": 0.16702313677060898, ""广告业"": 0.11605896697409018, ""互联网零售"": 0.09776358220998511, ""电信"": 0.09776358220998511, ""数字技术研究和试验发展"": 0.06932490199696174, ""其他数字技术应用业"": 0.02795188086750117, ""互联网资讯服务"": 0.02780395881956994, ""互联网金融"": 0.02780395881956994, ""机械设备经营租赁"": 0.02780395881956994}","{""电信"": 0.5347640101086661, ""互联网数据服务"": 0.17551704450819364, ""金融信息服务"": 0.1055269934567387, ""软件开发"": 0.10033630932389802, ""货币银行服务"": 0.0838556426025035}"
PRO_000081,SUP_0030,PROD::PRO_000081||SUP::SUP_0030,2.4431261585144206,2.0761005510561,0.15434524775402111,0.27523497022676763,4.446461786762724,"{""PROD::PRO_000082||SUP::SUP_0030"": 0.8924000693130432, ""PROD::PRO_000080||SUP::SUP_0030"": 0.8746874125992045, ""PROD::PRO_001315||SUP::SUP_0100"": 0.862007167245173, ""PROD::PRO_001314||SUP::SUP_0100"": 0.7426650553055751, ""PROD::PRO_000083||SUP::SUP_0031"": 0.5848955751164776, ""PROD::PRO_001195||SUP::SUP_0084"": 0.5715736278152566, ""PROD::PRO_000073||SUP::SUP_0027"": 0.49655144298693954, ""PROD::PRO_004641||SUP::SUP_0298"": 0.4906909344686803, ""PROD::PRO_001724||SUP::SUP_0125"": 0.45759815376757873, ""PROD::PRO_004094||SUP::SUP_0266"": 0.44721749096930485}","{""智慧配送"": 0.15434524775402111, ""智慧物流"": 0.13761748511338381, ""其他批发业"": 0.13426302853735422, ""智能道路运输"": 0.10678953064129663, ""其他数字政府"": 0.08902618124140499, ""综合管理服务"": 0.071273785546684, ""国家行政机构"": 0.06965693213933305, ""智能交通"": 0.0694984569303678, ""咨询与调查"": 0.03036705272579259, ""互联网平台"": 0.03036705272579259}","{""公路旅客运输"": 0.27523497022676763, ""运输代理业"": 0.13426302853735422, ""智慧物流"": 0.11567474529574052, ""互联网平台"": 0.09110115817737778, ""贸易经纪与代理"": 0.08902618124140499, ""测绘地理信息服务"": 0.07734100491656117, ""货币银行服务"": 0.07642819391877667, ""人力资源服务"": 0.071273785546684, ""互联网信息服务"": 0.06965693213933305}"
PRO_000080,SUP_0030,PROD::PRO_000080||SUP::SUP_0030,2.420269927882375,2.060816972548682,0.15415203252527399,0.289471228096628,4.90363144752671,"{""PROD::PRO_000082||SUP::SUP_0030"": 0.9920450059876038, ""PROD::PRO_001315||SUP::SUP_0100"": 0.9105480039692199, ""PROD::PRO_000081||SUP::SUP_0030"": 0.8746874125992045, ""PROD::PRO_000020||SUP::SUP_0003"": 0.6060837155356953, ""PROD::PRO_001195||SUP::SUP_0084"": 0.5890871200435428, ""PROD::PRO_001314||SUP::SUP_0100"": 0.5557473961799765, ""PROD::PRO_001837||SUP::SUP_0134"": 0.4980679922796005, ""PROD::PRO_001724||SUP::SUP_0125"": 0.48566809776424, ""PROD::PRO_004641||SUP::SUP_0298"": 0.48023764760958887, ""PROD::PRO_000083||SUP::SUP_0031"": 0.45659431573215925}","{""智能交通"": 0.15415203252527399, ""其他批发业"": 0.14119723122901684, ""智能道路运输"": 0.1356363863426307, ""智能化电力、热力、燃气及水生产和供应"": 0.0939844381115442, ""其他数字政府"": 0.09134880307269934, ""智慧配送"": 0.08617886510242767, ""智慧物流"": 0.07691742087699868, ""综合管理服务"": 0.07531177972127241, ""银行金融服务"": 0.02482322948335276, ""数字政府"": 0.02482322948335276}","{""公路旅客运输"": 0.289471228096628, ""运输代理业"": 0.14119723122901684, ""智能交通"": 0.09398443811154418, ""贸易经纪与代理"": 0.09134880307269932, ""智慧物流"": 0.08617886510242766, ""测绘地理信息服务"": 0.07723461164827529, ""人力资源服务"": 0.0753117797212724, ""货币银行服务"": 0.07446968845005826, ""互联网平台"": 0.07080335456807804}"
PRO_000082,SUP_0030,PROD::PRO_000082||SUP::SUP_0030,2.3878276002474097,2.059106267168519,0.21439458570625544,0.2909883700133241,5.834812501599414,"{""PROD::PRO_000080||SUP::SUP_0030"": 0.9920450059876038, ""PROD::PRO_001315||SUP::SUP_0100"": 0.9184301304925998, ""PROD::PRO_000081||SUP::SUP_0030"": 0.8924000693130432, ""PROD::PRO_000020||SUP::SUP_0003"": 0.5869536889787536, ""PROD::PRO_001195||SUP::SUP_0084"": 0.5841759414941418, ""PROD::PRO_001314||SUP::SUP_0100"": 0.5633026921598394, ""PROD::PRO_001837||SUP::SUP_0134"": 0.5166794011599497, ""PROD::PRO_004641||SUP::SUP_0298"": 0.4749065435475841, ""PROD::PRO_000083||SUP::SUP_0031"": 0.47412251489172164, ""PROD::PRO_001724||SUP::SUP_0125"": 0.47299910224919517}","{""智能道路运输"": 0.21439458570625544, ""其他批发业"": 0.1418202579348344, ""智能化电力、热力、燃气及水生产和供应"": 0.09063500946133227, ""其他数字政府"": 0.09020608095423484, ""智慧配送"": 0.08698291840082303, ""智能交通"": 0.07978353879006397, ""智慧物流"": 0.07659378430706872, ""综合管理服务"": 0.07303860408842115, ""银行金融服务"": 0.024444381147329868, ""数字政府"": 0.024444381147329868}","{""公路旅客运输"": 0.2909883700133241, ""运输代理业"": 0.1418202579348344, ""智能交通"": 0.09063500946133225, ""贸易经纪与代理"": 0.09020608095423482, ""智慧物流"": 0.08698291840082302, ""测绘地理信息服务"": 0.07978353879006396, ""货币银行服务"": 0.0733331434419896, ""互联网平台"": 0.07321207691497672, ""人力资源服务"": 0.07303860408842115}"
PRO_001315,SUP_0100,PROD::PRO_001315||SUP::SUP_0100,2.3591640511614975,1.8340905208186962,0.1960187266501664,0.4004335024263189,6.565260375088441,"{""PROD::PRO_000082||SUP::SUP_0030"": 0.9184301304925998, ""PROD::PRO_000080||SUP::SUP_0030"": 0.9105480039692199, ""PROD::PRO_000081||SUP::SUP_0030"": 0.862007167245173, ""PROD::PRO_001724||SUP::SUP_0125"": 0.7288582822533826, ""PROD::PRO_001195||SUP::SUP_0084"": 0.625146747630319, ""PROD::PRO_001314||SUP::SUP_0100"": 0.6235454064390344, ""PROD::PRO_000083||SUP::SUP_0031"": 0.5499247827328952, ""PROD::PRO_004641||SUP::SUP_0298"": 0.5112594377427208, ""PROD::PRO_000020||SUP::SUP_0003"": 0.500173731347729, ""PROD::PRO_002821||SUP::SUP_0147"": 0.4902865283396891}","{""智能道路运输"": 0.1960187266501664, ""智慧物流"": 0.13608103317753587, ""综合管理服务"": 0.10845814525631754, ""银行金融服务"": 0.09831675929344014, ""其他数字政府"": 0.09302529505651227, ""智慧配送"": 0.09278700662684347, ""智能化电力、热力、燃气及水生产和供应"": 0.07442861874353707, ""智能交通"": 0.06833374259861666, ""咨询与调查"": 0.027277283489320108, ""互联网平台"": 0.027277283489320108}","{""公路旅客运输"": 0.4004335024263189, ""人力资源服务"": 0.10845814525631754, ""贸易经纪与代理"": 0.09302529505651227, ""智慧物流"": 0.09278700662684347, ""互联网平台"": 0.08183185046796032, ""货币银行服务"": 0.07607823319360504, ""智能交通"": 0.07442861874353707, ""互联网数据服务"": 0.07295734822890512}"
PRO_001314,SUP_0100,PROD::PRO_001314||SUP::SUP_0100,2.0938811803721484,1.500042438619057,0.26877787443476725,0.3131935377559907,6.783489569998741,"{""PROD::PRO_000081||SUP::SUP_0030"": 0.7426650553055751, ""PROD::PRO_000073||SUP::SUP_0027"": 0.627956501580812, ""PROD::PRO_001315||SUP::SUP_0100"": 0.6235454064390344, ""PROD::PRO_005723||SUP::SUP_0353"": 0.5909413297146655, ""PROD::PRO_000066||SUP::SUP_0026"": 0.5798694915822217, ""PROD::PRO_004076||SUP::SUP_0266"": 0.5774364950744394, ""PROD::PRO_000082||SUP::SUP_0030"": 0.5633026921598394, ""PROD::PRO_002853||SUP::SUP_0156"": 0.5564752262868274, ""PROD::PRO_000080||SUP::SUP_0030"": 0.5557473961799765, ""PROD::PRO_000074||SUP::SUP_0027"": 0.5263565651198937}","{""智能道路运输"": 0.26877787443476725, ""智慧物流"": 0.18774304653105553, ""其他批发业"": 0.10489810563164013, ""信息技术咨询服务"": 0.09755057218355849, ""智慧配送"": 0.09709417530172429, ""银行金融服务"": 0.04970658542777, ""数字化商务服务"": 0.04970658542777, ""法律服务"": 0.048570636420689324, ""社会团体"": 0.048570636420689324, ""智能交通"": 0.04738178222033571}","{""公路旅客运输"": 0.3131935377559907, ""互联网数据服务"": 0.29410501588047716, ""测绘地理信息服务"": 0.19418835060344858, ""运输代理业"": 0.10489810563164013, ""道路货物运输"": 0.09361499012844346}"
PRO_000075,SUP_0028,PROD::PRO_000075||SUP::SUP_0028,2.187437770782002,2.5007420318420497,0.277031284707872,0.1236734996431818,7.953966026715819,"{""PROD::PRO_000076||SUP::SUP_0028"": 0.7737850860785781, ""PROD::PRO_000077||SUP::SUP_0028"": 0.7251896454557599, ""PROD::PRO_003430||SUP::SUP_0205"": 0.6580735500161538, ""PROD::PRO_001194||SUP::SUP_0084"": 0.6307260068715682, ""PROD::PRO_000078||SUP::SUP_0029"": 0.5855117350337531, ""PROD::PRO_000649||SUP::SUP_0037"": 0.5814559897277093, ""PROD::PRO_004191||SUP::SUP_0280"": 0.5806248310318517, ""PROD::PRO_001184||SUP::SUP_0079"": 0.577777452068287, ""PROD::PRO_003542||SUP::SUP_0232"": 0.5772048417026482, ""PROD::PRO_001188||SUP::SUP_0083"": 0.5663274201370885}","{""银行金融服务"": 0.277031284707872, ""数字化商务服务"": 0.22448197216245588, ""人力资源服务"": 0.11590652620746479, ""数字金融"": 0.08334111313968225, ""数字化零售"": 0.05258970508566084, ""稻谷种植"": 0.030933612844772133, ""农业科学研究和试验发展"": 0.030933612844772133, ""国家行政机构"": 0.030933612844772133, ""高等教育"": 0.03075140805402141, ""体育组织"": 0.03075140805402141}","{""纺织、服装及家庭用品批发"": 0.1236734996431818, ""针织或钩针编织物及其制品制造"": 0.11590652620746472, ""综合零售"": 0.10517941017132162, ""其他批发业"": 0.10080847251927395, ""国家行政机构"": 0.09358190879685956, ""货币银行服务"": 0.0929336820156976, ""环境卫生管理"": 0.09234574405450538, ""互联网相关服务"": 0.09225422416206418, ""软件开发"": 0.09051569389531466, ""谷物种植"": 0.010311204281590707}"
PRO_001277,SUP_0092,PROD::PRO_001277||SUP::SUP_0092,1.2991821661263123,1.884835174705999,0.34993146576057316,0.23467278616711446,9.32306662354486,"{""PROD::PRO_000648||SUP::SUP_0037"": 0.7539059335591466, ""PROD::PRO_004111||SUP::SUP_0266"": 0.6805500395940598, ""PROD::PRO_003992||SUP::SUP_0266"": 0.6777678373429986, ""PROD::PRO_004543||SUP::SUP_0298"": 0.6219319624227956, ""PROD::PRO_001296||SUP::SUP_0097"": 0.5797524116002959, ""PROD::PRO_004117||SUP::SUP_0266"": 0.5435403629793841, ""PROD::PRO_003909||SUP::SUP_0256"": 0.5308849523353127, ""PROD::PRO_004013||SUP::SUP_0266"": 0.5165192567202147, ""PROD::PRO_004356||SUP::SUP_0287"": 0.4826396340809145, ""PROD::PRO_004354||SUP::SUP_0287"": 0.47530030234541165}","{""数字资本市场服务"": 0.34993146576057316, ""银行金融服务"": 0.34502530741343856, ""人身保险"": 0.18943828003083993, ""咨询与调查"": 0.11560494679514825}","{""货币银行服务"": 0.23467278616711446, ""互联网相关服务"": 0.2316844459745881, ""互联网数据服务"": 0.17042371155258695, ""医院"": 0.13999491387750246, ""互联网信息服务"": 0.09271014539370627, ""基层医疗卫生服务"": 0.049443366153337456, ""互联网平台"": 0.04053531544058211, ""非金融机构支付服务"": 0.04053531544058211}"
PRO_000078,SUP_0029,PROD::PRO_000078||SUP::SUP_0029,0.8534516551581062,1.757372733820491,0.7113103851099524,0.3026472285886354,13.4330641568577,"{""PROD::PRO_001193||SUP::SUP_0084"": 0.8613120719981723, ""PROD::PRO_001191||SUP::SUP_0084"": 0.8265593600037616, ""PROD::PRO_001189||SUP::SUP_0084"": 0.8249554535309866, ""PROD::PRO_001196||SUP::SUP_0084"": 0.803704622696759, ""PROD::PRO_000076||SUP::SUP_0028"": 0.7818299125786626, ""PROD::PRO_001190||SUP::SUP_0084"": 0.7776043322878267, ""PROD::PRO_001192||SUP::SUP_0084"": 0.7770190798671682, ""PROD::PRO_004242||SUP::SUP_0281"": 0.7651216871620361, ""PROD::PRO_000044||SUP::SUP_0017"": 0.7364405913302847, ""PROD::PRO_001194||SUP::SUP_0084"": 0.7219646183673677}","{""银行金融服务"": 0.7113103851099524, ""数字化商务服务"": 0.1909213853198716, ""其他数字政府"": 0.0510190710218632, ""互联网保险"": 0.046749158548312825}","{""纺织、服装及家庭用品批发"": 0.3026472285886354, ""其他批发业"": 0.2414039777029947, ""货币银行服务"": 0.1438888205467883, ""机械设备、五金产品及电子产品批发"": 0.10935196969706344, ""贸易经纪与代理"": 0.10493977389434209, ""国家行政机构"": 0.0510190710218632, ""互联网相关服务"": 0.046749158548312825}"
PRO_004520,SUP_0296,PROD::PRO_004520||SUP::SUP_0296,1.4894270838214325,1.4522118190055804,0.47648874765561267,0.5328123334150532,4.741462010812486,"{""PROD::PRO_004522||SUP::SUP_0296"": 0.9983565165561031, ""PROD::PRO_004526||SUP::SUP_0296"": 0.9980078674014264, ""PROD::PRO_004524||SUP::SUP_0296"": 0.997695138412206, ""PROD::PRO_004525||SUP::SUP_0296"": 0.9943710238763379, ""PROD::PRO_004523||SUP::SUP_0296"": 0.9934788813518274, ""PROD::PRO_004527||SUP::SUP_0296"": 0.9921412520341414, ""PROD::PRO_004521||SUP::SUP_0296"": 0.9868756500186627, ""PROD::PRO_001697||SUP::SUP_0121"": 0.4742101133783567, ""PROD::PRO_004559||SUP::SUP_0298"": 0.46367085057276647, ""PROD::PRO_004153||SUP::SUP_0268"": 0.44426755458657796}","{""工程和技术研究和试验发展"": 0.47648874765561267, ""电力电子元器件制造"": 0.2387688230702013, ""信息技术咨询服务"": 0.11907826543921622, ""银行金融服务"": 0.0568387701185883, ""广告业"": 0.053249858435951244, ""数字社会"": 0.018525178426810146, ""数字金融"": 0.018525178426810146, ""咨询与调查"": 0.018525178426810146}","{""互联网数据服务"": 0.5328123334150532, ""工程和技术研究和试验发展"": 0.11966289823863724, ""信息技术服务"": 0.11962110919071178, ""信息处理和存储支持服务"": 0.1190782654392162, ""互联网信息服务"": 0.05324985843595123, ""货币银行服务"": 0.027787767640215212, ""道路货物运输"": 0.027787767640215212}"
PRO_004522,SUP_0296,PROD::PRO_004522||SUP::SUP_0296,1.641214417057829,1.2811723726227797,0.3584454756110746,0.5337475162877144,6.372153540343767,"{""PROD::PRO_004524||SUP::SUP_0296"": 0.9995993774076629, ""PROD::PRO_004526||SUP::SUP_0296"": 0.9986994054059938, ""PROD::PRO_004520||SUP::SUP_0296"": 0.9983565165561031, ""PROD::PRO_004525||SUP::SUP_0296"": 0.9965118102786721, ""PROD::PRO_004523||SUP::SUP_0296"": 0.9951423854225064, ""PROD::PRO_004527||SUP::SUP_0296"": 0.9938887322209841, ""PROD::PRO_004521||SUP::SUP_0296"": 0.9847845367667878, ""PROD::PRO_001697||SUP::SUP_0121"": 0.45870788218548775, ""PROD::PRO_004559||SUP::SUP_0298"": 0.4529231718352603, ""PROD::PRO_004153||SUP::SUP_0268"": 0.42773366564304727}","{""工程和技术研究和试验发展"": 0.3584454756110746, ""电力电子元器件制造"": 0.2403115438642562, ""银行金融服务"": 0.17541577710262185, ""信息技术咨询服务"": 0.11980505118195846, ""广告业"": 0.05149479557425855, ""数字社会"": 0.018175785555276817, ""数字金融"": 0.018175785555276817, ""咨询与调查"": 0.018175785555276817}","{""互联网数据服务"": 0.5337475162877144, ""信息技术服务"": 0.24042528029023802, ""信息处理和存储支持服务"": 0.11980505118195843, ""互联网信息服务"": 0.05149479557425854, ""货币银行服务"": 0.027263678332915223, ""道路货物运输"": 0.027263678332915223}"
PRO_004527,SUP_0296,PROD::PRO_004527||SUP::SUP_0296,1.7354037018962007,1.665599756265746,0.36139034190349395,0.362448173492949,5.677867588314065,"{""PROD::PRO_004525||SUP::SUP_0296"": 0.998769166964574, ""PROD::PRO_004523||SUP::SUP_0296"": 0.9980334542532862, ""PROD::PRO_004522||SUP::SUP_0296"": 0.9938887322209841, ""PROD::PRO_004524||SUP::SUP_0296"": 0.9934419046321536, ""PROD::PRO_004520||SUP::SUP_0296"": 0.9921412520341414, ""PROD::PRO_004526||SUP::SUP_0296"": 0.9896361154758111, ""PROD::PRO_004521||SUP::SUP_0296"": 0.9839772162791296, ""PROD::PRO_002853||SUP::SUP_0156"": 0.4238500985770357, ""PROD::PRO_004153||SUP::SUP_0268"": 0.4196495666577381, ""PROD::PRO_004559||SUP::SUP_0298"": 0.41796105398088645}","{""工程和技术研究和试验发展"": 0.36139034190349395, ""电力电子元器件制造"": 0.24261679513160686, ""信息技术咨询服务"": 0.12154318463403986, ""银行金融服务"": 0.12082561648121834, ""智慧物流"": 0.05161759915858554, ""广告业"": 0.05110604714151378, ""数字社会"": 0.01696680518318057, ""数字金融"": 0.01696680518318057, ""咨询与调查"": 0.01696680518318057}","{""互联网数据服务"": 0.362448173492949, ""信息技术服务"": 0.24134615072902552, ""信息处理和存储支持服务"": 0.12154318463403986, ""工程和技术研究和试验发展"": 0.12103842929434458, ""道路货物运输"": 0.0770678069333564, ""互联网信息服务"": 0.05110604714151378, ""货币银行服务"": 0.02545020777477085}"
PRO_004521,SUP_0296,PROD::PRO_004521||SUP::SUP_0296,1.6672300433839835,1.5881446869217828,0.3533953242932569,0.4095313177197038,6.281165895621189,"{""PROD::PRO_004520||SUP::SUP_0296"": 0.9868756500186627, ""PROD::PRO_004522||SUP::SUP_0296"": 0.9847845367667878, ""PROD::PRO_004526||SUP::SUP_0296"": 0.9847348853267552, ""PROD::PRO_004527||SUP::SUP_0296"": 0.9839772162791296, ""PROD::PRO_004524||SUP::SUP_0296"": 0.9839348119305728, ""PROD::PRO_004523||SUP::SUP_0296"": 0.9832132082535145, ""PROD::PRO_004525||SUP::SUP_0296"": 0.9826661043369858, ""PROD::PRO_004559||SUP::SUP_0298"": 0.5081595741089253, ""PROD::PRO_004153||SUP::SUP_0268"": 0.487066163680111, ""PROD::PRO_001697||SUP::SUP_0121"": 0.4720743108958274}","{""工程和技术研究和试验发展"": 0.3533953242932569, ""电力电子元器件制造"": 0.23531009296923272, ""银行金融服务"": 0.17456803162271078, ""信息技术咨询服务"": 0.11764460675723355, ""广告业"": 0.05827902514926999, ""数字社会"": 0.020267639736098613, ""数字金融"": 0.020267639736098613, ""咨询与调查"": 0.020267639736098613}","{""互联网数据服务"": 0.4095313177197038, ""信息技术服务"": 0.2359095099232271, ""工程和技术研究和试验发展"": 0.11783262124226966, ""信息处理和存储支持服务"": 0.11764460675723357, ""互联网信息服务"": 0.058279025149270004, ""货币银行服务"": 0.030401459604147925, ""道路货物运输"": 0.030401459604147925}"
PRO_004526,SUP_0296,PROD::PRO_004526||SUP::SUP_0296,1.6091983606795297,1.2768440098231864,0.35595452784678683,0.5852668725710738,6.3545455092381165,"{""PROD::PRO_004522||SUP::SUP_0296"": 0.9986994054059938, ""PROD::PRO_004520||SUP::SUP_0296"": 0.9980078674014264, ""PROD::PRO_004524||SUP::SUP_0296"": 0.9979445101889199, ""PROD::PRO_004525||SUP::SUP_0296"": 0.9929904705021151, ""PROD::PRO_004523||SUP::SUP_0296"": 0.992503484194073, ""PROD::PRO_004527||SUP::SUP_0296"": 0.9896361154758111, ""PROD::PRO_004521||SUP::SUP_0296"": 0.9847348853267552, ""PROD::PRO_001697||SUP::SUP_0121"": 0.4762688183288901, ""PROD::PRO_004559||SUP::SUP_0298"": 0.47480133210444064, ""PROD::PRO_001695||SUP::SUP_0121"": 0.44680133378370757}","{""工程和技术研究和试验发展"": 0.35595452784678683, ""电力电子元器件制造"": 0.23836715052075869, ""银行金融服务"": 0.17650959778442857, ""信息技术咨询服务"": 0.11882870596163378, ""咨询与调查"": 0.07244256712587456, ""数字社会"": 0.018948725380258817, ""数字金融"": 0.018948725380258817}","{""互联网数据服务"": 0.5852668725710738, ""工程和技术研究和试验发展"": 0.11957052028428136, ""信息技术服务"": 0.11948772504223468, ""信息处理和存储支持服务"": 0.11882870596163378, ""货币银行服务"": 0.028423088070388226, ""道路货物运输"": 0.028423088070388226}"
PRO_004524,SUP_0296,PROD::PRO_004524||SUP::SUP_0296,1.5371304916177013,1.565485906781912,0.47881613235302345,0.41354394299361796,5.034797597424214,"{""PROD::PRO_004522||SUP::SUP_0296"": 0.9995993774076629, ""PROD::PRO_004526||SUP::SUP_0296"": 0.9979445101889199, ""PROD::PRO_004520||SUP::SUP_0296"": 0.997695138412206, ""PROD::PRO_004525||SUP::SUP_0296"": 0.9960228447517832, ""PROD::PRO_004523||SUP::SUP_0296"": 0.9941360987118062, ""PROD::PRO_004527||SUP::SUP_0296"": 0.9934419046321536, ""PROD::PRO_004521||SUP::SUP_0296"": 0.9839348119305728, ""PROD::PRO_001697||SUP::SUP_0121"": 0.45966008029059924, ""PROD::PRO_004559||SUP::SUP_0298"": 0.44859639569415455, ""PROD::PRO_004153||SUP::SUP_0268"": 0.43052832100245564}","{""工程和技术研究和试验发展"": 0.47881613235302345, ""银行金融服务"": 0.1755519817310557, ""电力电子元器件制造"": 0.11998020935569631, ""信息技术咨询服务"": 0.11975293325849608, ""广告业"": 0.05186113788414548, ""数字社会"": 0.01801253513919435, ""数字金融"": 0.01801253513919435, ""咨询与调查"": 0.01801253513919435}","{""互联网数据服务"": 0.41354394299361796, ""信息技术服务"": 0.24039334448936353, ""工程和技术研究和试验发展"": 0.12041103595679385, ""信息处理和存储支持服务"": 0.11975293325849605, ""互联网信息服务"": 0.05186113788414547, ""货币银行服务"": 0.027018802708791523, ""道路货物运输"": 0.027018802708791523}"
PRO_004523,SUP_0296,PROD::PRO_004523||SUP::SUP_0296,1.4674398070378225,1.3967360353916984,0.48160204159622994,0.48229532987347234,4.323071353568178,"{""PROD::PRO_004525||SUP::SUP_0296"": 0.9992231741474921, ""PROD::PRO_004527||SUP::SUP_0296"": 0.9980334542532862, ""PROD::PRO_004522||SUP::SUP_0296"": 0.9951423854225064, ""PROD::PRO_004524||SUP::SUP_0296"": 0.9941360987118062, ""PROD::PRO_004520||SUP::SUP_0296"": 0.9934788813518274, ""PROD::PRO_004526||SUP::SUP_0296"": 0.992503484194073, ""PROD::PRO_004521||SUP::SUP_0296"": 0.9832132082535145, ""PROD::PRO_002853||SUP::SUP_0156"": 0.4396515668752241, ""PROD::PRO_004153||SUP::SUP_0268"": 0.4248571847992926, ""PROD::PRO_004559||SUP::SUP_0298"": 0.42078154888051666}","{""工程和技术研究和试验发展"": 0.48160204159622994, ""电力电子元器件制造"": 0.24188256237066863, ""银行金融服务"": 0.12055288815940783, ""智慧物流"": 0.05334916238833225, ""广告业"": 0.051553950108267965, ""数字社会"": 0.0170197984590311, ""数字金融"": 0.0170197984590311, ""咨询与调查"": 0.0170197984590311}","{""互联网数据服务"": 0.48229532987347234, ""信息技术服务"": 0.24098741754272393, ""工程和技术研究和试验发展"": 0.12075474471011016, ""道路货物运输"": 0.0788788600768789, ""互联网信息服务"": 0.051553950108267965, ""货币银行服务"": 0.02552969768854665}"
PRO_004525,SUP_0296,PROD::PRO_004525||SUP::SUP_0296,1.5241903737223104,1.5575369235606782,0.4833220112184681,0.41398452754075055,5.029554275330082,"{""PROD::PRO_004523||SUP::SUP_0296"": 0.9992231741474921, ""PROD::PRO_004527||SUP::SUP_0296"": 0.998769166964574, ""PROD::PRO_004522||SUP::SUP_0296"": 0.9965118102786721, ""PROD::PRO_004524||SUP::SUP_0296"": 0.9960228447517832, ""PROD::PRO_004520||SUP::SUP_0296"": 0.9943710238763379, ""PROD::PRO_004526||SUP::SUP_0296"": 0.9929904705021151, ""PROD::PRO_004521||SUP::SUP_0296"": 0.9826661043369858, ""PROD::PRO_001697||SUP::SUP_0121"": 0.42380784791196635, ""PROD::PRO_004153||SUP::SUP_0268"": 0.41633953564558646, ""PROD::PRO_004559||SUP::SUP_0298"": 0.4152233465484878}","{""工程和技术研究和试验发展"": 0.4833220112184681, ""银行金融服务"": 0.1726134081914283, ""信息技术咨询服务"": 0.12162028434111531, ""电力电子元器件制造"": 0.1212307567749403, ""广告业"": 0.0506746981232343, ""数字社会"": 0.016846280450271218, ""数字金融"": 0.016846280450271218, ""咨询与调查"": 0.016846280450271218}","{""互联网数据服务"": 0.41398452754075055, ""信息技术服务"": 0.24189137751044018, ""信息处理和存储支持服务"": 0.12162028434111531, ""工程和技术研究和试验发展"": 0.12129027113364597, ""互联网信息服务"": 0.0506746981232343, ""货币银行服务"": 0.02526942067540683, ""道路货物运输"": 0.02526942067540683}"
PRO_004354,SUP_0287,PROD::PRO_004354||SUP::SUP_0287,1.8854762627720096,1.1726589515684154,0.39566762946663686,0.6098440667285301,7.6187483066745365,"{""PROD::PRO_004356||SUP::SUP_0287"": 0.9937488905788324, ""PROD::PRO_004357||SUP::SUP_0287"": 0.969086829541546, ""PROD::PRO_004152||SUP::SUP_0268"": 0.9142595824168407, ""PROD::PRO_000648||SUP::SUP_0037"": 0.7175749117805672, ""PROD::PRO_004352||SUP::SUP_0287"": 0.6583557171558232, ""PROD::PRO_000045||SUP::SUP_0017"": 0.5958763837247196, ""PROD::PRO_003909||SUP::SUP_0256"": 0.5045501085756414, ""PROD::PRO_001277||SUP::SUP_0092"": 0.47530030234541165, ""PROD::PRO_000043||SUP::SUP_0017"": 0.47397887539010175, ""PROD::PRO_002853||SUP::SUP_0156"": 0.4716680012939125}","{""银行金融服务"": 0.39566762946663686, ""广告业"": 0.13495802373962407, ""货币银行服务"": 0.09718288789509569, ""人身保险"": 0.07447894103661193, ""互联网房地产业"": 0.07016124383166324, ""智慧物流"": 0.0696250633190764, ""网络借贷服务"": 0.06430310056648518, ""数字化租赁"": 0.06430310056648518, ""数字化零售"": 0.029320009578321538}","{""互联网数据服务"": 0.6098440667285301, ""货币银行服务"": 0.1758906850841184, ""医院"": 0.07447894103661193, ""房地产租赁经营"": 0.07016124383166324, ""道路货物运输"": 0.0696250633190764}"
PRO_000057,SUP_0022,PROD::PRO_000057||SUP::SUP_0022,1.686382339755824,1.63979883020387,0.44441779719977254,0.2894398380974388,9.002613924045331,"{""PROD::PRO_000056||SUP::SUP_0022"": 0.7792182746663019, ""PROD::PRO_004667||SUP::SUP_0298"": 0.6712134060570476, ""PROD::PRO_004042||SUP::SUP_0266"": 0.6649574264574262, ""PROD::PRO_000653||SUP::SUP_0038"": 0.648538418020449, ""PROD::PRO_004559||SUP::SUP_0298"": 0.6440912714601772, ""PROD::PRO_005722||SUP::SUP_0353"": 0.641027161480846, ""PROD::PRO_003993||SUP::SUP_0266"": 0.6246634935893505, ""PROD::PRO_001695||SUP::SUP_0121"": 0.6181978193238882, ""PROD::PRO_000650||SUP::SUP_0038"": 0.6167541512177607, ""PROD::PRO_000659||SUP::SUP_0038"": 0.6000779647349825}","{""银行金融服务"": 0.44441779719977254, ""数字政府"": 0.1303480205862625, ""咨询与调查"": 0.12796562595102728, ""数字化商务服务"": 0.10216378117469482, ""金融信息服务"": 0.09475785010670927, ""数字资本市场服务"": 0.0343749824221888, ""数字社会"": 0.03298597127967235, ""数字金融"": 0.03298597127967235}","{""互联网数据服务"": 0.2894398380974388, ""其他未列明金融业"": 0.2865947494681636, ""货币银行服务"": 0.15260390418607497, ""人民法院和人民检察院"": 0.11971877015411936, ""互联网信息服务"": 0.10216378117469484, ""道路货物运输"": 0.049478956919508536}"
PRO_004353,SUP_0287,PROD::PRO_004353||SUP::SUP_0287,1.4589951857409373,2.388457767102843,0.5993800127265577,0.19639311469108858,10.123150906076896,"{""PROD::PRO_001193||SUP::SUP_0084"": 0.5146489122175935, ""PROD::PRO_003829||SUP::SUP_0247"": 0.5137789597188261, ""PROD::PRO_000061||SUP::SUP_0024"": 0.5122611359868332, ""PROD::PRO_001724||SUP::SUP_0125"": 0.5108880560760363, ""PROD::PRO_001192||SUP::SUP_0084"": 0.5055767082089689, ""PROD::PRO_004191||SUP::SUP_0280"": 0.5032360238709043, ""PROD::PRO_004242||SUP::SUP_0281"": 0.48723150741199817, ""PROD::PRO_000078||SUP::SUP_0029"": 0.4837462710640603, ""PROD::PRO_001191||SUP::SUP_0084"": 0.47537322780546054, ""PROD::PRO_003175||SUP::SUP_0169"": 0.46565654680913693}","{""银行金融服务"": 0.5993800127265577, ""综合管理服务"": 0.10274481707728629, ""数字化零售"": 0.08272657795509315, ""房地产开发经营"": 0.05151047875049239, ""稻谷种植"": 0.03373530502712295, ""农业科学研究和试验发展"": 0.03373530502712295, ""国家行政机构"": 0.03373530502712295, ""智慧配送"": 0.031216099204600774, ""数字化通用、专用设备制造"": 0.031216099204600774}","{""人力资源服务"": 0.19639311469108858, ""机械设备、五金产品及电子产品批发"": 0.10350116374016613, ""其他信息技术服务业"": 0.10332620738859608, ""数字政府"": 0.10302095750098475, ""纺织、服装及家庭用品批发"": 0.10167665065893798, ""货币银行服务"": 0.0979872430133415, ""国家行政机构"": 0.09728632631196008, ""贸易经纪与代理"": 0.09560242161355585, ""谷物种植"": 0.011245101675707648, ""中药材种植"": 0.011245101675707648}"
PRO_000067,SUP_0026,PROD::PRO_000067||SUP::SUP_0026,0.6096404477703701,0.9272195658636884,0.8418351066292326,0.6821258709392668,12.87010152963232,"{""PROD::PRO_000068||SUP::SUP_0026"": 0.9999999999999999, ""PROD::PRO_000727||SUP::SUP_0051"": 0.6215368054474188, ""PROD::PRO_001768||SUP::SUP_0127"": 0.604481431912517, ""PROD::PRO_004717||SUP::SUP_0298"": 0.5446882022259987, ""PROD::PRO_004622||SUP::SUP_0298"": 0.5404313836563791, ""PROD::PRO_004719||SUP::SUP_0298"": 0.5368483068399156, ""PROD::PRO_001764||SUP::SUP_0127"": 0.5221061697823428, ""PROD::PRO_001763||SUP::SUP_0127"": 0.5221061697823428, ""PROD::PRO_001762||SUP::SUP_0127"": 0.5218893277275922, ""PROD::PRO_001774||SUP::SUP_0127"": 0.5093654957569361}","{""银行金融服务"": 0.8418351066292326, ""数字资本市场服务"": 0.05627348049149826, ""互联网保险"": 0.05627348049149826, ""数字政府"": 0.04561793238777099}","{""电信"": 0.6821258709392668, ""货币银行服务"": 0.18288791923628775, ""金融信息服务"": 0.09093341647054577, ""互联网数据服务"": 0.0440527933538997}"
PRO_004350,SUP_0287,PROD::PRO_004350||SUP::SUP_0287,1.3306585256105254,1.9277204957643446,0.6057487065503477,0.3831777273258273,11.452336726843914,"{""PROD::PRO_004349||SUP::SUP_0287"": 0.9053353454873968, ""PROD::PRO_000027||SUP::SUP_0007"": 0.6621816039401879, ""PROD::PRO_005729||SUP::SUP_0353"": 0.6201784773289765, ""PROD::PRO_000649||SUP::SUP_0037"": 0.5485592492651723, ""PROD::PRO_000646||SUP::SUP_0037"": 0.5200956830397931, ""PROD::PRO_001861||SUP::SUP_0140"": 0.5167229010680293, ""PROD::PRO_001188||SUP::SUP_0083"": 0.5131633540277706, ""PROD::PRO_001190||SUP::SUP_0084"": 0.477350855177878, ""PROD::PRO_003430||SUP::SUP_0205"": 0.47463183280261845, ""PROD::PRO_000037||SUP::SUP_0012"": 0.47112983468269953}","{""银行金融服务"": 0.6057487065503477, ""互联网保险"": 0.11598197764254263, ""住宅房屋建筑"": 0.10862507484948582, ""电信"": 0.04525234739417136, ""数字金融"": 0.041566194449524946, ""数字化零售"": 0.041566194449524946, ""供应链管理服务"": 0.04125950466440268}","{""互联网数据服务"": 0.3831777273258273, ""货币银行服务"": 0.09608087298908108, ""金融信息服务"": 0.09109544198052479, ""软件开发"": 0.08988123544911565, ""其他批发业"": 0.08360862923925332, ""综合零售"": 0.08313238889904989, ""国家行政机构"": 0.08251900932880536, ""电信"": 0.04525234739417136, ""互联网信息服务"": 0.04525234739417136}"
PRO_004352,SUP_0287,PROD::PRO_004352||SUP::SUP_0287,1.6475846436341497,1.8033979685635453,0.49125688222629005,0.4348041195705007,11.313018547756888,"{""PROD::PRO_004152||SUP::SUP_0268"": 0.7743409382415325, ""PROD::PRO_000045||SUP::SUP_0017"": 0.7384505982089692, ""PROD::PRO_004357||SUP::SUP_0287"": 0.7297888481656041, ""PROD::PRO_000043||SUP::SUP_0017"": 0.6696438537650761, ""PROD::PRO_004356||SUP::SUP_0287"": 0.6587714329436387, ""PROD::PRO_004354||SUP::SUP_0287"": 0.6583557171558232, ""PROD::PRO_000044||SUP::SUP_0017"": 0.6447083371050673, ""PROD::PRO_001861||SUP::SUP_0140"": 0.6284051959453651, ""PROD::PRO_006100||SUP::SUP_0368"": 0.5945758644267074, ""PROD::PRO_001194||SUP::SUP_0084"": 0.5757382586053135}","{""银行金融服务"": 0.49125688222629005, ""广告业"": 0.11604474433668781, ""网络借贷服务"": 0.08706599190616046, ""数字化租赁"": 0.08706599190616046, ""数字化商务服务"": 0.08628163090075916, ""互联网保险"": 0.04830883300641943, ""电信"": 0.04708721746581602, ""数字化零售"": 0.03688870825170662}","{""互联网数据服务"": 0.4348041195705007, ""货币银行服务"": 0.1486634003153271, ""其他未列明金融业"": 0.08910468343937761, ""其他批发业"": 0.08628163090075915, ""互联网平台"": 0.04933144891799195, ""非金融机构支付服务"": 0.04933144891799195, ""互联网相关服务"": 0.04830883300641942, ""电信"": 0.04708721746581601, ""互联网信息服务"": 0.04708721746581601}"
PRO_004357,SUP_0287,PROD::PRO_004357||SUP::SUP_0287,1.8653564419436508,1.5524741736461065,0.40313920793626173,0.47033780344378373,8.1479503469998,"{""PROD::PRO_004354||SUP::SUP_0287"": 0.969086829541546, ""PROD::PRO_004356||SUP::SUP_0287"": 0.9606368476699325, ""PROD::PRO_004152||SUP::SUP_0268"": 0.9530238150956767, ""PROD::PRO_004352||SUP::SUP_0287"": 0.7297888481656041, ""PROD::PRO_000045||SUP::SUP_0017"": 0.6719626989832953, ""PROD::PRO_000648||SUP::SUP_0037"": 0.6543868711765949, ""PROD::PRO_000043||SUP::SUP_0017"": 0.5720142534549685, ""PROD::PRO_003909||SUP::SUP_0256"": 0.5240471359958826, ""PROD::PRO_000044||SUP::SUP_0017"": 0.5152372282865867, ""PROD::PRO_000061||SUP::SUP_0024"": 0.49881766885767054}","{""银行金融服务"": 0.40313920793626173, ""广告业"": 0.1351998181346125, ""货币银行服务"": 0.10353080162928825, ""人身保险"": 0.07434344909155803, ""网络借贷服务"": 0.07234991262392014, ""数字化租赁"": 0.07234991262392014, ""数字化零售"": 0.06715793065616839, ""互联网保险"": 0.036546819951994054, ""房地产开发经营"": 0.03538214735227677}","{""互联网数据服务"": 0.47033780344378373, ""货币银行服务"": 0.21052905038935785, ""医院"": 0.07434344909155804, ""数字政府"": 0.07076429470455355, ""互联网平台"": 0.06873929120937641, ""非金融机构支付服务"": 0.06873929120937641, ""互联网相关服务"": 0.036546819951994054}"
PRO_004356,SUP_0287,PROD::PRO_004356||SUP::SUP_0287,1.6945723621060016,1.6058956608429433,0.46226924885020904,0.46490043580198864,8.55393348837204,"{""PROD::PRO_004354||SUP::SUP_0287"": 0.9937488905788324, ""PROD::PRO_004357||SUP::SUP_0287"": 0.9606368476699325, ""PROD::PRO_004152||SUP::SUP_0268"": 0.9191499405736696, ""PROD::PRO_000648||SUP::SUP_0037"": 0.7212954902719528, ""PROD::PRO_004352||SUP::SUP_0287"": 0.6587714329436387, ""PROD::PRO_000045||SUP::SUP_0017"": 0.6029770964366817, ""PROD::PRO_003909||SUP::SUP_0256"": 0.49159790270426196, ""PROD::PRO_001277||SUP::SUP_0092"": 0.4826396340809145, ""PROD::PRO_000043||SUP::SUP_0017"": 0.47854556466082177, ""PROD::PRO_006100||SUP::SUP_0368"": 0.4480740095426696}","{""银行金融服务"": 0.46226924885020904, ""广告业"": 0.13602050104063962, ""货币银行服务"": 0.0974883600866337, ""人身保险"": 0.0727491675565222, ""互联网房地产业"": 0.0714234772280826, ""网络借贷服务"": 0.06515268440139026, ""数字化租赁"": 0.06515268440139026, ""数字化零售"": 0.02974387643513239}","{""互联网数据服务"": 0.46490043580198864, ""货币银行服务"": 0.17755860524695855, ""互联网平台"": 0.07353001726831897, ""非金融机构支付服务"": 0.07353001726831897, ""医院"": 0.0727491675565222, ""房地产租赁经营"": 0.0714234772280826, ""其他未列明金融业"": 0.06630827962981015}"
PRO_004349,SUP_0287,PROD::PRO_004349||SUP::SUP_0287,1.93358754480705,1.517421335534501,0.43373264018050395,0.531209711629126,10.075711637215838,"{""PROD::PRO_004350||SUP::SUP_0287"": 0.9053353454873968, ""PROD::PRO_000027||SUP::SUP_0007"": 0.6402724081302023, ""PROD::PRO_001861||SUP::SUP_0140"": 0.6093775077633389, ""PROD::PRO_001839||SUP::SUP_0135"": 0.5578300511621926, ""PROD::PRO_004152||SUP::SUP_0268"": 0.5302078173404549, ""PROD::PRO_000870||SUP::SUP_0075"": 0.5231035197071089, ""PROD::PRO_001190||SUP::SUP_0084"": 0.5200535666845602, ""PROD::PRO_001832||SUP::SUP_0134"": 0.5115058723152487, ""PROD::PRO_004351||SUP::SUP_0287"": 0.5093275789170807, ""PROD::PRO_000045||SUP::SUP_0017"": 0.4991444060553578}","{""银行金融服务"": 0.43373264018050395, ""互联网保险"": 0.11027471178326012, ""广告业"": 0.09131818504126489, ""数字化租赁"": 0.07669382896993018, ""电信"": 0.052476827193011215, ""货币银行服务"": 0.04504730262933636, ""人身保险"": 0.04504730262933636, ""气象服务"": 0.04404856583601105, ""安全系统监控服务"": 0.04404856583601105, ""数字化零售"": 0.028656034950667382}","{""互联网数据服务"": 0.531209711629126, ""其他信息技术服务业"": 0.09607558803852558, ""婚姻服务"": 0.0900946052586727, ""其他批发业"": 0.08956930901563102, ""非专业视听设备制造"": 0.08809713167202209, ""电信"": 0.05247682719301121, ""互联网信息服务"": 0.05247682719301121}"
PRO_004355,SUP_0287,PROD::PRO_004355||SUP::SUP_0287,1.8062130257066957,1.6914804358957303,0.4152937978739929,0.29464308152056684,9.873768725793981,"{""PROD::PRO_004358||SUP::SUP_0287"": 1.0, ""PROD::PRO_001817||SUP::SUP_0131"": 0.5490077436776578, ""PROD::PRO_003541||SUP::SUP_0232"": 0.5146450480242836, ""PROD::PRO_000045||SUP::SUP_0017"": 0.3610157847426587, ""PROD::PRO_004352||SUP::SUP_0287"": 0.35021436220889357, ""PROD::PRO_004153||SUP::SUP_0268"": 0.3477746263484751, ""PROD::PRO_004190||SUP::SUP_0279"": 0.28097524887468284, ""PROD::PRO_004154||SUP::SUP_0268"": 0.25021651688209223, ""PROD::PRO_001764||SUP::SUP_0127"": 0.22849462480173055, ""PROD::PRO_001763||SUP::SUP_0127"": 0.22849462480173055}","{""银行金融服务"": 0.4152937978739929, ""其他数字金融"": 0.1335512774206972, ""数字内容出版"": 0.1251922297515604, ""货币银行服务"": 0.08519292484066263, ""广告业"": 0.08459943623420815, ""专业公共卫生服务"": 0.0683498618060372, ""数字化零售"": 0.02927349069094719, ""网络借贷服务"": 0.02927349069094719, ""数字化租赁"": 0.02927349069094719}","{""互联网数据服务"": 0.29464308152056684, ""互联网信息服务"": 0.20979166598576857, ""电信"": 0.17951677840221159, ""软件开发"": 0.1335512774206972, ""金融信息服务"": 0.12162968460706262, ""货币银行服务"": 0.06086751206369327}"
PRO_004358,SUP_0287,PROD::PRO_004358||SUP::SUP_0287,1.8062130257066957,1.6914804358957303,0.4152937978739929,0.29464308152056684,9.873768725793981,"{""PROD::PRO_004355||SUP::SUP_0287"": 1.0, ""PROD::PRO_001817||SUP::SUP_0131"": 0.5490077436776578, ""PROD::PRO_003541||SUP::SUP_0232"": 0.5146450480242837, ""PROD::PRO_000045||SUP::SUP_0017"": 0.3610157847426587, ""PROD::PRO_004352||SUP::SUP_0287"": 0.35021436220889357, ""PROD::PRO_004153||SUP::SUP_0268"": 0.347774626348475, ""PROD::PRO_004190||SUP::SUP_0279"": 0.28097524887468284, ""PROD::PRO_004154||SUP::SUP_0268"": 0.25021651688209223, ""PROD::PRO_001764||SUP::SUP_0127"": 0.22849462480173055, ""PROD::PRO_001763||SUP::SUP_0127"": 0.22849462480173055}","{""银行金融服务"": 0.4152937978739929, ""其他数字金融"": 0.1335512774206972, ""数字内容出版"": 0.12519222975156044, ""货币银行服务"": 0.08519292484066263, ""广告业"": 0.08459943623420813, ""专业公共卫生服务"": 0.0683498618060372, ""数字化零售"": 0.02927349069094719, ""网络借贷服务"": 0.02927349069094719, ""数字化租赁"": 0.02927349069094719}","{""互联网数据服务"": 0.29464308152056684, ""互联网信息服务"": 0.20979166598576857, ""电信"": 0.17951677840221159, ""软件开发"": 0.1335512774206972, ""数字金融"": 0.12162968460706262, ""货币银行服务"": 0.06086751206369327}"
PRO_000069,SUP_0026,PROD::PRO_000069||SUP::SUP_0026,2.3526650654566135,2.082896554604351,0.15655653000949318,0.19754458421636975,6.4402768839092515,"{""PROD::PRO_000039||SUP::SUP_0013"": 0.7095636957703394, ""PROD::PRO_004077||SUP::SUP_0266"": 0.6947704465169837, ""PROD::PRO_001725||SUP::SUP_0125"": 0.6926107206968345, ""PROD::PRO_000074||SUP::SUP_0027"": 0.6453440287060913, ""PROD::PRO_004671||SUP::SUP_0298"": 0.6295736532728797, ""PROD::PRO_004600||SUP::SUP_0298"": 0.6279764059836963, ""PROD::PRO_000042||SUP::SUP_0016"": 0.6168330480925096, ""PROD::PRO_001766||SUP::SUP_0127"": 0.6087816852726475, ""PROD::PRO_000073||SUP::SUP_0027"": 0.5746296089972389, ""PROD::PRO_004102||SUP::SUP_0266"": 0.5620307212204113}","{""银行金融服务"": 0.15655653000949318, ""行政办公自动化"": 0.1368172974075537, ""环境治理业"": 0.1092043375724303, ""人力资源服务"": 0.10886487087704934, ""智能道路运输"": 0.09587800807382464, ""智慧配送"": 0.09587800807382464, ""数字金融"": 0.08233836838192386, ""数字政府"": 0.08233836838192386, ""智慧教育"": 0.04847705076361428, ""国家行政机构"": 0.027882386819454038}","{""互联网数据服务"": 0.19754458421636975, ""测绘地理信息服务"": 0.19175601614764934, ""货币银行服务"": 0.1481839574812834, ""人力资源服务"": 0.10886487087704938, ""技能培训、教育辅助及其他教育"": 0.09695410152722858, ""电信"": 0.09568858462491048, ""砖瓦、石材等建筑材料制造"": 0.05576477363890809, ""水泥、石灰和石膏制造"": 0.05576477363890809, ""国家行政机构"": 0.04947833784769306}"
PRO_000063,SUP_0026,PROD::PRO_000063||SUP::SUP_0026,1.1568784272298667,2.1574616853874935,0.5439508522978741,0.2883049884871081,11.013907629210848,"{""PROD::PRO_000065||SUP::SUP_0026"": 0.991664022064871, ""PROD::PRO_000072||SUP::SUP_0026"": 0.9892219470956837, ""PROD::PRO_000071||SUP::SUP_0026"": 0.9889226643133738, ""PROD::PRO_000064||SUP::SUP_0026"": 0.9861536919984489, ""PROD::PRO_004154||SUP::SUP_0268"": 0.57038814481235, ""PROD::PRO_004242||SUP::SUP_0281"": 0.4988665976080069, ""PROD::PRO_004353||SUP::SUP_0287"": 0.36963281678065063, ""PROD::PRO_003541||SUP::SUP_0232"": 0.33042221340461686, ""PROD::PRO_000870||SUP::SUP_0075"": 0.2786512108751067, ""PROD::PRO_004153||SUP::SUP_0268"": 0.27795336460131825}","{""银行金融服务"": 0.5439508522978741, ""网络借贷服务"": 0.31484504023926124, ""数字内容出版"": 0.052599283713358314, ""广告业"": 0.04424686746421687, ""货币银行服务"": 0.022178978142644717, ""人身保险"": 0.022178978142644717}","{""货币银行服务"": 0.2883049884871081, ""互联网数据服务"": 0.13757732525485633, ""高等教育"": 0.11806743957845184, ""互联网信息服务"": 0.09684615117757517, ""非货币银行服务"": 0.0787112600598153, ""其他社会保障"": 0.0787112600598153, ""婚姻服务"": 0.04435795628528943, ""其他房地产业"": 0.03946527740028702, ""房地产开发经营"": 0.03935617951863655, ""基本保险"": 0.03935617951863655}"
PRO_000072,SUP_0026,PROD::PRO_000072||SUP::SUP_0026,1.1512758390443445,2.3733904464159226,0.49139076832149586,0.20829853187480626,10.558395185346752,"{""PROD::PRO_000071||SUP::SUP_0026"": 0.9991889035350751, ""PROD::PRO_000065||SUP::SUP_0026"": 0.998199584878975, ""PROD::PRO_000064||SUP::SUP_0026"": 0.9927353038211091, ""PROD::PRO_000063||SUP::SUP_0026"": 0.9892219470956837, ""PROD::PRO_004154||SUP::SUP_0268"": 0.5504862856386064, ""PROD::PRO_004242||SUP::SUP_0281"": 0.4850657574664936, ""PROD::PRO_004353||SUP::SUP_0287"": 0.32791865656092944, ""PROD::PRO_003541||SUP::SUP_0232"": 0.2922068184604121, ""PROD::PRO_000870||SUP::SUP_0075"": 0.2753252309510429, ""PROD::PRO_001717||SUP::SUP_0123"": 0.2603588008845348}","{""网络借贷服务"": 0.49139076832149586, ""银行金融服务"": 0.3913216508532087, ""数字内容出版"": 0.04735386152045105, ""货币银行服务"": 0.022309049679667597, ""人身保险"": 0.022309049679667597, ""人力资源服务"": 0.008438539981836371, ""婚姻服务"": 0.008438539981836371, ""家庭服务"": 0.008438539981836371}","{""货币银行服务"": 0.20829853187480626, ""国家行政机构"": 0.16030932933930245, ""高等教育"": 0.12114185830137694, ""非货币银行服务"": 0.08066072475008927, ""其他社会保障"": 0.08066072475008927, ""互联网数据服务"": 0.053141178342703016, ""互联网信息服务"": 0.047353861520451054, ""婚姻服务"": 0.0446180993593352, ""不提供住宿社会工作"": 0.04219269990918186, ""房地产开发经营"": 0.040481133551287685}"
PRO_000071,SUP_0026,PROD::PRO_000071||SUP::SUP_0026,1.1478503136172697,2.1921656911348433,0.4909131001540096,0.24883659257602436,10.578433856762704,"{""PROD::PRO_000072||SUP::SUP_0026"": 0.9991889035350751, ""PROD::PRO_000065||SUP::SUP_0026"": 0.9985446327957184, ""PROD::PRO_000064||SUP::SUP_0026"": 0.9908436177837796, ""PROD::PRO_000063||SUP::SUP_0026"": 0.9889226643133738, ""PROD::PRO_004154||SUP::SUP_0268"": 0.5512633552482069, ""PROD::PRO_004242||SUP::SUP_0281"": 0.4845283812717638, ""PROD::PRO_004353||SUP::SUP_0287"": 0.33719919168522083, ""PROD::PRO_003541||SUP::SUP_0232"": 0.2952402084180009, ""PROD::PRO_000870||SUP::SUP_0075"": 0.2707779610480354, ""PROD::PRO_001717||SUP::SUP_0123"": 0.25374993688048875}","{""网络借贷服务"": 0.4909131001540096, ""银行金融服务"": 0.39267879627875146, ""数字内容出版"": 0.04784891776062641, ""货币银行服务"": 0.021942188123702036, ""人身保险"": 0.021942188123702036, ""人力资源服务"": 0.008224936519736154, ""婚姻服务"": 0.008224936519736154, ""家庭服务"": 0.008224936519736154}","{""货币银行服务"": 0.24883659257602436, ""国家行政机构"": 0.16027247606246142, ""互联网数据服务"": 0.13561726718299094, ""非货币银行服务"": 0.08060392189295298, ""高等教育"": 0.08060392189295298, ""其他社会保障"": 0.08060392189295298, ""互联网信息服务"": 0.0478489177606264, ""婚姻服务"": 0.043884376247404065, ""不提供住宿社会工作"": 0.04112468259868077, ""其他房地产业"": 0.04045797172324114}"
PRO_000064,SUP_0026,PROD::PRO_000064||SUP::SUP_0026,1.162555569212608,2.1965700040738385,0.5487300656949295,0.28835520903700196,11.137519062608007,"{""PROD::PRO_000065||SUP::SUP_0026"": 0.9927833695628222, ""PROD::PRO_000072||SUP::SUP_0026"": 0.9927353038211091, ""PROD::PRO_000071||SUP::SUP_0026"": 0.9908436177837796, ""PROD::PRO_000063||SUP::SUP_0026"": 0.9861536919984489, ""PROD::PRO_004154||SUP::SUP_0268"": 0.5612081940617386, ""PROD::PRO_004242||SUP::SUP_0281"": 0.5231852261754922, ""PROD::PRO_004353||SUP::SUP_0287"": 0.3523913086699797, ""PROD::PRO_003541||SUP::SUP_0232"": 0.33177378623624554, ""PROD::PRO_000870||SUP::SUP_0075"": 0.3141869011883376, ""PROD::PRO_001717||SUP::SUP_0123"": 0.29577881510451465}","{""银行金融服务"": 0.5487300656949295, ""网络借贷服务"": 0.3214130104219732, ""数字内容出版"": 0.05232166569015287, ""货币银行服务"": 0.02477408205556023, ""人身保险"": 0.02477408205556023, ""人力资源服务"": 0.009329031360608005, ""婚姻服务"": 0.009329031360608005, ""家庭服务"": 0.009329031360608005}","{""货币银行服务"": 0.28835520903700196, ""国家行政机构"": 0.15551923006693513, ""互联网数据服务"": 0.13385169181327208, ""高等教育"": 0.07820589840995668, ""互联网信息服务"": 0.05232166569015287, ""婚姻服务"": 0.04954816411112046, ""不提供住宿社会工作"": 0.04664515680304002, ""非货币银行服务"": 0.03914118724860751, ""其他房地产业"": 0.03914118724860751, ""其他社会保障"": 0.03914118724860751}"
PRO_000065,SUP_0026,PROD::PRO_000065||SUP::SUP_0026,1.1415007821344803,2.126529851676484,0.544195833697252,0.2878357522953596,11.062620858013869,"{""PROD::PRO_000071||SUP::SUP_0026"": 0.9985446327957184, ""PROD::PRO_000072||SUP::SUP_0026"": 0.998199584878975, ""PROD::PRO_000064||SUP::SUP_0026"": 0.9927833695628222, ""PROD::PRO_000063||SUP::SUP_0026"": 0.991664022064871, ""PROD::PRO_004154||SUP::SUP_0268"": 0.547938923856432, ""PROD::PRO_004242||SUP::SUP_0281"": 0.4784267915261109, ""PROD::PRO_004353||SUP::SUP_0287"": 0.3329809046313481, ""PROD::PRO_003541||SUP::SUP_0232"": 0.3142968720065218, ""PROD::PRO_000870||SUP::SUP_0075"": 0.2635249910511308, ""PROD::PRO_004153||SUP::SUP_0268"": 0.2487044639410123}","{""银行金融服务"": 0.544195833697252, ""网络借贷服务"": 0.32178151752857215, ""数字内容出版"": 0.0509637720079788, ""广告业"": 0.04032785155237984, ""货币银行服务"": 0.02136551260690848, ""人身保险"": 0.02136551260690848}","{""货币银行服务"": 0.2878357522953596, ""国家行政机构"": 0.16080000671460917, ""互联网数据服务"": 0.13492329932217148, ""互联网信息服务"": 0.09129162356035868, ""高等教育"": 0.08072430506339776, ""婚姻服务"": 0.04273102521381698, ""房地产开发经营"": 0.04047892735990699, ""基本保险"": 0.04047892735990699, ""非货币银行服务"": 0.040245377703490764, ""其他社会保障"": 0.040245377703490764}"
PRO_004242,SUP_0281,PROD::PRO_004242||SUP::SUP_0281,1.1484490450184588,1.7466721624364498,0.6996123597677383,0.3759647900487052,12.352501139745513,"{""PROD::PRO_004154||SUP::SUP_0268"": 0.8149096438963804, ""PROD::PRO_000078||SUP::SUP_0029"": 0.7651216871620361, ""PROD::PRO_000043||SUP::SUP_0017"": 0.761345721414563, ""PROD::PRO_000044||SUP::SUP_0017"": 0.7603530225491185, ""PROD::PRO_000649||SUP::SUP_0037"": 0.6890610854313427, ""PROD::PRO_001193||SUP::SUP_0084"": 0.6669537582316765, ""PROD::PRO_001190||SUP::SUP_0084"": 0.6660654131660325, ""PROD::PRO_003430||SUP::SUP_0205"": 0.6493472218334928, ""PROD::PRO_001196||SUP::SUP_0084"": 0.6456430647207132, ""PROD::PRO_001189||SUP::SUP_0084"": 0.6177438454369344}","{""银行金融服务"": 0.6996123597677383, ""网络借贷服务"": 0.05409940385701988, ""数字化租赁"": 0.05409940385701988, ""互联网保险"": 0.054028865052742764, ""数字金融"": 0.046141058666665354, ""数字化零售"": 0.046141058666665354, ""其他数字政府"": 0.045877850132148616}","{""货币银行服务"": 0.3759647900487052, ""国家行政机构"": 0.15461328001448085, ""其他批发业"": 0.14053587675141466, ""机械设备、五金产品及电子产品批发"": 0.09478427396556063, ""综合零售"": 0.09228211733333072, ""纺织、服装及家庭用品批发"": 0.0877907968337653, ""互联网相关服务"": 0.05402886505274277}"
PRO_000058,SUP_0022,PROD::PRO_000058||SUP::SUP_0022,2.256525154601688,1.5364975828532068,0.20918676334095618,0.3666094782049225,8.085345995842257,"{""PROD::PRO_004076||SUP::SUP_0266"": 0.9062913651841651, ""PROD::PRO_004649||SUP::SUP_0298"": 0.8915786846834654, ""PROD::PRO_000062||SUP::SUP_0025"": 0.8839677607770267, ""PROD::PRO_005723||SUP::SUP_0353"": 0.8763564551663502, ""PROD::PRO_004348||SUP::SUP_0287"": 0.5264684888352524, ""PROD::PRO_001314||SUP::SUP_0100"": 0.5063394738324084, ""PROD::PRO_004656||SUP::SUP_0298"": 0.47468166518208, ""PROD::PRO_003929||SUP::SUP_0263"": 0.44586556644191333, ""PROD::PRO_004573||SUP::SUP_0298"": 0.3969131482710829, ""PROD::PRO_004560||SUP::SUP_0298"": 0.3901097048468336}","{""银行金融服务"": 0.20918676334095618, ""金融信息服务"": 0.17573227342720363, ""数字社会"": 0.08983527486398547, ""数字金融"": 0.08983527486398547, ""智慧配送"": 0.08038956269020076, ""法律服务"": 0.07194418989854873, ""社会团体"": 0.07194418989854873, ""互联网零售"": 0.07078835397444758, ""数字化商务服务"": 0.06956786487367109, ""其他数字化效率提升业"": 0.03538812608422624}","{""互联网数据服务"": 0.3666094782049225, ""货币银行服务"": 0.24012410003513543, ""互联网平台"": 0.21113250131742495, ""智慧物流"": 0.08038956269020074, ""国家行政机构"": 0.07077625216845247, ""金融信息服务"": 0.030968105583863908}"
PRO_000022,SUP_0004,PROD::PRO_000022||SUP::SUP_0004,2.3873340504676297,1.8262818119375628,0.15669872218088676,0.2810748664567407,10.317153352523729,"{""PROD::PRO_003003||SUP::SUP_0166"": 0.9999999999999999, ""PROD::PRO_000787||SUP::SUP_0072"": 0.9983440910449054, ""PROD::PRO_003008||SUP::SUP_0166"": 0.9983440910449054, ""PROD::PRO_000021||SUP::SUP_0004"": 0.9136301313671755, ""PROD::PRO_001323||SUP::SUP_0104"": 0.8550008829398019, ""PROD::PRO_002985||SUP::SUP_0166"": 0.7860752002788368, ""PROD::PRO_004622||SUP::SUP_0298"": 0.5452255224886835, ""PROD::PRO_000727||SUP::SUP_0051"": 0.4132654845497049, ""PROD::PRO_004716||SUP::SUP_0298"": 0.41251991036532354, ""PROD::PRO_000720||SUP::SUP_0048"": 0.36476313641625047}","{""互联网零售"": 0.15669872218088676, ""银行金融服务"": 0.1517583172701942, ""非金融机构支付服务"": 0.13700027628385752, ""数字技术研究和试验发展"": 0.12736631108225027, ""电信"": 0.12736631108225027, ""互联网资讯服务"": 0.04179173010631864, ""互联网金融"": 0.04179173010631864, ""机械设备经营租赁"": 0.04179173010631864, ""数字政府"": 0.03740997111515953, ""行政办公自动化"": 0.029332411098636494}","{""货币银行服务"": 0.2810748664567407, ""电信"": 0.182086584786803, ""互联网数据服务"": 0.1372275125507757, ""互联网信息服务"": 0.13700027628385752, ""互联网相关服务"": 0.11732964439454599, ""软件开发"": 0.10787114441211762, ""金融信息服务"": 0.037409971115159535}"
PRO_006662,SUP_0373,PROD::PRO_006662||SUP::SUP_0373,2.08714878253816,2.4463762184838647,0.42092526002080766,0.11153441892970903,7.360956917192475,"{""PROD::PRO_006100||SUP::SUP_0368"": 0.7486877796135847, ""PROD::PRO_001296||SUP::SUP_0097"": 0.7391115225110718, ""PROD::PRO_001184||SUP::SUP_0079"": 0.7330834636468097, ""PROD::PRO_000039||SUP::SUP_0013"": 0.6775847778888866, ""PROD::PRO_001188||SUP::SUP_0083"": 0.6572676388148647, ""PROD::PRO_000033||SUP::SUP_0012"": 0.6407915643427503, ""PROD::PRO_000870||SUP::SUP_0075"": 0.6360159602788505, ""PROD::PRO_003175||SUP::SUP_0169"": 0.6299155538293728, ""PROD::PRO_003414||SUP::SUP_0195"": 0.6268860424399424, ""PROD::PRO_003415||SUP::SUP_0195"": 0.6232721857682293}","{""银行金融服务"": 0.42092526002080766, ""人身保险"": 0.15748248158697054, ""数字金融"": 0.04773038690501628, ""咨询与调查"": 0.04773038690501628, ""货币银行服务"": 0.04737466838068006, ""数字化零售"": 0.03128017988460039, ""智慧配送"": 0.03128017988460039, ""数字化通用、专用设备制造"": 0.03128017988460039, ""数字社会"": 0.027302448487614466, ""数字政府"": 0.027302448487614466}","{""其他未列明金融业"": 0.11153441892970903, ""环境卫生管理"": 0.10920979395045786, ""软件开发"": 0.09791526744880726, ""国家行政机构"": 0.09546077381003255, ""婚姻服务"": 0.09474933676136012, ""人力资源服务"": 0.09384053965380118, ""电力供应"": 0.09338922362906861, ""贸易经纪与代理"": 0.09285085581413939, ""医院"": 0.055053906603145235, ""基层医疗卫生服务"": 0.055053906603145235}"
PRO_000021,SUP_0004,PROD::PRO_000021||SUP::SUP_0004,2.2305670792855388,1.8293218689578266,0.17084177809652282,0.2788795129823669,9.56941390589788,"{""PROD::PRO_002985||SUP::SUP_0166"": 0.9494929301014333, ""PROD::PRO_000787||SUP::SUP_0072"": 0.9273246194858835, ""PROD::PRO_003008||SUP::SUP_0166"": 0.9273246194858835, ""PROD::PRO_003003||SUP::SUP_0166"": 0.9136301313671755, ""PROD::PRO_000022||SUP::SUP_0004"": 0.9136301313671755, ""PROD::PRO_001323||SUP::SUP_0104"": 0.879477385522588, ""PROD::PRO_004622||SUP::SUP_0298"": 0.5951580771254411, ""PROD::PRO_000727||SUP::SUP_0051"": 0.5460451425277247, ""PROD::PRO_005201||SUP::SUP_0319"": 0.5230767723993291, ""PROD::PRO_004700||SUP::SUP_0298"": 0.49314743393572136}","{""银行金融服务"": 0.17084177809652282, ""互联网零售"": 0.14997033072292795, ""数字技术研究和试验发展"": 0.12129785589841877, ""电信"": 0.12129785589841877, ""非金融机构支付服务"": 0.12092950765553785, ""数字金融"": 0.11914365222693066, ""汽车、摩托车、零配件和燃料及其他动力销售"": 0.06821280835546892, ""数字政府"": 0.03880635309989839, ""数字社会"": 0.03215490839685751, ""行政办公自动化"": 0.028672474824509186}","{""货币银行服务"": 0.2788795129823669, ""互联网数据服务"": 0.18735646058239958, ""电信"": 0.13551785856897275, ""软件开发"": 0.12382040781278777, ""互联网信息服务"": 0.12092950765553785, ""互联网相关服务"": 0.11468989929803675, ""金融信息服务"": 0.03880635309989839}"
PRO_000787,SUP_0072,PROD::PRO_000787||SUP::SUP_0072,2.3168017238373024,1.8289117266256265,0.160386967594126,0.2775745952166438,8.539470715010417,"{""PROD::PRO_003008||SUP::SUP_0166"": 1.0, ""PROD::PRO_000022||SUP::SUP_0004"": 0.9983440910449054, ""PROD::PRO_003003||SUP::SUP_0166"": 0.9983440910449054, ""PROD::PRO_000021||SUP::SUP_0004"": 0.9273246194858835, ""PROD::PRO_001323||SUP::SUP_0104"": 0.8544191945055343, ""PROD::PRO_002985||SUP::SUP_0166"": 0.8055484800500757, ""PROD::PRO_004622||SUP::SUP_0298"": 0.5497610535129926, ""PROD::PRO_000727||SUP::SUP_0051"": 0.41854849588942233, ""PROD::PRO_004716||SUP::SUP_0298"": 0.4077878699246785, ""PROD::PRO_000720||SUP::SUP_0048"": 0.3473414903748353}","{""数字金融"": 0.160386967594126, ""互联网零售"": 0.15713285293083193, ""银行金融服务"": 0.15202737075531447, ""数字技术研究和试验发展"": 0.12790163088813716, ""电信"": 0.12790163088813716, ""互联网资讯服务"": 0.04230059753988626, ""互联网金融"": 0.04230059753988626, ""机械设备经营租赁"": 0.04230059753988626, ""数字政府"": 0.037616634853256455, ""行政办公自动化"": 0.029231222042694772}","{""货币银行服务"": 0.2775745952166438, ""电信"": 0.184178989094909, ""互联网信息服务"": 0.13684721612374987, ""互联网数据服务"": 0.13662060959309077, ""互联网相关服务"": 0.11692488817077912, ""软件开发"": 0.1102370669475709, ""金融信息服务"": 0.037616634853256455}"
PRO_000719,SUP_0048,PROD::PRO_000719||SUP::SUP_0048,1.358599077603761,1.6165984176730104,0.4956648205466122,0.366716280867128,8.210186502214501,"{""PROD::PRO_000720||SUP::SUP_0048"": 0.993535836080072, ""PROD::PRO_002726||SUP::SUP_0145"": 0.7421949258523673, ""PROD::PRO_001743||SUP::SUP_0127"": 0.7180588697578494, ""PROD::PRO_001746||SUP::SUP_0127"": 0.7009903723649982, ""PROD::PRO_004540||SUP::SUP_0298"": 0.5847652639260605, ""PROD::PRO_001748||SUP::SUP_0127"": 0.5737906660850466, ""PROD::PRO_001774||SUP::SUP_0127"": 0.563990330059238, ""PROD::PRO_000727||SUP::SUP_0051"": 0.5539691315058929, ""PROD::PRO_001747||SUP::SUP_0127"": 0.5489773223301055, ""PROD::PRO_001744||SUP::SUP_0127"": 0.5445003146328378}","{""银行金融服务"": 0.4956648205466122, ""数字金融"": 0.20439804694717476, ""其他数字金融"": 0.11375030551173759, ""互联网金融"": 0.11005116441151136, ""数字商贸"": 0.07613566258296413}","{""电信"": 0.366716280867128, ""货币银行服务"": 0.1970824826579106, ""软件开发"": 0.16758860905972997, ""其他未列明金融业"": 0.11375030551173758, ""互联网数据服务"": 0.11005116441151135, ""国家行政机构"": 0.04481115749198238}"
PRO_000052,SUP_0019,PROD::PRO_000052||SUP::SUP_0019,0.9685064677362123,1.3036917495602036,0.6843644578738832,0.39617320574336023,2.5461333935229424,"{""PROD::PRO_002861||SUP::SUP_0160"": 0.8726578740856316, ""PROD::PRO_004105||SUP::SUP_0266"": 0.801177206980369, ""PROD::PRO_004060||SUP::SUP_0266"": 0.7835678537948633, ""PROD::PRO_004087||SUP::SUP_0266"": 0.7557442431400758, ""PROD::PRO_004107||SUP::SUP_0266"": 0.7242232529070916, ""PROD::PRO_004073||SUP::SUP_0266"": 0.7148147145292134, ""PROD::PRO_004115||SUP::SUP_0266"": 0.7103214745857933, ""PROD::PRO_004049||SUP::SUP_0266"": 0.6730303406728121, ""PROD::PRO_004106||SUP::SUP_0266"": 0.6484515090177538, ""PROD::PRO_004083||SUP::SUP_0266"": 0.6074351842770129}","{""法律服务"": 0.6843644578738832, ""数字金融"": 0.11968278288260255, ""其他数字政府"": 0.10364837910994992, ""银行金融服务"": 0.09230438013356426}","{""互联网数据服务"": 0.39617320574336023, ""互联网信息服务"": 0.2730313165174616, ""互联网相关服务"": 0.21111269485657566, ""法律服务"": 0.11968278288260256}"
PRO_000027,SUP_0007,PROD::PRO_000027||SUP::SUP_0007,0.9258349818885623,2.005281218362886,0.735405016108326,0.33268835714529643,11.368289035467278,"{""PROD::PRO_004350||SUP::SUP_0287"": 0.6621816039401879, ""PROD::PRO_005729||SUP::SUP_0353"": 0.6594816861235572, ""PROD::PRO_004349||SUP::SUP_0287"": 0.6402724081302023, ""PROD::PRO_001861||SUP::SUP_0140"": 0.6167628371799467, ""PROD::PRO_001481||SUP::SUP_0113"": 0.5993046084582732, ""PROD::PRO_003430||SUP::SUP_0205"": 0.5925111413662947, ""PROD::PRO_000649||SUP::SUP_0037"": 0.5655414127964845, ""PROD::PRO_001188||SUP::SUP_0083"": 0.535943996430647, ""PROD::PRO_000646||SUP::SUP_0037"": 0.5346094469708668, ""PROD::PRO_001482||SUP::SUP_0113"": 0.49060864833551565}","{""银行金融服务"": 0.735405016108326, ""住宅房屋建筑"": 0.11182929130950922, ""电信"": 0.05229269624854555, ""数字金融"": 0.0502364981668096, ""数字化零售"": 0.0502364981668096}","{""互联网数据服务"": 0.33268835714529643, ""其他金融业"": 0.10162497466207893, ""综合零售"": 0.10047299633361918, ""货币银行服务"": 0.09589969930925477, ""软件开发"": 0.09088082135338693, ""金融信息服务"": 0.09065451981470135, ""其他未列明金融业"": 0.08319323888457127, ""电信"": 0.052292696248545545, ""互联网信息服务"": 0.052292696248545545}"
PRO_003469,SUP_0214,PROD::PRO_003469||SUP::SUP_0214,2.1884695321865855,2.5259415334541395,0.3354838798641632,0.22186049594603877,6.018990844023313,"{""PROD::PRO_000033||SUP::SUP_0012"": 0.6738710688244214, ""PROD::PRO_000036||SUP::SUP_0012"": 0.6629957273033856, ""PROD::PRO_001296||SUP::SUP_0097"": 0.6238209391050523, ""PROD::PRO_003414||SUP::SUP_0195"": 0.6119867935226396, ""PROD::PRO_003415||SUP::SUP_0195"": 0.6082790176432513, ""PROD::PRO_000035||SUP::SUP_0012"": 0.5865651768032768, ""PROD::PRO_001184||SUP::SUP_0079"": 0.5857572211961501, ""PROD::PRO_006662||SUP::SUP_0373"": 0.5736302364390172, ""PROD::PRO_000039||SUP::SUP_0013"": 0.5530668373354252, ""PROD::PRO_001838||SUP::SUP_0134"": 0.5457360222189652}","{""银行金融服务"": 0.3354838798641632, ""货币银行服务"": 0.14386901508678202, ""人身保险"": 0.10352656175786956, ""数字化设施种植"": 0.09056793458840824, ""数字金融"": 0.05591632987149919, ""咨询与调查"": 0.05591632987149919, ""财产保险"": 0.04867188017803449, ""数字社会"": 0.024302418904966094, ""数字政府"": 0.024302418904966094, ""智慧物流"": 0.024302418904966094}","{""国家行政机构"": 0.22186049594603877, ""电力供应"": 0.10156261933995887, ""贸易经纪与代理"": 0.1009472932672039, ""环境卫生管理"": 0.09720967561986434, ""信息技术咨询服务"": 0.09519713490874748, ""谷物种植"": 0.0905679345884082, ""水泥、石灰和石膏制造"": 0.05238184613165772, ""医院"": 0.05176328087893476, ""基层医疗卫生服务"": 0.05176328087893476, ""砖瓦、石材等建筑材料制造"": 0.045892262107919794}"
PRO_000053,SUP_0019,PROD::PRO_000053||SUP::SUP_0019,1.579854562920852,1.3425839906973036,0.38308243947499526,0.5792957232713739,9.885898951749581,"{""PROD::PRO_003998||SUP::SUP_0266"": 0.9330635438045888, ""PROD::PRO_001090||SUP::SUP_0078"": 0.9187894171816884, ""PROD::PRO_001696||SUP::SUP_0121"": 0.8643171430712058, ""PROD::PRO_002860||SUP::SUP_0160"": 0.8281905365981733, ""PROD::PRO_003993||SUP::SUP_0266"": 0.7978656917620061, ""PROD::PRO_004062||SUP::SUP_0266"": 0.742384824173097, ""PROD::PRO_000047||SUP::SUP_0019"": 0.7404903788679414, ""PROD::PRO_005724||SUP::SUP_0353"": 0.7199116903173971, ""PROD::PRO_004042||SUP::SUP_0266"": 0.7094817114872637, ""PROD::PRO_004011||SUP::SUP_0266"": 0.638885263576358}","{""数字化商务服务"": 0.38308243947499526, ""银行金融服务"": 0.30580925661690844, ""数字政府"": 0.1010803573958248, ""互联网批发零售"": 0.058199997580500755, ""数字金融"": 0.05246108229463394, ""其他未列明金融业"": 0.05246108229463394, ""互联网保险"": 0.04690578434250298}","{""互联网数据服务"": 0.5792957232713739, ""信息技术服务"": 0.10949898789611796, ""国家行政机构"": 0.10492216458926786, ""互联网信息服务"": 0.08988312908223868, ""货币银行服务"": 0.05819999758050074, ""人身保险"": 0.05819999758050074}"
PRO_001197,SUP_0085,PROD::PRO_001197||SUP::SUP_0085,2.3949361064575396,1.6075003148977338,0.22037990266046542,0.46387970358110087,6.243563939096723,"{""PROD::PRO_000013||SUP::SUP_0003"": 0.9664936177965596, ""PROD::PRO_000012||SUP::SUP_0003"": 0.9087934218616786, ""PROD::PRO_003895||SUP::SUP_0252"": 0.8942553289328334, ""PROD::PRO_001199||SUP::SUP_0085"": 0.8798052911971397, ""PROD::PRO_001198||SUP::SUP_0085"": 0.8539011417500705, ""PROD::PRO_000010||SUP::SUP_0003"": 0.8518595590388516, ""PROD::PRO_000018||SUP::SUP_0003"": 0.8476341340147042, ""PROD::PRO_000020||SUP::SUP_0003"": 0.7828551838948554, ""PROD::PRO_000011||SUP::SUP_0003"": 0.7463720931353843, ""PROD::PRO_004514||SUP::SUP_0292"": 0.681241619810068}","{""智能交通"": 0.22037990266046542, ""智能道路运输"": 0.11843052734191327, ""数字广告"": 0.11487808552876945, ""房地产开发经营"": 0.10801980118877987, ""智能化电力、热力、燃气及水生产和供应"": 0.09305069698974877, ""动漫、游戏及其他数字内容服务"": 0.08097283999113958, ""数字政府"": 0.06780422548134378, ""其他数字政府"": 0.050626301860569496, ""软件开发"": 0.025373816905981554, ""非金融机构支付服务"": 0.025373816905981554}","{""智能交通"": 0.46387970358110087, ""市政设施管理"": 0.158767435000743, ""互联网数据服务"": 0.10629179362395744, ""城市公共交通运输"": 0.08871429213052645, ""软件开发"": 0.08097283999113959, ""非金融机构支付服务"": 0.05074763381196312, ""数字政府"": 0.0506263018605695}"
PRO_002860,SUP_0160,PROD::PRO_002860||SUP::SUP_0160,1.3779184521233443,1.5041985274589378,0.4191033259710927,0.48370865185229844,10.739507923311226,"{""PROD::PRO_001696||SUP::SUP_0121"": 0.9114170130150001, ""PROD::PRO_001090||SUP::SUP_0078"": 0.8776331343469724, ""PROD::PRO_000053||SUP::SUP_0019"": 0.8281905365981733, ""PROD::PRO_004042||SUP::SUP_0266"": 0.8151455827649297, ""PROD::PRO_005724||SUP::SUP_0353"": 0.812198297243953, ""PROD::PRO_003998||SUP::SUP_0266"": 0.7755903514148466, ""PROD::PRO_003993||SUP::SUP_0266"": 0.7619765357941066, ""PROD::PRO_004062||SUP::SUP_0266"": 0.7492773481913838, ""PROD::PRO_005731||SUP::SUP_0353"": 0.7308621781090867, ""PROD::PRO_004627||SUP::SUP_0298"": 0.6555014706972456}","{""银行金融服务"": 0.4191033259710927, ""数字化商务服务"": 0.2955385983766614, ""数字政府"": 0.13763018900474064, ""网上税务办理"": 0.0923063067001057, ""互联网批发零售"": 0.055421579947399595}","{""互联网数据服务"": 0.48370865185229844, ""货币银行服务"": 0.13820999287785934, ""信息技术服务"": 0.11510999043994839, ""国家行政机构"": 0.10459866711825629, ""互联网信息服务"": 0.10295111776423789, ""人身保险"": 0.055421579947399595}"
PRO_002861,SUP_0160,PROD::PRO_002861||SUP::SUP_0160,1.1294560202135635,1.467847885787537,0.6943453125067728,0.4084745467439555,2.7293856248716257,"{""PROD::PRO_000052||SUP::SUP_0019"": 0.8726578740856316, ""PROD::PRO_004105||SUP::SUP_0266"": 0.8659718480959028, ""PROD::PRO_004107||SUP::SUP_0266"": 0.7727317214263855, ""PROD::PRO_004060||SUP::SUP_0266"": 0.738485640212937, ""PROD::PRO_004087||SUP::SUP_0266"": 0.6908368264795891, ""PROD::PRO_004083||SUP::SUP_0266"": 0.6714003112841832, ""PROD::PRO_004073||SUP::SUP_0266"": 0.6564674540948088, ""PROD::PRO_004115||SUP::SUP_0266"": 0.6449188219712912, ""PROD::PRO_004106||SUP::SUP_0266"": 0.6408950209472835, ""PROD::PRO_004569||SUP::SUP_0298"": 0.6335145291759249}","{""法律服务"": 0.6943453125067728, ""其他数字政府"": 0.09611134602803215, ""数字金融"": 0.060703424951831994, ""其他数字金融"": 0.060703424951831994, ""银行金融服务"": 0.02937883052051034, ""数字社会"": 0.02937883052051034, ""数字技术研究和试验发展"": 0.02937883052051034}","{""互联网数据服务"": 0.4084745467439555, ""互联网相关服务"": 0.19885174170862552, ""互联网信息服务"": 0.1831303700822239, ""法律服务"": 0.12140684990366399, ""货币银行服务"": 0.08813649156153103}"
PRO_001199,SUP_0085,PROD::PRO_001199||SUP::SUP_0085,2.1305492524835614,1.7541777821816373,0.24802516615770104,0.31669364114615295,6.226321826783992,"{""PROD::PRO_000010||SUP::SUP_0003"": 0.9861660233348626, ""PROD::PRO_000018||SUP::SUP_0003"": 0.9723798849729178, ""PROD::PRO_001198||SUP::SUP_0085"": 0.9357159963598324, ""PROD::PRO_000013||SUP::SUP_0003"": 0.8878143580106915, ""PROD::PRO_001197||SUP::SUP_0085"": 0.8798052911971397, ""PROD::PRO_003895||SUP::SUP_0252"": 0.8767259364650445, ""PROD::PRO_000012||SUP::SUP_0003"": 0.8420223102960801, ""PROD::PRO_004514||SUP::SUP_0292"": 0.7590405457734671, ""PROD::PRO_000014||SUP::SUP_0003"": 0.6966335732996441, ""PROD::PRO_000011||SUP::SUP_0003"": 0.6943190240395671}","{""智能道路运输"": 0.24802516615770104, ""智能交通"": 0.2115875911403576, ""数字广告"": 0.10407380139351148, ""房地产开发经营"": 0.09870584081002734, ""动漫、游戏及其他数字内容服务"": 0.08897832558988539, ""其他数字政府"": 0.05780152456846475, ""数字政府"": 0.0569934863716736, ""智慧物流"": 0.051567470335903816, ""软件开发"": 0.027422264544158272, ""非金融机构支付服务"": 0.027422264544158272}","{""智能交通"": 0.31669364114615295, ""市政设施管理"": 0.25668531057015154, ""互联网数据服务"": 0.10277396413440816, ""数字政府"": 0.09863286700929422, ""软件开发"": 0.0889783255898854, ""城市公共交通运输"": 0.0813913624617912, ""非金融机构支付服务"": 0.05484452908831656}"
PRO_001198,SUP_0085,PROD::PRO_001198||SUP::SUP_0085,2.3699620698541577,1.7804298038359012,0.1887290858534455,0.3763662386613545,5.939701161343771,"{""PROD::PRO_001199||SUP::SUP_0085"": 0.9357159963598324, ""PROD::PRO_000010||SUP::SUP_0003"": 0.9260367879887246, ""PROD::PRO_000018||SUP::SUP_0003"": 0.8813673124193325, ""PROD::PRO_000013||SUP::SUP_0003"": 0.8634635314988579, ""PROD::PRO_003895||SUP::SUP_0252"": 0.8609080501954286, ""PROD::PRO_001197||SUP::SUP_0085"": 0.8539011417500705, ""PROD::PRO_000012||SUP::SUP_0003"": 0.8431779159948359, ""PROD::PRO_004514||SUP::SUP_0292"": 0.7952543109429299, ""PROD::PRO_000011||SUP::SUP_0003"": 0.715434703328542, ""PROD::PRO_000718||SUP::SUP_0047"": 0.6771505120712993}","{""智能交通"": 0.1887290858534455, ""智能道路运输"": 0.17798518516321055, ""数字广告"": 0.10337896539522431, ""房地产开发经营"": 0.10095025142328527, ""动漫、游戏及其他数字内容服务"": 0.0952125537353755, ""数字政府"": 0.07143283238190637, ""其他数字政府"": 0.05543530303706733, ""智慧物流"": 0.051117049744236844, ""橡胶制品业"": 0.040536233900499055, ""塑料制品业"": 0.040536233900499055}","{""智能交通"": 0.3763662386613545, ""市政设施管理"": 0.20318435091175896, ""互联网数据服务"": 0.1030730080460161, ""软件开发"": 0.0952125537353755, ""城市公共交通运输"": 0.08565607780742937, ""数字政府"": 0.05543530303706733, ""橡胶制品业"": 0.040536233900499055, ""塑料制品业"": 0.040536233900499055}"
PRO_001832,SUP_0134,PROD::PRO_001832||SUP::SUP_0134,2.6664691765014794,2.3163485756512143,0.19934709960142938,0.14283814651130425,4.848499529333112,"{""PROD::PRO_001825||SUP::SUP_0134"": 0.8496000077189205, ""PROD::PRO_001833||SUP::SUP_0134"": 0.8093635374287694, ""PROD::PRO_001828||SUP::SUP_0134"": 0.7787152101362819, ""PROD::PRO_001834||SUP::SUP_0134"": 0.7614531600951387, ""PROD::PRO_001830||SUP::SUP_0134"": 0.759746810076641, ""PROD::PRO_001836||SUP::SUP_0134"": 0.7531888260920091, ""PROD::PRO_001826||SUP::SUP_0134"": 0.751167544147212, ""PROD::PRO_001827||SUP::SUP_0134"": 0.7505682581668047, ""PROD::PRO_001829||SUP::SUP_0134"": 0.7318042099427388, ""PROD::PRO_001838||SUP::SUP_0134"": 0.6853034111393695}","{""环境治理业"": 0.19934709960142938, ""其他数字政府"": 0.10204747672895083, ""其他房屋建筑业"": 0.0958999800083659, ""数字化设施种植"": 0.08980623851982611, ""环境与生态监测检测服务"": 0.055668321286186144, ""气象服务"": 0.055668321286186144, ""稻谷种植"": 0.053031907991478104, ""森林经营和管护"": 0.053031907991478104, ""水上货物运输"": 0.04935117370423441, ""水上旅客运输"": 0.04935117370423441}","{""谷物种植"": 0.14283814651130425, ""其他房屋建筑业"": 0.12916176498595563, ""互联网数据服务"": 0.11133664257237232, ""城乡市容管理"": 0.10204747672895086, ""炼铁"": 0.09956174466866033, ""水上运输辅助活动"": 0.09870234740846884, ""安全保护服务"": 0.09843746658998806, ""牲畜饲养"": 0.09835893258764221, ""森林经营、管护和改培"": 0.05303190799147812, ""工矿工程建筑"": 0.033261784977589706}"
PRO_001825,SUP_0134,PROD::PRO_001825||SUP::SUP_0134,2.6610645966313062,2.31751864612962,0.20520220679560658,0.14203501808600816,5.555606271304996,"{""PROD::PRO_001833||SUP::SUP_0134"": 0.9323579737396591, ""PROD::PRO_001830||SUP::SUP_0134"": 0.8755044837630859, ""PROD::PRO_001826||SUP::SUP_0134"": 0.8721162915132215, ""PROD::PRO_001829||SUP::SUP_0134"": 0.8712966975232168, ""PROD::PRO_001834||SUP::SUP_0134"": 0.8698611649761483, ""PROD::PRO_001828||SUP::SUP_0134"": 0.8648759777367347, ""PROD::PRO_001827||SUP::SUP_0134"": 0.8612865178238885, ""PROD::PRO_001832||SUP::SUP_0134"": 0.8496000077189205, ""PROD::PRO_001836||SUP::SUP_0134"": 0.7667774508676629, ""PROD::PRO_001838||SUP::SUP_0134"": 0.7419125115432479}","{""环境治理业"": 0.20520220679560658, ""其他房屋建筑业"": 0.10243813680797415, ""其他数字政府"": 0.10168325437382399, ""数字化设施种植"": 0.087226470125568, ""稻谷种植"": 0.0548085479604402, ""森林经营和管护"": 0.0548085479604402, ""气象服务"": 0.049943631182217126, ""安全系统监控服务"": 0.049943631182217126, ""水上货物运输"": 0.045074917440025265, ""水上旅客运输"": 0.045074917440025265}","{""谷物种植"": 0.14203501808600816, ""其他房屋建筑业"": 0.1365279240086944, ""炼铁"": 0.10293284519344569, ""安全保护服务"": 0.10253449627027181, ""城乡市容管理"": 0.10168325437382397, ""牲畜饲养"": 0.10126124246139034, ""非专业视听设备制造"": 0.09988726236443424, ""水上运输辅助活动"": 0.09014983488005052, ""森林经营、管护和改培"": 0.054808547960440185, ""工矿工程建筑"": 0.034089787200720284}"
PRO_001827,SUP_0134,PROD::PRO_001827||SUP::SUP_0134,2.6511393243910093,2.4233459049897492,0.21046626574601207,0.15123030541100585,3.5952354758599845,"{""PROD::PRO_001830||SUP::SUP_0134"": 0.9986908044872824, ""PROD::PRO_001834||SUP::SUP_0134"": 0.9908721551783982, ""PROD::PRO_001828||SUP::SUP_0134"": 0.9886608587205505, ""PROD::PRO_001826||SUP::SUP_0134"": 0.9883492653689581, ""PROD::PRO_001838||SUP::SUP_0134"": 0.958015447346199, ""PROD::PRO_001833||SUP::SUP_0134"": 0.9431656892177881, ""PROD::PRO_001835||SUP::SUP_0134"": 0.930522650270195, ""PROD::PRO_001831||SUP::SUP_0134"": 0.9294338343945776, ""PROD::PRO_001829||SUP::SUP_0134"": 0.8641232219985491, ""PROD::PRO_001825||SUP::SUP_0134"": 0.8612865178238885}","{""环境治理业"": 0.21046626574601207, ""其他数字政府"": 0.10458566189788983, ""数字化设施种植"": 0.10134383169448981, ""其他房屋建筑业"": 0.09141142621041126, ""稻谷种植"": 0.04988647371651603, ""森林经营和管护"": 0.04988647371651603, ""铁路、道路、隧道和桥梁工程建筑"": 0.049160160384141484, ""水利和水运工程建筑"": 0.049160160384141484, ""环境与生态监测检测服务"": 0.045555672481518296, ""气象服务"": 0.045555672481518296}","{""谷物种植"": 0.15123030541100585, ""其他房屋建筑业"": 0.1263512876372551, ""炼铁"": 0.10564668146548059, ""城乡市容管理"": 0.10458566189788983, ""安全保护服务"": 0.10455269994068091, ""软件开发"": 0.09832032076828297, ""互联网数据服务"": 0.09111134496303659, ""森林经营、管护和改培"": 0.04988647371651603, ""工矿工程建筑"": 0.03493986142684383, ""其他煤炭采选"": 0.03493986142684383}"
PRO_000056,SUP_0022,PROD::PRO_000056||SUP::SUP_0022,1.7445952529783875,1.529733992379795,0.3260825545345097,0.3281982583281247,6.632871580344177,"{""PROD::PRO_000057||SUP::SUP_0022"": 0.7792182746663019, ""PROD::PRO_004115||SUP::SUP_0266"": 0.7661695116493766, ""PROD::PRO_004073||SUP::SUP_0266"": 0.7565780301000669, ""PROD::PRO_000659||SUP::SUP_0038"": 0.7017580242158364, ""PROD::PRO_004567||SUP::SUP_0298"": 0.5826713936273291, ""PROD::PRO_000052||SUP::SUP_0019"": 0.5463910770444375, ""PROD::PRO_003448||SUP::SUP_0209"": 0.5186302511737891, ""PROD::PRO_004066||SUP::SUP_0266"": 0.5153740853109596, ""PROD::PRO_004067||SUP::SUP_0266"": 0.5123936623737143, ""PROD::PRO_004106||SUP::SUP_0266"": 0.4883912532537069}","{""法律服务"": 0.3260825545345097, ""银行金融服务"": 0.28735959170224107, ""数字化商务服务"": 0.1256067644299508, ""住宅房屋建筑"": 0.08307861932216971, ""数字政府"": 0.04723666436156752, ""数字金融"": 0.04429545057262773, ""其他数字金融"": 0.04429545057262773, ""木质家具制造"": 0.04204490450430564}","{""互联网数据服务"": 0.3281982583281247, ""互联网相关服务"": 0.2507302882564262, ""法律服务"": 0.18306422986839052, ""互联网信息服务"": 0.12422539517701223, ""其他未列明金融业"": 0.11378182837004634}"
PRO_000047,SUP_0019,PROD::PRO_000047||SUP::SUP_0019,1.5106167244921926,1.4596489901612877,0.4588926924363159,0.4293985611026508,11.094559451979631,"{""PROD::PRO_003993||SUP::SUP_0266"": 0.8614345350328719, ""PROD::PRO_005722||SUP::SUP_0353"": 0.8584032908123848, ""PROD::PRO_000053||SUP::SUP_0019"": 0.7404903788679414, ""PROD::PRO_004062||SUP::SUP_0266"": 0.7128323759595107, ""PROD::PRO_000653||SUP::SUP_0038"": 0.7004219546778002, ""PROD::PRO_000650||SUP::SUP_0038"": 0.683334328081826, ""PROD::PRO_001090||SUP::SUP_0078"": 0.6714125114824239, ""PROD::PRO_003312||SUP::SUP_0175"": 0.6505214086585774, ""PROD::PRO_003998||SUP::SUP_0266"": 0.6417033584778662, ""PROD::PRO_000654||SUP::SUP_0038"": 0.6391660777556876}","{""银行金融服务"": 0.4588926924363159, ""数字化商务服务"": 0.18918836111642237, ""数字政府"": 0.12031678733056782, ""金融信息服务"": 0.09544148473727045, ""其他数字金融"": 0.08927249363564194, ""互联网批发零售"": 0.04688818074378142}","{""互联网数据服务"": 0.4293985611026508, ""其他未列明金融业"": 0.28254209639631356, ""国家行政机构"": 0.10342448533385759, ""软件开发"": 0.09085849567961513, ""货币银行服务"": 0.04688818074378142, ""人身保险"": 0.04688818074378142}"
PRO_000073,SUP_0027,PROD::PRO_000073||SUP::SUP_0027,2.3780958703178765,2.086843438080752,0.23402239172623485,0.22778249313216348,8.512219239657131,"{""PROD::PRO_000074||SUP::SUP_0027"": 0.9363870478973777, ""PROD::PRO_000042||SUP::SUP_0016"": 0.8300027054991216, ""PROD::PRO_001725||SUP::SUP_0125"": 0.7603735520285959, ""PROD::PRO_001766||SUP::SUP_0127"": 0.6832369109203166, ""PROD::PRO_001314||SUP::SUP_0100"": 0.627956501580812, ""PROD::PRO_000069||SUP::SUP_0026"": 0.5746296089972389, ""PROD::PRO_000039||SUP::SUP_0013"": 0.5745098712604346, ""PROD::PRO_002966||SUP::SUP_0166"": 0.5564992895696533, ""PROD::PRO_004641||SUP::SUP_0298"": 0.5481201468112269, ""PROD::PRO_004706||SUP::SUP_0298"": 0.5431317621873482}","{""银行金融服务"": 0.23402239172623485, ""智慧配送"": 0.16521103802117368, ""人力资源服务"": 0.11460302047049523, ""数字金融"": 0.08660781094656828, ""智能道路运输"": 0.07056583157856468, ""行政办公自动化"": 0.06254874120431334, ""智慧教育"": 0.06254874120431334, ""互联网零售"": 0.027958406892777943, ""数字技术研究和试验发展"": 0.027958406892777943, ""电信"": 0.027958406892777943}","{""电信"": 0.22778249313216348, ""测绘地理信息服务"": 0.14113166315712936, ""技能培训、教育辅助及其他教育"": 0.12509748240862667, ""货币银行服务"": 0.12354255929174068, ""人力资源服务"": 0.11460302047049523, ""智慧物流"": 0.094645206442609, ""环境治理业"": 0.08660781094656828, ""砖瓦、石材等建筑材料制造"": 0.04329488207533358, ""水泥、石灰和石膏制造"": 0.04329488207533358}"
PRO_000074,SUP_0027,PROD::PRO_000074||SUP::SUP_0027,2.38078438437068,2.171554587677116,0.2115845632022383,0.2254273806496835,7.947938738630582,"{""PROD::PRO_000073||SUP::SUP_0027"": 0.9363870478973777, ""PROD::PRO_000042||SUP::SUP_0016"": 0.9095080299582418, ""PROD::PRO_001725||SUP::SUP_0125"": 0.8055189760681953, ""PROD::PRO_001766||SUP::SUP_0127"": 0.733639571061804, ""PROD::PRO_000069||SUP::SUP_0026"": 0.6453440287060913, ""PROD::PRO_000039||SUP::SUP_0013"": 0.644950404387668, ""PROD::PRO_004153||SUP::SUP_0268"": 0.6167363381129859, ""PROD::PRO_004706||SUP::SUP_0298"": 0.5722628257561259, ""PROD::PRO_002966||SUP::SUP_0166"": 0.5433559369036061, ""PROD::PRO_001314||SUP::SUP_0100"": 0.5263565651198937}","{""银行金融服务"": 0.2115845632022383, ""智慧配送"": 0.14342969755946683, ""人力资源服务"": 0.11616845082591463, ""数字金融"": 0.09306871506673774, ""广告业"": 0.08894303808501162, ""智能道路运输"": 0.0675208380928823, ""行政办公自动化"": 0.06558265043593066, ""智慧教育"": 0.06558265043593066, ""互联网零售"": 0.026120145029669056, ""数字技术研究和试验发展"": 0.026120145029669056}","{""电信"": 0.2254273806496835, ""测绘地理信息服务"": 0.1350416761857646, ""技能培训、教育辅助及其他教育"": 0.13116530087186135, ""人力资源服务"": 0.11616845082591465, ""环境治理业"": 0.09306871506673775, ""互联网信息服务"": 0.08894303808501162, ""智慧物流"": 0.07590885946658453, ""砖瓦、石材等建筑材料制造"": 0.04650597413792, ""水泥、石灰和石膏制造"": 0.04650597413792, ""货币银行服务"": 0.041264630572602025}"
PRO_000010,SUP_0003,PROD::PRO_000010||SUP::SUP_0003,2.489844454300934,1.734599259219067,0.20687765914528894,0.36960212633265327,5.937823755315842,"{""PROD::PRO_001199||SUP::SUP_0085"": 0.9861660233348626, ""PROD::PRO_000018||SUP::SUP_0003"": 0.9538852393694126, ""PROD::PRO_001198||SUP::SUP_0085"": 0.9260367879887246, ""PROD::PRO_003895||SUP::SUP_0252"": 0.8813544946387433, ""PROD::PRO_001197||SUP::SUP_0085"": 0.8518595590388516, ""PROD::PRO_000013||SUP::SUP_0003"": 0.8434290834257411, ""PROD::PRO_000012||SUP::SUP_0003"": 0.7980218122958025, ""PROD::PRO_004514||SUP::SUP_0292"": 0.7866209603617331, ""PROD::PRO_000718||SUP::SUP_0047"": 0.7440787776021593, ""PROD::PRO_000014||SUP::SUP_0003"": 0.6814920216867466}","{""智能道路运输"": 0.20687765914528894, ""智能交通"": 0.13165396477402141, ""数字广告"": 0.09977932039051993, ""房地产开发经营"": 0.09440755085687869, ""动漫、游戏及其他数字内容服务"": 0.09305880763683944, ""数字政府"": 0.07586748071844313, ""智慧物流"": 0.05038833112312765, ""橡胶制品业"": 0.044012991847873, ""塑料制品业"": 0.044012991847873, ""软件开发"": 0.027387993601915593}","{""智能交通"": 0.36960212633265327, ""市政设施管理"": 0.24996020030696517, ""互联网数据服务"": 0.1042659711721058, ""软件开发"": 0.09305880763683944, ""非金融机构支付服务"": 0.054775987203831186, ""橡胶制品业"": 0.044012991847873, ""塑料制品业"": 0.044012991847873, ""数字政府"": 0.040310923651859065}"
PRO_000011,SUP_0003,PROD::PRO_000011||SUP::SUP_0003,2.504719831556433,1.318331938301463,0.16526713288215708,0.45112046243367254,7.298678581119253,"{""PROD::PRO_000012||SUP::SUP_0003"": 0.770486409911211, ""PROD::PRO_000013||SUP::SUP_0003"": 0.7546681965397678, ""PROD::PRO_001197||SUP::SUP_0085"": 0.7463720931353843, ""PROD::PRO_000070||SUP::SUP_0026"": 0.7379051790710669, ""PROD::PRO_000018||SUP::SUP_0003"": 0.7366258816496768, ""PROD::PRO_000020||SUP::SUP_0003"": 0.7341329031670628, ""PROD::PRO_001198||SUP::SUP_0085"": 0.715434703328542, ""PROD::PRO_001199||SUP::SUP_0085"": 0.6943190240395671, ""PROD::PRO_000010||SUP::SUP_0003"": 0.6704773989243621, ""PROD::PRO_003895||SUP::SUP_0252"": 0.6549119756282962}","{""智能道路运输"": 0.16526713288215708, ""智能交通"": 0.11555538226924902, ""房地产开发经营"": 0.10678458335586614, ""数字广告"": 0.10459227820606032, ""银行金融服务"": 0.10226902913488123, ""智能化电力、热力、燃气及水生产和供应"": 0.10174621535707706, ""数字政府"": 0.06708390684381216, ""智慧物流"": 0.05172124515673955, ""其他数字政府"": 0.04646198088160535, ""软件开发"": 0.024788690537082252}","{""智能交通"": 0.45112046243367254, ""市政设施管理"": 0.25980445474350966, ""互联网数据服务"": 0.19303572086704796, ""非金融机构支付服务"": 0.0495773810741645, ""数字政府"": 0.046461980881605344}"
PRO_000014,SUP_0003,PROD::PRO_000014||SUP::SUP_0003,2.501373704202561,1.5614803716076227,0.16619472817940792,0.488744601132127,7.934416941408082,"{""PROD::PRO_000019||SUP::SUP_0003"": 0.969259001713277, ""PROD::PRO_000015||SUP::SUP_0003"": 0.951371829959477, ""PROD::PRO_000017||SUP::SUP_0003"": 0.9434650349719653, ""PROD::PRO_000016||SUP::SUP_0003"": 0.9374308531449591, ""PROD::PRO_000018||SUP::SUP_0003"": 0.7178320477235164, ""PROD::PRO_001199||SUP::SUP_0085"": 0.6966335732996441, ""PROD::PRO_000010||SUP::SUP_0003"": 0.6814920216867466, ""PROD::PRO_002965||SUP::SUP_0166"": 0.6362367973058554, ""PROD::PRO_000020||SUP::SUP_0003"": 0.622601049589226, ""PROD::PRO_001198||SUP::SUP_0085"": 0.6144028874969794}","{""智能道路运输"": 0.16619472817940792, ""智能交通"": 0.14079106547860445, ""其他智能交通"": 0.13967352901177418, ""数字政府"": 0.12183600952199308, ""智能化电力、热力、燃气及水生产和供应"": 0.08012135828074414, ""数字化商务服务"": 0.06121512587931036, ""行政办公自动化"": 0.06031810683406744, ""其他数字政府"": 0.04384996336824145, ""数字社会"": 0.027292039004200307, ""互联网零售"": 0.027292039004200307}","{""智能交通"": 0.488744601132127, ""其他未列明服务业"": 0.12473211825508902, ""城市公共交通运输"": 0.12141274118027404, ""数字政府"": 0.10416807020230892, ""电信"": 0.08187611701260096, ""非金融机构支付服务"": 0.039533176108800035, ""市政设施管理"": 0.039533176108800035}"
PRO_000017,SUP_0003,PROD::PRO_000017||SUP::SUP_0003,2.334236093367017,1.3439009642523052,0.277591510899635,0.5157936890258116,9.18258201376437,"{""PROD::PRO_000019||SUP::SUP_0003"": 0.985717034233318, ""PROD::PRO_000016||SUP::SUP_0003"": 0.9646715211794125, ""PROD::PRO_000014||SUP::SUP_0003"": 0.9434650349719653, ""PROD::PRO_000015||SUP::SUP_0003"": 0.9088220192361314, ""PROD::PRO_002965||SUP::SUP_0166"": 0.7118718574938938, ""PROD::PRO_000020||SUP::SUP_0003"": 0.5579111245080298, ""PROD::PRO_000040||SUP::SUP_0014"": 0.5513618794640746, ""PROD::PRO_000018||SUP::SUP_0003"": 0.5112845513829679, ""PROD::PRO_001199||SUP::SUP_0085"": 0.49520371939729324, ""PROD::PRO_000010||SUP::SUP_0003"": 0.46969946288518105}","{""智能道路运输"": 0.277591510899635, ""其他智能交通"": 0.15045771168985195, ""智能化电力、热力、燃气及水生产和供应"": 0.07857894081511083, ""广告业"": 0.07765651300163708, ""行政办公自动化"": 0.06793453566248882, ""智能交通"": 0.06793453566248882, ""数字化商务服务"": 0.064001476690395, ""数字政府"": 0.04763039973644167, ""数字社会"": 0.033421175345375635, ""互联网零售"": 0.033421175345375635}","{""智能交通"": 0.5157936890258116, ""数字政府"": 0.1674530472686634, ""其他未列明服务业"": 0.138833224667761, ""电信"": 0.10026352603612693, ""互联网数据服务"": 0.07765651300163709}"
PRO_000015,SUP_0003,PROD::PRO_000015||SUP::SUP_0003,2.3206006731881303,1.6049739220879156,0.22682949650795695,0.4122713509750914,7.565156783853924,"{""PROD::PRO_000014||SUP::SUP_0003"": 0.951371829959477, ""PROD::PRO_000019||SUP::SUP_0003"": 0.9311180793578149, ""PROD::PRO_000016||SUP::SUP_0003"": 0.9164982939075536, ""PROD::PRO_000017||SUP::SUP_0003"": 0.9088220192361314, ""PROD::PRO_002965||SUP::SUP_0166"": 0.6582408088973244, ""PROD::PRO_000010||SUP::SUP_0003"": 0.6499980212606604, ""PROD::PRO_000040||SUP::SUP_0014"": 0.6439852970353814, ""PROD::PRO_000018||SUP::SUP_0003"": 0.633978534481486, ""PROD::PRO_001199||SUP::SUP_0085"": 0.6312706700681622, ""PROD::PRO_000020||SUP::SUP_0003"": 0.5630365819545806}","{""智能道路运输"": 0.22682949650795695, ""其他智能交通"": 0.1383928356238967, ""智能交通"": 0.12187782306006319, ""数字政府"": 0.11706391276871815, ""广告业"": 0.08599863324830276, ""智能化电力、热力、燃气及水生产和供应"": 0.07518863666576794, ""行政办公自动化"": 0.06119518645324021, ""其他数字政府"": 0.04340079012661594, ""数字社会"": 0.029300777607824298, ""互联网零售"": 0.029300777607824298}","{""智能交通"": 0.4122713509750914, ""数字政府"": 0.16811969168957902, ""其他未列明服务业"": 0.12434271804990811, ""城市公共交通运输"": 0.12136527321364593, ""电信"": 0.08790233282347286, ""互联网数据服务"": 0.08599863324830273}"
PRO_000018,SUP_0003,PROD::PRO_000018||SUP::SUP_0003,2.316755603087762,1.749309211796082,0.21690016335080978,0.32145708525308064,6.670866650997599,"{""PROD::PRO_001199||SUP::SUP_0085"": 0.9723798849729178, ""PROD::PRO_000010||SUP::SUP_0003"": 0.9538852393694126, ""PROD::PRO_001198||SUP::SUP_0085"": 0.8813673124193325, ""PROD::PRO_000013||SUP::SUP_0003"": 0.8668560539681954, ""PROD::PRO_003895||SUP::SUP_0252"": 0.8480273534702208, ""PROD::PRO_001197||SUP::SUP_0085"": 0.8476341340147042, ""PROD::PRO_000012||SUP::SUP_0003"": 0.829209859053159, ""PROD::PRO_000011||SUP::SUP_0003"": 0.7366258816496768, ""PROD::PRO_000014||SUP::SUP_0003"": 0.7178320477235164, ""PROD::PRO_004514||SUP::SUP_0292"": 0.6679604899541319}","{""智能交通"": 0.21690016335080978, ""智能道路运输"": 0.21397530595897615, ""数字广告"": 0.10416716562727264, ""房地产开发经营"": 0.09964334947232996, ""动漫、游戏及其他数字内容服务"": 0.08026655714176864, ""其他数字政府"": 0.057312584519626494, ""智慧物流"": 0.050928666198413054, ""软件开发"": 0.0264777336418698, ""非金融机构支付服务"": 0.0264777336418698, ""智能设备制造"": 0.0264777336418698}","{""智能交通"": 0.32145708525308064, ""市政设施管理"": 0.25445614915289566, ""互联网数据服务"": 0.1019045842513447, ""数字政府"": 0.10044231145957544, ""城市公共交通运输"": 0.0885178454575953, ""软件开发"": 0.08026655714176864, ""非金融机构支付服务"": 0.0529554672837396}"
PRO_000019,SUP_0003,PROD::PRO_000019||SUP::SUP_0003,2.294282818687314,1.3327223507984387,0.2818601770861849,0.5242680953001759,7.451903966112245,"{""PROD::PRO_000017||SUP::SUP_0003"": 0.985717034233318, ""PROD::PRO_000014||SUP::SUP_0003"": 0.969259001713277, ""PROD::PRO_000016||SUP::SUP_0003"": 0.9627291714303453, ""PROD::PRO_000015||SUP::SUP_0003"": 0.9311180793578149, ""PROD::PRO_002965||SUP::SUP_0166"": 0.6752440529887529, ""PROD::PRO_000040||SUP::SUP_0014"": 0.6184362417648376, ""PROD::PRO_000020||SUP::SUP_0003"": 0.580575159878614, ""PROD::PRO_000018||SUP::SUP_0003"": 0.5740129373817104, ""PROD::PRO_001199||SUP::SUP_0085"": 0.5520834263252293, ""PROD::PRO_000010||SUP::SUP_0003"": 0.5348463750515423}","{""智能道路运输"": 0.2818601770861849, ""智能交通"": 0.13193665612349784, ""数字政府"": 0.11807642929286832, ""广告业"": 0.08375331022931039, ""智能化电力、热力、燃气及水生产和供应"": 0.07862587635223824, ""行政办公自动化"": 0.06519003052886505, ""数字化商务服务"": 0.06304952402047977, ""其他数字政府"": 0.036216469337955956, ""数字社会"": 0.03048221779989016, ""互联网零售"": 0.03048221779989016}","{""智能交通"": 0.5242680953001759, ""数字政府"": 0.16703868988157772, ""城市公共交通运输"": 0.13349325118926555, ""电信"": 0.09144665339967047, ""互联网数据服务"": 0.08375331022931036}"
PRO_000016,SUP_0003,PROD::PRO_000016||SUP::SUP_0003,2.2481536242828746,1.5408719029211153,0.28026850150469207,0.4643659167959885,8.592473923391548,"{""PROD::PRO_000017||SUP::SUP_0003"": 0.9646715211794125, ""PROD::PRO_000019||SUP::SUP_0003"": 0.9627291714303453, ""PROD::PRO_000014||SUP::SUP_0003"": 0.9374308531449591, ""PROD::PRO_000015||SUP::SUP_0003"": 0.9164982939075536, ""PROD::PRO_000020||SUP::SUP_0003"": 0.6176459979805379, ""PROD::PRO_002965||SUP::SUP_0166"": 0.6132937459018074, ""PROD::PRO_000040||SUP::SUP_0014"": 0.592200026946164, ""PROD::PRO_001199||SUP::SUP_0085"": 0.5421023175128901, ""PROD::PRO_000018||SUP::SUP_0003"": 0.5418341155838211, ""PROD::PRO_000010||SUP::SUP_0003"": 0.53520817886248}","{""智能道路运输"": 0.28026850150469207, ""其他智能交通"": 0.14578291769924137, ""数字政府"": 0.1167840887753897, ""智能化电力、热力、燃气及水生产和供应"": 0.08550373524391452, ""广告业"": 0.08198112588926608, ""智能交通"": 0.06677208191581921, ""数字化商务服务"": 0.06343765500787725, ""其他数字政府"": 0.03704573378234462, ""数字社会"": 0.02830041061697237, ""互联网零售"": 0.02830041061697237}","{""智能交通"": 0.4643659167959885, ""城市公共交通运输"": 0.13354416383163845, ""其他未列明服务业"": 0.13327527492239538, ""数字政府"": 0.10193228670979447, ""电信"": 0.08490123185091712, ""互联网数据服务"": 0.0819811258892661}"
PRO_000020,SUP_0003,PROD::PRO_000020||SUP::SUP_0003,2.173219391817873,1.5399775145706376,0.2523318701121688,0.3927386567119012,6.195468040946646,"{""PROD::PRO_000013||SUP::SUP_0003"": 0.8173177323069255, ""PROD::PRO_000012||SUP::SUP_0003"": 0.7876017271550713, ""PROD::PRO_001197||SUP::SUP_0085"": 0.7828551838948554, ""PROD::PRO_000011||SUP::SUP_0003"": 0.7341329031670628, ""PROD::PRO_003895||SUP::SUP_0252"": 0.6641474328039981, ""PROD::PRO_001199||SUP::SUP_0085"": 0.652761300084232, ""PROD::PRO_000018||SUP::SUP_0003"": 0.6442191724723602, ""PROD::PRO_001198||SUP::SUP_0085"": 0.6438881701278233, ""PROD::PRO_000010||SUP::SUP_0003"": 0.63494506537003, ""PROD::PRO_000014||SUP::SUP_0003"": 0.622601049589226}","{""智能道路运输"": 0.2523318701121688, ""智能交通"": 0.2232456345610995, ""数字广告"": 0.11701929610784007, ""房地产开发经营"": 0.11276471325890086, ""数字政府"": 0.0616944667924147, ""智慧物流"": 0.05604256395806906, ""其他数字政府"": 0.045454063750109235, ""软件开发"": 0.023047138665354454, ""非金融机构支付服务"": 0.023047138665354454, ""智能设备制造"": 0.023047138665354454}","{""智能交通"": 0.3927386567119012, ""市政设施管理"": 0.27094411850574784, ""城市公共交通运输"": 0.10510932551987512, ""互联网数据服务"": 0.09508917037586989, ""数字政府"": 0.09002445155589714, ""非金融机构支付服务"": 0.0460942773307089}"
PRO_000013,SUP_0003,PROD::PRO_000013||SUP::SUP_0003,2.363354009175921,1.6691783477163897,0.21874744605653218,0.35348026276443284,5.495420084162828,"{""PROD::PRO_001197||SUP::SUP_0085"": 0.9664936177965596, ""PROD::PRO_000012||SUP::SUP_0003"": 0.9554885815233486, ""PROD::PRO_001199||SUP::SUP_0085"": 0.8878143580106915, ""PROD::PRO_003895||SUP::SUP_0252"": 0.882086521502093, ""PROD::PRO_000018||SUP::SUP_0003"": 0.8668560539681954, ""PROD::PRO_001198||SUP::SUP_0085"": 0.8634635314988579, ""PROD::PRO_000010||SUP::SUP_0003"": 0.8434290834257411, ""PROD::PRO_000020||SUP::SUP_0003"": 0.8173177323069255, ""PROD::PRO_000011||SUP::SUP_0003"": 0.7546681965397678, ""PROD::PRO_004514||SUP::SUP_0292"": 0.6316039500784516}","{""智能交通"": 0.21874744605653218, ""智能道路运输"": 0.17550118567997783, ""房地产开发经营"": 0.11281893704572006, ""智能化电力、热力、燃气及水生产和供应"": 0.09650446857300561, ""动漫、游戏及其他数字内容服务"": 0.07457638705438334, ""数字政府"": 0.06864823147655358, ""智慧物流"": 0.057059176179498794, ""其他数字政府"": 0.04979377802392546, ""软件开发"": 0.025488278898669472, ""非金融机构支付服务"": 0.025488278898669472}","{""智能交通"": 0.35348026276443284, ""市政设施管理"": 0.2779138472020566, ""互联网数据服务"": 0.10415201778713357, ""城市公共交通运输"": 0.08910714937072917, ""软件开发"": 0.07457638705438334, ""非金融机构支付服务"": 0.050976557797338944, ""数字政府"": 0.04979377802392546}"
PRO_000012,SUP_0003,PROD::PRO_000012||SUP::SUP_0003,2.211721424693786,1.458272349668483,0.2449853955869812,0.5045044953057324,7.117646392113967,"{""PROD::PRO_000013||SUP::SUP_0003"": 0.9554885815233486, ""PROD::PRO_001197||SUP::SUP_0085"": 0.9087934218616786, ""PROD::PRO_001198||SUP::SUP_0085"": 0.8431779159948359, ""PROD::PRO_001199||SUP::SUP_0085"": 0.8420223102960801, ""PROD::PRO_000018||SUP::SUP_0003"": 0.829209859053159, ""PROD::PRO_003895||SUP::SUP_0252"": 0.8185413913359391, ""PROD::PRO_000010||SUP::SUP_0003"": 0.7980218122958025, ""PROD::PRO_000020||SUP::SUP_0003"": 0.7876017271550713, ""PROD::PRO_000011||SUP::SUP_0003"": 0.770486409911211, ""PROD::PRO_000014||SUP::SUP_0003"": 0.5855638118217746}","{""智能道路运输"": 0.2449853955869812, ""智能交通"": 0.22113807503839783, ""数字广告"": 0.11739764973371665, ""智能化电力、热力、燃气及水生产和供应"": 0.0967699598741483, ""数字政府"": 0.06818384394775802, ""智慧物流"": 0.055830186714489805, ""其他数字政府"": 0.04902512024288333, ""软件开发"": 0.025899604547693914, ""非金融机构支付服务"": 0.025899604547693914, ""智能设备制造"": 0.025899604547693914}","{""智能交通"": 0.5045044953057324, ""市政设施管理"": 0.16345958252436746, ""互联网数据服务"": 0.10057141174769492, ""城市公共交通运输"": 0.09466705874300899, ""数字政府"": 0.08499824258380836, ""非金融机构支付服务"": 0.05179920909538783}"
PRO_001184,SUP_0079,PROD::PRO_001184||SUP::SUP_0079,2.2249212404609633,2.655821998056002,0.32089714954599846,0.10661789953892471,6.676833300425382,"{""PROD::PRO_000039||SUP::SUP_0013"": 0.8574305103705144, ""PROD::PRO_000077||SUP::SUP_0028"": 0.7804344423640297, ""PROD::PRO_003430||SUP::SUP_0205"": 0.7439297193471106, ""PROD::PRO_001188||SUP::SUP_0083"": 0.7333459736121786, ""PROD::PRO_006662||SUP::SUP_0373"": 0.7330834636468097, ""PROD::PRO_003414||SUP::SUP_0195"": 0.7025967885524771, ""PROD::PRO_003415||SUP::SUP_0195"": 0.6986409141436234, ""PROD::PRO_004191||SUP::SUP_0280"": 0.6952418507028416, ""PROD::PRO_001296||SUP::SUP_0097"": 0.6934933409905863, ""PROD::PRO_003175||SUP::SUP_0169"": 0.6817225007720108}","{""银行金融服务"": 0.32089714954599846, ""人力资源服务"": 0.10661789953892477, ""货币银行服务"": 0.10014911546444193, ""人身保险"": 0.09474056928686811, ""数字化零售"": 0.08185960144721245, ""国家行政机构"": 0.06094396405395737, ""数字金融"": 0.0508154303397428, ""稻谷种植"": 0.031659813120222924, ""农业科学研究和试验发展"": 0.031659813120222924, ""智慧配送"": 0.031044171107469657}","{""针织或钩针编织物及其制品制造"": 0.10661789953892471, ""综合零售"": 0.10163086067948555, ""软件开发"": 0.10018497787593526, ""信息技术咨询服务"": 0.10014911546444188, ""电力供应"": 0.09598422334020726, ""贸易经纪与代理"": 0.09544379739612131, ""人力资源服务"": 0.09313251332240892, ""砖瓦、石材等建筑材料制造"": 0.05856830186746887, ""水泥、石灰和石膏制造"": 0.05856830186746887, ""医院"": 0.047370284643434034}"
PRO_000040,SUP_0014,PROD::PRO_000040||SUP::SUP_0014,2.127128185859733,1.7839834433531006,0.30897607405896965,0.3243674755876907,9.640457455204228,"{""PROD::PRO_002966||SUP::SUP_0166"": 0.7540651206552412, ""PROD::PRO_005201||SUP::SUP_0319"": 0.7278070273704814, ""PROD::PRO_001766||SUP::SUP_0127"": 0.7058915326038234, ""PROD::PRO_004706||SUP::SUP_0298"": 0.6882569924722396, ""PROD::PRO_000015||SUP::SUP_0003"": 0.6439852970353814, ""PROD::PRO_001762||SUP::SUP_0127"": 0.6192786483094073, ""PROD::PRO_000019||SUP::SUP_0003"": 0.6184362417648376, ""PROD::PRO_000016||SUP::SUP_0003"": 0.592200026946164, ""PROD::PRO_000014||SUP::SUP_0003"": 0.5909844499276843, ""PROD::PRO_001725||SUP::SUP_0125"": 0.5755447780819013}","{""银行金融服务"": 0.30897607405896965, ""智能道路运输"": 0.14010344317996135, ""汽车、摩托车、零配件和燃料及其他动力销售"": 0.11168765424544519, ""其他智能交通"": 0.09490385575505526, ""人力资源服务"": 0.0883218267477119, ""数字化商务服务"": 0.04941227859141386, ""行政办公自动化"": 0.045438852172581444, ""智能交通"": 0.045438852172581444, ""互联网零售"": 0.03857238769209329, ""数字技术研究和试验发展"": 0.03857238769209329}","{""电信"": 0.3243674755876907, ""智能交通"": 0.18960899164968292, ""互联网数据服务"": 0.15920421904412482, ""其他未列明服务业"": 0.09490385575505528, ""数字政府"": 0.09078443446685519, ""人力资源服务"": 0.08832182674771191, ""货币银行服务"": 0.0528091967488793}"
PRO_000042,SUP_0016,PROD::PRO_000042||SUP::SUP_0016,2.542964757765779,2.1103455357245604,0.15142229350523734,0.244304161339292,6.868007926819486,"{""PROD::PRO_000074||SUP::SUP_0027"": 0.9095080299582416, ""PROD::PRO_001725||SUP::SUP_0125"": 0.8376353096439733, ""PROD::PRO_000073||SUP::SUP_0027"": 0.8300027054991217, ""PROD::PRO_000039||SUP::SUP_0013"": 0.7124892700379963, ""PROD::PRO_001766||SUP::SUP_0127"": 0.7051962027304028, ""PROD::PRO_002859||SUP::SUP_0159"": 0.6733692797480346, ""PROD::PRO_003175||SUP::SUP_0169"": 0.6252351475821221, ""PROD::PRO_000069||SUP::SUP_0026"": 0.6168330480925096, ""PROD::PRO_004153||SUP::SUP_0268"": 0.6112830776954101, ""PROD::PRO_001296||SUP::SUP_0097"": 0.5987144276311525}","{""智慧配送"": 0.15142229350523734, ""银行金融服务"": 0.12405694652176702, ""智能道路运输"": 0.12215208066964604, ""人力资源服务"": 0.11764100540428367, ""数字金融"": 0.08663061252161695, ""广告业"": 0.08585115147220597, ""人身保险"": 0.08408595770218409, ""数字化零售"": 0.029270212835591284, ""数字化通用、专用设备制造"": 0.029270212835591284, ""国家行政机构"": 0.025016243077986965}","{""测绘地理信息服务"": 0.244304161339292, ""人力资源服务"": 0.20545164391105744, ""电信"": 0.09904070344378002, ""道路运输辅助活动"": 0.09457079729791577, ""环境治理业"": 0.08663061252161693, ""互联网信息服务"": 0.08585115147220593, ""砖瓦、石材等建筑材料制造"": 0.05003248615597391, ""水泥、石灰和石膏制造"": 0.05003248615597391, ""医院"": 0.04204297885109203, ""基层医疗卫生服务"": 0.04204297885109203}"
