u,v,w
PROD::PRO_001715||SUP::SUP_0122,PROD::PRO_001716||SUP::SUP_0122,0.9957445529737673
PROD::PRO_001715||SUP::SUP_0122,PROD::PRO_001711||SUP::SUP_0122,0.9816211312815654
PROD::PRO_001715||SUP::SUP_0122,PROD::PRO_001712||SUP::SUP_0122,0.9807607496614543
PROD::PRO_001715||SUP::SUP_0122,PROD::PRO_001698||SUP::SUP_0122,0.9755814442723209
PROD::PRO_001715||SUP::SUP_0122,PROD::PRO_001709||SUP::SUP_0122,0.578647399828152
PROD::PRO_001715||SUP::SUP_0122,PROD::PRO_001714||SUP::SUP_0122,0.5534355838537522
PROD::PRO_001715||SUP::SUP_0122,PROD::PRO_004189||SUP::SUP_0279,0.5126240977704803
PROD::PRO_001715||SUP::SUP_0122,PROD::PRO_001710||SUP::SUP_0122,0.4794849963146004
PROD::PRO_001715||SUP::SUP_0122,PROD::PRO_000055||SUP::SUP_0021,0.4126178633834986
PROD::PRO_001715||SUP::SUP_0122,PROD::PRO_001633||SUP::SUP_0115,0.388290329262579
PROD::PRO_000732||SUP::SUP_0053,PROD::PRO_000731||SUP::SUP_0053,0.9999999999999994
PROD::PRO_000732||SUP::SUP_0053,PROD::PRO_000733||SUP::SUP_0053,0.9999999999999994
PROD::PRO_000732||SUP::SUP_0053,PROD::PRO_000734||SUP::SUP_0053,0.9999999999999994
PROD::PRO_000732||SUP::SUP_0053,PROD::PRO_003909||SUP::SUP_0256,0.45549334751367676
PROD::PRO_000732||SUP::SUP_0053,PROD::PRO_004608||SUP::SUP_0298,0.3717716217266013
PROD::PRO_000732||SUP::SUP_0053,PROD::PRO_000076||SUP::SUP_0028,0.3394249028731715
PROD::PRO_000732||SUP::SUP_0053,PROD::PRO_000078||SUP::SUP_0029,0.2620461512849318
PROD::PRO_000732||SUP::SUP_0053,PROD::PRO_001194||SUP::SUP_0084,0.25943695919766974
PROD::PRO_000731||SUP::SUP_0053,PROD::PRO_000733||SUP::SUP_0053,0.9999999999999994
PROD::PRO_000731||SUP::SUP_0053,PROD::PRO_000734||SUP::SUP_0053,0.9999999999999994
PROD::PRO_000731||SUP::SUP_0053,PROD::PRO_003909||SUP::SUP_0256,0.45549334751367676
PROD::PRO_000731||SUP::SUP_0053,PROD::PRO_004608||SUP::SUP_0298,0.3717716217266013
PROD::PRO_000731||SUP::SUP_0053,PROD::PRO_000076||SUP::SUP_0028,0.3394249028731715
PROD::PRO_000731||SUP::SUP_0053,PROD::PRO_000078||SUP::SUP_0029,0.2620461512849318
PROD::PRO_000731||SUP::SUP_0053,PROD::PRO_001194||SUP::SUP_0084,0.25943695919766974
PROD::PRO_000733||SUP::SUP_0053,PROD::PRO_000734||SUP::SUP_0053,0.9999999999999994
PROD::PRO_000733||SUP::SUP_0053,PROD::PRO_003909||SUP::SUP_0256,0.45549334751367676
PROD::PRO_000733||SUP::SUP_0053,PROD::PRO_004608||SUP::SUP_0298,0.3717716217266013
PROD::PRO_000733||SUP::SUP_0053,PROD::PRO_000076||SUP::SUP_0028,0.3394249028731715
PROD::PRO_000733||SUP::SUP_0053,PROD::PRO_000078||SUP::SUP_0029,0.2620461512849318
PROD::PRO_000733||SUP::SUP_0053,PROD::PRO_001194||SUP::SUP_0084,0.25943695919766974
PROD::PRO_000734||SUP::SUP_0053,PROD::PRO_003909||SUP::SUP_0256,0.45549334751367676
PROD::PRO_000734||SUP::SUP_0053,PROD::PRO_004608||SUP::SUP_0298,0.3717716217266013
PROD::PRO_000734||SUP::SUP_0053,PROD::PRO_000076||SUP::SUP_0028,0.3394249028731715
PROD::PRO_000734||SUP::SUP_0053,PROD::PRO_000078||SUP::SUP_0029,0.2620461512849318
PROD::PRO_000734||SUP::SUP_0053,PROD::PRO_001194||SUP::SUP_0084,0.25943695919766974
PROD::PRO_000652||SUP::SUP_0038,PROD::PRO_000656||SUP::SUP_0038,0.7821619872239886
PROD::PRO_000652||SUP::SUP_0038,PROD::PRO_000050||SUP::SUP_0019,0.7623640591309493
PROD::PRO_000652||SUP::SUP_0038,PROD::PRO_000647||SUP::SUP_0037,0.7524257874332074
PROD::PRO_000652||SUP::SUP_0038,PROD::PRO_003999||SUP::SUP_0266,0.7313796823178461
PROD::PRO_000652||SUP::SUP_0038,PROD::PRO_004624||SUP::SUP_0298,0.6974454226767912
PROD::PRO_000652||SUP::SUP_0038,PROD::PRO_000048||SUP::SUP_0019,0.666124744850169
PROD::PRO_000652||SUP::SUP_0038,PROD::PRO_004119||SUP::SUP_0266,0.6515897050403244
PROD::PRO_000652||SUP::SUP_0038,PROD::PRO_000651||SUP::SUP_0038,0.6384725219234986
PROD::PRO_000652||SUP::SUP_0038,PROD::PRO_000662||SUP::SUP_0038,0.6261866656898362
PROD::PRO_000652||SUP::SUP_0038,PROD::PRO_004575||SUP::SUP_0298,0.6182830860519543
PROD::PRO_000652||SUP::SUP_0038,PROD::PRO_004069||SUP::SUP_0266,0.5682792105488093
PROD::PRO_000656||SUP::SUP_0038,PROD::PRO_000651||SUP::SUP_0038,0.8884368193454192
PROD::PRO_000656||SUP::SUP_0038,PROD::PRO_000658||SUP::SUP_0038,0.875405046411778
PROD::PRO_000656||SUP::SUP_0038,PROD::PRO_000664||SUP::SUP_0038,0.8733490201057981
PROD::PRO_000656||SUP::SUP_0038,PROD::PRO_000663||SUP::SUP_0038,0.8694657924987577
PROD::PRO_000656||SUP::SUP_0038,PROD::PRO_000660||SUP::SUP_0038,0.8690132053479981
PROD::PRO_000656||SUP::SUP_0038,PROD::PRO_000662||SUP::SUP_0038,0.8576971701103137
PROD::PRO_000656||SUP::SUP_0038,PROD::PRO_003312||SUP::SUP_0175,0.837925572779301
PROD::PRO_000656||SUP::SUP_0038,PROD::PRO_000650||SUP::SUP_0038,0.8175927713517824
PROD::PRO_000656||SUP::SUP_0038,PROD::PRO_000661||SUP::SUP_0038,0.8135292233071533
PROD::PRO_000656||SUP::SUP_0038,PROD::PRO_000653||SUP::SUP_0038,0.8007821054258357
PROD::PRO_000656||SUP::SUP_0038,PROD::PRO_004543||SUP::SUP_0298,0.45761102473128723
PROD::PRO_000651||SUP::SUP_0038,PROD::PRO_000658||SUP::SUP_0038,0.9909681994118084
PROD::PRO_000651||SUP::SUP_0038,PROD::PRO_000663||SUP::SUP_0038,0.9886078987290058
PROD::PRO_000651||SUP::SUP_0038,PROD::PRO_000664||SUP::SUP_0038,0.9872625486950845
PROD::PRO_000651||SUP::SUP_0038,PROD::PRO_000660||SUP::SUP_0038,0.9780881766322073
PROD::PRO_000651||SUP::SUP_0038,PROD::PRO_000662||SUP::SUP_0038,0.9767438903531738
PROD::PRO_000651||SUP::SUP_0038,PROD::PRO_000661||SUP::SUP_0038,0.9396916027399297
PROD::PRO_000651||SUP::SUP_0038,PROD::PRO_003312||SUP::SUP_0175,0.9356337385240142
PROD::PRO_000651||SUP::SUP_0038,PROD::PRO_000650||SUP::SUP_0038,0.9240043709216947
PROD::PRO_000651||SUP::SUP_0038,PROD::PRO_000654||SUP::SUP_0038,0.9124164898789053
PROD::PRO_000651||SUP::SUP_0038,PROD::PRO_004559||SUP::SUP_0298,0.8017501682507706
PROD::PRO_000651||SUP::SUP_0038,PROD::PRO_000659||SUP::SUP_0038,0.7805462338775234
PROD::PRO_000651||SUP::SUP_0038,PROD::PRO_000653||SUP::SUP_0038,0.868819357902105
PROD::PRO_000651||SUP::SUP_0038,PROD::PRO_005722||SUP::SUP_0353,0.7229206228667824
PROD::PRO_000660||SUP::SUP_0038,PROD::PRO_000658||SUP::SUP_0038,0.991980874006808
PROD::PRO_000660||SUP::SUP_0038,PROD::PRO_000662||SUP::SUP_0038,0.9844599688529359
PROD::PRO_000660||SUP::SUP_0038,PROD::PRO_000663||SUP::SUP_0038,0.9741280094288367
PROD::PRO_000660||SUP::SUP_0038,PROD::PRO_000664||SUP::SUP_0038,0.9716677940773437
PROD::PRO_000660||SUP::SUP_0038,PROD::PRO_000661||SUP::SUP_0038,0.9068285667580315
PROD::PRO_000660||SUP::SUP_0038,PROD::PRO_003312||SUP::SUP_0175,0.8947122118598569
PROD::PRO_000660||SUP::SUP_0038,PROD::PRO_000654||SUP::SUP_0038,0.8872180062801754
PROD::PRO_000660||SUP::SUP_0038,PROD::PRO_000650||SUP::SUP_0038,0.8791049307496531
PROD::PRO_000660||SUP::SUP_0038,PROD::PRO_004080||SUP::SUP_0266,0.5350183515412831
PROD::PRO_000660||SUP::SUP_0038,PROD::PRO_004559||SUP::SUP_0298,0.7933906364178578
PROD::PRO_000660||SUP::SUP_0038,PROD::PRO_000659||SUP::SUP_0038,0.7424808472548838
PROD::PRO_000660||SUP::SUP_0038,PROD::PRO_000653||SUP::SUP_0038,0.8085023480168831
PROD::PRO_000664||SUP::SUP_0038,PROD::PRO_000663||SUP::SUP_0038,0.9997163862899038
PROD::PRO_000664||SUP::SUP_0038,PROD::PRO_000662||SUP::SUP_0038,0.9847497281853974
PROD::PRO_000664||SUP::SUP_0038,PROD::PRO_000658||SUP::SUP_0038,0.9759110173921036
PROD::PRO_000664||SUP::SUP_0038,PROD::PRO_000661||SUP::SUP_0038,0.920655851021482
PROD::PRO_000664||SUP::SUP_0038,PROD::PRO_003312||SUP::SUP_0175,0.900066046533837
PROD::PRO_000664||SUP::SUP_0038,PROD::PRO_000650||SUP::SUP_0038,0.8874622802431105
PROD::PRO_000664||SUP::SUP_0038,PROD::PRO_000654||SUP::SUP_0038,0.8781841368527198
PROD::PRO_000664||SUP::SUP_0038,PROD::PRO_004559||SUP::SUP_0298,0.7365788966696263
PROD::PRO_000664||SUP::SUP_0038,PROD::PRO_000659||SUP::SUP_0038,0.7692604652455308
PROD::PRO_000664||SUP::SUP_0038,PROD::PRO_000653||SUP::SUP_0038,0.8185946936921893
PROD::PRO_000663||SUP::SUP_0038,PROD::PRO_000662||SUP::SUP_0038,0.9859706818526814
PROD::PRO_000663||SUP::SUP_0038,PROD::PRO_000658||SUP::SUP_0038,0.9782180704347369
PROD::PRO_000663||SUP::SUP_0038,PROD::PRO_000661||SUP::SUP_0038,0.9220453409516243
PROD::PRO_000663||SUP::SUP_0038,PROD::PRO_003312||SUP::SUP_0175,0.9011934406284458
PROD::PRO_000663||SUP::SUP_0038,PROD::PRO_000650||SUP::SUP_0038,0.8879513431717482
PROD::PRO_000663||SUP::SUP_0038,PROD::PRO_000654||SUP::SUP_0038,0.8804093294407103
PROD::PRO_000663||SUP::SUP_0038,PROD::PRO_004559||SUP::SUP_0298,0.7394013567804564
PROD::PRO_000663||SUP::SUP_0038,PROD::PRO_000659||SUP::SUP_0038,0.7732041078053001
PROD::PRO_000663||SUP::SUP_0038,PROD::PRO_000653||SUP::SUP_0038,0.817705660944852
PROD::PRO_000662||SUP::SUP_0038,PROD::PRO_000658||SUP::SUP_0038,0.9761843412441641
PROD::PRO_000662||SUP::SUP_0038,PROD::PRO_000661||SUP::SUP_0038,0.9065960168278056
PROD::PRO_000662||SUP::SUP_0038,PROD::PRO_003312||SUP::SUP_0175,0.8791588919727409
PROD::PRO_000662||SUP::SUP_0038,PROD::PRO_000654||SUP::SUP_0038,0.87251958867911
PROD::PRO_000662||SUP::SUP_0038,PROD::PRO_000650||SUP::SUP_0038,0.8606888135214161
PROD::PRO_000662||SUP::SUP_0038,PROD::PRO_004080||SUP::SUP_0266,0.4868898655681466
PROD::PRO_000662||SUP::SUP_0038,PROD::PRO_004559||SUP::SUP_0298,0.7666592834211181
PROD::PRO_000662||SUP::SUP_0038,PROD::PRO_000659||SUP::SUP_0038,0.7481750283576067
PROD::PRO_000658||SUP::SUP_0038,PROD::PRO_000661||SUP::SUP_0038,0.9228839357104939
PROD::PRO_000658||SUP::SUP_0038,PROD::PRO_003312||SUP::SUP_0175,0.9219331060566386
PROD::PRO_000658||SUP::SUP_0038,PROD::PRO_000654||SUP::SUP_0038,0.9193747487945458
PROD::PRO_000658||SUP::SUP_0038,PROD::PRO_000650||SUP::SUP_0038,0.9100942507326478
PROD::PRO_000658||SUP::SUP_0038,PROD::PRO_004559||SUP::SUP_0298,0.8152896792187662
PROD::PRO_000658||SUP::SUP_0038,PROD::PRO_000659||SUP::SUP_0038,0.7751352391294569
PROD::PRO_000658||SUP::SUP_0038,PROD::PRO_000653||SUP::SUP_0038,0.843407625029933
PROD::PRO_000658||SUP::SUP_0038,PROD::PRO_005722||SUP::SUP_0353,0.715229278807977
PROD::PRO_000667||SUP::SUP_0039,PROD::PRO_000666||SUP::SUP_0039,0.999805680994886
PROD::PRO_000667||SUP::SUP_0039,PROD::PRO_000665||SUP::SUP_0039,0.9932547961039853
PROD::PRO_000667||SUP::SUP_0039,PROD::PRO_000054||SUP::SUP_0020,0.47733374175458865
PROD::PRO_000667||SUP::SUP_0039,PROD::PRO_000037||SUP::SUP_0012,0.46246950273711607
PROD::PRO_000667||SUP::SUP_0039,PROD::PRO_001189||SUP::SUP_0084,0.3763848489971473
PROD::PRO_000667||SUP::SUP_0039,PROD::PRO_000646||SUP::SUP_0037,0.37630607783346504
PROD::PRO_000667||SUP::SUP_0039,PROD::PRO_001192||SUP::SUP_0084,0.3453065979784119
PROD::PRO_000667||SUP::SUP_0039,PROD::PRO_003541||SUP::SUP_0232,0.28920617734779364
PROD::PRO_000667||SUP::SUP_0039,PROD::PRO_000038||SUP::SUP_0012,0.27308105248125103
PROD::PRO_000667||SUP::SUP_0039,PROD::PRO_005729||SUP::SUP_0353,0.25088217366378673
PROD::PRO_004040||SUP::SUP_0266,PROD::PRO_004000||SUP::SUP_0266,0.8825754001153653
PROD::PRO_004040||SUP::SUP_0266,PROD::PRO_004068||SUP::SUP_0266,0.8741842550685059
PROD::PRO_004040||SUP::SUP_0266,PROD::PRO_004001||SUP::SUP_0266,0.8556155572426658
PROD::PRO_004040||SUP::SUP_0266,PROD::PRO_004061||SUP::SUP_0266,0.8376940070799193
PROD::PRO_004040||SUP::SUP_0266,PROD::PRO_004084||SUP::SUP_0266,0.8350288746209628
PROD::PRO_004040||SUP::SUP_0266,PROD::PRO_004002||SUP::SUP_0266,0.812183726229412
PROD::PRO_004040||SUP::SUP_0266,PROD::PRO_004101||SUP::SUP_0266,0.8073910347641132
PROD::PRO_004040||SUP::SUP_0266,PROD::PRO_004075||SUP::SUP_0266,0.801068855916773
PROD::PRO_004040||SUP::SUP_0266,PROD::PRO_004003||SUP::SUP_0266,0.8009480727457193
PROD::PRO_004040||SUP::SUP_0266,PROD::PRO_004038||SUP::SUP_0266,0.8007711975872633
PROD::PRO_004040||SUP::SUP_0266,PROD::PRO_003985||SUP::SUP_0266,0.7022455082847153
PROD::PRO_004040||SUP::SUP_0266,PROD::PRO_004123||SUP::SUP_0266,0.6464724241489547
PROD::PRO_004040||SUP::SUP_0266,PROD::PRO_004087||SUP::SUP_0266,0.752342994229221
PROD::PRO_004040||SUP::SUP_0266,PROD::PRO_004060||SUP::SUP_0266,0.772159000258326
PROD::PRO_004040||SUP::SUP_0266,PROD::PRO_003991||SUP::SUP_0266,0.6432398172828641
PROD::PRO_004040||SUP::SUP_0266,PROD::PRO_004124||SUP::SUP_0266,0.7040771727274598
PROD::PRO_004040||SUP::SUP_0266,PROD::PRO_004037||SUP::SUP_0266,0.7489118311495926
PROD::PRO_004040||SUP::SUP_0266,PROD::PRO_004005||SUP::SUP_0266,0.7740940171430374
PROD::PRO_004040||SUP::SUP_0266,PROD::PRO_004088||SUP::SUP_0266,0.7730350924167583
PROD::PRO_004040||SUP::SUP_0266,PROD::PRO_004077||SUP::SUP_0266,0.5321002325947815
PROD::PRO_001840||SUP::SUP_0135,PROD::PRO_001849||SUP::SUP_0135,0.9820858406757087
PROD::PRO_001840||SUP::SUP_0135,PROD::PRO_001842||SUP::SUP_0135,0.9132740212808779
PROD::PRO_001840||SUP::SUP_0135,PROD::PRO_001851||SUP::SUP_0136,0.9126240704989017
PROD::PRO_001840||SUP::SUP_0135,PROD::PRO_001850||SUP::SUP_0135,0.9029279724343336
PROD::PRO_001840||SUP::SUP_0135,PROD::PRO_001839||SUP::SUP_0135,0.7986851048245299
PROD::PRO_001840||SUP::SUP_0135,PROD::PRO_004351||SUP::SUP_0287,0.5033310807247842
PROD::PRO_001840||SUP::SUP_0135,PROD::PRO_000034||SUP::SUP_0012,0.45592360897571427
PROD::PRO_001840||SUP::SUP_0135,PROD::PRO_000870||SUP::SUP_0075,0.4321355675873877
PROD::PRO_001840||SUP::SUP_0135,PROD::PRO_001190||SUP::SUP_0084,0.3792020933377642
PROD::PRO_001840||SUP::SUP_0135,PROD::PRO_002726||SUP::SUP_0145,0.3721735749898538
PROD::PRO_001839||SUP::SUP_0135,PROD::PRO_001849||SUP::SUP_0135,0.8590941185964844
PROD::PRO_001839||SUP::SUP_0135,PROD::PRO_004351||SUP::SUP_0287,0.6992396810401521
PROD::PRO_001839||SUP::SUP_0135,PROD::PRO_001190||SUP::SUP_0084,0.6341384996494315
PROD::PRO_001839||SUP::SUP_0135,PROD::PRO_003830||SUP::SUP_0247,0.6139915995376912
PROD::PRO_001839||SUP::SUP_0135,PROD::PRO_000870||SUP::SUP_0075,0.6017234841668538
PROD::PRO_001839||SUP::SUP_0135,PROD::PRO_004349||SUP::SUP_0287,0.5578300511621926
PROD::PRO_001839||SUP::SUP_0135,PROD::PRO_001861||SUP::SUP_0140,0.5573202965240304
PROD::PRO_001839||SUP::SUP_0135,PROD::PRO_001842||SUP::SUP_0135,0.5542485521795761
PROD::PRO_001839||SUP::SUP_0135,PROD::PRO_001851||SUP::SUP_0136,0.5390573657068606
PROD::PRO_001839||SUP::SUP_0135,PROD::PRO_001841||SUP::SUP_0135,0.29963653935425427
PROD::PRO_001839||SUP::SUP_0135,PROD::PRO_001844||SUP::SUP_0135,0.29963653935425427
PROD::PRO_001839||SUP::SUP_0135,PROD::PRO_001843||SUP::SUP_0135,0.29963653935425427
PROD::PRO_001839||SUP::SUP_0135,PROD::PRO_001846||SUP::SUP_0135,0.29963653935425427
PROD::PRO_001839||SUP::SUP_0135,PROD::PRO_001845||SUP::SUP_0135,0.29963653935425427
PROD::PRO_001839||SUP::SUP_0135,PROD::PRO_001848||SUP::SUP_0135,0.29963653935425427
PROD::PRO_001839||SUP::SUP_0135,PROD::PRO_001847||SUP::SUP_0135,0.29963653935425427
PROD::PRO_001839||SUP::SUP_0135,PROD::PRO_001850||SUP::SUP_0135,0.5307982643753443
PROD::PRO_003992||SUP::SUP_0266,PROD::PRO_004543||SUP::SUP_0298,0.8998191814556217
PROD::PRO_003992||SUP::SUP_0266,PROD::PRO_000051||SUP::SUP_0019,0.8640285562246712
PROD::PRO_003992||SUP::SUP_0266,PROD::PRO_001277||SUP::SUP_0092,0.6777678373429986
PROD::PRO_003992||SUP::SUP_0266,PROD::PRO_004111||SUP::SUP_0266,0.5798410787004253
PROD::PRO_003992||SUP::SUP_0266,PROD::PRO_004071||SUP::SUP_0266,0.5577564487422516
PROD::PRO_003992||SUP::SUP_0266,PROD::PRO_004052||SUP::SUP_0266,0.5210761295364301
PROD::PRO_003992||SUP::SUP_0266,PROD::PRO_004013||SUP::SUP_0266,0.49684468922660097
PROD::PRO_003992||SUP::SUP_0266,PROD::PRO_004124||SUP::SUP_0266,0.4665136963517723
PROD::PRO_003992||SUP::SUP_0266,PROD::PRO_004128||SUP::SUP_0266,0.4525582100426724
PROD::PRO_003992||SUP::SUP_0266,PROD::PRO_004088||SUP::SUP_0266,0.44966813828540375
PROD::PRO_001842||SUP::SUP_0135,PROD::PRO_001851||SUP::SUP_0136,0.996951889366918
PROD::PRO_001842||SUP::SUP_0135,PROD::PRO_001850||SUP::SUP_0135,0.9866626967408134
PROD::PRO_001842||SUP::SUP_0135,PROD::PRO_001849||SUP::SUP_0135,0.8979586229729483
PROD::PRO_001842||SUP::SUP_0135,PROD::PRO_000034||SUP::SUP_0012,0.34601665059223596
PROD::PRO_001841||SUP::SUP_0135,PROD::PRO_001848||SUP::SUP_0135,1.0
PROD::PRO_001841||SUP::SUP_0135,PROD::PRO_001844||SUP::SUP_0135,1.0
PROD::PRO_001841||SUP::SUP_0135,PROD::PRO_001843||SUP::SUP_0135,1.0
PROD::PRO_001841||SUP::SUP_0135,PROD::PRO_001847||SUP::SUP_0135,1.0
PROD::PRO_001841||SUP::SUP_0135,PROD::PRO_001846||SUP::SUP_0135,1.0
PROD::PRO_001841||SUP::SUP_0135,PROD::PRO_001861||SUP::SUP_0140,0.323756161135047
PROD::PRO_001841||SUP::SUP_0135,PROD::PRO_001845||SUP::SUP_0135,1.0
PROD::PRO_001844||SUP::SUP_0135,PROD::PRO_001848||SUP::SUP_0135,1.0
PROD::PRO_001844||SUP::SUP_0135,PROD::PRO_001843||SUP::SUP_0135,1.0
PROD::PRO_001844||SUP::SUP_0135,PROD::PRO_001847||SUP::SUP_0135,1.0
PROD::PRO_001844||SUP::SUP_0135,PROD::PRO_001846||SUP::SUP_0135,1.0
PROD::PRO_001844||SUP::SUP_0135,PROD::PRO_001861||SUP::SUP_0140,0.323756161135047
PROD::PRO_001844||SUP::SUP_0135,PROD::PRO_001845||SUP::SUP_0135,1.0
PROD::PRO_001843||SUP::SUP_0135,PROD::PRO_001848||SUP::SUP_0135,1.0
PROD::PRO_001843||SUP::SUP_0135,PROD::PRO_001847||SUP::SUP_0135,1.0
PROD::PRO_001843||SUP::SUP_0135,PROD::PRO_001846||SUP::SUP_0135,1.0
PROD::PRO_001843||SUP::SUP_0135,PROD::PRO_001861||SUP::SUP_0140,0.323756161135047
PROD::PRO_001843||SUP::SUP_0135,PROD::PRO_001845||SUP::SUP_0135,1.0
PROD::PRO_001846||SUP::SUP_0135,PROD::PRO_001848||SUP::SUP_0135,1.0
PROD::PRO_001846||SUP::SUP_0135,PROD::PRO_001847||SUP::SUP_0135,1.0
PROD::PRO_001846||SUP::SUP_0135,PROD::PRO_001861||SUP::SUP_0140,0.323756161135047
PROD::PRO_001846||SUP::SUP_0135,PROD::PRO_001845||SUP::SUP_0135,1.0
PROD::PRO_001845||SUP::SUP_0135,PROD::PRO_001848||SUP::SUP_0135,1.0
PROD::PRO_001845||SUP::SUP_0135,PROD::PRO_001847||SUP::SUP_0135,1.0
PROD::PRO_001845||SUP::SUP_0135,PROD::PRO_001861||SUP::SUP_0140,0.323756161135047
PROD::PRO_001848||SUP::SUP_0135,PROD::PRO_001847||SUP::SUP_0135,1.0
PROD::PRO_001848||SUP::SUP_0135,PROD::PRO_001861||SUP::SUP_0140,0.323756161135047
PROD::PRO_001847||SUP::SUP_0135,PROD::PRO_001861||SUP::SUP_0140,0.323756161135047
PROD::PRO_003909||SUP::SUP_0256,PROD::PRO_003430||SUP::SUP_0205,0.6776818105372471
PROD::PRO_003909||SUP::SUP_0256,PROD::PRO_000045||SUP::SUP_0017,0.6646782052085526
PROD::PRO_003909||SUP::SUP_0256,PROD::PRO_000648||SUP::SUP_0037,0.6532027684353731
PROD::PRO_003909||SUP::SUP_0256,PROD::PRO_000061||SUP::SUP_0024,0.6368459865071348
PROD::PRO_003909||SUP::SUP_0256,PROD::PRO_003175||SUP::SUP_0169,0.6070996355401082
PROD::PRO_003909||SUP::SUP_0256,PROD::PRO_003542||SUP::SUP_0232,0.5854761227017029
PROD::PRO_003909||SUP::SUP_0256,PROD::PRO_001194||SUP::SUP_0084,0.5735652435659634
PROD::PRO_003909||SUP::SUP_0256,PROD::PRO_000055||SUP::SUP_0021,0.5667908905949888
PROD::PRO_003909||SUP::SUP_0256,PROD::PRO_001718||SUP::SUP_0123,0.5643625675643297
PROD::PRO_003909||SUP::SUP_0256,PROD::PRO_000044||SUP::SUP_0017,0.5576335208449875
PROD::PRO_003909||SUP::SUP_0256,PROD::PRO_004564||SUP::SUP_0298,0.35418748208201367
PROD::PRO_003909||SUP::SUP_0256,PROD::PRO_001277||SUP::SUP_0092,0.5308849523353127
PROD::PRO_003909||SUP::SUP_0256,PROD::PRO_004354||SUP::SUP_0287,0.5045501085756414
PROD::PRO_003909||SUP::SUP_0256,PROD::PRO_004357||SUP::SUP_0287,0.5240471359958826
PROD::PRO_003909||SUP::SUP_0256,PROD::PRO_004356||SUP::SUP_0287,0.49159790270426196
PROD::PRO_000666||SUP::SUP_0039,PROD::PRO_000665||SUP::SUP_0039,0.9930814068383879
PROD::PRO_000666||SUP::SUP_0039,PROD::PRO_000054||SUP::SUP_0020,0.4808302720649429
PROD::PRO_000666||SUP::SUP_0039,PROD::PRO_000037||SUP::SUP_0012,0.4612400656048632
PROD::PRO_000666||SUP::SUP_0039,PROD::PRO_001189||SUP::SUP_0084,0.3769688327948283
PROD::PRO_000666||SUP::SUP_0039,PROD::PRO_000646||SUP::SUP_0037,0.3739527007144048
PROD::PRO_000666||SUP::SUP_0039,PROD::PRO_001192||SUP::SUP_0084,0.34679677649936647
PROD::PRO_000666||SUP::SUP_0039,PROD::PRO_003541||SUP::SUP_0232,0.28712646478486503
PROD::PRO_000666||SUP::SUP_0039,PROD::PRO_000038||SUP::SUP_0012,0.27096930113851103
PROD::PRO_002853||SUP::SUP_0156,PROD::PRO_000066||SUP::SUP_0026,0.7156352565024974
PROD::PRO_002853||SUP::SUP_0156,PROD::PRO_004109||SUP::SUP_0266,0.6303658262718101
PROD::PRO_002853||SUP::SUP_0156,PROD::PRO_001194||SUP::SUP_0084,0.6010771550065724
PROD::PRO_002853||SUP::SUP_0156,PROD::PRO_001314||SUP::SUP_0100,0.5564752262868274
PROD::PRO_002853||SUP::SUP_0156,PROD::PRO_003830||SUP::SUP_0247,0.5495070657635719
PROD::PRO_002853||SUP::SUP_0156,PROD::PRO_000062||SUP::SUP_0025,0.5413132118401527
PROD::PRO_002853||SUP::SUP_0156,PROD::PRO_004108||SUP::SUP_0266,0.5085665961789253
PROD::PRO_002853||SUP::SUP_0156,PROD::PRO_006100||SUP::SUP_0368,0.4853724934373259
PROD::PRO_002853||SUP::SUP_0156,PROD::PRO_004354||SUP::SUP_0287,0.4716680012939125
PROD::PRO_002853||SUP::SUP_0156,PROD::PRO_004521||SUP::SUP_0296,0.46814135710360605
PROD::PRO_002853||SUP::SUP_0156,PROD::PRO_004527||SUP::SUP_0296,0.4238500985770357
PROD::PRO_002853||SUP::SUP_0156,PROD::PRO_004523||SUP::SUP_0296,0.4396515668752241
PROD::PRO_000665||SUP::SUP_0039,PROD::PRO_000037||SUP::SUP_0012,0.5397238154051203
PROD::PRO_000665||SUP::SUP_0039,PROD::PRO_000054||SUP::SUP_0020,0.4851624106279263
PROD::PRO_000665||SUP::SUP_0039,PROD::PRO_000646||SUP::SUP_0037,0.4589549878601459
PROD::PRO_000665||SUP::SUP_0039,PROD::PRO_001189||SUP::SUP_0084,0.3844187607767766
PROD::PRO_000665||SUP::SUP_0039,PROD::PRO_005729||SUP::SUP_0353,0.34224298071130743
PROD::PRO_000665||SUP::SUP_0039,PROD::PRO_000038||SUP::SUP_0012,0.339346134451576
PROD::PRO_000665||SUP::SUP_0039,PROD::PRO_001192||SUP::SUP_0084,0.31599284795086935
PROD::PRO_000665||SUP::SUP_0039,PROD::PRO_003541||SUP::SUP_0232,0.3148966261877979
PROD::PRO_002726||SUP::SUP_0145,PROD::PRO_000719||SUP::SUP_0048,0.7421949258523673
PROD::PRO_002726||SUP::SUP_0145,PROD::PRO_000720||SUP::SUP_0048,0.7356677144180417
PROD::PRO_002726||SUP::SUP_0145,PROD::PRO_001746||SUP::SUP_0127,0.7190342659717396
PROD::PRO_002726||SUP::SUP_0145,PROD::PRO_001743||SUP::SUP_0127,0.7144491311084569
PROD::PRO_002726||SUP::SUP_0145,PROD::PRO_006100||SUP::SUP_0368,0.6376728343456185
PROD::PRO_002726||SUP::SUP_0145,PROD::PRO_001747||SUP::SUP_0127,0.5787818888637016
PROD::PRO_002726||SUP::SUP_0145,PROD::PRO_001744||SUP::SUP_0127,0.5502310075637422
PROD::PRO_002726||SUP::SUP_0145,PROD::PRO_000870||SUP::SUP_0075,0.5464549638354138
PROD::PRO_002726||SUP::SUP_0145,PROD::PRO_001748||SUP::SUP_0127,0.4977157102112122
PROD::PRO_002726||SUP::SUP_0145,PROD::PRO_004540||SUP::SUP_0298,0.4867128184520062
PROD::PRO_000646||SUP::SUP_0037,PROD::PRO_000037||SUP::SUP_0012,0.9136984600061624
PROD::PRO_000646||SUP::SUP_0037,PROD::PRO_005729||SUP::SUP_0353,0.8973400731566628
PROD::PRO_000646||SUP::SUP_0037,PROD::PRO_000649||SUP::SUP_0037,0.8557703128430095
PROD::PRO_000646||SUP::SUP_0037,PROD::PRO_000038||SUP::SUP_0012,0.8223183670138247
PROD::PRO_000646||SUP::SUP_0037,PROD::PRO_003430||SUP::SUP_0205,0.7696841933149408
PROD::PRO_000646||SUP::SUP_0037,PROD::PRO_001188||SUP::SUP_0083,0.7649858869089966
PROD::PRO_000646||SUP::SUP_0037,PROD::PRO_000034||SUP::SUP_0012,0.7016699141671249
PROD::PRO_000646||SUP::SUP_0037,PROD::PRO_004351||SUP::SUP_0287,0.66131800573742
PROD::PRO_000646||SUP::SUP_0037,PROD::PRO_004348||SUP::SUP_0287,0.6435484326747426
PROD::PRO_000646||SUP::SUP_0037,PROD::PRO_001190||SUP::SUP_0084,0.5771816863735191
PROD::PRO_000646||SUP::SUP_0037,PROD::PRO_001661||SUP::SUP_0118,0.45668343878569817
PROD::PRO_000646||SUP::SUP_0037,PROD::PRO_004350||SUP::SUP_0287,0.5200956830397931
PROD::PRO_000646||SUP::SUP_0037,PROD::PRO_000027||SUP::SUP_0007,0.5346094469708668
PROD::PRO_001704||SUP::SUP_0122,PROD::PRO_001705||SUP::SUP_0122,0.998903545542078
PROD::PRO_001704||SUP::SUP_0122,PROD::PRO_001703||SUP::SUP_0122,0.9953728195091809
PROD::PRO_001704||SUP::SUP_0122,PROD::PRO_001707||SUP::SUP_0122,0.9938284569100491
PROD::PRO_001704||SUP::SUP_0122,PROD::PRO_001706||SUP::SUP_0122,0.9692951287684002
PROD::PRO_001704||SUP::SUP_0122,PROD::PRO_001701||SUP::SUP_0122,0.9568308474036443
PROD::PRO_001704||SUP::SUP_0122,PROD::PRO_001699||SUP::SUP_0122,0.9320960453625835
PROD::PRO_001704||SUP::SUP_0122,PROD::PRO_001700||SUP::SUP_0122,0.8969898200787916
PROD::PRO_001704||SUP::SUP_0122,PROD::PRO_001708||SUP::SUP_0122,0.8663241539150148
PROD::PRO_001704||SUP::SUP_0122,PROD::PRO_001702||SUP::SUP_0122,0.7901077447741005
PROD::PRO_001704||SUP::SUP_0122,PROD::PRO_001196||SUP::SUP_0084,0.32183808060407293
PROD::PRO_001705||SUP::SUP_0122,PROD::PRO_001703||SUP::SUP_0122,0.9947643135005568
PROD::PRO_001705||SUP::SUP_0122,PROD::PRO_001707||SUP::SUP_0122,0.9933956014532253
PROD::PRO_001705||SUP::SUP_0122,PROD::PRO_001706||SUP::SUP_0122,0.9677319660028938
PROD::PRO_001705||SUP::SUP_0122,PROD::PRO_001701||SUP::SUP_0122,0.9581687014855979
PROD::PRO_001705||SUP::SUP_0122,PROD::PRO_001699||SUP::SUP_0122,0.9332311696575067
PROD::PRO_001705||SUP::SUP_0122,PROD::PRO_001700||SUP::SUP_0122,0.9002169883548224
PROD::PRO_001705||SUP::SUP_0122,PROD::PRO_001708||SUP::SUP_0122,0.8678197690055962
PROD::PRO_001705||SUP::SUP_0122,PROD::PRO_001702||SUP::SUP_0122,0.7936326813113874
PROD::PRO_001705||SUP::SUP_0122,PROD::PRO_001196||SUP::SUP_0084,0.3218623872818047
PROD::PRO_001707||SUP::SUP_0122,PROD::PRO_001703||SUP::SUP_0122,0.9981695246894343
PROD::PRO_001707||SUP::SUP_0122,PROD::PRO_001701||SUP::SUP_0122,0.980315861995106
PROD::PRO_001707||SUP::SUP_0122,PROD::PRO_001706||SUP::SUP_0122,0.9672459565537458
PROD::PRO_001707||SUP::SUP_0122,PROD::PRO_001699||SUP::SUP_0122,0.9440446339680988
PROD::PRO_001707||SUP::SUP_0122,PROD::PRO_001700||SUP::SUP_0122,0.9315261091016053
PROD::PRO_001707||SUP::SUP_0122,PROD::PRO_001708||SUP::SUP_0122,0.8842471578558188
PROD::PRO_001707||SUP::SUP_0122,PROD::PRO_001702||SUP::SUP_0122,0.8282247873981289
PROD::PRO_001707||SUP::SUP_0122,PROD::PRO_001196||SUP::SUP_0084,0.2905313489773458
PROD::PRO_001703||SUP::SUP_0122,PROD::PRO_001701||SUP::SUP_0122,0.9771402842132205
PROD::PRO_001703||SUP::SUP_0122,PROD::PRO_001706||SUP::SUP_0122,0.9709567216431424
PROD::PRO_001703||SUP::SUP_0122,PROD::PRO_001699||SUP::SUP_0122,0.9433666925354521
PROD::PRO_001703||SUP::SUP_0122,PROD::PRO_001700||SUP::SUP_0122,0.9315570158983297
PROD::PRO_001703||SUP::SUP_0122,PROD::PRO_001708||SUP::SUP_0122,0.8894600201890864
PROD::PRO_001703||SUP::SUP_0122,PROD::PRO_001702||SUP::SUP_0122,0.8321188900985041
PROD::PRO_001703||SUP::SUP_0122,PROD::PRO_001196||SUP::SUP_0084,0.29486769095370624
PROD::PRO_001700||SUP::SUP_0122,PROD::PRO_001701||SUP::SUP_0122,0.9770617370680215
PROD::PRO_001700||SUP::SUP_0122,PROD::PRO_001699||SUP::SUP_0122,0.9219736330961184
PROD::PRO_001700||SUP::SUP_0122,PROD::PRO_001702||SUP::SUP_0122,0.9030587554905525
PROD::PRO_001700||SUP::SUP_0122,PROD::PRO_001706||SUP::SUP_0122,0.8911442298255113
PROD::PRO_001700||SUP::SUP_0122,PROD::PRO_001708||SUP::SUP_0122,0.8747693318249194
PROD::PRO_001700||SUP::SUP_0122,PROD::PRO_003913||SUP::SUP_0258,0.5247054276226
PROD::PRO_001700||SUP::SUP_0122,PROD::PRO_003912||SUP::SUP_0258,0.3739335690338137
PROD::PRO_001702||SUP::SUP_0122,PROD::PRO_001708||SUP::SUP_0122,0.9687736015290223
PROD::PRO_001702||SUP::SUP_0122,PROD::PRO_001701||SUP::SUP_0122,0.8860740454381749
PROD::PRO_001702||SUP::SUP_0122,PROD::PRO_001699||SUP::SUP_0122,0.827524110512671
PROD::PRO_001702||SUP::SUP_0122,PROD::PRO_001706||SUP::SUP_0122,0.7902979785647123
PROD::PRO_001702||SUP::SUP_0122,PROD::PRO_004102||SUP::SUP_0266,0.4474644006399088
PROD::PRO_001702||SUP::SUP_0122,PROD::PRO_003913||SUP::SUP_0258,0.447048970263085
PROD::PRO_001702||SUP::SUP_0122,PROD::PRO_004028||SUP::SUP_0266,0.4440642986979094
PROD::PRO_001702||SUP::SUP_0122,PROD::PRO_004671||SUP::SUP_0298,0.408430574021857
PROD::PRO_001702||SUP::SUP_0122,PROD::PRO_004600||SUP::SUP_0298,0.40838036711739645
PROD::PRO_001701||SUP::SUP_0122,PROD::PRO_001699||SUP::SUP_0122,0.9439059766133853
PROD::PRO_001701||SUP::SUP_0122,PROD::PRO_001706||SUP::SUP_0122,0.9407873403321161
PROD::PRO_001701||SUP::SUP_0122,PROD::PRO_001708||SUP::SUP_0122,0.8957407048199317
PROD::PRO_001701||SUP::SUP_0122,PROD::PRO_003913||SUP::SUP_0258,0.4130471143676345
PROD::PRO_006100||SUP::SUP_0368,PROD::PRO_006662||SUP::SUP_0373,0.7486877796135847
PROD::PRO_006100||SUP::SUP_0368,PROD::PRO_003175||SUP::SUP_0169,0.683926260649565
PROD::PRO_006100||SUP::SUP_0368,PROD::PRO_000035||SUP::SUP_0012,0.6451072014598717
PROD::PRO_006100||SUP::SUP_0368,PROD::PRO_000870||SUP::SUP_0075,0.635579479498193
PROD::PRO_006100||SUP::SUP_0368,PROD::PRO_000648||SUP::SUP_0037,0.6306615009165114
PROD::PRO_006100||SUP::SUP_0368,PROD::PRO_000033||SUP::SUP_0012,0.6005499045874507
PROD::PRO_006100||SUP::SUP_0368,PROD::PRO_004352||SUP::SUP_0287,0.5945758644267074
PROD::PRO_006100||SUP::SUP_0368,PROD::PRO_003542||SUP::SUP_0232,0.5928691184604843
PROD::PRO_006100||SUP::SUP_0368,PROD::PRO_001296||SUP::SUP_0097,0.5789755823049358
PROD::PRO_006100||SUP::SUP_0368,PROD::PRO_004152||SUP::SUP_0268,0.5056730382532645
PROD::PRO_006100||SUP::SUP_0368,PROD::PRO_004356||SUP::SUP_0287,0.4480740095426696
PROD::PRO_002728||SUP::SUP_0145,PROD::PRO_001789||SUP::SUP_0128,0.6864846720253441
PROD::PRO_002728||SUP::SUP_0145,PROD::PRO_001788||SUP::SUP_0128,0.6863495746928717
PROD::PRO_002728||SUP::SUP_0145,PROD::PRO_001787||SUP::SUP_0128,0.685372259753641
PROD::PRO_002728||SUP::SUP_0145,PROD::PRO_002859||SUP::SUP_0159,0.6258063368684166
PROD::PRO_002728||SUP::SUP_0145,PROD::PRO_001768||SUP::SUP_0127,0.48307464309816894
PROD::PRO_002728||SUP::SUP_0145,PROD::PRO_002727||SUP::SUP_0145,0.40422285528675406
PROD::PRO_002728||SUP::SUP_0145,PROD::PRO_001188||SUP::SUP_0083,0.39080383781755146
PROD::PRO_002728||SUP::SUP_0145,PROD::PRO_002731||SUP::SUP_0145,0.38724367488197264
PROD::PRO_002728||SUP::SUP_0145,PROD::PRO_002730||SUP::SUP_0145,0.38508709208666114
PROD::PRO_002728||SUP::SUP_0145,PROD::PRO_002729||SUP::SUP_0145,0.37812428670676046
PROD::PRO_002728||SUP::SUP_0145,PROD::PRO_001483||SUP::SUP_0113,0.36004815196169404
PROD::PRO_002728||SUP::SUP_0145,PROD::PRO_001482||SUP::SUP_0113,0.3620955258927946
PROD::PRO_002728||SUP::SUP_0145,PROD::PRO_001481||SUP::SUP_0113,0.36476802060350555
PROD::PRO_002728||SUP::SUP_0145,PROD::PRO_002732||SUP::SUP_0145,0.37491122401133303
PROD::PRO_001483||SUP::SUP_0113,PROD::PRO_001482||SUP::SUP_0113,0.9999731334316441
PROD::PRO_001483||SUP::SUP_0113,PROD::PRO_001481||SUP::SUP_0113,0.9619368769878686
PROD::PRO_001483||SUP::SUP_0113,PROD::PRO_000027||SUP::SUP_0007,0.4894797604126997
PROD::PRO_001483||SUP::SUP_0113,PROD::PRO_001861||SUP::SUP_0140,0.4658514876950539
PROD::PRO_004008||SUP::SUP_0266,PROD::PRO_004007||SUP::SUP_0266,0.9999966583420964
PROD::PRO_004008||SUP::SUP_0266,PROD::PRO_004069||SUP::SUP_0266,0.6461278445568025
PROD::PRO_004008||SUP::SUP_0266,PROD::PRO_004015||SUP::SUP_0266,0.6436404972579749
PROD::PRO_004008||SUP::SUP_0266,PROD::PRO_004012||SUP::SUP_0266,0.6314629039375768
PROD::PRO_004008||SUP::SUP_0266,PROD::PRO_004006||SUP::SUP_0266,0.5748993368074403
PROD::PRO_004008||SUP::SUP_0266,PROD::PRO_004099||SUP::SUP_0266,0.5680403271700878
PROD::PRO_004008||SUP::SUP_0266,PROD::PRO_004019||SUP::SUP_0266,0.5201701278201403
PROD::PRO_004008||SUP::SUP_0266,PROD::PRO_004100||SUP::SUP_0266,0.519219022188966
PROD::PRO_004008||SUP::SUP_0266,PROD::PRO_003999||SUP::SUP_0266,0.4813312252351072
PROD::PRO_004008||SUP::SUP_0266,PROD::PRO_004035||SUP::SUP_0266,0.3763082282391679
PROD::PRO_003999||SUP::SUP_0266,PROD::PRO_004119||SUP::SUP_0266,0.925771715017367
PROD::PRO_003999||SUP::SUP_0266,PROD::PRO_004121||SUP::SUP_0266,0.8662138745496694
PROD::PRO_003999||SUP::SUP_0266,PROD::PRO_000050||SUP::SUP_0019,0.7477134655517503
PROD::PRO_003999||SUP::SUP_0266,PROD::PRO_004624||SUP::SUP_0298,0.7345087312820677
PROD::PRO_003999||SUP::SUP_0266,PROD::PRO_004051||SUP::SUP_0266,0.7309922990629761
PROD::PRO_003999||SUP::SUP_0266,PROD::PRO_000647||SUP::SUP_0037,0.7205114083607017
PROD::PRO_003999||SUP::SUP_0266,PROD::PRO_004022||SUP::SUP_0266,0.708775628664762
PROD::PRO_003999||SUP::SUP_0266,PROD::PRO_004575||SUP::SUP_0298,0.6614347545092386
PROD::PRO_003999||SUP::SUP_0266,PROD::PRO_004035||SUP::SUP_0266,0.6527203030356268
PROD::PRO_003999||SUP::SUP_0266,PROD::PRO_004007||SUP::SUP_0266,0.4800397076872749
PROD::PRO_003999||SUP::SUP_0266,PROD::PRO_000048||SUP::SUP_0019,0.6023825782940682
PROD::PRO_001850||SUP::SUP_0135,PROD::PRO_001851||SUP::SUP_0136,0.9870389043841621
PROD::PRO_001850||SUP::SUP_0135,PROD::PRO_001849||SUP::SUP_0135,0.8814816146726336
PROD::PRO_001850||SUP::SUP_0135,PROD::PRO_000034||SUP::SUP_0012,0.37872607847465756
PROD::PRO_001850||SUP::SUP_0135,PROD::PRO_002821||SUP::SUP_0147,0.2855499117288052
PROD::PRO_001850||SUP::SUP_0135,PROD::PRO_002819||SUP::SUP_0147,0.26985427019611496
PROD::PRO_001850||SUP::SUP_0135,PROD::PRO_004634||SUP::SUP_0298,0.2529334309445386
PROD::PRO_001849||SUP::SUP_0135,PROD::PRO_001851||SUP::SUP_0136,0.8905169805178239
PROD::PRO_001849||SUP::SUP_0135,PROD::PRO_004351||SUP::SUP_0287,0.4763832627561282
PROD::PRO_001849||SUP::SUP_0135,PROD::PRO_000870||SUP::SUP_0075,0.4304218655210086
PROD::PRO_001849||SUP::SUP_0135,PROD::PRO_004349||SUP::SUP_0287,0.3925507184301984
PROD::PRO_001849||SUP::SUP_0135,PROD::PRO_000034||SUP::SUP_0012,0.3791130492516612
PROD::PRO_001849||SUP::SUP_0135,PROD::PRO_001190||SUP::SUP_0084,0.37405183165039535
PROD::PRO_005725||SUP::SUP_0353,PROD::PRO_005731||SUP::SUP_0353,0.8465436164214893
PROD::PRO_005725||SUP::SUP_0353,PROD::PRO_004042||SUP::SUP_0266,0.785633753709613
PROD::PRO_005725||SUP::SUP_0353,PROD::PRO_005724||SUP::SUP_0353,0.7845013114828947
PROD::PRO_005725||SUP::SUP_0353,PROD::PRO_001696||SUP::SUP_0121,0.7544072628985838
PROD::PRO_005725||SUP::SUP_0353,PROD::PRO_004667||SUP::SUP_0298,0.7498058914417667
PROD::PRO_005725||SUP::SUP_0353,PROD::PRO_001090||SUP::SUP_0078,0.6605155139052781
PROD::PRO_005725||SUP::SUP_0353,PROD::PRO_002860||SUP::SUP_0160,0.6143854714918767
PROD::PRO_005725||SUP::SUP_0353,PROD::PRO_004348||SUP::SUP_0287,0.5495075552918335
PROD::PRO_005725||SUP::SUP_0353,PROD::PRO_000049||SUP::SUP_0019,0.4926730275063611
PROD::PRO_005725||SUP::SUP_0353,PROD::PRO_004062||SUP::SUP_0266,0.48822227600836543
PROD::PRO_000649||SUP::SUP_0037,PROD::PRO_003430||SUP::SUP_0205,0.8309473205861739
PROD::PRO_000649||SUP::SUP_0037,PROD::PRO_004351||SUP::SUP_0287,0.8283253451987203
PROD::PRO_000649||SUP::SUP_0037,PROD::PRO_001188||SUP::SUP_0083,0.8054768102819063
PROD::PRO_000649||SUP::SUP_0037,PROD::PRO_004348||SUP::SUP_0287,0.7920487995822594
PROD::PRO_000649||SUP::SUP_0037,PROD::PRO_001190||SUP::SUP_0084,0.791562187174669
PROD::PRO_000649||SUP::SUP_0037,PROD::PRO_000038||SUP::SUP_0012,0.767284230114093
PROD::PRO_000649||SUP::SUP_0037,PROD::PRO_005729||SUP::SUP_0353,0.7607886758358849
PROD::PRO_000649||SUP::SUP_0037,PROD::PRO_000037||SUP::SUP_0012,0.7312793376672996
PROD::PRO_000649||SUP::SUP_0037,PROD::PRO_003829||SUP::SUP_0247,0.7209941984390988
PROD::PRO_000649||SUP::SUP_0037,PROD::PRO_000870||SUP::SUP_0075,0.6122816580523351
PROD::PRO_000649||SUP::SUP_0037,PROD::PRO_001661||SUP::SUP_0118,0.49241855504492604
PROD::PRO_000649||SUP::SUP_0037,PROD::PRO_001861||SUP::SUP_0140,0.699007221800269
PROD::PRO_000649||SUP::SUP_0037,PROD::PRO_003830||SUP::SUP_0247,0.6133353831971963
PROD::PRO_000649||SUP::SUP_0037,PROD::PRO_000055||SUP::SUP_0021,0.5749006825571119
PROD::PRO_000649||SUP::SUP_0037,PROD::PRO_000076||SUP::SUP_0028,0.6268862634636617
PROD::PRO_000649||SUP::SUP_0037,PROD::PRO_000034||SUP::SUP_0012,0.6327226770262322
PROD::PRO_000649||SUP::SUP_0037,PROD::PRO_000075||SUP::SUP_0028,0.5814559897277093
PROD::PRO_000649||SUP::SUP_0037,PROD::PRO_004350||SUP::SUP_0287,0.5485592492651723
PROD::PRO_000649||SUP::SUP_0037,PROD::PRO_004242||SUP::SUP_0281,0.6890610854313427
PROD::PRO_000649||SUP::SUP_0037,PROD::PRO_000027||SUP::SUP_0007,0.5655414127964845
PROD::PRO_000648||SUP::SUP_0037,PROD::PRO_001277||SUP::SUP_0092,0.7539059335591466
PROD::PRO_000648||SUP::SUP_0037,PROD::PRO_004356||SUP::SUP_0287,0.7212954902719528
PROD::PRO_000648||SUP::SUP_0037,PROD::PRO_004354||SUP::SUP_0287,0.7175749117805672
PROD::PRO_000648||SUP::SUP_0037,PROD::PRO_004357||SUP::SUP_0287,0.6543868711765949
PROD::PRO_000648||SUP::SUP_0037,PROD::PRO_004152||SUP::SUP_0268,0.6444404192282702
PROD::PRO_000648||SUP::SUP_0037,PROD::PRO_001296||SUP::SUP_0097,0.5988618973769468
PROD::PRO_000648||SUP::SUP_0037,PROD::PRO_000045||SUP::SUP_0017,0.5693872801061423
PROD::PRO_000648||SUP::SUP_0037,PROD::PRO_000061||SUP::SUP_0024,0.5661935244346825
PROD::PRO_000648||SUP::SUP_0037,PROD::PRO_000059||SUP::SUP_0023,0.48321287011419467
PROD::PRO_000648||SUP::SUP_0037,PROD::PRO_000060||SUP::SUP_0023,0.47842012840557724
PROD::PRO_001725||SUP::SUP_0125,PROD::PRO_000042||SUP::SUP_0016,0.8376353096439734
PROD::PRO_001725||SUP::SUP_0125,PROD::PRO_000039||SUP::SUP_0013,0.828811560096226
PROD::PRO_001725||SUP::SUP_0125,PROD::PRO_000074||SUP::SUP_0027,0.8055189760681953
PROD::PRO_001725||SUP::SUP_0125,PROD::PRO_000073||SUP::SUP_0027,0.7603735520285959
PROD::PRO_001725||SUP::SUP_0125,PROD::PRO_001296||SUP::SUP_0097,0.7211958226896017
PROD::PRO_001725||SUP::SUP_0125,PROD::PRO_000069||SUP::SUP_0026,0.6926107206968345
PROD::PRO_001725||SUP::SUP_0125,PROD::PRO_001766||SUP::SUP_0127,0.674109294475158
PROD::PRO_001725||SUP::SUP_0125,PROD::PRO_001184||SUP::SUP_0079,0.6710184840138452
PROD::PRO_001725||SUP::SUP_0125,PROD::PRO_002859||SUP::SUP_0159,0.6023953112494341
PROD::PRO_001725||SUP::SUP_0125,PROD::PRO_000040||SUP::SUP_0014,0.5755447780819013
PROD::PRO_001725||SUP::SUP_0125,PROD::PRO_001724||SUP::SUP_0125,0.5449584622596073
PROD::PRO_001725||SUP::SUP_0125,PROD::PRO_001713||SUP::SUP_0122,0.25832564401436064
PROD::PRO_001725||SUP::SUP_0125,PROD::PRO_004153||SUP::SUP_0268,0.5518329484392238
PROD::PRO_001725||SUP::SUP_0125,PROD::PRO_000051||SUP::SUP_0019,0.4267109160092656
PROD::PRO_001711||SUP::SUP_0122,PROD::PRO_001698||SUP::SUP_0122,0.9922119614535442
PROD::PRO_001711||SUP::SUP_0122,PROD::PRO_001712||SUP::SUP_0122,0.9919375745822482
PROD::PRO_001711||SUP::SUP_0122,PROD::PRO_001716||SUP::SUP_0122,0.9911175750323411
PROD::PRO_001711||SUP::SUP_0122,PROD::PRO_001709||SUP::SUP_0122,0.6085545722652471
PROD::PRO_001711||SUP::SUP_0122,PROD::PRO_001714||SUP::SUP_0122,0.5845638958864253
PROD::PRO_001711||SUP::SUP_0122,PROD::PRO_004189||SUP::SUP_0279,0.532299826260188
PROD::PRO_001711||SUP::SUP_0122,PROD::PRO_001710||SUP::SUP_0122,0.4980969291148517
PROD::PRO_001711||SUP::SUP_0122,PROD::PRO_000055||SUP::SUP_0021,0.3953287997478161
PROD::PRO_001711||SUP::SUP_0122,PROD::PRO_001717||SUP::SUP_0123,0.3643352859215916
PROD::PRO_001724||SUP::SUP_0125,PROD::PRO_001315||SUP::SUP_0100,0.7288582822533826
PROD::PRO_001724||SUP::SUP_0125,PROD::PRO_000717||SUP::SUP_0047,0.6583039835326516
PROD::PRO_001724||SUP::SUP_0125,PROD::PRO_004191||SUP::SUP_0280,0.6533774684435621
PROD::PRO_001724||SUP::SUP_0125,PROD::PRO_000083||SUP::SUP_0031,0.6051564352463745
PROD::PRO_001724||SUP::SUP_0125,PROD::PRO_004083||SUP::SUP_0266,0.5873396591570684
PROD::PRO_001724||SUP::SUP_0125,PROD::PRO_004656||SUP::SUP_0298,0.5829388615564769
PROD::PRO_001724||SUP::SUP_0125,PROD::PRO_002821||SUP::SUP_0147,0.5561604295831332
PROD::PRO_001724||SUP::SUP_0125,PROD::PRO_004049||SUP::SUP_0266,0.5350774572979834
PROD::PRO_001724||SUP::SUP_0125,PROD::PRO_002819||SUP::SUP_0147,0.5316588867384949
PROD::PRO_001724||SUP::SUP_0125,PROD::PRO_003929||SUP::SUP_0263,0.40377384678049943
PROD::PRO_001724||SUP::SUP_0125,PROD::PRO_000081||SUP::SUP_0030,0.45759815376757873
PROD::PRO_001724||SUP::SUP_0125,PROD::PRO_000080||SUP::SUP_0030,0.48566809776424
PROD::PRO_001724||SUP::SUP_0125,PROD::PRO_000082||SUP::SUP_0030,0.47299910224919517
PROD::PRO_001724||SUP::SUP_0125,PROD::PRO_004353||SUP::SUP_0287,0.5108880560760363
PROD::PRO_000647||SUP::SUP_0037,PROD::PRO_000050||SUP::SUP_0019,0.914564982549395
PROD::PRO_000647||SUP::SUP_0037,PROD::PRO_000048||SUP::SUP_0019,0.8855336047922567
PROD::PRO_000647||SUP::SUP_0037,PROD::PRO_004119||SUP::SUP_0266,0.7111190085542145
PROD::PRO_000647||SUP::SUP_0037,PROD::PRO_004051||SUP::SUP_0266,0.6644087375776662
PROD::PRO_000647||SUP::SUP_0037,PROD::PRO_004022||SUP::SUP_0266,0.6371432935284307
PROD::PRO_000647||SUP::SUP_0037,PROD::PRO_004121||SUP::SUP_0266,0.6185474875275815
PROD::PRO_000647||SUP::SUP_0037,PROD::PRO_004560||SUP::SUP_0298,0.6129775365321435
PROD::PRO_000647||SUP::SUP_0037,PROD::PRO_004575||SUP::SUP_0298,0.5822934987146842
PROD::PRO_001706||SUP::SUP_0122,PROD::PRO_001699||SUP::SUP_0122,0.9025651625296777
PROD::PRO_001706||SUP::SUP_0122,PROD::PRO_001708||SUP::SUP_0122,0.8618119028901965
PROD::PRO_001706||SUP::SUP_0122,PROD::PRO_001196||SUP::SUP_0084,0.28737941228244246
PROD::PRO_001708||SUP::SUP_0122,PROD::PRO_001699||SUP::SUP_0122,0.8548094788658759
PROD::PRO_001708||SUP::SUP_0122,PROD::PRO_004102||SUP::SUP_0266,0.408665033153675
PROD::PRO_001708||SUP::SUP_0122,PROD::PRO_004028||SUP::SUP_0266,0.4035847430826017
PROD::PRO_001708||SUP::SUP_0122,PROD::PRO_004671||SUP::SUP_0298,0.3859246942044381
PROD::PRO_001708||SUP::SUP_0122,PROD::PRO_004600||SUP::SUP_0298,0.3856592354410546
PROD::PRO_001717||SUP::SUP_0123,PROD::PRO_001718||SUP::SUP_0123,0.9635677166053165
PROD::PRO_001717||SUP::SUP_0123,PROD::PRO_000079||SUP::SUP_0029,0.7016373266315838
PROD::PRO_001717||SUP::SUP_0123,PROD::PRO_000077||SUP::SUP_0028,0.6047350567004115
PROD::PRO_001717||SUP::SUP_0123,PROD::PRO_001184||SUP::SUP_0079,0.5998087873241568
PROD::PRO_001717||SUP::SUP_0123,PROD::PRO_004189||SUP::SUP_0279,0.5923715746763845
PROD::PRO_001717||SUP::SUP_0123,PROD::PRO_000033||SUP::SUP_0012,0.5854748825047209
PROD::PRO_001717||SUP::SUP_0123,PROD::PRO_001188||SUP::SUP_0083,0.5795974551603356
PROD::PRO_001717||SUP::SUP_0123,PROD::PRO_000038||SUP::SUP_0012,0.5580961252552035
PROD::PRO_001717||SUP::SUP_0123,PROD::PRO_003430||SUP::SUP_0205,0.5529196476569334
PROD::PRO_001717||SUP::SUP_0123,PROD::PRO_000039||SUP::SUP_0013,0.5337507301300212
PROD::PRO_001717||SUP::SUP_0123,PROD::PRO_001698||SUP::SUP_0122,0.3499807235054888
PROD::PRO_001717||SUP::SUP_0123,PROD::PRO_003913||SUP::SUP_0258,0.40047835147114097
PROD::PRO_001717||SUP::SUP_0123,PROD::PRO_003912||SUP::SUP_0258,0.43687391426875966
PROD::PRO_001717||SUP::SUP_0123,PROD::PRO_001712||SUP::SUP_0122,0.3532871363522767
PROD::PRO_001717||SUP::SUP_0123,PROD::PRO_004564||SUP::SUP_0298,0.3127295809996209
PROD::PRO_001717||SUP::SUP_0123,PROD::PRO_000072||SUP::SUP_0026,0.2603588008845348
PROD::PRO_001717||SUP::SUP_0123,PROD::PRO_000071||SUP::SUP_0026,0.25374993688048875
PROD::PRO_001717||SUP::SUP_0123,PROD::PRO_000064||SUP::SUP_0026,0.29577881510451465
PROD::PRO_000870||SUP::SUP_0075,PROD::PRO_004351||SUP::SUP_0287,0.7296728759711978
PROD::PRO_000870||SUP::SUP_0075,PROD::PRO_001190||SUP::SUP_0084,0.6935576985165897
PROD::PRO_000870||SUP::SUP_0075,PROD::PRO_004348||SUP::SUP_0287,0.6564385368899646
PROD::PRO_000870||SUP::SUP_0075,PROD::PRO_006662||SUP::SUP_0373,0.6360159602788505
PROD::PRO_000870||SUP::SUP_0075,PROD::PRO_001189||SUP::SUP_0084,0.6096734273273089
PROD::PRO_000870||SUP::SUP_0075,PROD::PRO_001861||SUP::SUP_0140,0.587485537775774
PROD::PRO_000870||SUP::SUP_0075,PROD::PRO_003830||SUP::SUP_0247,0.5811735243130622
PROD::PRO_000870||SUP::SUP_0075,PROD::PRO_004349||SUP::SUP_0287,0.5231035197071089
PROD::PRO_000870||SUP::SUP_0075,PROD::PRO_000063||SUP::SUP_0026,0.2786512108751067
PROD::PRO_000870||SUP::SUP_0075,PROD::PRO_000072||SUP::SUP_0026,0.2753252309510429
PROD::PRO_000870||SUP::SUP_0075,PROD::PRO_000071||SUP::SUP_0026,0.2707779610480354
PROD::PRO_000870||SUP::SUP_0075,PROD::PRO_000064||SUP::SUP_0026,0.3141869011883376
PROD::PRO_000870||SUP::SUP_0075,PROD::PRO_000065||SUP::SUP_0026,0.2635249910511308
PROD::PRO_001718||SUP::SUP_0123,PROD::PRO_000079||SUP::SUP_0029,0.7049435558641397
PROD::PRO_001718||SUP::SUP_0123,PROD::PRO_000077||SUP::SUP_0028,0.6804706133630919
PROD::PRO_001718||SUP::SUP_0123,PROD::PRO_001184||SUP::SUP_0079,0.6453314120288276
PROD::PRO_001718||SUP::SUP_0123,PROD::PRO_001188||SUP::SUP_0083,0.6145874417176821
PROD::PRO_001718||SUP::SUP_0123,PROD::PRO_000033||SUP::SUP_0012,0.6096585622591367
PROD::PRO_001718||SUP::SUP_0123,PROD::PRO_000038||SUP::SUP_0012,0.592551844082469
PROD::PRO_001718||SUP::SUP_0123,PROD::PRO_003430||SUP::SUP_0205,0.571842897052626
PROD::PRO_001718||SUP::SUP_0123,PROD::PRO_000039||SUP::SUP_0013,0.5715540451078336
PROD::PRO_001718||SUP::SUP_0123,PROD::PRO_003913||SUP::SUP_0258,0.4419922138265864
PROD::PRO_001718||SUP::SUP_0123,PROD::PRO_003912||SUP::SUP_0258,0.4693108456208367
PROD::PRO_001718||SUP::SUP_0123,PROD::PRO_004564||SUP::SUP_0298,0.3749606674382979
PROD::PRO_001718||SUP::SUP_0123,PROD::PRO_004189||SUP::SUP_0279,0.5523279890520216
PROD::PRO_001699||SUP::SUP_0122,PROD::PRO_003913||SUP::SUP_0258,0.29585379779655985
PROD::PRO_001188||SUP::SUP_0083,PROD::PRO_003430||SUP::SUP_0205,0.8301349968343567
PROD::PRO_001188||SUP::SUP_0083,PROD::PRO_000038||SUP::SUP_0012,0.7710497184789197
PROD::PRO_001188||SUP::SUP_0083,PROD::PRO_001184||SUP::SUP_0079,0.7333459736121786
PROD::PRO_001188||SUP::SUP_0083,PROD::PRO_000037||SUP::SUP_0012,0.7311952149340719
PROD::PRO_001188||SUP::SUP_0083,PROD::PRO_005729||SUP::SUP_0353,0.7088500507456814
PROD::PRO_001188||SUP::SUP_0083,PROD::PRO_000079||SUP::SUP_0029,0.690559595618246
PROD::PRO_001188||SUP::SUP_0083,PROD::PRO_006662||SUP::SUP_0373,0.6572676388148647
PROD::PRO_001188||SUP::SUP_0083,PROD::PRO_000077||SUP::SUP_0028,0.6275998760499729
PROD::PRO_001188||SUP::SUP_0083,PROD::PRO_002730||SUP::SUP_0145,0.3748751699335937
PROD::PRO_001188||SUP::SUP_0083,PROD::PRO_002729||SUP::SUP_0145,0.3366233219992796
PROD::PRO_001188||SUP::SUP_0083,PROD::PRO_002732||SUP::SUP_0145,0.3314156882362622
PROD::PRO_001188||SUP::SUP_0083,PROD::PRO_002731||SUP::SUP_0145,0.3575926208893856
PROD::PRO_001188||SUP::SUP_0083,PROD::PRO_002727||SUP::SUP_0145,0.33966207041708696
PROD::PRO_001188||SUP::SUP_0083,PROD::PRO_000055||SUP::SUP_0021,0.6093779783753456
PROD::PRO_001188||SUP::SUP_0083,PROD::PRO_000034||SUP::SUP_0012,0.5799829764822747
PROD::PRO_001188||SUP::SUP_0083,PROD::PRO_000075||SUP::SUP_0028,0.5663274201370885
PROD::PRO_001188||SUP::SUP_0083,PROD::PRO_004350||SUP::SUP_0287,0.5131633540277706
PROD::PRO_001188||SUP::SUP_0083,PROD::PRO_000027||SUP::SUP_0007,0.535943996430647
PROD::PRO_004069||SUP::SUP_0266,PROD::PRO_004071||SUP::SUP_0266,0.7531125714736967
PROD::PRO_004069||SUP::SUP_0266,PROD::PRO_004006||SUP::SUP_0266,0.6990264998263268
PROD::PRO_004069||SUP::SUP_0266,PROD::PRO_004019||SUP::SUP_0266,0.6873894507728933
PROD::PRO_004069||SUP::SUP_0266,PROD::PRO_004007||SUP::SUP_0266,0.6464591516193189
PROD::PRO_004069||SUP::SUP_0266,PROD::PRO_004099||SUP::SUP_0266,0.5866241476896872
PROD::PRO_004069||SUP::SUP_0266,PROD::PRO_000057||SUP::SUP_0022,0.5676766570870543
PROD::PRO_004069||SUP::SUP_0266,PROD::PRO_003990||SUP::SUP_0266,0.5530866569530012
PROD::PRO_004069||SUP::SUP_0266,PROD::PRO_004017||SUP::SUP_0266,0.5416598549569518
PROD::PRO_004069||SUP::SUP_0266,PROD::PRO_000051||SUP::SUP_0019,0.4316808629009091
PROD::PRO_001658||SUP::SUP_0117,PROD::PRO_001648||SUP::SUP_0117,0.9999908899947076
PROD::PRO_001658||SUP::SUP_0117,PROD::PRO_001643||SUP::SUP_0117,0.9998929332217762
PROD::PRO_001658||SUP::SUP_0117,PROD::PRO_001654||SUP::SUP_0117,0.9998877388374515
PROD::PRO_001658||SUP::SUP_0117,PROD::PRO_001646||SUP::SUP_0117,0.9998818634219317
PROD::PRO_001658||SUP::SUP_0117,PROD::PRO_001652||SUP::SUP_0117,0.9998764163254528
PROD::PRO_001658||SUP::SUP_0117,PROD::PRO_001659||SUP::SUP_0117,0.9998764163254528
PROD::PRO_001658||SUP::SUP_0117,PROD::PRO_001649||SUP::SUP_0117,0.9998674799147781
PROD::PRO_001658||SUP::SUP_0117,PROD::PRO_001651||SUP::SUP_0117,0.9998659270519887
PROD::PRO_001658||SUP::SUP_0117,PROD::PRO_001645||SUP::SUP_0117,0.9998551881090257
PROD::PRO_001658||SUP::SUP_0117,PROD::PRO_001656||SUP::SUP_0117,0.9998523130607727
PROD::PRO_001658||SUP::SUP_0117,PROD::PRO_001653||SUP::SUP_0117,0.9995953271077198
PROD::PRO_001658||SUP::SUP_0117,PROD::PRO_001638||SUP::SUP_0117,0.999369579401196
PROD::PRO_001658||SUP::SUP_0117,PROD::PRO_001657||SUP::SUP_0117,0.9996746203624249
PROD::PRO_001639||SUP::SUP_0117,PROD::PRO_001641||SUP::SUP_0117,0.9999962237797542
PROD::PRO_001639||SUP::SUP_0117,PROD::PRO_001647||SUP::SUP_0117,0.9999962237797542
PROD::PRO_001639||SUP::SUP_0117,PROD::PRO_001644||SUP::SUP_0117,0.9999962237797542
PROD::PRO_001639||SUP::SUP_0117,PROD::PRO_001642||SUP::SUP_0117,0.9999962237797542
PROD::PRO_001639||SUP::SUP_0117,PROD::PRO_001650||SUP::SUP_0117,0.9999886257815359
PROD::PRO_001639||SUP::SUP_0117,PROD::PRO_001645||SUP::SUP_0117,0.9999882665048198
PROD::PRO_001639||SUP::SUP_0117,PROD::PRO_001651||SUP::SUP_0117,0.9999866801107051
PROD::PRO_001639||SUP::SUP_0117,PROD::PRO_001655||SUP::SUP_0117,0.9999845921825805
PROD::PRO_001639||SUP::SUP_0117,PROD::PRO_001637||SUP::SUP_0117,0.9999727256429284
PROD::PRO_001639||SUP::SUP_0117,PROD::PRO_001659||SUP::SUP_0117,0.999968118134699
PROD::PRO_001639||SUP::SUP_0117,PROD::PRO_001640||SUP::SUP_0117,0.9998677717650448
PROD::PRO_001639||SUP::SUP_0117,PROD::PRO_001656||SUP::SUP_0117,0.9999669292413537
PROD::PRO_001643||SUP::SUP_0117,PROD::PRO_001654||SUP::SUP_0117,0.9999937663678219
PROD::PRO_001643||SUP::SUP_0117,PROD::PRO_001659||SUP::SUP_0117,0.9999927523062098
PROD::PRO_001643||SUP::SUP_0117,PROD::PRO_001652||SUP::SUP_0117,0.9999927523062098
PROD::PRO_001643||SUP::SUP_0117,PROD::PRO_001646||SUP::SUP_0117,0.9999920479913087
PROD::PRO_001643||SUP::SUP_0117,PROD::PRO_001645||SUP::SUP_0117,0.9999779492619368
PROD::PRO_001643||SUP::SUP_0117,PROD::PRO_001642||SUP::SUP_0117,0.9999772287371773
PROD::PRO_001643||SUP::SUP_0117,PROD::PRO_001641||SUP::SUP_0117,0.9999772287371773
PROD::PRO_001643||SUP::SUP_0117,PROD::PRO_001647||SUP::SUP_0117,0.9999772287371773
PROD::PRO_001643||SUP::SUP_0117,PROD::PRO_001644||SUP::SUP_0117,0.9999772287371773
PROD::PRO_001643||SUP::SUP_0117,PROD::PRO_001651||SUP::SUP_0117,0.9999691558926336
PROD::PRO_001643||SUP::SUP_0117,PROD::PRO_001653||SUP::SUP_0117,0.9995191641166541
PROD::PRO_001643||SUP::SUP_0117,PROD::PRO_001638||SUP::SUP_0117,0.9990267386058388
PROD::PRO_001643||SUP::SUP_0117,PROD::PRO_001657||SUP::SUP_0117,0.9993813338021539
PROD::PRO_001643||SUP::SUP_0117,PROD::PRO_001648||SUP::SUP_0117,0.9999231375291221
PROD::PRO_001643||SUP::SUP_0117,PROD::PRO_001660||SUP::SUP_0117,0.9999253224153578
PROD::PRO_001643||SUP::SUP_0117,PROD::PRO_001649||SUP::SUP_0117,0.9999644823657072
PROD::PRO_004080||SUP::SUP_0266,PROD::PRO_004035||SUP::SUP_0266,0.8143387850483507
PROD::PRO_004080||SUP::SUP_0266,PROD::PRO_004654||SUP::SUP_0298,0.7337284951712706
PROD::PRO_004080||SUP::SUP_0266,PROD::PRO_004641||SUP::SUP_0298,0.7221381283337214
PROD::PRO_004080||SUP::SUP_0266,PROD::PRO_004081||SUP::SUP_0266,0.6056804503861023
PROD::PRO_004080||SUP::SUP_0266,PROD::PRO_004090||SUP::SUP_0266,0.5473828209752098
PROD::PRO_004080||SUP::SUP_0266,PROD::PRO_004041||SUP::SUP_0266,0.5463773643280604
PROD::PRO_004080||SUP::SUP_0266,PROD::PRO_004026||SUP::SUP_0266,0.5256261320713268
PROD::PRO_004080||SUP::SUP_0266,PROD::PRO_004047||SUP::SUP_0266,0.48479262207948826
PROD::PRO_001645||SUP::SUP_0117,PROD::PRO_001642||SUP::SUP_0117,0.999994194150842
PROD::PRO_001645||SUP::SUP_0117,PROD::PRO_001644||SUP::SUP_0117,0.999994194150842
PROD::PRO_001645||SUP::SUP_0117,PROD::PRO_001647||SUP::SUP_0117,0.999994194150842
PROD::PRO_001645||SUP::SUP_0117,PROD::PRO_001641||SUP::SUP_0117,0.999994194150842
PROD::PRO_001645||SUP::SUP_0117,PROD::PRO_001651||SUP::SUP_0117,0.9999840586342702
PROD::PRO_001645||SUP::SUP_0117,PROD::PRO_001655||SUP::SUP_0117,0.9999800351713055
PROD::PRO_001645||SUP::SUP_0117,PROD::PRO_001654||SUP::SUP_0117,0.9999789616865096
PROD::PRO_001645||SUP::SUP_0117,PROD::PRO_001652||SUP::SUP_0117,0.9999783381763143
PROD::PRO_001645||SUP::SUP_0117,PROD::PRO_001659||SUP::SUP_0117,0.9999783381763143
PROD::PRO_001645||SUP::SUP_0117,PROD::PRO_001640||SUP::SUP_0117,0.9998772345399248
PROD::PRO_001645||SUP::SUP_0117,PROD::PRO_001656||SUP::SUP_0117,0.9999723222473135
PROD::PRO_001645||SUP::SUP_0117,PROD::PRO_001650||SUP::SUP_0117,0.9999609374533501
PROD::PRO_001645||SUP::SUP_0117,PROD::PRO_001648||SUP::SUP_0117,0.9998845984483035
PROD::PRO_001645||SUP::SUP_0117,PROD::PRO_001637||SUP::SUP_0117,0.9999656477446126
PROD::PRO_001645||SUP::SUP_0117,PROD::PRO_001646||SUP::SUP_0117,0.9999753557081623
PROD::PRO_001640||SUP::SUP_0117,PROD::PRO_001651||SUP::SUP_0117,0.9998735941768279
PROD::PRO_001640||SUP::SUP_0117,PROD::PRO_001642||SUP::SUP_0117,0.9998707051867087
PROD::PRO_001640||SUP::SUP_0117,PROD::PRO_001644||SUP::SUP_0117,0.9998707051867087
PROD::PRO_001640||SUP::SUP_0117,PROD::PRO_001647||SUP::SUP_0117,0.9998707051867087
PROD::PRO_001640||SUP::SUP_0117,PROD::PRO_001641||SUP::SUP_0117,0.9998707051867087
PROD::PRO_001640||SUP::SUP_0117,PROD::PRO_001656||SUP::SUP_0117,0.9998677871579073
PROD::PRO_001640||SUP::SUP_0117,PROD::PRO_001637||SUP::SUP_0117,0.9998566308663787
PROD::PRO_001640||SUP::SUP_0117,PROD::PRO_001655||SUP::SUP_0117,0.9998565960797556
PROD::PRO_001655||SUP::SUP_0117,PROD::PRO_001641||SUP::SUP_0117,0.9999872603622882
PROD::PRO_001655||SUP::SUP_0117,PROD::PRO_001644||SUP::SUP_0117,0.9999872603622882
PROD::PRO_001655||SUP::SUP_0117,PROD::PRO_001642||SUP::SUP_0117,0.9999872603622882
PROD::PRO_001655||SUP::SUP_0117,PROD::PRO_001647||SUP::SUP_0117,0.9999872603622882
PROD::PRO_001655||SUP::SUP_0117,PROD::PRO_001651||SUP::SUP_0117,0.999975060676154
PROD::PRO_001655||SUP::SUP_0117,PROD::PRO_001659||SUP::SUP_0117,0.9999722834913549
PROD::PRO_001655||SUP::SUP_0117,PROD::PRO_001652||SUP::SUP_0117,0.9999722834913549
PROD::PRO_001655||SUP::SUP_0117,PROD::PRO_001654||SUP::SUP_0117,0.9999705748824916
PROD::PRO_001655||SUP::SUP_0117,PROD::PRO_001656||SUP::SUP_0117,0.9999547528775882
PROD::PRO_001655||SUP::SUP_0117,PROD::PRO_001650||SUP::SUP_0117,0.9999612546347869
PROD::PRO_001655||SUP::SUP_0117,PROD::PRO_001637||SUP::SUP_0117,0.9999610044869655
PROD::PRO_001656||SUP::SUP_0117,PROD::PRO_001644||SUP::SUP_0117,0.9999705261822599
PROD::PRO_001656||SUP::SUP_0117,PROD::PRO_001642||SUP::SUP_0117,0.9999705261822599
PROD::PRO_001656||SUP::SUP_0117,PROD::PRO_001641||SUP::SUP_0117,0.9999705261822599
PROD::PRO_001656||SUP::SUP_0117,PROD::PRO_001647||SUP::SUP_0117,0.9999705261822599
PROD::PRO_001656||SUP::SUP_0117,PROD::PRO_001651||SUP::SUP_0117,0.9999591614674018
PROD::PRO_001656||SUP::SUP_0117,PROD::PRO_001652||SUP::SUP_0117,0.9999535878741906
PROD::PRO_001656||SUP::SUP_0117,PROD::PRO_001659||SUP::SUP_0117,0.9999535878741906
PROD::PRO_001656||SUP::SUP_0117,PROD::PRO_001638||SUP::SUP_0117,0.9990163948625487
PROD::PRO_001656||SUP::SUP_0117,PROD::PRO_001650||SUP::SUP_0117,0.9999433976272034
PROD::PRO_001652||SUP::SUP_0117,PROD::PRO_001654||SUP::SUP_0117,0.9999985981964993
PROD::PRO_001652||SUP::SUP_0117,PROD::PRO_001646||SUP::SUP_0117,0.9999961085285242
PROD::PRO_001652||SUP::SUP_0117,PROD::PRO_001647||SUP::SUP_0117,0.9999833694816382
PROD::PRO_001652||SUP::SUP_0117,PROD::PRO_001644||SUP::SUP_0117,0.9999833694816382
PROD::PRO_001652||SUP::SUP_0117,PROD::PRO_001642||SUP::SUP_0117,0.9999833694816382
PROD::PRO_001652||SUP::SUP_0117,PROD::PRO_001641||SUP::SUP_0117,0.9999833694816382
PROD::PRO_001652||SUP::SUP_0117,PROD::PRO_001651||SUP::SUP_0117,0.9999724433613723
PROD::PRO_001652||SUP::SUP_0117,PROD::PRO_001653||SUP::SUP_0117,0.9994799723260289
PROD::PRO_001652||SUP::SUP_0117,PROD::PRO_001657||SUP::SUP_0117,0.999323168420435
PROD::PRO_001652||SUP::SUP_0117,PROD::PRO_001648||SUP::SUP_0117,0.9999126876043805
PROD::PRO_001652||SUP::SUP_0117,PROD::PRO_001660||SUP::SUP_0117,0.9999322995014425
PROD::PRO_001652||SUP::SUP_0117,PROD::PRO_001649||SUP::SUP_0117,0.9999696708247062
PROD::PRO_001652||SUP::SUP_0117,PROD::PRO_001659||SUP::SUP_0117,1.0
PROD::PRO_001653||SUP::SUP_0117,PROD::PRO_001657||SUP::SUP_0117,0.9997574068781667
PROD::PRO_001653||SUP::SUP_0117,PROD::PRO_001648||SUP::SUP_0117,0.999573649518177
PROD::PRO_001653||SUP::SUP_0117,PROD::PRO_001654||SUP::SUP_0117,0.9995118835389611
PROD::PRO_001653||SUP::SUP_0117,PROD::PRO_001646||SUP::SUP_0117,0.9994951819569339
PROD::PRO_001653||SUP::SUP_0117,PROD::PRO_001649||SUP::SUP_0117,0.9994866801779644
PROD::PRO_001653||SUP::SUP_0117,PROD::PRO_001659||SUP::SUP_0117,0.9994799723260289
PROD::PRO_001653||SUP::SUP_0117,PROD::PRO_001651||SUP::SUP_0117,0.999479186114395
PROD::PRO_001654||SUP::SUP_0117,PROD::PRO_001659||SUP::SUP_0117,0.9999985981964993
PROD::PRO_001654||SUP::SUP_0117,PROD::PRO_001646||SUP::SUP_0117,0.9999965208566293
PROD::PRO_001654||SUP::SUP_0117,PROD::PRO_001641||SUP::SUP_0117,0.9999821327628665
PROD::PRO_001654||SUP::SUP_0117,PROD::PRO_001642||SUP::SUP_0117,0.9999821327628665
PROD::PRO_001654||SUP::SUP_0117,PROD::PRO_001647||SUP::SUP_0117,0.9999821327628665
PROD::PRO_001654||SUP::SUP_0117,PROD::PRO_001644||SUP::SUP_0117,0.9999821327628665
PROD::PRO_001654||SUP::SUP_0117,PROD::PRO_001651||SUP::SUP_0117,0.9999730069886059
PROD::PRO_001654||SUP::SUP_0117,PROD::PRO_001638||SUP::SUP_0117,0.9990233841876975
PROD::PRO_001654||SUP::SUP_0117,PROD::PRO_001657||SUP::SUP_0117,0.9993625776994882
PROD::PRO_001654||SUP::SUP_0117,PROD::PRO_001648||SUP::SUP_0117,0.9999211169614257
PROD::PRO_001654||SUP::SUP_0117,PROD::PRO_001660||SUP::SUP_0117,0.9999328445883939
PROD::PRO_001654||SUP::SUP_0117,PROD::PRO_001649||SUP::SUP_0117,0.9999686702230874
PROD::PRO_003312||SUP::SUP_0175,PROD::PRO_000650||SUP::SUP_0038,0.8925885478336278
PROD::PRO_003312||SUP::SUP_0175,PROD::PRO_000654||SUP::SUP_0038,0.8799776196956978
PROD::PRO_003312||SUP::SUP_0175,PROD::PRO_000661||SUP::SUP_0038,0.8782534961558536
PROD::PRO_003312||SUP::SUP_0175,PROD::PRO_000653||SUP::SUP_0038,0.8682273593553163
PROD::PRO_003312||SUP::SUP_0175,PROD::PRO_001697||SUP::SUP_0121,0.7166473256970795
PROD::PRO_003312||SUP::SUP_0175,PROD::PRO_001695||SUP::SUP_0121,0.7033712122828207
PROD::PRO_003312||SUP::SUP_0175,PROD::PRO_004559||SUP::SUP_0298,0.8400238534842887
PROD::PRO_003312||SUP::SUP_0175,PROD::PRO_000659||SUP::SUP_0038,0.7360746185083551
PROD::PRO_003312||SUP::SUP_0175,PROD::PRO_005722||SUP::SUP_0353,0.7428953938934166
PROD::PRO_003312||SUP::SUP_0175,PROD::PRO_000047||SUP::SUP_0019,0.6505214086585774
PROD::PRO_004035||SUP::SUP_0266,PROD::PRO_004641||SUP::SUP_0298,0.7319442337407799
PROD::PRO_004035||SUP::SUP_0266,PROD::PRO_004101||SUP::SUP_0266,0.730767282306401
PROD::PRO_004035||SUP::SUP_0266,PROD::PRO_004041||SUP::SUP_0266,0.7256653956903043
PROD::PRO_004035||SUP::SUP_0266,PROD::PRO_004081||SUP::SUP_0266,0.7169763628824568
PROD::PRO_004035||SUP::SUP_0266,PROD::PRO_004121||SUP::SUP_0266,0.7007175742653966
PROD::PRO_004035||SUP::SUP_0266,PROD::PRO_004064||SUP::SUP_0266,0.6998910359510081
PROD::PRO_004035||SUP::SUP_0266,PROD::PRO_004068||SUP::SUP_0266,0.6800244910365689
PROD::PRO_004035||SUP::SUP_0266,PROD::PRO_004090||SUP::SUP_0266,0.6775956476866392
PROD::PRO_004035||SUP::SUP_0266,PROD::PRO_004070||SUP::SUP_0266,0.6773811356280853
PROD::PRO_004035||SUP::SUP_0266,PROD::PRO_004007||SUP::SUP_0266,0.3764007804763774
PROD::PRO_004035||SUP::SUP_0266,PROD::PRO_004654||SUP::SUP_0298,0.6147976372430639
PROD::PRO_004035||SUP::SUP_0266,PROD::PRO_004026||SUP::SUP_0266,0.6538795051914895
PROD::PRO_004035||SUP::SUP_0266,PROD::PRO_004047||SUP::SUP_0266,0.6528584143738094
PROD::PRO_004035||SUP::SUP_0266,PROD::PRO_000066||SUP::SUP_0026,0.5040106913126627
PROD::PRO_001661||SUP::SUP_0118,PROD::PRO_003448||SUP::SUP_0209,0.779387902954021
PROD::PRO_001661||SUP::SUP_0118,PROD::PRO_005728||SUP::SUP_0353,0.7070054324618812
PROD::PRO_001661||SUP::SUP_0118,PROD::PRO_003430||SUP::SUP_0205,0.5577670260304749
PROD::PRO_001661||SUP::SUP_0118,PROD::PRO_000718||SUP::SUP_0047,0.5363786030691435
PROD::PRO_001661||SUP::SUP_0118,PROD::PRO_004067||SUP::SUP_0266,0.5160757752176561
PROD::PRO_001661||SUP::SUP_0118,PROD::PRO_004056||SUP::SUP_0266,0.47251262909074776
PROD::PRO_001661||SUP::SUP_0118,PROD::PRO_001184||SUP::SUP_0079,0.45853269864000545
PROD::PRO_001661||SUP::SUP_0118,PROD::PRO_005729||SUP::SUP_0353,0.4533386222914313
PROD::PRO_001713||SUP::SUP_0122,PROD::PRO_001710||SUP::SUP_0122,0.9461449717363583
PROD::PRO_001713||SUP::SUP_0122,PROD::PRO_001714||SUP::SUP_0122,0.9053746683780874
PROD::PRO_001713||SUP::SUP_0122,PROD::PRO_001709||SUP::SUP_0122,0.8927204049235314
PROD::PRO_001713||SUP::SUP_0122,PROD::PRO_001633||SUP::SUP_0115,0.6201449728201982
PROD::PRO_001713||SUP::SUP_0122,PROD::PRO_001825||SUP::SUP_0134,0.3868824912566238
PROD::PRO_001713||SUP::SUP_0122,PROD::PRO_000076||SUP::SUP_0028,0.35193243781394723
PROD::PRO_001713||SUP::SUP_0122,PROD::PRO_001323||SUP::SUP_0104,0.34087669532850184
PROD::PRO_001713||SUP::SUP_0122,PROD::PRO_004189||SUP::SUP_0279,0.30386125227589367
PROD::PRO_001713||SUP::SUP_0122,PROD::PRO_000074||SUP::SUP_0027,0.29038653389505864
PROD::PRO_001482||SUP::SUP_0113,PROD::PRO_001481||SUP::SUP_0113,0.9616455790479287
PROD::PRO_001482||SUP::SUP_0113,PROD::PRO_000027||SUP::SUP_0007,0.49060864833551565
PROD::PRO_001482||SUP::SUP_0113,PROD::PRO_001861||SUP::SUP_0140,0.46499953096143853
PROD::PRO_003542||SUP::SUP_0232,PROD::PRO_000718||SUP::SUP_0047,0.6673781944049648
PROD::PRO_003542||SUP::SUP_0232,PROD::PRO_004191||SUP::SUP_0280,0.642820631704476
PROD::PRO_003542||SUP::SUP_0232,PROD::PRO_003430||SUP::SUP_0205,0.6036903781167408
PROD::PRO_003542||SUP::SUP_0232,PROD::PRO_003175||SUP::SUP_0169,0.6003756609602245
PROD::PRO_003542||SUP::SUP_0232,PROD::PRO_001198||SUP::SUP_0085,0.5929999460728403
PROD::PRO_003542||SUP::SUP_0232,PROD::PRO_000075||SUP::SUP_0028,0.5772048417026482
PROD::PRO_003542||SUP::SUP_0232,PROD::PRO_000045||SUP::SUP_0017,0.5538845383009691
PROD::PRO_003542||SUP::SUP_0232,PROD::PRO_000083||SUP::SUP_0031,0.5404516758418126
PROD::PRO_003542||SUP::SUP_0232,PROD::PRO_003932||SUP::SUP_0263,0.35301590049481146
PROD::PRO_003542||SUP::SUP_0232,PROD::PRO_003930||SUP::SUP_0263,0.3685143607741659
PROD::PRO_003542||SUP::SUP_0232,PROD::PRO_003931||SUP::SUP_0263,0.36542157481286597
PROD::PRO_001641||SUP::SUP_0117,PROD::PRO_001642||SUP::SUP_0117,1.0
PROD::PRO_001641||SUP::SUP_0117,PROD::PRO_001647||SUP::SUP_0117,1.0
PROD::PRO_001641||SUP::SUP_0117,PROD::PRO_001644||SUP::SUP_0117,1.0
PROD::PRO_001641||SUP::SUP_0117,PROD::PRO_001651||SUP::SUP_0117,0.9999898606681382
PROD::PRO_001641||SUP::SUP_0117,PROD::PRO_001659||SUP::SUP_0117,0.9999833694816382
PROD::PRO_001641||SUP::SUP_0117,PROD::PRO_001650||SUP::SUP_0117,0.9999723685119827
PROD::PRO_001641||SUP::SUP_0117,PROD::PRO_001648||SUP::SUP_0117,0.9998798827156272
PROD::PRO_001641||SUP::SUP_0117,PROD::PRO_001660||SUP::SUP_0117,0.9999090663383926
PROD::PRO_001641||SUP::SUP_0117,PROD::PRO_001637||SUP::SUP_0117,0.9999729869513933
PROD::PRO_001641||SUP::SUP_0117,PROD::PRO_001649||SUP::SUP_0117,0.9999496091724659
PROD::PRO_001641||SUP::SUP_0117,PROD::PRO_001646||SUP::SUP_0117,0.9999775141733089
PROD::PRO_001638||SUP::SUP_0117,PROD::PRO_001648||SUP::SUP_0117,0.9993501777181868
PROD::PRO_001638||SUP::SUP_0117,PROD::PRO_001657||SUP::SUP_0117,0.9990851380943553
PROD::PRO_001638||SUP::SUP_0117,PROD::PRO_001649||SUP::SUP_0117,0.9990363487913528
PROD::PRO_001638||SUP::SUP_0117,PROD::PRO_001651||SUP::SUP_0117,0.9990284506317479
PROD::PRO_001638||SUP::SUP_0117,PROD::PRO_001646||SUP::SUP_0117,0.9990129916433547
PROD::PRO_001638||SUP::SUP_0117,PROD::PRO_001659||SUP::SUP_0117,0.9989968572018235
PROD::PRO_004007||SUP::SUP_0266,PROD::PRO_004015||SUP::SUP_0266,0.6445384876215269
PROD::PRO_004007||SUP::SUP_0266,PROD::PRO_004012||SUP::SUP_0266,0.6320811465998234
PROD::PRO_004007||SUP::SUP_0266,PROD::PRO_004006||SUP::SUP_0266,0.5754491251881595
PROD::PRO_004007||SUP::SUP_0266,PROD::PRO_004099||SUP::SUP_0266,0.569053064022054
PROD::PRO_004007||SUP::SUP_0266,PROD::PRO_004019||SUP::SUP_0266,0.5207172976884153
PROD::PRO_004007||SUP::SUP_0266,PROD::PRO_004100||SUP::SUP_0266,0.5196917952215391
PROD::PRO_001650||SUP::SUP_0117,PROD::PRO_001642||SUP::SUP_0117,0.9999723685119827
PROD::PRO_001650||SUP::SUP_0117,PROD::PRO_001647||SUP::SUP_0117,0.9999723685119827
PROD::PRO_001650||SUP::SUP_0117,PROD::PRO_001644||SUP::SUP_0117,0.9999723685119827
PROD::PRO_001650||SUP::SUP_0117,PROD::PRO_001651||SUP::SUP_0117,0.9999658883862369
PROD::PRO_001650||SUP::SUP_0117,PROD::PRO_001637||SUP::SUP_0117,0.9999537856396513
PROD::PRO_001642||SUP::SUP_0117,PROD::PRO_001647||SUP::SUP_0117,1.0
PROD::PRO_001642||SUP::SUP_0117,PROD::PRO_001644||SUP::SUP_0117,1.0
PROD::PRO_001642||SUP::SUP_0117,PROD::PRO_001651||SUP::SUP_0117,0.9999898606681382
PROD::PRO_001642||SUP::SUP_0117,PROD::PRO_001659||SUP::SUP_0117,0.9999833694816382
PROD::PRO_001642||SUP::SUP_0117,PROD::PRO_001660||SUP::SUP_0117,0.9999090663383926
PROD::PRO_001642||SUP::SUP_0117,PROD::PRO_001637||SUP::SUP_0117,0.9999729869513933
PROD::PRO_001642||SUP::SUP_0117,PROD::PRO_001649||SUP::SUP_0117,0.9999496091724659
PROD::PRO_001642||SUP::SUP_0117,PROD::PRO_001646||SUP::SUP_0117,0.9999775141733089
PROD::PRO_001657||SUP::SUP_0117,PROD::PRO_001648||SUP::SUP_0117,0.9996147290717937
PROD::PRO_001657||SUP::SUP_0117,PROD::PRO_001660||SUP::SUP_0117,0.9994011465727971
PROD::PRO_001657||SUP::SUP_0117,PROD::PRO_001649||SUP::SUP_0117,0.9993508823802445
PROD::PRO_001657||SUP::SUP_0117,PROD::PRO_001646||SUP::SUP_0117,0.9993498523233577
PROD::PRO_001657||SUP::SUP_0117,PROD::PRO_001651||SUP::SUP_0117,0.9993407872157009
PROD::PRO_001648||SUP::SUP_0117,PROD::PRO_001646||SUP::SUP_0117,0.9999171197200619
PROD::PRO_001648||SUP::SUP_0117,PROD::PRO_001659||SUP::SUP_0117,0.9999126876043805
PROD::PRO_001648||SUP::SUP_0117,PROD::PRO_001649||SUP::SUP_0117,0.9999005739346831
PROD::PRO_001648||SUP::SUP_0117,PROD::PRO_001651||SUP::SUP_0117,0.9998927734031918
PROD::PRO_001660||SUP::SUP_0117,PROD::PRO_001659||SUP::SUP_0117,0.9999322995014425
PROD::PRO_001660||SUP::SUP_0117,PROD::PRO_001646||SUP::SUP_0117,0.9999256813307656
PROD::PRO_001660||SUP::SUP_0117,PROD::PRO_001647||SUP::SUP_0117,0.9999090663383926
PROD::PRO_001660||SUP::SUP_0117,PROD::PRO_001644||SUP::SUP_0117,0.9999090663383926
PROD::PRO_001660||SUP::SUP_0117,PROD::PRO_001651||SUP::SUP_0117,0.9999068562010003
PROD::PRO_001651||SUP::SUP_0117,PROD::PRO_001644||SUP::SUP_0117,0.9999898606681382
PROD::PRO_001651||SUP::SUP_0117,PROD::PRO_001647||SUP::SUP_0117,0.9999898606681382
PROD::PRO_001651||SUP::SUP_0117,PROD::PRO_001659||SUP::SUP_0117,0.9999724433613723
PROD::PRO_001651||SUP::SUP_0117,PROD::PRO_001637||SUP::SUP_0117,0.9999723608575194
PROD::PRO_001651||SUP::SUP_0117,PROD::PRO_001649||SUP::SUP_0117,0.9999424020320029
PROD::PRO_001651||SUP::SUP_0117,PROD::PRO_001646||SUP::SUP_0117,0.9999682404923345
PROD::PRO_001637||SUP::SUP_0117,PROD::PRO_001647||SUP::SUP_0117,0.9999729869513933
PROD::PRO_001637||SUP::SUP_0117,PROD::PRO_001644||SUP::SUP_0117,0.9999729869513933
PROD::PRO_001637||SUP::SUP_0117,PROD::PRO_001659||SUP::SUP_0117,0.9999492705142086
PROD::PRO_001649||SUP::SUP_0117,PROD::PRO_001659||SUP::SUP_0117,0.9999696708247062
PROD::PRO_001649||SUP::SUP_0117,PROD::PRO_001646||SUP::SUP_0117,0.9999674246797257
PROD::PRO_001649||SUP::SUP_0117,PROD::PRO_001647||SUP::SUP_0117,0.9999496091724659
PROD::PRO_001649||SUP::SUP_0117,PROD::PRO_001644||SUP::SUP_0117,0.9999496091724659
PROD::PRO_001646||SUP::SUP_0117,PROD::PRO_001659||SUP::SUP_0117,0.9999961085285242
PROD::PRO_001646||SUP::SUP_0117,PROD::PRO_001644||SUP::SUP_0117,0.9999775141733089
PROD::PRO_001646||SUP::SUP_0117,PROD::PRO_001647||SUP::SUP_0117,0.9999775141733089
PROD::PRO_001698||SUP::SUP_0122,PROD::PRO_001712||SUP::SUP_0122,0.9988227310357468
PROD::PRO_001698||SUP::SUP_0122,PROD::PRO_001716||SUP::SUP_0122,0.9879278763578689
PROD::PRO_001698||SUP::SUP_0122,PROD::PRO_001709||SUP::SUP_0122,0.6302983886359347
PROD::PRO_001698||SUP::SUP_0122,PROD::PRO_001714||SUP::SUP_0122,0.6068861278667418
PROD::PRO_001698||SUP::SUP_0122,PROD::PRO_004189||SUP::SUP_0279,0.5229735206324724
PROD::PRO_001698||SUP::SUP_0122,PROD::PRO_001710||SUP::SUP_0122,0.5133606830203175
PROD::PRO_001698||SUP::SUP_0122,PROD::PRO_000055||SUP::SUP_0021,0.3962750996107245
PROD::PRO_001659||SUP::SUP_0117,PROD::PRO_001647||SUP::SUP_0117,0.9999833694816382
PROD::PRO_001659||SUP::SUP_0117,PROD::PRO_001644||SUP::SUP_0117,0.9999833694816382
PROD::PRO_001644||SUP::SUP_0117,PROD::PRO_001647||SUP::SUP_0117,1.0
PROD::PRO_001481||SUP::SUP_0113,PROD::PRO_001861||SUP::SUP_0140,0.6577110431778442
PROD::PRO_001481||SUP::SUP_0113,PROD::PRO_000027||SUP::SUP_0007,0.5993046084582732
PROD::PRO_001481||SUP::SUP_0113,PROD::PRO_000043||SUP::SUP_0017,0.4013916666977979
PROD::PRO_001481||SUP::SUP_0113,PROD::PRO_004349||SUP::SUP_0287,0.39362001162615934
PROD::PRO_001481||SUP::SUP_0113,PROD::PRO_000044||SUP::SUP_0017,0.3703809542441543
PROD::PRO_001481||SUP::SUP_0113,PROD::PRO_004352||SUP::SUP_0287,0.3655400004356273
PROD::PRO_001481||SUP::SUP_0113,PROD::PRO_003830||SUP::SUP_0247,0.3266517139399423
PROD::PRO_001697||SUP::SUP_0121,PROD::PRO_001695||SUP::SUP_0121,0.7493006690079617
PROD::PRO_001697||SUP::SUP_0121,PROD::PRO_000654||SUP::SUP_0038,0.725229701139461
PROD::PRO_001697||SUP::SUP_0121,PROD::PRO_004559||SUP::SUP_0298,0.69999286571195
PROD::PRO_001697||SUP::SUP_0121,PROD::PRO_004042||SUP::SUP_0266,0.6999153244942861
PROD::PRO_001697||SUP::SUP_0121,PROD::PRO_005722||SUP::SUP_0353,0.6844970994636442
PROD::PRO_001697||SUP::SUP_0121,PROD::PRO_003993||SUP::SUP_0266,0.68270649873824
PROD::PRO_001697||SUP::SUP_0121,PROD::PRO_000650||SUP::SUP_0038,0.6708482130833551
PROD::PRO_001697||SUP::SUP_0121,PROD::PRO_004062||SUP::SUP_0266,0.6435156230667736
PROD::PRO_001697||SUP::SUP_0121,PROD::PRO_000653||SUP::SUP_0038,0.6415558081333685
PROD::PRO_001697||SUP::SUP_0121,PROD::PRO_004566||SUP::SUP_0298,0.3427159472955976
PROD::PRO_001697||SUP::SUP_0121,PROD::PRO_004565||SUP::SUP_0298,0.3904506035707711
PROD::PRO_001697||SUP::SUP_0121,PROD::PRO_004667||SUP::SUP_0298,0.6160863941297436
PROD::PRO_001697||SUP::SUP_0121,PROD::PRO_005731||SUP::SUP_0353,0.5938638437681654
PROD::PRO_001697||SUP::SUP_0121,PROD::PRO_004520||SUP::SUP_0296,0.4742101133783567
PROD::PRO_001697||SUP::SUP_0121,PROD::PRO_004522||SUP::SUP_0296,0.45870788218548775
PROD::PRO_001697||SUP::SUP_0121,PROD::PRO_004521||SUP::SUP_0296,0.4720743108958274
PROD::PRO_001697||SUP::SUP_0121,PROD::PRO_004526||SUP::SUP_0296,0.4762688183288901
PROD::PRO_001697||SUP::SUP_0121,PROD::PRO_004524||SUP::SUP_0296,0.45966008029059924
PROD::PRO_001697||SUP::SUP_0121,PROD::PRO_004525||SUP::SUP_0296,0.42380784791196635
PROD::PRO_001695||SUP::SUP_0121,PROD::PRO_005722||SUP::SUP_0353,0.6953628527254565
PROD::PRO_001695||SUP::SUP_0121,PROD::PRO_004559||SUP::SUP_0298,0.6846612217728135
PROD::PRO_001695||SUP::SUP_0121,PROD::PRO_000653||SUP::SUP_0038,0.6825742943992861
PROD::PRO_001695||SUP::SUP_0121,PROD::PRO_000650||SUP::SUP_0038,0.6716773892540696
PROD::PRO_001695||SUP::SUP_0121,PROD::PRO_004042||SUP::SUP_0266,0.6705527218665882
PROD::PRO_001695||SUP::SUP_0121,PROD::PRO_000654||SUP::SUP_0038,0.6658509160896338
PROD::PRO_001695||SUP::SUP_0121,PROD::PRO_004062||SUP::SUP_0266,0.6223553866895551
PROD::PRO_001695||SUP::SUP_0121,PROD::PRO_000057||SUP::SUP_0022,0.6181978193238882
PROD::PRO_001695||SUP::SUP_0121,PROD::PRO_004566||SUP::SUP_0298,0.4387101669882274
PROD::PRO_001695||SUP::SUP_0121,PROD::PRO_004565||SUP::SUP_0298,0.47359979596780066
PROD::PRO_001695||SUP::SUP_0121,PROD::PRO_004564||SUP::SUP_0298,0.3212562383898889
PROD::PRO_001695||SUP::SUP_0121,PROD::PRO_004526||SUP::SUP_0296,0.44680133378370757
PROD::PRO_001696||SUP::SUP_0121,PROD::PRO_001090||SUP::SUP_0078,0.975477686875668
PROD::PRO_001696||SUP::SUP_0121,PROD::PRO_005724||SUP::SUP_0353,0.9237746193178995
PROD::PRO_001696||SUP::SUP_0121,PROD::PRO_002860||SUP::SUP_0160,0.9114170130150001
PROD::PRO_001696||SUP::SUP_0121,PROD::PRO_004042||SUP::SUP_0266,0.8902165332043346
PROD::PRO_001696||SUP::SUP_0121,PROD::PRO_005731||SUP::SUP_0353,0.8706565593946334
PROD::PRO_001696||SUP::SUP_0121,PROD::PRO_000053||SUP::SUP_0019,0.8643171430712058
PROD::PRO_001696||SUP::SUP_0121,PROD::PRO_003993||SUP::SUP_0266,0.813088697136295
PROD::PRO_001696||SUP::SUP_0121,PROD::PRO_003998||SUP::SUP_0266,0.7975023302270556
PROD::PRO_001696||SUP::SUP_0121,PROD::PRO_004667||SUP::SUP_0298,0.7451120056507764
PROD::PRO_001696||SUP::SUP_0121,PROD::PRO_005723||SUP::SUP_0353,0.4771484613754895
PROD::PRO_001696||SUP::SUP_0121,PROD::PRO_004011||SUP::SUP_0266,0.6703119151890962
PROD::PRO_001696||SUP::SUP_0121,PROD::PRO_004062||SUP::SUP_0266,0.7139540938761126
PROD::PRO_001696||SUP::SUP_0121,PROD::PRO_004710||SUP::SUP_0298,0.5093607570990614
PROD::PRO_002730||SUP::SUP_0145,PROD::PRO_002731||SUP::SUP_0145,0.9988601195992438
PROD::PRO_002730||SUP::SUP_0145,PROD::PRO_002732||SUP::SUP_0145,0.9981042207396325
PROD::PRO_002730||SUP::SUP_0145,PROD::PRO_002729||SUP::SUP_0145,0.9980796961615634
PROD::PRO_002730||SUP::SUP_0145,PROD::PRO_002727||SUP::SUP_0145,0.9955384623240922
PROD::PRO_002730||SUP::SUP_0145,PROD::PRO_000079||SUP::SUP_0029,0.385186624037414
PROD::PRO_002730||SUP::SUP_0145,PROD::PRO_003175||SUP::SUP_0169,0.3551794171680648
PROD::PRO_002729||SUP::SUP_0145,PROD::PRO_002732||SUP::SUP_0145,0.9999027297701123
PROD::PRO_002729||SUP::SUP_0145,PROD::PRO_002731||SUP::SUP_0145,0.9985968437792135
PROD::PRO_002729||SUP::SUP_0145,PROD::PRO_002727||SUP::SUP_0145,0.9976401960534536
PROD::PRO_002729||SUP::SUP_0145,PROD::PRO_000079||SUP::SUP_0029,0.3585443713508173
PROD::PRO_002729||SUP::SUP_0145,PROD::PRO_003175||SUP::SUP_0169,0.32614692309826565
PROD::PRO_002732||SUP::SUP_0145,PROD::PRO_002731||SUP::SUP_0145,0.9986134861363111
PROD::PRO_002732||SUP::SUP_0145,PROD::PRO_002727||SUP::SUP_0145,0.9971395646582469
PROD::PRO_002732||SUP::SUP_0145,PROD::PRO_000079||SUP::SUP_0029,0.3535466754612251
PROD::PRO_002732||SUP::SUP_0145,PROD::PRO_003175||SUP::SUP_0169,0.32611353744362737
PROD::PRO_002731||SUP::SUP_0145,PROD::PRO_002727||SUP::SUP_0145,0.9964187209830341
PROD::PRO_002731||SUP::SUP_0145,PROD::PRO_000079||SUP::SUP_0029,0.3601091634173921
PROD::PRO_002731||SUP::SUP_0145,PROD::PRO_003175||SUP::SUP_0169,0.3429835076936696
PROD::PRO_003913||SUP::SUP_0258,PROD::PRO_003912||SUP::SUP_0258,0.981362179962964
PROD::PRO_003913||SUP::SUP_0258,PROD::PRO_004189||SUP::SUP_0279,0.6625975547311682
PROD::PRO_003913||SUP::SUP_0258,PROD::PRO_000079||SUP::SUP_0029,0.5634222382524522
PROD::PRO_003913||SUP::SUP_0258,PROD::PRO_004649||SUP::SUP_0298,0.5521846675293903
PROD::PRO_003913||SUP::SUP_0258,PROD::PRO_004076||SUP::SUP_0266,0.49633202391996656
PROD::PRO_003912||SUP::SUP_0258,PROD::PRO_004189||SUP::SUP_0279,0.7028182830038552
PROD::PRO_003912||SUP::SUP_0258,PROD::PRO_000079||SUP::SUP_0029,0.5908462990950454
PROD::PRO_003912||SUP::SUP_0258,PROD::PRO_004649||SUP::SUP_0298,0.5083096864160426
PROD::PRO_003912||SUP::SUP_0258,PROD::PRO_004076||SUP::SUP_0266,0.4390651627001565
PROD::PRO_003912||SUP::SUP_0258,PROD::PRO_000036||SUP::SUP_0012,0.40312865434482026
PROD::PRO_003912||SUP::SUP_0258,PROD::PRO_000035||SUP::SUP_0012,0.36221470350754914
PROD::PRO_003912||SUP::SUP_0258,PROD::PRO_004564||SUP::SUP_0298,0.3304322830370525
PROD::PRO_002727||SUP::SUP_0145,PROD::PRO_000079||SUP::SUP_0029,0.3575329695678491
PROD::PRO_002727||SUP::SUP_0145,PROD::PRO_003175||SUP::SUP_0169,0.33393598677216574
PROD::PRO_002727||SUP::SUP_0145,PROD::PRO_001861||SUP::SUP_0140,0.25229984347482226
PROD::PRO_003448||SUP::SUP_0209,PROD::PRO_005728||SUP::SUP_0353,0.7802674705568667
PROD::PRO_003448||SUP::SUP_0209,PROD::PRO_004067||SUP::SUP_0266,0.7417354096903735
PROD::PRO_003448||SUP::SUP_0209,PROD::PRO_004039||SUP::SUP_0266,0.5616313883356702
PROD::PRO_003448||SUP::SUP_0209,PROD::PRO_004056||SUP::SUP_0266,0.5608108762961681
PROD::PRO_003448||SUP::SUP_0209,PROD::PRO_004066||SUP::SUP_0266,0.5572835204744299
PROD::PRO_003448||SUP::SUP_0209,PROD::PRO_000056||SUP::SUP_0022,0.5186302511737891
PROD::PRO_003448||SUP::SUP_0209,PROD::PRO_004613||SUP::SUP_0298,0.5028241022486819
PROD::PRO_003448||SUP::SUP_0209,PROD::PRO_000659||SUP::SUP_0038,0.4725400263621212
PROD::PRO_003448||SUP::SUP_0209,PROD::PRO_003986||SUP::SUP_0266,0.47083295186274454
PROD::PRO_003448||SUP::SUP_0209,PROD::PRO_004110||SUP::SUP_0266,0.3782826006496025
PROD::PRO_003448||SUP::SUP_0209,PROD::PRO_004044||SUP::SUP_0266,0.31601994631294805
PROD::PRO_003448||SUP::SUP_0209,PROD::PRO_004058||SUP::SUP_0266,0.37173632790986366
PROD::PRO_003448||SUP::SUP_0209,PROD::PRO_004055||SUP::SUP_0266,0.3797425683572637
PROD::PRO_003448||SUP::SUP_0209,PROD::PRO_004675||SUP::SUP_0298,0.35654530789175576
PROD::PRO_003448||SUP::SUP_0209,PROD::PRO_004551||SUP::SUP_0298,0.4090470203005897
PROD::PRO_001716||SUP::SUP_0122,PROD::PRO_001712||SUP::SUP_0122,0.9908878652506776
PROD::PRO_001716||SUP::SUP_0122,PROD::PRO_001709||SUP::SUP_0122,0.5877654775284101
PROD::PRO_001716||SUP::SUP_0122,PROD::PRO_001714||SUP::SUP_0122,0.5627489761277702
PROD::PRO_001716||SUP::SUP_0122,PROD::PRO_004189||SUP::SUP_0279,0.5029942537126217
PROD::PRO_001716||SUP::SUP_0122,PROD::PRO_001710||SUP::SUP_0122,0.47983661054457327
PROD::PRO_001716||SUP::SUP_0122,PROD::PRO_000055||SUP::SUP_0021,0.4099412720077251
PROD::PRO_001716||SUP::SUP_0122,PROD::PRO_001633||SUP::SUP_0115,0.35080984893139
PROD::PRO_002821||SUP::SUP_0147,PROD::PRO_002819||SUP::SUP_0147,0.9968286844620985
PROD::PRO_002821||SUP::SUP_0147,PROD::PRO_004039||SUP::SUP_0266,0.6751930820504406
PROD::PRO_002821||SUP::SUP_0147,PROD::PRO_004038||SUP::SUP_0266,0.5049106591002734
PROD::PRO_002821||SUP::SUP_0147,PROD::PRO_004049||SUP::SUP_0266,0.4977767664025313
PROD::PRO_002821||SUP::SUP_0147,PROD::PRO_001315||SUP::SUP_0100,0.4902865283396891
PROD::PRO_002821||SUP::SUP_0147,PROD::PRO_004191||SUP::SUP_0280,0.45583656697311525
PROD::PRO_002821||SUP::SUP_0147,PROD::PRO_000717||SUP::SUP_0047,0.43752648994076293
PROD::PRO_002821||SUP::SUP_0147,PROD::PRO_004083||SUP::SUP_0266,0.42344910665774593
PROD::PRO_002821||SUP::SUP_0147,PROD::PRO_000052||SUP::SUP_0019,0.4128168546049025
PROD::PRO_002821||SUP::SUP_0147,PROD::PRO_003932||SUP::SUP_0263,0.3398424175685685
PROD::PRO_002821||SUP::SUP_0147,PROD::PRO_003929||SUP::SUP_0263,0.38216702279421955
PROD::PRO_002821||SUP::SUP_0147,PROD::PRO_003930||SUP::SUP_0263,0.3335183052509826
PROD::PRO_002821||SUP::SUP_0147,PROD::PRO_003931||SUP::SUP_0263,0.3528227958698118
PROD::PRO_002820||SUP::SUP_0147,PROD::PRO_002818||SUP::SUP_0147,0.9988279262350016
PROD::PRO_002820||SUP::SUP_0147,PROD::PRO_004086||SUP::SUP_0266,0.5742258078655198
PROD::PRO_002820||SUP::SUP_0147,PROD::PRO_004351||SUP::SUP_0287,0.5625573383518155
PROD::PRO_002820||SUP::SUP_0147,PROD::PRO_003829||SUP::SUP_0247,0.508655480846823
PROD::PRO_002820||SUP::SUP_0147,PROD::PRO_004085||SUP::SUP_0266,0.5058283799570943
PROD::PRO_002820||SUP::SUP_0147,PROD::PRO_004643||SUP::SUP_0298,0.4417224879677928
PROD::PRO_002820||SUP::SUP_0147,PROD::PRO_004072||SUP::SUP_0266,0.4406834241834139
PROD::PRO_002820||SUP::SUP_0147,PROD::PRO_003985||SUP::SUP_0266,0.4298724821550224
PROD::PRO_002820||SUP::SUP_0147,PROD::PRO_000038||SUP::SUP_0012,0.39343258702479944
PROD::PRO_002820||SUP::SUP_0147,PROD::PRO_003830||SUP::SUP_0247,0.3878344739411812
PROD::PRO_004003||SUP::SUP_0266,PROD::PRO_004002||SUP::SUP_0266,0.9966468184054578
PROD::PRO_004003||SUP::SUP_0266,PROD::PRO_004004||SUP::SUP_0266,0.9867635156348842
PROD::PRO_004003||SUP::SUP_0266,PROD::PRO_004001||SUP::SUP_0266,0.9233258949555285
PROD::PRO_004003||SUP::SUP_0266,PROD::PRO_003990||SUP::SUP_0266,0.9125451491816716
PROD::PRO_004003||SUP::SUP_0266,PROD::PRO_004005||SUP::SUP_0266,0.9002302875596481
PROD::PRO_004003||SUP::SUP_0266,PROD::PRO_004000||SUP::SUP_0266,0.8992984916641283
PROD::PRO_004003||SUP::SUP_0266,PROD::PRO_004061||SUP::SUP_0266,0.8889908383742263
PROD::PRO_004003||SUP::SUP_0266,PROD::PRO_004017||SUP::SUP_0266,0.8811038947764241
PROD::PRO_004003||SUP::SUP_0266,PROD::PRO_004070||SUP::SUP_0266,0.868189607146939
PROD::PRO_004003||SUP::SUP_0266,PROD::PRO_004036||SUP::SUP_0266,0.8659356707773377
PROD::PRO_004003||SUP::SUP_0266,PROD::PRO_004025||SUP::SUP_0266,0.6164673694939385
PROD::PRO_004003||SUP::SUP_0266,PROD::PRO_003989||SUP::SUP_0266,0.7614643779211973
PROD::PRO_004003||SUP::SUP_0266,PROD::PRO_004094||SUP::SUP_0266,0.6235393074604979
PROD::PRO_004003||SUP::SUP_0266,PROD::PRO_004084||SUP::SUP_0266,0.8339029072717107
PROD::PRO_004003||SUP::SUP_0266,PROD::PRO_004075||SUP::SUP_0266,0.7828863589730565
PROD::PRO_004003||SUP::SUP_0266,PROD::PRO_004093||SUP::SUP_0266,0.7309684239102391
PROD::PRO_004003||SUP::SUP_0266,PROD::PRO_004089||SUP::SUP_0266,0.7474993165080444
PROD::PRO_004003||SUP::SUP_0266,PROD::PRO_004074||SUP::SUP_0266,0.7543305173212377
PROD::PRO_004003||SUP::SUP_0266,PROD::PRO_004053||SUP::SUP_0266,0.7030421659189907
PROD::PRO_004003||SUP::SUP_0266,PROD::PRO_004037||SUP::SUP_0266,0.7417290639273241
PROD::PRO_004003||SUP::SUP_0266,PROD::PRO_004091||SUP::SUP_0266,0.6829872945359851
PROD::PRO_004003||SUP::SUP_0266,PROD::PRO_004127||SUP::SUP_0266,0.7212922031792285
PROD::PRO_004003||SUP::SUP_0266,PROD::PRO_004068||SUP::SUP_0266,0.8409975074337946
PROD::PRO_004003||SUP::SUP_0266,PROD::PRO_004071||SUP::SUP_0266,0.579634837672734
PROD::PRO_004017||SUP::SUP_0266,PROD::PRO_003990||SUP::SUP_0266,0.9859692569883447
PROD::PRO_004017||SUP::SUP_0266,PROD::PRO_004002||SUP::SUP_0266,0.8747363302070642
PROD::PRO_004017||SUP::SUP_0266,PROD::PRO_004004||SUP::SUP_0266,0.8692780655189004
PROD::PRO_004017||SUP::SUP_0266,PROD::PRO_004036||SUP::SUP_0266,0.8088201003299018
PROD::PRO_004017||SUP::SUP_0266,PROD::PRO_004001||SUP::SUP_0266,0.7861446390318797
PROD::PRO_004017||SUP::SUP_0266,PROD::PRO_004005||SUP::SUP_0266,0.7747369323609636
PROD::PRO_004017||SUP::SUP_0266,PROD::PRO_004061||SUP::SUP_0266,0.7397971916108772
PROD::PRO_004017||SUP::SUP_0266,PROD::PRO_004070||SUP::SUP_0266,0.7177346365581053
PROD::PRO_004017||SUP::SUP_0266,PROD::PRO_004000||SUP::SUP_0266,0.7139424850975103
PROD::PRO_004017||SUP::SUP_0266,PROD::PRO_004019||SUP::SUP_0266,0.5675784945927999
PROD::PRO_004017||SUP::SUP_0266,PROD::PRO_004025||SUP::SUP_0266,0.6894348548689944
PROD::PRO_004017||SUP::SUP_0266,PROD::PRO_004094||SUP::SUP_0266,0.6711109754642701
PROD::PRO_004017||SUP::SUP_0266,PROD::PRO_004053||SUP::SUP_0266,0.659356662171724
PROD::PRO_004017||SUP::SUP_0266,PROD::PRO_004127||SUP::SUP_0266,0.6693810234469885
PROD::PRO_004017||SUP::SUP_0266,PROD::PRO_004071||SUP::SUP_0266,0.5684058958874589
PROD::PRO_004019||SUP::SUP_0266,PROD::PRO_004006||SUP::SUP_0266,0.9924848455372473
PROD::PRO_004019||SUP::SUP_0266,PROD::PRO_004099||SUP::SUP_0266,0.7728861669392367
PROD::PRO_004019||SUP::SUP_0266,PROD::PRO_004022||SUP::SUP_0266,0.6323324935630393
PROD::PRO_004019||SUP::SUP_0266,PROD::PRO_004051||SUP::SUP_0266,0.6102201974337916
PROD::PRO_004019||SUP::SUP_0266,PROD::PRO_004100||SUP::SUP_0266,0.5994545466805817
PROD::PRO_004019||SUP::SUP_0266,PROD::PRO_004005||SUP::SUP_0266,0.5689735239301847
PROD::PRO_004019||SUP::SUP_0266,PROD::PRO_004002||SUP::SUP_0266,0.5473064467044747
PROD::PRO_004019||SUP::SUP_0266,PROD::PRO_003990||SUP::SUP_0266,0.545897625144033
PROD::PRO_004022||SUP::SUP_0266,PROD::PRO_004051||SUP::SUP_0266,0.9974180170139013
PROD::PRO_004022||SUP::SUP_0266,PROD::PRO_000048||SUP::SUP_0019,0.7179899202585212
PROD::PRO_004022||SUP::SUP_0266,PROD::PRO_000050||SUP::SUP_0019,0.6901070919821217
PROD::PRO_004022||SUP::SUP_0266,PROD::PRO_004575||SUP::SUP_0298,0.6599140129766099
PROD::PRO_004022||SUP::SUP_0266,PROD::PRO_004119||SUP::SUP_0266,0.648032101972461
PROD::PRO_004022||SUP::SUP_0266,PROD::PRO_003998||SUP::SUP_0266,0.624683258535111
PROD::PRO_004022||SUP::SUP_0266,PROD::PRO_004006||SUP::SUP_0266,0.5998454851235454
PROD::PRO_004022||SUP::SUP_0266,PROD::PRO_004071||SUP::SUP_0266,0.5974771639319885
PROD::PRO_004122||SUP::SUP_0266,PROD::PRO_004063||SUP::SUP_0266,0.9886711203518992
PROD::PRO_004122||SUP::SUP_0266,PROD::PRO_004121||SUP::SUP_0266,0.7971222199582135
PROD::PRO_004122||SUP::SUP_0266,PROD::PRO_004120||SUP::SUP_0266,0.7842052839913795
PROD::PRO_004122||SUP::SUP_0266,PROD::PRO_004101||SUP::SUP_0266,0.7434528279281198
PROD::PRO_004122||SUP::SUP_0266,PROD::PRO_004064||SUP::SUP_0266,0.7296575309587936
PROD::PRO_004122||SUP::SUP_0266,PROD::PRO_004119||SUP::SUP_0266,0.6919843742196184
PROD::PRO_004122||SUP::SUP_0266,PROD::PRO_003991||SUP::SUP_0266,0.6743044170936411
PROD::PRO_004122||SUP::SUP_0266,PROD::PRO_004123||SUP::SUP_0266,0.6731277548568475
PROD::PRO_004122||SUP::SUP_0266,PROD::PRO_004088||SUP::SUP_0266,0.6681174374489552
PROD::PRO_004122||SUP::SUP_0266,PROD::PRO_004124||SUP::SUP_0266,0.6615507670447325
PROD::PRO_004122||SUP::SUP_0266,PROD::PRO_004047||SUP::SUP_0266,0.6001207394047482
PROD::PRO_004121||SUP::SUP_0266,PROD::PRO_004119||SUP::SUP_0266,0.967181013890471
PROD::PRO_004121||SUP::SUP_0266,PROD::PRO_004064||SUP::SUP_0266,0.8212249725381159
PROD::PRO_004121||SUP::SUP_0266,PROD::PRO_004063||SUP::SUP_0266,0.8047871567387122
PROD::PRO_004121||SUP::SUP_0266,PROD::PRO_004120||SUP::SUP_0266,0.725967046174905
PROD::PRO_004121||SUP::SUP_0266,PROD::PRO_004101||SUP::SUP_0266,0.6673290529267635
PROD::PRO_004121||SUP::SUP_0266,PROD::PRO_004047||SUP::SUP_0266,0.6518564404480046
PROD::PRO_004121||SUP::SUP_0266,PROD::PRO_004624||SUP::SUP_0298,0.6169708521494921
PROD::PRO_004121||SUP::SUP_0266,PROD::PRO_004090||SUP::SUP_0266,0.5583263420136048
PROD::PRO_004121||SUP::SUP_0266,PROD::PRO_004575||SUP::SUP_0298,0.604990395365748
PROD::PRO_004119||SUP::SUP_0266,PROD::PRO_004064||SUP::SUP_0266,0.7518342377425927
PROD::PRO_004119||SUP::SUP_0266,PROD::PRO_004575||SUP::SUP_0298,0.7198908815584303
PROD::PRO_004119||SUP::SUP_0266,PROD::PRO_004063||SUP::SUP_0266,0.698484717527477
PROD::PRO_004119||SUP::SUP_0266,PROD::PRO_004624||SUP::SUP_0298,0.6982712086733874
PROD::PRO_004119||SUP::SUP_0266,PROD::PRO_004120||SUP::SUP_0266,0.6754494565187056
PROD::PRO_004119||SUP::SUP_0266,PROD::PRO_000050||SUP::SUP_0019,0.672606922616063
PROD::PRO_004119||SUP::SUP_0266,PROD::PRO_004051||SUP::SUP_0266,0.6693861185043306
PROD::PRO_004119||SUP::SUP_0266,PROD::PRO_000048||SUP::SUP_0019,0.565784307781456
PROD::PRO_004120||SUP::SUP_0266,PROD::PRO_004064||SUP::SUP_0266,0.8144260362130807
PROD::PRO_004120||SUP::SUP_0266,PROD::PRO_004063||SUP::SUP_0266,0.8047416439273063
PROD::PRO_004120||SUP::SUP_0266,PROD::PRO_004070||SUP::SUP_0266,0.7622066030380452
PROD::PRO_004120||SUP::SUP_0266,PROD::PRO_004047||SUP::SUP_0266,0.7172212568243582
PROD::PRO_004120||SUP::SUP_0266,PROD::PRO_004101||SUP::SUP_0266,0.7137896719618242
PROD::PRO_004120||SUP::SUP_0266,PROD::PRO_004088||SUP::SUP_0266,0.6371012842454272
PROD::PRO_004120||SUP::SUP_0266,PROD::PRO_004068||SUP::SUP_0266,0.6302113054475553
PROD::PRO_004120||SUP::SUP_0266,PROD::PRO_004090||SUP::SUP_0266,0.6293516538494931
PROD::PRO_003541||SUP::SUP_0232,PROD::PRO_004358||SUP::SUP_0287,0.5146450480242837
PROD::PRO_003541||SUP::SUP_0232,PROD::PRO_004355||SUP::SUP_0287,0.5146450480242836
PROD::PRO_003541||SUP::SUP_0232,PROD::PRO_004712||SUP::SUP_0298,0.49488621786451137
PROD::PRO_003541||SUP::SUP_0232,PROD::PRO_004085||SUP::SUP_0266,0.47174541638636547
PROD::PRO_003541||SUP::SUP_0232,PROD::PRO_004643||SUP::SUP_0298,0.471370872024256
PROD::PRO_003541||SUP::SUP_0232,PROD::PRO_001817||SUP::SUP_0131,0.4509562761888424
PROD::PRO_003541||SUP::SUP_0232,PROD::PRO_004086||SUP::SUP_0266,0.4340351637409965
PROD::PRO_003541||SUP::SUP_0232,PROD::PRO_004636||SUP::SUP_0298,0.4296991862249049
PROD::PRO_003541||SUP::SUP_0232,PROD::PRO_004066||SUP::SUP_0266,0.42757478821982686
PROD::PRO_003541||SUP::SUP_0232,PROD::PRO_002965||SUP::SUP_0166,0.4156929447211939
PROD::PRO_003541||SUP::SUP_0232,PROD::PRO_000063||SUP::SUP_0026,0.33042221340461686
PROD::PRO_003541||SUP::SUP_0232,PROD::PRO_000072||SUP::SUP_0026,0.2922068184604121
PROD::PRO_003541||SUP::SUP_0232,PROD::PRO_000071||SUP::SUP_0026,0.2952402084180009
PROD::PRO_003541||SUP::SUP_0232,PROD::PRO_000064||SUP::SUP_0026,0.33177378623624554
PROD::PRO_003541||SUP::SUP_0232,PROD::PRO_000065||SUP::SUP_0026,0.3142968720065218
PROD::PRO_002819||SUP::SUP_0147,PROD::PRO_004039||SUP::SUP_0266,0.6481608903842724
PROD::PRO_002819||SUP::SUP_0147,PROD::PRO_001315||SUP::SUP_0100,0.47868978650473637
PROD::PRO_002819||SUP::SUP_0147,PROD::PRO_004038||SUP::SUP_0266,0.4716917375768832
PROD::PRO_002819||SUP::SUP_0147,PROD::PRO_004049||SUP::SUP_0266,0.45576336818684293
PROD::PRO_002819||SUP::SUP_0147,PROD::PRO_004191||SUP::SUP_0280,0.45571649869042297
PROD::PRO_002819||SUP::SUP_0147,PROD::PRO_000717||SUP::SUP_0047,0.4251560505505334
PROD::PRO_002819||SUP::SUP_0147,PROD::PRO_000083||SUP::SUP_0031,0.4241785618811137
PROD::PRO_002819||SUP::SUP_0147,PROD::PRO_003929||SUP::SUP_0263,0.3835128508693342
PROD::PRO_002819||SUP::SUP_0147,PROD::PRO_003932||SUP::SUP_0263,0.3498888215689435
PROD::PRO_002819||SUP::SUP_0147,PROD::PRO_003930||SUP::SUP_0263,0.3435207794173667
PROD::PRO_002819||SUP::SUP_0147,PROD::PRO_003931||SUP::SUP_0263,0.36276895185562497
PROD::PRO_002818||SUP::SUP_0147,PROD::PRO_004086||SUP::SUP_0266,0.5669493146544488
PROD::PRO_002818||SUP::SUP_0147,PROD::PRO_004351||SUP::SUP_0287,0.5554882466418268
PROD::PRO_002818||SUP::SUP_0147,PROD::PRO_003829||SUP::SUP_0247,0.504130438110561
PROD::PRO_002818||SUP::SUP_0147,PROD::PRO_004085||SUP::SUP_0266,0.49840464303309395
PROD::PRO_002818||SUP::SUP_0147,PROD::PRO_004072||SUP::SUP_0266,0.43260476849686613
PROD::PRO_002818||SUP::SUP_0147,PROD::PRO_004643||SUP::SUP_0298,0.43181219684965333
PROD::PRO_002818||SUP::SUP_0147,PROD::PRO_003985||SUP::SUP_0266,0.4185840864494623
PROD::PRO_002818||SUP::SUP_0147,PROD::PRO_000038||SUP::SUP_0012,0.38553233703287804
PROD::PRO_002818||SUP::SUP_0147,PROD::PRO_000034||SUP::SUP_0012,0.38168681402075466
PROD::PRO_004051||SUP::SUP_0266,PROD::PRO_000048||SUP::SUP_0019,0.7374447747131063
PROD::PRO_004051||SUP::SUP_0266,PROD::PRO_000050||SUP::SUP_0019,0.7156540323398717
PROD::PRO_004051||SUP::SUP_0266,PROD::PRO_004575||SUP::SUP_0298,0.673674484293561
PROD::PRO_004051||SUP::SUP_0266,PROD::PRO_003998||SUP::SUP_0266,0.6153362179860578
PROD::PRO_004051||SUP::SUP_0266,PROD::PRO_004071||SUP::SUP_0266,0.5916241798235915
PROD::PRO_004051||SUP::SUP_0266,PROD::PRO_004006||SUP::SUP_0266,0.5831340313899597
PROD::PRO_001633||SUP::SUP_0115,PROD::PRO_001774||SUP::SUP_0127,0.6982700450403533
PROD::PRO_001633||SUP::SUP_0115,PROD::PRO_001710||SUP::SUP_0122,0.6758931150459823
PROD::PRO_001633||SUP::SUP_0115,PROD::PRO_001709||SUP::SUP_0122,0.6042119015766735
PROD::PRO_001633||SUP::SUP_0115,PROD::PRO_001714||SUP::SUP_0122,0.5985049784088158
PROD::PRO_001633||SUP::SUP_0115,PROD::PRO_000727||SUP::SUP_0051,0.5822633178910072
PROD::PRO_001633||SUP::SUP_0115,PROD::PRO_001323||SUP::SUP_0104,0.571484908066238
PROD::PRO_001633||SUP::SUP_0115,PROD::PRO_004540||SUP::SUP_0298,0.5491269855236472
PROD::PRO_001633||SUP::SUP_0115,PROD::PRO_004189||SUP::SUP_0279,0.549078215778048
PROD::PRO_001633||SUP::SUP_0115,PROD::PRO_001748||SUP::SUP_0127,0.5113767870405005
PROD::PRO_001633||SUP::SUP_0115,PROD::PRO_004566||SUP::SUP_0298,0.33916139109658583
PROD::PRO_001633||SUP::SUP_0115,PROD::PRO_004187||SUP::SUP_0279,0.3877683441417552
PROD::PRO_001633||SUP::SUP_0115,PROD::PRO_004186||SUP::SUP_0279,0.3877683441417552
PROD::PRO_001633||SUP::SUP_0115,PROD::PRO_004190||SUP::SUP_0279,0.44026615530191504
PROD::PRO_001633||SUP::SUP_0115,PROD::PRO_004188||SUP::SUP_0279,0.32078171789564747
PROD::PRO_004559||SUP::SUP_0298,PROD::PRO_000654||SUP::SUP_0038,0.8394810705463358
PROD::PRO_004559||SUP::SUP_0298,PROD::PRO_000653||SUP::SUP_0038,0.8126105970233598
PROD::PRO_004559||SUP::SUP_0298,PROD::PRO_000650||SUP::SUP_0038,0.8021058512308327
PROD::PRO_004559||SUP::SUP_0298,PROD::PRO_004641||SUP::SUP_0298,0.4831998652963396
PROD::PRO_004559||SUP::SUP_0298,PROD::PRO_000655||SUP::SUP_0038,0.3877032230791806
PROD::PRO_004559||SUP::SUP_0298,PROD::PRO_000066||SUP::SUP_0026,0.6478327161440522
PROD::PRO_004559||SUP::SUP_0298,PROD::PRO_004520||SUP::SUP_0296,0.46367085057276647
PROD::PRO_004559||SUP::SUP_0298,PROD::PRO_004522||SUP::SUP_0296,0.4529231718352603
PROD::PRO_004559||SUP::SUP_0298,PROD::PRO_004527||SUP::SUP_0296,0.41796105398088645
PROD::PRO_004559||SUP::SUP_0298,PROD::PRO_004521||SUP::SUP_0296,0.5081595741089253
PROD::PRO_004559||SUP::SUP_0298,PROD::PRO_004526||SUP::SUP_0296,0.47480133210444064
PROD::PRO_004559||SUP::SUP_0298,PROD::PRO_004524||SUP::SUP_0296,0.44859639569415455
PROD::PRO_004559||SUP::SUP_0298,PROD::PRO_004523||SUP::SUP_0296,0.42078154888051666
PROD::PRO_004559||SUP::SUP_0298,PROD::PRO_004525||SUP::SUP_0296,0.4152233465484878
PROD::PRO_004559||SUP::SUP_0298,PROD::PRO_000057||SUP::SUP_0022,0.6440912714601772
PROD::PRO_004566||SUP::SUP_0298,PROD::PRO_004565||SUP::SUP_0298,0.9860147211029386
PROD::PRO_004566||SUP::SUP_0298,PROD::PRO_004564||SUP::SUP_0298,0.9659566207439623
PROD::PRO_004566||SUP::SUP_0298,PROD::PRO_005722||SUP::SUP_0353,0.7531009738727859
PROD::PRO_004566||SUP::SUP_0298,PROD::PRO_000047||SUP::SUP_0019,0.5552419043472381
PROD::PRO_004566||SUP::SUP_0298,PROD::PRO_000654||SUP::SUP_0038,0.3898416712502515
PROD::PRO_004566||SUP::SUP_0298,PROD::PRO_000650||SUP::SUP_0038,0.37932755948867003
PROD::PRO_004566||SUP::SUP_0298,PROD::PRO_000057||SUP::SUP_0022,0.3434304691805393
PROD::PRO_001861||SUP::SUP_0140,PROD::PRO_001190||SUP::SUP_0084,0.7177110711771703
PROD::PRO_001861||SUP::SUP_0140,PROD::PRO_003830||SUP::SUP_0247,0.6872113350245951
PROD::PRO_001861||SUP::SUP_0140,PROD::PRO_004351||SUP::SUP_0287,0.683527508382256
PROD::PRO_001861||SUP::SUP_0140,PROD::PRO_000044||SUP::SUP_0017,0.6733025842244703
PROD::PRO_001861||SUP::SUP_0140,PROD::PRO_000043||SUP::SUP_0017,0.6317420866523042
PROD::PRO_001861||SUP::SUP_0140,PROD::PRO_004352||SUP::SUP_0287,0.6284051959453651
PROD::PRO_001861||SUP::SUP_0140,PROD::PRO_004348||SUP::SUP_0287,0.6247229071373519
PROD::PRO_001861||SUP::SUP_0140,PROD::PRO_003829||SUP::SUP_0247,0.6196023586101
PROD::PRO_001861||SUP::SUP_0140,PROD::PRO_000070||SUP::SUP_0026,0.4505730379518911
PROD::PRO_001861||SUP::SUP_0140,PROD::PRO_004350||SUP::SUP_0287,0.5167229010680293
PROD::PRO_001861||SUP::SUP_0140,PROD::PRO_004349||SUP::SUP_0287,0.6093775077633389
PROD::PRO_001861||SUP::SUP_0140,PROD::PRO_000027||SUP::SUP_0007,0.6167628371799467
PROD::PRO_001747||SUP::SUP_0127,PROD::PRO_001744||SUP::SUP_0127,0.9887399631546105
PROD::PRO_001747||SUP::SUP_0127,PROD::PRO_001746||SUP::SUP_0127,0.9463567557000272
PROD::PRO_001747||SUP::SUP_0127,PROD::PRO_001743||SUP::SUP_0127,0.942115885154166
PROD::PRO_001747||SUP::SUP_0127,PROD::PRO_001748||SUP::SUP_0127,0.8951890374764466
PROD::PRO_001747||SUP::SUP_0127,PROD::PRO_004540||SUP::SUP_0298,0.8357412906891034
PROD::PRO_001747||SUP::SUP_0127,PROD::PRO_001742||SUP::SUP_0127,0.8173415799457339
PROD::PRO_001747||SUP::SUP_0127,PROD::PRO_001774||SUP::SUP_0127,0.7620306090991577
PROD::PRO_001747||SUP::SUP_0127,PROD::PRO_000727||SUP::SUP_0051,0.707797080173942
PROD::PRO_001747||SUP::SUP_0127,PROD::PRO_001768||SUP::SUP_0127,0.5861579863936777
PROD::PRO_001747||SUP::SUP_0127,PROD::PRO_000720||SUP::SUP_0048,0.5675036280718638
PROD::PRO_001747||SUP::SUP_0127,PROD::PRO_000719||SUP::SUP_0048,0.5489773223301055
PROD::PRO_004695||SUP::SUP_0298,PROD::PRO_004700||SUP::SUP_0298,0.9833047654412228
PROD::PRO_004695||SUP::SUP_0298,PROD::PRO_004690||SUP::SUP_0298,0.9133968835956479
PROD::PRO_004695||SUP::SUP_0298,PROD::PRO_004622||SUP::SUP_0298,0.7460520147959189
PROD::PRO_004695||SUP::SUP_0298,PROD::PRO_005201||SUP::SUP_0319,0.6617609084202805
PROD::PRO_004695||SUP::SUP_0298,PROD::PRO_002985||SUP::SUP_0166,0.5757012607692794
PROD::PRO_004695||SUP::SUP_0298,PROD::PRO_004716||SUP::SUP_0298,0.5664212699947829
PROD::PRO_004695||SUP::SUP_0298,PROD::PRO_001748||SUP::SUP_0127,0.5611769647056469
PROD::PRO_004695||SUP::SUP_0298,PROD::PRO_000727||SUP::SUP_0051,0.509434454716917
PROD::PRO_004695||SUP::SUP_0298,PROD::PRO_004540||SUP::SUP_0298,0.5030343264061682
PROD::PRO_004695||SUP::SUP_0298,PROD::PRO_001768||SUP::SUP_0127,0.4758673733676766
PROD::PRO_004690||SUP::SUP_0298,PROD::PRO_004622||SUP::SUP_0298,0.8939068064778333
PROD::PRO_004690||SUP::SUP_0298,PROD::PRO_004700||SUP::SUP_0298,0.872445309970762
PROD::PRO_004690||SUP::SUP_0298,PROD::PRO_001748||SUP::SUP_0127,0.7514095418399032
PROD::PRO_004690||SUP::SUP_0298,PROD::PRO_004716||SUP::SUP_0298,0.7380098702037216
PROD::PRO_004690||SUP::SUP_0298,PROD::PRO_000727||SUP::SUP_0051,0.7316971657028357
PROD::PRO_004690||SUP::SUP_0298,PROD::PRO_004719||SUP::SUP_0298,0.6921588195757814
PROD::PRO_004690||SUP::SUP_0298,PROD::PRO_004717||SUP::SUP_0298,0.6799389076308254
PROD::PRO_004690||SUP::SUP_0298,PROD::PRO_001774||SUP::SUP_0127,0.6611018279545336
PROD::PRO_004690||SUP::SUP_0298,PROD::PRO_004540||SUP::SUP_0298,0.657213335495981
PROD::PRO_004690||SUP::SUP_0298,PROD::PRO_004715||SUP::SUP_0298,0.39810272001386404
PROD::PRO_004690||SUP::SUP_0298,PROD::PRO_004718||SUP::SUP_0298,0.43972716986222815
PROD::PRO_004690||SUP::SUP_0298,PROD::PRO_004714||SUP::SUP_0298,0.6387178935240968
PROD::PRO_004690||SUP::SUP_0298,PROD::PRO_001768||SUP::SUP_0127,0.5803589956608559
PROD::PRO_004690||SUP::SUP_0298,PROD::PRO_005201||SUP::SUP_0319,0.5258596346492943
PROD::PRO_000727||SUP::SUP_0051,PROD::PRO_001774||SUP::SUP_0127,0.945679942081198
PROD::PRO_000727||SUP::SUP_0051,PROD::PRO_001748||SUP::SUP_0127,0.9159740325973882
PROD::PRO_000727||SUP::SUP_0051,PROD::PRO_001742||SUP::SUP_0127,0.9088313109403634
PROD::PRO_000727||SUP::SUP_0051,PROD::PRO_004622||SUP::SUP_0298,0.8582901351021873
PROD::PRO_000727||SUP::SUP_0051,PROD::PRO_001744||SUP::SUP_0127,0.7379845824141336
PROD::PRO_000727||SUP::SUP_0051,PROD::PRO_002985||SUP::SUP_0166,0.7292225083008684
PROD::PRO_000727||SUP::SUP_0051,PROD::PRO_001323||SUP::SUP_0104,0.7100642631774513
PROD::PRO_000727||SUP::SUP_0051,PROD::PRO_004540||SUP::SUP_0298,0.6749926896725769
PROD::PRO_000727||SUP::SUP_0051,PROD::PRO_004700||SUP::SUP_0298,0.5299300639377842
PROD::PRO_000727||SUP::SUP_0051,PROD::PRO_004719||SUP::SUP_0298,0.6304579860050896
PROD::PRO_000727||SUP::SUP_0051,PROD::PRO_004715||SUP::SUP_0298,0.34222413229380866
PROD::PRO_000727||SUP::SUP_0051,PROD::PRO_004718||SUP::SUP_0298,0.39712196006944
PROD::PRO_000727||SUP::SUP_0051,PROD::PRO_003003||SUP::SUP_0166,0.4132654845497049
PROD::PRO_000727||SUP::SUP_0051,PROD::PRO_003008||SUP::SUP_0166,0.41854849588942233
PROD::PRO_000727||SUP::SUP_0051,PROD::PRO_004717||SUP::SUP_0298,0.622357693691824
PROD::PRO_000727||SUP::SUP_0051,PROD::PRO_004714||SUP::SUP_0298,0.5500222476112108
PROD::PRO_000727||SUP::SUP_0051,PROD::PRO_004716||SUP::SUP_0298,0.48550934997337214
PROD::PRO_000727||SUP::SUP_0051,PROD::PRO_001768||SUP::SUP_0127,0.5966965800045582
PROD::PRO_000727||SUP::SUP_0051,PROD::PRO_000720||SUP::SUP_0048,0.6161016873795834
PROD::PRO_000727||SUP::SUP_0051,PROD::PRO_000068||SUP::SUP_0026,0.6215368054474188
PROD::PRO_000727||SUP::SUP_0051,PROD::PRO_000067||SUP::SUP_0026,0.6215368054474188
PROD::PRO_000727||SUP::SUP_0051,PROD::PRO_000022||SUP::SUP_0004,0.4132654845497049
PROD::PRO_000727||SUP::SUP_0051,PROD::PRO_000021||SUP::SUP_0004,0.5460451425277247
PROD::PRO_000727||SUP::SUP_0051,PROD::PRO_000787||SUP::SUP_0072,0.41854849588942233
PROD::PRO_000727||SUP::SUP_0051,PROD::PRO_000719||SUP::SUP_0048,0.5539691315058929
PROD::PRO_004565||SUP::SUP_0298,PROD::PRO_004564||SUP::SUP_0298,0.9231437499254164
PROD::PRO_004565||SUP::SUP_0298,PROD::PRO_005722||SUP::SUP_0353,0.8075304370513019
PROD::PRO_004565||SUP::SUP_0298,PROD::PRO_000047||SUP::SUP_0019,0.630985961659653
PROD::PRO_004565||SUP::SUP_0298,PROD::PRO_000654||SUP::SUP_0038,0.45013972472034647
PROD::PRO_004565||SUP::SUP_0298,PROD::PRO_000650||SUP::SUP_0038,0.44491362826287295
PROD::PRO_004565||SUP::SUP_0298,PROD::PRO_003993||SUP::SUP_0266,0.3947633133795587
PROD::PRO_004565||SUP::SUP_0298,PROD::PRO_004700||SUP::SUP_0298,0.3907467684487549
PROD::PRO_004700||SUP::SUP_0298,PROD::PRO_004622||SUP::SUP_0298,0.7392594008492189
PROD::PRO_004700||SUP::SUP_0298,PROD::PRO_005201||SUP::SUP_0319,0.7257952303710603
PROD::PRO_004700||SUP::SUP_0298,PROD::PRO_002985||SUP::SUP_0166,0.6595274678721184
PROD::PRO_004700||SUP::SUP_0298,PROD::PRO_001748||SUP::SUP_0127,0.5569232813291206
PROD::PRO_004700||SUP::SUP_0298,PROD::PRO_000040||SUP::SUP_0014,0.496020659610536
PROD::PRO_004700||SUP::SUP_0298,PROD::PRO_000021||SUP::SUP_0004,0.49314743393572136
PROD::PRO_004700||SUP::SUP_0298,PROD::PRO_004540||SUP::SUP_0298,0.4833575407940732
PROD::PRO_004700||SUP::SUP_0298,PROD::PRO_004716||SUP::SUP_0298,0.46612194950973596
PROD::PRO_004719||SUP::SUP_0298,PROD::PRO_004717||SUP::SUP_0298,0.99640479000902
PROD::PRO_004719||SUP::SUP_0298,PROD::PRO_004714||SUP::SUP_0298,0.9914357849786899
PROD::PRO_004719||SUP::SUP_0298,PROD::PRO_004716||SUP::SUP_0298,0.93785527409537
PROD::PRO_004719||SUP::SUP_0298,PROD::PRO_004718||SUP::SUP_0298,0.9332787223795657
PROD::PRO_004719||SUP::SUP_0298,PROD::PRO_004715||SUP::SUP_0298,0.9134582572344822
PROD::PRO_004719||SUP::SUP_0298,PROD::PRO_004622||SUP::SUP_0298,0.7565175197962052
PROD::PRO_004719||SUP::SUP_0298,PROD::PRO_000068||SUP::SUP_0026,0.5368483068399156
PROD::PRO_004719||SUP::SUP_0298,PROD::PRO_000067||SUP::SUP_0026,0.5368483068399156
PROD::PRO_005721||SUP::SUP_0353,PROD::PRO_004533||SUP::SUP_0298,0.882501530234618
PROD::PRO_005721||SUP::SUP_0353,PROD::PRO_003995||SUP::SUP_0266,0.8716194794643176
PROD::PRO_005721||SUP::SUP_0353,PROD::PRO_003994||SUP::SUP_0266,0.7747524269360108
PROD::PRO_005721||SUP::SUP_0353,PROD::PRO_003997||SUP::SUP_0266,0.7704084586744332
PROD::PRO_005721||SUP::SUP_0353,PROD::PRO_001824||SUP::SUP_0133,0.7668677641539277
PROD::PRO_005721||SUP::SUP_0353,PROD::PRO_003996||SUP::SUP_0266,0.6796611054119214
PROD::PRO_005721||SUP::SUP_0353,PROD::PRO_004018||SUP::SUP_0266,0.6646336589129975
PROD::PRO_005721||SUP::SUP_0353,PROD::PRO_004617||SUP::SUP_0298,0.6270048327330007
PROD::PRO_005721||SUP::SUP_0353,PROD::PRO_004067||SUP::SUP_0266,0.5506777440103617
PROD::PRO_005721||SUP::SUP_0353,PROD::PRO_004100||SUP::SUP_0266,0.49975421660849306
PROD::PRO_005729||SUP::SUP_0353,PROD::PRO_000037||SUP::SUP_0012,0.838210145252687
PROD::PRO_005729||SUP::SUP_0353,PROD::PRO_003430||SUP::SUP_0205,0.6858348974064127
PROD::PRO_005729||SUP::SUP_0353,PROD::PRO_000027||SUP::SUP_0007,0.6594816861235572
PROD::PRO_005729||SUP::SUP_0353,PROD::PRO_000038||SUP::SUP_0012,0.6573250793029276
PROD::PRO_005729||SUP::SUP_0353,PROD::PRO_004350||SUP::SUP_0287,0.6201784773289765
PROD::PRO_005729||SUP::SUP_0353,PROD::PRO_004348||SUP::SUP_0287,0.5694748778479664
PROD::PRO_005729||SUP::SUP_0353,PROD::PRO_000034||SUP::SUP_0012,0.5314007448433198
PROD::PRO_005729||SUP::SUP_0353,PROD::PRO_005728||SUP::SUP_0353,0.49548008934858245
PROD::PRO_001789||SUP::SUP_0128,PROD::PRO_001788||SUP::SUP_0128,0.9995857584377479
PROD::PRO_001789||SUP::SUP_0128,PROD::PRO_001787||SUP::SUP_0128,0.9995409402504924
PROD::PRO_001789||SUP::SUP_0128,PROD::PRO_002859||SUP::SUP_0159,0.7670481410415664
PROD::PRO_001709||SUP::SUP_0122,PROD::PRO_001714||SUP::SUP_0122,0.9988971428179829
PROD::PRO_001709||SUP::SUP_0122,PROD::PRO_001710||SUP::SUP_0122,0.9830657475797151
PROD::PRO_001709||SUP::SUP_0122,PROD::PRO_001712||SUP::SUP_0122,0.6144984128812393
PROD::PRO_001709||SUP::SUP_0122,PROD::PRO_004189||SUP::SUP_0279,0.4603738726521879
PROD::PRO_004025||SUP::SUP_0266,PROD::PRO_004094||SUP::SUP_0266,0.995945055505502
PROD::PRO_004025||SUP::SUP_0266,PROD::PRO_004001||SUP::SUP_0266,0.7509142617655504
PROD::PRO_004025||SUP::SUP_0266,PROD::PRO_004005||SUP::SUP_0266,0.7106695127758288
PROD::PRO_004025||SUP::SUP_0266,PROD::PRO_004061||SUP::SUP_0266,0.6826630343787538
PROD::PRO_004025||SUP::SUP_0266,PROD::PRO_003990||SUP::SUP_0266,0.6695949331274861
PROD::PRO_004025||SUP::SUP_0266,PROD::PRO_004000||SUP::SUP_0266,0.6407902081610752
PROD::PRO_004025||SUP::SUP_0266,PROD::PRO_004002||SUP::SUP_0266,0.6253585497773307
PROD::PRO_004025||SUP::SUP_0266,PROD::PRO_004004||SUP::SUP_0266,0.6160705891343107
PROD::PRO_004025||SUP::SUP_0266,PROD::PRO_004055||SUP::SUP_0266,0.40887362691491114
PROD::PRO_004018||SUP::SUP_0266,PROD::PRO_003996||SUP::SUP_0266,0.9933714232271303
PROD::PRO_004018||SUP::SUP_0266,PROD::PRO_003997||SUP::SUP_0266,0.918815035052351
PROD::PRO_004018||SUP::SUP_0266,PROD::PRO_004617||SUP::SUP_0298,0.8659753280188731
PROD::PRO_004018||SUP::SUP_0266,PROD::PRO_003994||SUP::SUP_0266,0.7414278574588972
PROD::PRO_004018||SUP::SUP_0266,PROD::PRO_003995||SUP::SUP_0266,0.6185575653619171
PROD::PRO_004018||SUP::SUP_0266,PROD::PRO_004082||SUP::SUP_0266,0.5792122310593665
PROD::PRO_004018||SUP::SUP_0266,PROD::PRO_004118||SUP::SUP_0266,0.5693557078828771
PROD::PRO_004018||SUP::SUP_0266,PROD::PRO_004533||SUP::SUP_0298,0.5560456310190027
PROD::PRO_004018||SUP::SUP_0266,PROD::PRO_001824||SUP::SUP_0133,0.4833644957016411
PROD::PRO_005728||SUP::SUP_0353,PROD::PRO_004056||SUP::SUP_0266,0.7789809053828322
PROD::PRO_005728||SUP::SUP_0353,PROD::PRO_004055||SUP::SUP_0266,0.6354553022117706
PROD::PRO_005728||SUP::SUP_0353,PROD::PRO_004058||SUP::SUP_0266,0.6111470092354654
PROD::PRO_005728||SUP::SUP_0353,PROD::PRO_004067||SUP::SUP_0266,0.5994525940216667
PROD::PRO_005728||SUP::SUP_0353,PROD::PRO_004039||SUP::SUP_0266,0.45479827115792415
PROD::PRO_005728||SUP::SUP_0353,PROD::PRO_004057||SUP::SUP_0266,0.45067639617015365
PROD::PRO_005728||SUP::SUP_0353,PROD::PRO_004066||SUP::SUP_0266,0.39022544585843266
PROD::PRO_004715||SUP::SUP_0298,PROD::PRO_004718||SUP::SUP_0298,0.9974972664466562
PROD::PRO_004715||SUP::SUP_0298,PROD::PRO_004714||SUP::SUP_0298,0.9401196385494407
PROD::PRO_004715||SUP::SUP_0298,PROD::PRO_004717||SUP::SUP_0298,0.916807024130405
PROD::PRO_004715||SUP::SUP_0298,PROD::PRO_004716||SUP::SUP_0298,0.8596260455115475
PROD::PRO_004715||SUP::SUP_0298,PROD::PRO_004622||SUP::SUP_0298,0.47694652628075973
PROD::PRO_004715||SUP::SUP_0298,PROD::PRO_000720||SUP::SUP_0048,0.3416585545829385
PROD::PRO_004715||SUP::SUP_0298,PROD::PRO_000719||SUP::SUP_0048,0.3233248275388396
PROD::PRO_004718||SUP::SUP_0298,PROD::PRO_004714||SUP::SUP_0298,0.9529892510290553
PROD::PRO_004718||SUP::SUP_0298,PROD::PRO_004717||SUP::SUP_0298,0.9376389314852902
PROD::PRO_004718||SUP::SUP_0298,PROD::PRO_004716||SUP::SUP_0298,0.8673656860504454
PROD::PRO_004718||SUP::SUP_0298,PROD::PRO_004622||SUP::SUP_0298,0.5121792411407404
PROD::PRO_004718||SUP::SUP_0298,PROD::PRO_000720||SUP::SUP_0048,0.36448815954316083
PROD::PRO_004718||SUP::SUP_0298,PROD::PRO_000719||SUP::SUP_0048,0.3406198524652212
PROD::PRO_003003||SUP::SUP_0166,PROD::PRO_000787||SUP::SUP_0072,0.9983440910449054
PROD::PRO_003003||SUP::SUP_0166,PROD::PRO_003008||SUP::SUP_0166,0.9983440910449054
PROD::PRO_003003||SUP::SUP_0166,PROD::PRO_000021||SUP::SUP_0004,0.9136301313671755
PROD::PRO_003003||SUP::SUP_0166,PROD::PRO_001323||SUP::SUP_0104,0.8550008829398019
PROD::PRO_003003||SUP::SUP_0166,PROD::PRO_002985||SUP::SUP_0166,0.7860752002788368
PROD::PRO_003003||SUP::SUP_0166,PROD::PRO_004622||SUP::SUP_0298,0.5452255224886835
PROD::PRO_003003||SUP::SUP_0166,PROD::PRO_004716||SUP::SUP_0298,0.41251991036532354
PROD::PRO_003003||SUP::SUP_0166,PROD::PRO_000720||SUP::SUP_0048,0.36476313641625047
PROD::PRO_003003||SUP::SUP_0166,PROD::PRO_000022||SUP::SUP_0004,0.9999999999999999
PROD::PRO_003008||SUP::SUP_0166,PROD::PRO_000787||SUP::SUP_0072,1.0
PROD::PRO_003008||SUP::SUP_0166,PROD::PRO_000022||SUP::SUP_0004,0.9983440910449054
PROD::PRO_003008||SUP::SUP_0166,PROD::PRO_000021||SUP::SUP_0004,0.9273246194858835
PROD::PRO_003008||SUP::SUP_0166,PROD::PRO_001323||SUP::SUP_0104,0.8544191945055343
PROD::PRO_003008||SUP::SUP_0166,PROD::PRO_002985||SUP::SUP_0166,0.8055484800500757
PROD::PRO_003008||SUP::SUP_0166,PROD::PRO_004622||SUP::SUP_0298,0.5497610535129926
PROD::PRO_003008||SUP::SUP_0166,PROD::PRO_004716||SUP::SUP_0298,0.4077878699246785
PROD::PRO_003008||SUP::SUP_0166,PROD::PRO_000720||SUP::SUP_0048,0.3473414903748353
PROD::PRO_001743||SUP::SUP_0127,PROD::PRO_001746||SUP::SUP_0127,0.9967642107144536
PROD::PRO_001743||SUP::SUP_0127,PROD::PRO_001744||SUP::SUP_0127,0.9333826506314784
PROD::PRO_001743||SUP::SUP_0127,PROD::PRO_001748||SUP::SUP_0127,0.815165189883052
PROD::PRO_001743||SUP::SUP_0127,PROD::PRO_004540||SUP::SUP_0298,0.8004116190811494
PROD::PRO_001743||SUP::SUP_0127,PROD::PRO_001742||SUP::SUP_0127,0.735683444043601
PROD::PRO_001743||SUP::SUP_0127,PROD::PRO_000720||SUP::SUP_0048,0.7217191300531074
PROD::PRO_001743||SUP::SUP_0127,PROD::PRO_000719||SUP::SUP_0048,0.7180588697578494
PROD::PRO_001743||SUP::SUP_0127,PROD::PRO_001774||SUP::SUP_0127,0.7094905347231169
PROD::PRO_004608||SUP::SUP_0298,PROD::PRO_001198||SUP::SUP_0085,0.4715097898168944
PROD::PRO_004608||SUP::SUP_0298,PROD::PRO_003830||SUP::SUP_0247,0.44475885967695694
PROD::PRO_004608||SUP::SUP_0298,PROD::PRO_003829||SUP::SUP_0247,0.44456327024069087
PROD::PRO_004608||SUP::SUP_0298,PROD::PRO_003895||SUP::SUP_0252,0.40306425791104417
PROD::PRO_004608||SUP::SUP_0298,PROD::PRO_000061||SUP::SUP_0024,0.3751124373122462
PROD::PRO_004608||SUP::SUP_0298,PROD::PRO_005731||SUP::SUP_0353,0.3719499136097746
PROD::PRO_004717||SUP::SUP_0298,PROD::PRO_004714||SUP::SUP_0298,0.9927508978162266
PROD::PRO_004717||SUP::SUP_0298,PROD::PRO_004716||SUP::SUP_0298,0.9246554678815531
PROD::PRO_004717||SUP::SUP_0298,PROD::PRO_004622||SUP::SUP_0298,0.7327437442211651
PROD::PRO_004717||SUP::SUP_0298,PROD::PRO_000068||SUP::SUP_0026,0.5446882022259987
PROD::PRO_004717||SUP::SUP_0298,PROD::PRO_000067||SUP::SUP_0026,0.5446882022259987
PROD::PRO_004714||SUP::SUP_0298,PROD::PRO_004716||SUP::SUP_0298,0.9425124332527522
PROD::PRO_004714||SUP::SUP_0298,PROD::PRO_004622||SUP::SUP_0298,0.7057337733093739
PROD::PRO_004714||SUP::SUP_0298,PROD::PRO_000067||SUP::SUP_0026,0.5038124222207605
PROD::PRO_004714||SUP::SUP_0298,PROD::PRO_000068||SUP::SUP_0026,0.5038124222207605
PROD::PRO_004023||SUP::SUP_0266,PROD::PRO_004092||SUP::SUP_0266,0.9868064713358825
PROD::PRO_004023||SUP::SUP_0266,PROD::PRO_004030||SUP::SUP_0266,0.9256113629115946
PROD::PRO_004023||SUP::SUP_0266,PROD::PRO_004104||SUP::SUP_0266,0.911189202181516
PROD::PRO_004023||SUP::SUP_0266,PROD::PRO_004661||SUP::SUP_0298,0.9052290558458129
PROD::PRO_004023||SUP::SUP_0266,PROD::PRO_004048||SUP::SUP_0266,0.8743982012439339
PROD::PRO_004023||SUP::SUP_0266,PROD::PRO_004021||SUP::SUP_0266,0.8383363078728777
PROD::PRO_004023||SUP::SUP_0266,PROD::PRO_004097||SUP::SUP_0266,0.7660678747960199
PROD::PRO_004023||SUP::SUP_0266,PROD::PRO_004031||SUP::SUP_0266,0.667241990658344
PROD::PRO_004023||SUP::SUP_0266,PROD::PRO_004026||SUP::SUP_0266,0.6269644042797707
PROD::PRO_004023||SUP::SUP_0266,PROD::PRO_004118||SUP::SUP_0266,0.6173635010910117
PROD::PRO_004023||SUP::SUP_0266,PROD::PRO_004049||SUP::SUP_0266,0.5781597060660404
PROD::PRO_004023||SUP::SUP_0266,PROD::PRO_004548||SUP::SUP_0298,0.5690912258739949
PROD::PRO_004016||SUP::SUP_0266,PROD::PRO_004024||SUP::SUP_0266,0.9649241897921974
PROD::PRO_004016||SUP::SUP_0266,PROD::PRO_004631||SUP::SUP_0298,0.886623030991114
PROD::PRO_004016||SUP::SUP_0266,PROD::PRO_004535||SUP::SUP_0298,0.8714925894867213
PROD::PRO_004016||SUP::SUP_0266,PROD::PRO_000655||SUP::SUP_0038,0.8621531711308174
PROD::PRO_004016||SUP::SUP_0266,PROD::PRO_004093||SUP::SUP_0266,0.8294204194691659
PROD::PRO_004016||SUP::SUP_0266,PROD::PRO_003989||SUP::SUP_0266,0.8037450431389861
PROD::PRO_004016||SUP::SUP_0266,PROD::PRO_004091||SUP::SUP_0266,0.6662661057107682
PROD::PRO_004016||SUP::SUP_0266,PROD::PRO_004036||SUP::SUP_0266,0.40188309547774215
PROD::PRO_004016||SUP::SUP_0266,PROD::PRO_004061||SUP::SUP_0266,0.39192348657098686
PROD::PRO_004016||SUP::SUP_0266,PROD::PRO_004001||SUP::SUP_0266,0.39061827648272474
PROD::PRO_004031||SUP::SUP_0266,PROD::PRO_004118||SUP::SUP_0266,0.9267907700248643
PROD::PRO_004031||SUP::SUP_0266,PROD::PRO_004106||SUP::SUP_0266,0.865499909015118
PROD::PRO_004031||SUP::SUP_0266,PROD::PRO_004107||SUP::SUP_0266,0.8046412848343981
PROD::PRO_004031||SUP::SUP_0266,PROD::PRO_004087||SUP::SUP_0266,0.6947722540503252
PROD::PRO_004031||SUP::SUP_0266,PROD::PRO_004048||SUP::SUP_0266,0.6852710809946267
PROD::PRO_004031||SUP::SUP_0266,PROD::PRO_004060||SUP::SUP_0266,0.6820133179370772
PROD::PRO_004031||SUP::SUP_0266,PROD::PRO_004073||SUP::SUP_0266,0.6728901468767386
PROD::PRO_004031||SUP::SUP_0266,PROD::PRO_004037||SUP::SUP_0266,0.6647233513949962
PROD::PRO_004031||SUP::SUP_0266,PROD::PRO_004092||SUP::SUP_0266,0.6643748983850761
PROD::PRO_004031||SUP::SUP_0266,PROD::PRO_004024||SUP::SUP_0266,0.3118652678225391
PROD::PRO_004031||SUP::SUP_0266,PROD::PRO_004105||SUP::SUP_0266,0.6578415780242773
PROD::PRO_004021||SUP::SUP_0266,PROD::PRO_004048||SUP::SUP_0266,0.9820232644243325
PROD::PRO_004021||SUP::SUP_0266,PROD::PRO_004104||SUP::SUP_0266,0.9808647946262187
PROD::PRO_004021||SUP::SUP_0266,PROD::PRO_004030||SUP::SUP_0266,0.9676703792081349
PROD::PRO_004021||SUP::SUP_0266,PROD::PRO_004087||SUP::SUP_0266,0.8714600179851127
PROD::PRO_004021||SUP::SUP_0266,PROD::PRO_004092||SUP::SUP_0266,0.8638521690915792
PROD::PRO_004021||SUP::SUP_0266,PROD::PRO_004049||SUP::SUP_0266,0.7477069950115366
PROD::PRO_004021||SUP::SUP_0266,PROD::PRO_004060||SUP::SUP_0266,0.6958451065391983
PROD::PRO_004021||SUP::SUP_0266,PROD::PRO_004037||SUP::SUP_0266,0.6906607854670102
PROD::PRO_004021||SUP::SUP_0266,PROD::PRO_004661||SUP::SUP_0298,0.6810924355739811
PROD::PRO_004021||SUP::SUP_0266,PROD::PRO_004097||SUP::SUP_0266,0.6744531541643531
PROD::PRO_004024||SUP::SUP_0266,PROD::PRO_004631||SUP::SUP_0298,0.9526502117850764
PROD::PRO_004024||SUP::SUP_0266,PROD::PRO_004535||SUP::SUP_0298,0.9226280107746019
PROD::PRO_004024||SUP::SUP_0266,PROD::PRO_000655||SUP::SUP_0038,0.9102518376467527
PROD::PRO_004024||SUP::SUP_0266,PROD::PRO_004093||SUP::SUP_0266,0.7723638742611907
PROD::PRO_004024||SUP::SUP_0266,PROD::PRO_003989||SUP::SUP_0266,0.7203690726638713
PROD::PRO_004024||SUP::SUP_0266,PROD::PRO_004091||SUP::SUP_0266,0.5920546962842005
PROD::PRO_004024||SUP::SUP_0266,PROD::PRO_004118||SUP::SUP_0266,0.3011577040536253
PROD::PRO_004024||SUP::SUP_0266,PROD::PRO_004099||SUP::SUP_0266,0.29717203201687525
PROD::PRO_004029||SUP::SUP_0266,PROD::PRO_004103||SUP::SUP_0266,0.9988814846640174
PROD::PRO_004029||SUP::SUP_0266,PROD::PRO_004079||SUP::SUP_0266,0.85336928042532
PROD::PRO_004029||SUP::SUP_0266,PROD::PRO_004602||SUP::SUP_0298,0.757296467500596
PROD::PRO_004029||SUP::SUP_0266,PROD::PRO_004673||SUP::SUP_0298,0.7512114010382887
PROD::PRO_004029||SUP::SUP_0266,PROD::PRO_004126||SUP::SUP_0266,0.7507979198186158
PROD::PRO_004029||SUP::SUP_0266,PROD::PRO_004125||SUP::SUP_0266,0.7310194234736533
PROD::PRO_004029||SUP::SUP_0266,PROD::PRO_000036||SUP::SUP_0012,0.708417709065057
PROD::PRO_004029||SUP::SUP_0266,PROD::PRO_004650||SUP::SUP_0298,0.5656037093276919
PROD::PRO_004029||SUP::SUP_0266,PROD::PRO_004057||SUP::SUP_0266,0.49478047811779846
PROD::PRO_004029||SUP::SUP_0266,PROD::PRO_000035||SUP::SUP_0012,0.3708546441805991
PROD::PRO_004020||SUP::SUP_0266,PROD::PRO_004014||SUP::SUP_0266,0.9883510739425928
PROD::PRO_004020||SUP::SUP_0266,PROD::PRO_004098||SUP::SUP_0266,0.7604768661576462
PROD::PRO_004020||SUP::SUP_0266,PROD::PRO_004027||SUP::SUP_0266,0.7345204360795345
PROD::PRO_004020||SUP::SUP_0266,PROD::PRO_004009||SUP::SUP_0266,0.7080980947924611
PROD::PRO_004020||SUP::SUP_0266,PROD::PRO_004089||SUP::SUP_0266,0.6955369721847987
PROD::PRO_004020||SUP::SUP_0266,PROD::PRO_004081||SUP::SUP_0266,0.6943597406671559
PROD::PRO_004020||SUP::SUP_0266,PROD::PRO_004596||SUP::SUP_0298,0.6749308582540537
PROD::PRO_004020||SUP::SUP_0266,PROD::PRO_004113||SUP::SUP_0266,0.6670957493931372
PROD::PRO_004020||SUP::SUP_0266,PROD::PRO_004043||SUP::SUP_0266,0.6524971513598475
PROD::PRO_004020||SUP::SUP_0266,PROD::PRO_004037||SUP::SUP_0266,0.6488517788158336
PROD::PRO_004020||SUP::SUP_0266,PROD::PRO_004044||SUP::SUP_0266,0.3329895424423913
PROD::PRO_004020||SUP::SUP_0266,PROD::PRO_004665||SUP::SUP_0298,0.4586397287958368
PROD::PRO_004020||SUP::SUP_0266,PROD::PRO_004598||SUP::SUP_0298,0.46849965694725926
PROD::PRO_004030||SUP::SUP_0266,PROD::PRO_004104||SUP::SUP_0266,0.9952163719534768
PROD::PRO_004030||SUP::SUP_0266,PROD::PRO_004048||SUP::SUP_0266,0.9665390543746822
PROD::PRO_004030||SUP::SUP_0266,PROD::PRO_004092||SUP::SUP_0266,0.9431470752026294
PROD::PRO_004030||SUP::SUP_0266,PROD::PRO_004661||SUP::SUP_0298,0.8058146461290241
PROD::PRO_004030||SUP::SUP_0266,PROD::PRO_004087||SUP::SUP_0266,0.7666289157529985
PROD::PRO_004030||SUP::SUP_0266,PROD::PRO_004097||SUP::SUP_0266,0.7572074747972084
PROD::PRO_004030||SUP::SUP_0266,PROD::PRO_004049||SUP::SUP_0266,0.6780406681396576
PROD::PRO_004030||SUP::SUP_0266,PROD::PRO_004037||SUP::SUP_0266,0.6675714805208526
PROD::PRO_004030||SUP::SUP_0266,PROD::PRO_004026||SUP::SUP_0266,0.6240425973161452
PROD::PRO_004028||SUP::SUP_0266,PROD::PRO_004102||SUP::SUP_0266,0.9986067601497041
PROD::PRO_004028||SUP::SUP_0266,PROD::PRO_004671||SUP::SUP_0298,0.8662624842909173
PROD::PRO_004028||SUP::SUP_0266,PROD::PRO_004600||SUP::SUP_0298,0.8656479751830036
PROD::PRO_004028||SUP::SUP_0266,PROD::PRO_004077||SUP::SUP_0266,0.8510727476110178
PROD::PRO_004028||SUP::SUP_0266,PROD::PRO_004091||SUP::SUP_0266,0.5752233120373074
PROD::PRO_004028||SUP::SUP_0266,PROD::PRO_000069||SUP::SUP_0026,0.5514557771906811
PROD::PRO_004028||SUP::SUP_0266,PROD::PRO_000034||SUP::SUP_0012,0.4323086918196557
PROD::PRO_004028||SUP::SUP_0266,PROD::PRO_004001||SUP::SUP_0266,0.4133087872680459
PROD::PRO_004624||SUP::SUP_0298,PROD::PRO_004669||SUP::SUP_0298,0.7730738443505099
PROD::PRO_004624||SUP::SUP_0298,PROD::PRO_004654||SUP::SUP_0298,0.6919415658030562
PROD::PRO_004624||SUP::SUP_0298,PROD::PRO_004575||SUP::SUP_0298,0.6565964566176193
PROD::PRO_004624||SUP::SUP_0298,PROD::PRO_004641||SUP::SUP_0298,0.6215604618648651
PROD::PRO_004624||SUP::SUP_0298,PROD::PRO_000066||SUP::SUP_0026,0.6213167234917789
PROD::PRO_004624||SUP::SUP_0298,PROD::PRO_000050||SUP::SUP_0019,0.5907718594775682
PROD::PRO_004654||SUP::SUP_0298,PROD::PRO_004641||SUP::SUP_0298,0.8192096183304975
PROD::PRO_004654||SUP::SUP_0298,PROD::PRO_004576||SUP::SUP_0298,0.5597912995618678
PROD::PRO_004654||SUP::SUP_0298,PROD::PRO_004643||SUP::SUP_0298,0.5394065381019794
PROD::PRO_004654||SUP::SUP_0298,PROD::PRO_004712||SUP::SUP_0298,0.5339648707148414
PROD::PRO_004654||SUP::SUP_0298,PROD::PRO_004573||SUP::SUP_0298,0.5266198350541951
PROD::PRO_004654||SUP::SUP_0298,PROD::PRO_000066||SUP::SUP_0026,0.5152915779228203
PROD::PRO_004654||SUP::SUP_0298,PROD::PRO_004669||SUP::SUP_0298,0.5093417035187924
PROD::PRO_004641||SUP::SUP_0298,PROD::PRO_000066||SUP::SUP_0026,0.6394641761738807
PROD::PRO_004641||SUP::SUP_0298,PROD::PRO_000073||SUP::SUP_0027,0.5481201468112269
PROD::PRO_004641||SUP::SUP_0298,PROD::PRO_001315||SUP::SUP_0100,0.5112594377427208
PROD::PRO_004641||SUP::SUP_0298,PROD::PRO_000081||SUP::SUP_0030,0.4906909344686803
PROD::PRO_004641||SUP::SUP_0298,PROD::PRO_000080||SUP::SUP_0030,0.48023764760958887
PROD::PRO_004641||SUP::SUP_0298,PROD::PRO_000082||SUP::SUP_0030,0.4749065435475841
PROD::PRO_004667||SUP::SUP_0298,PROD::PRO_005731||SUP::SUP_0353,0.8784850071028825
PROD::PRO_004667||SUP::SUP_0298,PROD::PRO_004042||SUP::SUP_0266,0.8649695225972027
PROD::PRO_004667||SUP::SUP_0298,PROD::PRO_005724||SUP::SUP_0353,0.8311630141670818
PROD::PRO_004667||SUP::SUP_0298,PROD::PRO_001090||SUP::SUP_0078,0.7054110545871345
PROD::PRO_004667||SUP::SUP_0298,PROD::PRO_000057||SUP::SUP_0022,0.6712134060570476
PROD::PRO_004667||SUP::SUP_0298,PROD::PRO_002860||SUP::SUP_0160,0.652106936640977
PROD::PRO_004667||SUP::SUP_0298,PROD::PRO_003993||SUP::SUP_0266,0.6306944720548727
PROD::PRO_004667||SUP::SUP_0298,PROD::PRO_000049||SUP::SUP_0019,0.4890911427633142
PROD::PRO_004667||SUP::SUP_0298,PROD::PRO_000066||SUP::SUP_0026,0.4994506707880928
PROD::PRO_004716||SUP::SUP_0298,PROD::PRO_004622||SUP::SUP_0298,0.7620529125837627
PROD::PRO_004716||SUP::SUP_0298,PROD::PRO_000022||SUP::SUP_0004,0.41251991036532354
PROD::PRO_004716||SUP::SUP_0298,PROD::PRO_000787||SUP::SUP_0072,0.4077878699246785
PROD::PRO_004540||SUP::SUP_0298,PROD::PRO_001744||SUP::SUP_0127,0.866421911172897
PROD::PRO_004540||SUP::SUP_0298,PROD::PRO_001748||SUP::SUP_0127,0.819785329719899
PROD::PRO_004540||SUP::SUP_0298,PROD::PRO_001746||SUP::SUP_0127,0.8079514122613476
PROD::PRO_004540||SUP::SUP_0298,PROD::PRO_001774||SUP::SUP_0127,0.6944911426308709
PROD::PRO_004540||SUP::SUP_0298,PROD::PRO_004622||SUP::SUP_0298,0.6666195135590699
PROD::PRO_004540||SUP::SUP_0298,PROD::PRO_001742||SUP::SUP_0127,0.6282613977759489
PROD::PRO_004540||SUP::SUP_0298,PROD::PRO_000720||SUP::SUP_0048,0.5901660721247319
PROD::PRO_004540||SUP::SUP_0298,PROD::PRO_000719||SUP::SUP_0048,0.5847652639260605
PROD::PRO_002985||SUP::SUP_0166,PROD::PRO_000021||SUP::SUP_0004,0.9494929301014333
PROD::PRO_002985||SUP::SUP_0166,PROD::PRO_001323||SUP::SUP_0104,0.8609973940391774
PROD::PRO_002985||SUP::SUP_0166,PROD::PRO_000787||SUP::SUP_0072,0.8055484800500757
PROD::PRO_002985||SUP::SUP_0166,PROD::PRO_000022||SUP::SUP_0004,0.7860752002788368
PROD::PRO_002985||SUP::SUP_0166,PROD::PRO_004622||SUP::SUP_0298,0.7385405390303489
PROD::PRO_002985||SUP::SUP_0166,PROD::PRO_001742||SUP::SUP_0127,0.6706436908241882
PROD::PRO_002985||SUP::SUP_0166,PROD::PRO_005201||SUP::SUP_0319,0.6292100725198947
PROD::PRO_002965||SUP::SUP_0166,PROD::PRO_000017||SUP::SUP_0003,0.7118718574938938
PROD::PRO_002965||SUP::SUP_0166,PROD::PRO_000019||SUP::SUP_0003,0.6752440529887529
PROD::PRO_002965||SUP::SUP_0166,PROD::PRO_000015||SUP::SUP_0003,0.6582408088973244
PROD::PRO_002965||SUP::SUP_0166,PROD::PRO_001762||SUP::SUP_0127,0.6364955265970945
PROD::PRO_002965||SUP::SUP_0166,PROD::PRO_000014||SUP::SUP_0003,0.6362367973058554
PROD::PRO_002965||SUP::SUP_0166,PROD::PRO_000016||SUP::SUP_0003,0.6132937459018074
PROD::PRO_002965||SUP::SUP_0166,PROD::PRO_001763||SUP::SUP_0127,0.6008416862408925
PROD::PRO_002965||SUP::SUP_0166,PROD::PRO_001764||SUP::SUP_0127,0.6008416862408925
PROD::PRO_002965||SUP::SUP_0166,PROD::PRO_002966||SUP::SUP_0166,0.5913041062732327
PROD::PRO_002965||SUP::SUP_0166,PROD::PRO_004702||SUP::SUP_0298,0.5388622931178124
PROD::PRO_002965||SUP::SUP_0166,PROD::PRO_004675||SUP::SUP_0298,0.28450519877719493
PROD::PRO_002965||SUP::SUP_0166,PROD::PRO_005201||SUP::SUP_0319,0.5350178064087286
PROD::PRO_002966||SUP::SUP_0166,PROD::PRO_004706||SUP::SUP_0298,0.9163868723723805
PROD::PRO_002966||SUP::SUP_0166,PROD::PRO_001766||SUP::SUP_0127,0.8456966062395127
PROD::PRO_002966||SUP::SUP_0166,PROD::PRO_004702||SUP::SUP_0298,0.8109146300992166
PROD::PRO_002966||SUP::SUP_0166,PROD::PRO_001762||SUP::SUP_0127,0.7648004286246759
PROD::PRO_002966||SUP::SUP_0166,PROD::PRO_000040||SUP::SUP_0014,0.7540651206552412
PROD::PRO_002966||SUP::SUP_0166,PROD::PRO_001763||SUP::SUP_0127,0.6957086157514573
PROD::PRO_002966||SUP::SUP_0166,PROD::PRO_001764||SUP::SUP_0127,0.6957086157514573
PROD::PRO_002966||SUP::SUP_0166,PROD::PRO_005201||SUP::SUP_0319,0.6750015406100749
PROD::PRO_002966||SUP::SUP_0166,PROD::PRO_000073||SUP::SUP_0027,0.5564992895696533
PROD::PRO_002966||SUP::SUP_0166,PROD::PRO_000054||SUP::SUP_0020,0.4181263571472761
PROD::PRO_002966||SUP::SUP_0166,PROD::PRO_000074||SUP::SUP_0027,0.5433559369036061
PROD::PRO_004009||SUP::SUP_0266,PROD::PRO_004113||SUP::SUP_0266,0.9640682458945885
PROD::PRO_004009||SUP::SUP_0266,PROD::PRO_004089||SUP::SUP_0266,0.8608331402194385
PROD::PRO_004009||SUP::SUP_0266,PROD::PRO_004014||SUP::SUP_0266,0.739812334894935
PROD::PRO_004009||SUP::SUP_0266,PROD::PRO_004065||SUP::SUP_0266,0.7247222640253259
PROD::PRO_004009||SUP::SUP_0266,PROD::PRO_004000||SUP::SUP_0266,0.6772270475182264
PROD::PRO_004009||SUP::SUP_0266,PROD::PRO_004037||SUP::SUP_0266,0.6721698124264179
PROD::PRO_004009||SUP::SUP_0266,PROD::PRO_004001||SUP::SUP_0266,0.6571489079585017
PROD::PRO_004009||SUP::SUP_0266,PROD::PRO_004011||SUP::SUP_0266,0.6395489857719919
PROD::PRO_004009||SUP::SUP_0266,PROD::PRO_004074||SUP::SUP_0266,0.6369656773786291
PROD::PRO_004009||SUP::SUP_0266,PROD::PRO_004033||SUP::SUP_0266,0.6215803980050947
PROD::PRO_004009||SUP::SUP_0266,PROD::PRO_004027||SUP::SUP_0266,0.5321306185079869
PROD::PRO_004009||SUP::SUP_0266,PROD::PRO_004098||SUP::SUP_0266,0.6179220402970454
PROD::PRO_004009||SUP::SUP_0266,PROD::PRO_004596||SUP::SUP_0298,0.5805231617833188
PROD::PRO_004009||SUP::SUP_0266,PROD::PRO_004688||SUP::SUP_0298,0.5843001429321858
PROD::PRO_004092||SUP::SUP_0266,PROD::PRO_004104||SUP::SUP_0266,0.9327601933776929
PROD::PRO_004092||SUP::SUP_0266,PROD::PRO_004661||SUP::SUP_0298,0.8834392553636459
PROD::PRO_004092||SUP::SUP_0266,PROD::PRO_004048||SUP::SUP_0266,0.8826947663127636
PROD::PRO_004092||SUP::SUP_0266,PROD::PRO_004097||SUP::SUP_0266,0.7105056999938193
PROD::PRO_004092||SUP::SUP_0266,PROD::PRO_004087||SUP::SUP_0266,0.6554514772774368
PROD::PRO_004092||SUP::SUP_0266,PROD::PRO_004118||SUP::SUP_0266,0.6132314854613203
PROD::PRO_004010||SUP::SUP_0266,PROD::PRO_004034||SUP::SUP_0266,0.9797804887518972
PROD::PRO_004010||SUP::SUP_0266,PROD::PRO_004116||SUP::SUP_0266,0.9490849160121905
PROD::PRO_004010||SUP::SUP_0266,PROD::PRO_004032||SUP::SUP_0266,0.9391708287225955
PROD::PRO_004010||SUP::SUP_0266,PROD::PRO_004117||SUP::SUP_0266,0.9264449788920589
PROD::PRO_004010||SUP::SUP_0266,PROD::PRO_004128||SUP::SUP_0266,0.9223692852252502
PROD::PRO_004010||SUP::SUP_0266,PROD::PRO_004095||SUP::SUP_0266,0.9174253651862109
PROD::PRO_004010||SUP::SUP_0266,PROD::PRO_004078||SUP::SUP_0266,0.9142364454576835
PROD::PRO_004010||SUP::SUP_0266,PROD::PRO_004013||SUP::SUP_0266,0.9137406107253127
PROD::PRO_004010||SUP::SUP_0266,PROD::PRO_004052||SUP::SUP_0266,0.892924563012255
PROD::PRO_004010||SUP::SUP_0266,PROD::PRO_004096||SUP::SUP_0266,0.891424276831238
PROD::PRO_004010||SUP::SUP_0266,PROD::PRO_003987||SUP::SUP_0266,0.8858941465511013
PROD::PRO_004010||SUP::SUP_0266,PROD::PRO_004111||SUP::SUP_0266,0.8502076287472626
PROD::PRO_004010||SUP::SUP_0266,PROD::PRO_003986||SUP::SUP_0266,0.8459123724843229
PROD::PRO_004010||SUP::SUP_0266,PROD::PRO_004012||SUP::SUP_0266,0.7998312235863381
PROD::PRO_003985||SUP::SUP_0266,PROD::PRO_004072||SUP::SUP_0266,0.9595831210845445
PROD::PRO_003985||SUP::SUP_0266,PROD::PRO_004085||SUP::SUP_0266,0.9382385935766003
PROD::PRO_003985||SUP::SUP_0266,PROD::PRO_004084||SUP::SUP_0266,0.8180812162348332
PROD::PRO_003985||SUP::SUP_0266,PROD::PRO_004068||SUP::SUP_0266,0.7850187419209824
PROD::PRO_003985||SUP::SUP_0266,PROD::PRO_004075||SUP::SUP_0266,0.7427758819505332
PROD::PRO_003985||SUP::SUP_0266,PROD::PRO_004001||SUP::SUP_0266,0.7125127215888105
PROD::PRO_003985||SUP::SUP_0266,PROD::PRO_004082||SUP::SUP_0266,0.7109587005930861
PROD::PRO_003985||SUP::SUP_0266,PROD::PRO_004041||SUP::SUP_0266,0.709695976056129
PROD::PRO_003985||SUP::SUP_0266,PROD::PRO_004000||SUP::SUP_0266,0.6996098455468714
PROD::PRO_003985||SUP::SUP_0266,PROD::PRO_004050||SUP::SUP_0266,0.3683904326377372
PROD::PRO_003985||SUP::SUP_0266,PROD::PRO_004046||SUP::SUP_0266,0.6986948627341749
PROD::PRO_003985||SUP::SUP_0266,PROD::PRO_004086||SUP::SUP_0266,0.6954025813363031
PROD::PRO_003989||SUP::SUP_0266,PROD::PRO_004093||SUP::SUP_0266,0.9876666587203088
PROD::PRO_003989||SUP::SUP_0266,PROD::PRO_004091||SUP::SUP_0266,0.778980743202999
PROD::PRO_003989||SUP::SUP_0266,PROD::PRO_004002||SUP::SUP_0266,0.7696029323371834
PROD::PRO_003989||SUP::SUP_0266,PROD::PRO_004001||SUP::SUP_0266,0.7661814875449566
PROD::PRO_003989||SUP::SUP_0266,PROD::PRO_004004||SUP::SUP_0266,0.742116874818304
PROD::PRO_003989||SUP::SUP_0266,PROD::PRO_004036||SUP::SUP_0266,0.734243883536323
PROD::PRO_003989||SUP::SUP_0266,PROD::PRO_004084||SUP::SUP_0266,0.7337457300493296
PROD::PRO_003989||SUP::SUP_0266,PROD::PRO_004000||SUP::SUP_0266,0.7283093559324351
PROD::PRO_003989||SUP::SUP_0266,PROD::PRO_000655||SUP::SUP_0038,0.6083196773868439
PROD::PRO_003989||SUP::SUP_0266,PROD::PRO_004631||SUP::SUP_0298,0.5325441159349171
PROD::PRO_003989||SUP::SUP_0266,PROD::PRO_004535||SUP::SUP_0298,0.5162318668921588
PROD::PRO_004107||SUP::SUP_0266,PROD::PRO_004106||SUP::SUP_0266,0.9651208822707307
PROD::PRO_004107||SUP::SUP_0266,PROD::PRO_004105||SUP::SUP_0266,0.9225069548250272
PROD::PRO_004107||SUP::SUP_0266,PROD::PRO_004060||SUP::SUP_0266,0.8863861009924932
PROD::PRO_004107||SUP::SUP_0266,PROD::PRO_004073||SUP::SUP_0266,0.8476276262214826
PROD::PRO_004107||SUP::SUP_0266,PROD::PRO_004115||SUP::SUP_0266,0.8298350393787544
PROD::PRO_004107||SUP::SUP_0266,PROD::PRO_004087||SUP::SUP_0266,0.810021879110182
PROD::PRO_004107||SUP::SUP_0266,PROD::PRO_004118||SUP::SUP_0266,0.807817100332304
PROD::PRO_004107||SUP::SUP_0266,PROD::PRO_002861||SUP::SUP_0160,0.7727317214263855
PROD::PRO_004107||SUP::SUP_0266,PROD::PRO_004082||SUP::SUP_0266,0.7433035998937634
PROD::PRO_004107||SUP::SUP_0266,PROD::PRO_000052||SUP::SUP_0019,0.7242232529070916
PROD::PRO_004123||SUP::SUP_0266,PROD::PRO_003991||SUP::SUP_0266,0.996708494692925
PROD::PRO_004123||SUP::SUP_0266,PROD::PRO_004124||SUP::SUP_0266,0.9482506278499258
PROD::PRO_004123||SUP::SUP_0266,PROD::PRO_004088||SUP::SUP_0266,0.940968179948514
PROD::PRO_004123||SUP::SUP_0266,PROD::PRO_004101||SUP::SUP_0266,0.8409378554115078
PROD::PRO_004123||SUP::SUP_0266,PROD::PRO_004063||SUP::SUP_0266,0.6901432073421566
PROD::PRO_004123||SUP::SUP_0266,PROD::PRO_004061||SUP::SUP_0266,0.6023467368762017
PROD::PRO_004123||SUP::SUP_0266,PROD::PRO_004070||SUP::SUP_0266,0.5854886902924619
PROD::PRO_004123||SUP::SUP_0266,PROD::PRO_004068||SUP::SUP_0266,0.5528848175733603
PROD::PRO_004118||SUP::SUP_0266,PROD::PRO_004106||SUP::SUP_0266,0.8255206678583815
PROD::PRO_004118||SUP::SUP_0266,PROD::PRO_004082||SUP::SUP_0266,0.6898301046220037
PROD::PRO_004118||SUP::SUP_0266,PROD::PRO_004087||SUP::SUP_0266,0.636057597855063
PROD::PRO_004118||SUP::SUP_0266,PROD::PRO_004105||SUP::SUP_0266,0.6272486561502831
PROD::PRO_004118||SUP::SUP_0266,PROD::PRO_004060||SUP::SUP_0266,0.6111850626255815
PROD::PRO_004118||SUP::SUP_0266,PROD::PRO_003994||SUP::SUP_0266,0.6085655498450845
PROD::PRO_004118||SUP::SUP_0266,PROD::PRO_003996||SUP::SUP_0266,0.5487965970074664
PROD::PRO_004094||SUP::SUP_0266,PROD::PRO_004001||SUP::SUP_0266,0.7692452800191474
PROD::PRO_004094||SUP::SUP_0266,PROD::PRO_004005||SUP::SUP_0266,0.7216721554410674
PROD::PRO_004094||SUP::SUP_0266,PROD::PRO_004061||SUP::SUP_0266,0.7007688228625321
PROD::PRO_004094||SUP::SUP_0266,PROD::PRO_004000||SUP::SUP_0266,0.6632393479368267
PROD::PRO_004094||SUP::SUP_0266,PROD::PRO_003990||SUP::SUP_0266,0.6627223935530446
PROD::PRO_004094||SUP::SUP_0266,PROD::PRO_004002||SUP::SUP_0266,0.6333399259507936
PROD::PRO_004094||SUP::SUP_0266,PROD::PRO_004004||SUP::SUP_0266,0.6244854714494484
PROD::PRO_004094||SUP::SUP_0266,PROD::PRO_004058||SUP::SUP_0266,0.37644099985223767
PROD::PRO_004094||SUP::SUP_0266,PROD::PRO_004055||SUP::SUP_0266,0.4229391336119813
PROD::PRO_004094||SUP::SUP_0266,PROD::PRO_000081||SUP::SUP_0030,0.44721749096930485
PROD::PRO_004045||SUP::SUP_0266,PROD::PRO_004110||SUP::SUP_0266,0.9910860629847512
PROD::PRO_004045||SUP::SUP_0266,PROD::PRO_004675||SUP::SUP_0298,0.9511176880058858
PROD::PRO_004045||SUP::SUP_0266,PROD::PRO_004044||SUP::SUP_0266,0.930859753076615
PROD::PRO_004045||SUP::SUP_0266,PROD::PRO_004043||SUP::SUP_0266,0.8886534193162444
PROD::PRO_004045||SUP::SUP_0266,PROD::PRO_004551||SUP::SUP_0298,0.8590911792284572
PROD::PRO_004045||SUP::SUP_0266,PROD::PRO_004619||SUP::SUP_0298,0.7448780633164781
PROD::PRO_004045||SUP::SUP_0266,PROD::PRO_004046||SUP::SUP_0266,0.6876687871817831
PROD::PRO_004045||SUP::SUP_0266,PROD::PRO_004114||SUP::SUP_0266,0.40785462411134354
PROD::PRO_004045||SUP::SUP_0266,PROD::PRO_004054||SUP::SUP_0266,0.3839296043739927
PROD::PRO_004045||SUP::SUP_0266,PROD::PRO_004014||SUP::SUP_0266,0.37961625172329705
PROD::PRO_004042||SUP::SUP_0266,PROD::PRO_005724||SUP::SUP_0353,0.9613400441762862
PROD::PRO_004042||SUP::SUP_0266,PROD::PRO_005731||SUP::SUP_0353,0.9343281095062582
PROD::PRO_004042||SUP::SUP_0266,PROD::PRO_001090||SUP::SUP_0078,0.8554467331656896
PROD::PRO_004042||SUP::SUP_0266,PROD::PRO_002860||SUP::SUP_0160,0.8151455827649297
PROD::PRO_004042||SUP::SUP_0266,PROD::PRO_003993||SUP::SUP_0266,0.7751733132518653
PROD::PRO_004042||SUP::SUP_0266,PROD::PRO_004062||SUP::SUP_0266,0.7562030555101599
PROD::PRO_004042||SUP::SUP_0266,PROD::PRO_004011||SUP::SUP_0266,0.7486315025020281
PROD::PRO_004042||SUP::SUP_0266,PROD::PRO_003998||SUP::SUP_0266,0.6633914680259603
PROD::PRO_004042||SUP::SUP_0266,PROD::PRO_000057||SUP::SUP_0022,0.6649574264574262
PROD::PRO_004042||SUP::SUP_0266,PROD::PRO_000053||SUP::SUP_0019,0.7094817114872637
PROD::PRO_004076||SUP::SUP_0266,PROD::PRO_004649||SUP::SUP_0298,0.9533125295928766
PROD::PRO_004076||SUP::SUP_0266,PROD::PRO_000058||SUP::SUP_0022,0.9062913651841651
PROD::PRO_004076||SUP::SUP_0266,PROD::PRO_005723||SUP::SUP_0353,0.830408276047649
PROD::PRO_004076||SUP::SUP_0266,PROD::PRO_000062||SUP::SUP_0025,0.761538486119519
PROD::PRO_004076||SUP::SUP_0266,PROD::PRO_001314||SUP::SUP_0100,0.5774364950744394
PROD::PRO_004076||SUP::SUP_0266,PROD::PRO_004348||SUP::SUP_0287,0.5202440544944534
PROD::PRO_004076||SUP::SUP_0266,PROD::PRO_004656||SUP::SUP_0298,0.5115112956096302
PROD::PRO_004076||SUP::SUP_0266,PROD::PRO_000653||SUP::SUP_0038,0.4561772826755799
PROD::PRO_004115||SUP::SUP_0266,PROD::PRO_004073||SUP::SUP_0266,0.9911866642011564
PROD::PRO_004115||SUP::SUP_0266,PROD::PRO_004060||SUP::SUP_0266,0.8910109893529138
PROD::PRO_004115||SUP::SUP_0266,PROD::PRO_004106||SUP::SUP_0266,0.8749005758189994
PROD::PRO_004115||SUP::SUP_0266,PROD::PRO_004105||SUP::SUP_0266,0.7994967095928374
PROD::PRO_004115||SUP::SUP_0266,PROD::PRO_000056||SUP::SUP_0022,0.7661695116493766
PROD::PRO_004115||SUP::SUP_0266,PROD::PRO_004066||SUP::SUP_0266,0.7454017818652897
PROD::PRO_004115||SUP::SUP_0266,PROD::PRO_000052||SUP::SUP_0019,0.7103214745857933
PROD::PRO_004115||SUP::SUP_0266,PROD::PRO_004089||SUP::SUP_0266,0.6610879321109968
PROD::PRO_004115||SUP::SUP_0266,PROD::PRO_004087||SUP::SUP_0266,0.6597179352785094
PROD::PRO_004115||SUP::SUP_0266,PROD::PRO_002861||SUP::SUP_0160,0.6449188219712912
PROD::PRO_004041||SUP::SUP_0266,PROD::PRO_004068||SUP::SUP_0266,0.8505379121698481
PROD::PRO_004041||SUP::SUP_0266,PROD::PRO_004090||SUP::SUP_0266,0.8338013894088318
PROD::PRO_004041||SUP::SUP_0266,PROD::PRO_004047||SUP::SUP_0266,0.8188483836175174
PROD::PRO_004041||SUP::SUP_0266,PROD::PRO_004070||SUP::SUP_0266,0.7823776428190113
PROD::PRO_004041||SUP::SUP_0266,PROD::PRO_004101||SUP::SUP_0266,0.7726700050047517
PROD::PRO_004041||SUP::SUP_0266,PROD::PRO_004082||SUP::SUP_0266,0.769202100324492
PROD::PRO_004041||SUP::SUP_0266,PROD::PRO_004075||SUP::SUP_0266,0.7475100591448177
PROD::PRO_004041||SUP::SUP_0266,PROD::PRO_004064||SUP::SUP_0266,0.7303889023735367
PROD::PRO_004041||SUP::SUP_0266,PROD::PRO_004072||SUP::SUP_0266,0.7277656810741618
PROD::PRO_004041||SUP::SUP_0266,PROD::PRO_004085||SUP::SUP_0266,0.7147760965601125
PROD::PRO_004041||SUP::SUP_0266,PROD::PRO_004081||SUP::SUP_0266,0.6527419022314671
PROD::PRO_004041||SUP::SUP_0266,PROD::PRO_004086||SUP::SUP_0266,0.507077915408842
PROD::PRO_004041||SUP::SUP_0266,PROD::PRO_004083||SUP::SUP_0266,0.6032469872421446
PROD::PRO_004038||SUP::SUP_0266,PROD::PRO_004068||SUP::SUP_0266,0.8073887424959226
PROD::PRO_004038||SUP::SUP_0266,PROD::PRO_004066||SUP::SUP_0266,0.7669918628007154
PROD::PRO_004038||SUP::SUP_0266,PROD::PRO_004001||SUP::SUP_0266,0.753200724203678
PROD::PRO_004038||SUP::SUP_0266,PROD::PRO_004061||SUP::SUP_0266,0.734839205122736
PROD::PRO_004038||SUP::SUP_0266,PROD::PRO_004075||SUP::SUP_0266,0.7189395117096461
PROD::PRO_004038||SUP::SUP_0266,PROD::PRO_004039||SUP::SUP_0266,0.7062968622454695
PROD::PRO_004038||SUP::SUP_0266,PROD::PRO_004084||SUP::SUP_0266,0.7050642405108934
PROD::PRO_004038||SUP::SUP_0266,PROD::PRO_004002||SUP::SUP_0266,0.69949981614444
PROD::PRO_004038||SUP::SUP_0266,PROD::PRO_004070||SUP::SUP_0266,0.6921097383743369
PROD::PRO_004038||SUP::SUP_0266,PROD::PRO_004129||SUP::SUP_0266,0.5132948207586461
PROD::PRO_004038||SUP::SUP_0266,PROD::PRO_004099||SUP::SUP_0266,0.604298114920733
PROD::PRO_004084||SUP::SUP_0266,PROD::PRO_004000||SUP::SUP_0266,0.9138745142399427
PROD::PRO_004084||SUP::SUP_0266,PROD::PRO_004005||SUP::SUP_0266,0.8705569266800903
PROD::PRO_004084||SUP::SUP_0266,PROD::PRO_004001||SUP::SUP_0266,0.8698594134450663
PROD::PRO_004084||SUP::SUP_0266,PROD::PRO_004075||SUP::SUP_0266,0.8548615314111957
PROD::PRO_004084||SUP::SUP_0266,PROD::PRO_004002||SUP::SUP_0266,0.8498980111655818
PROD::PRO_004084||SUP::SUP_0266,PROD::PRO_004004||SUP::SUP_0266,0.8227070261020245
PROD::PRO_004084||SUP::SUP_0266,PROD::PRO_004068||SUP::SUP_0266,0.8165769950839508
PROD::PRO_004084||SUP::SUP_0266,PROD::PRO_004085||SUP::SUP_0266,0.6955376746826636
PROD::PRO_004084||SUP::SUP_0266,PROD::PRO_004113||SUP::SUP_0266,0.7310832955033092
PROD::PRO_004084||SUP::SUP_0266,PROD::PRO_004072||SUP::SUP_0266,0.7780967031388504
PROD::PRO_004084||SUP::SUP_0266,PROD::PRO_004060||SUP::SUP_0266,0.7668839200192387
PROD::PRO_004084||SUP::SUP_0266,PROD::PRO_004089||SUP::SUP_0266,0.7536270466269561
PROD::PRO_004084||SUP::SUP_0266,PROD::PRO_004036||SUP::SUP_0266,0.7556461834955163
PROD::PRO_004084||SUP::SUP_0266,PROD::PRO_004066||SUP::SUP_0266,0.6776988386911195
PROD::PRO_004085||SUP::SUP_0266,PROD::PRO_004072||SUP::SUP_0266,0.9474310624327928
PROD::PRO_004085||SUP::SUP_0266,PROD::PRO_004086||SUP::SUP_0266,0.8198136890290868
PROD::PRO_004085||SUP::SUP_0266,PROD::PRO_004068||SUP::SUP_0266,0.711191114617493
PROD::PRO_004085||SUP::SUP_0266,PROD::PRO_004643||SUP::SUP_0298,0.7023698152637203
PROD::PRO_004085||SUP::SUP_0266,PROD::PRO_004082||SUP::SUP_0266,0.6918020121464452
PROD::PRO_004085||SUP::SUP_0266,PROD::PRO_004712||SUP::SUP_0298,0.6806673538672672
PROD::PRO_004085||SUP::SUP_0266,PROD::PRO_004075||SUP::SUP_0266,0.6242911738610076
PROD::PRO_004033||SUP::SUP_0266,PROD::PRO_004065||SUP::SUP_0266,0.9358578916686281
PROD::PRO_004033||SUP::SUP_0266,PROD::PRO_004604||SUP::SUP_0298,0.8533721934627972
PROD::PRO_004033||SUP::SUP_0266,PROD::PRO_004059||SUP::SUP_0266,0.6869326669745377
PROD::PRO_004033||SUP::SUP_0266,PROD::PRO_004112||SUP::SUP_0266,0.6311390307786277
PROD::PRO_004033||SUP::SUP_0266,PROD::PRO_004074||SUP::SUP_0266,0.5901341244083278
PROD::PRO_004033||SUP::SUP_0266,PROD::PRO_004054||SUP::SUP_0266,0.5423987394071842
PROD::PRO_004033||SUP::SUP_0266,PROD::PRO_004113||SUP::SUP_0266,0.5389999162428294
PROD::PRO_004033||SUP::SUP_0266,PROD::PRO_004606||SUP::SUP_0298,0.5324568244585596
PROD::PRO_004033||SUP::SUP_0266,PROD::PRO_004089||SUP::SUP_0266,0.516822855277467
PROD::PRO_004049||SUP::SUP_0266,PROD::PRO_004048||SUP::SUP_0266,0.7394543774667008
PROD::PRO_004049||SUP::SUP_0266,PROD::PRO_004104||SUP::SUP_0266,0.7183725102686103
PROD::PRO_004049||SUP::SUP_0266,PROD::PRO_000052||SUP::SUP_0019,0.6730303406728121
PROD::PRO_004049||SUP::SUP_0266,PROD::PRO_004087||SUP::SUP_0266,0.6444422247718178
PROD::PRO_004049||SUP::SUP_0266,PROD::PRO_004083||SUP::SUP_0266,0.6260681449674963
PROD::PRO_004049||SUP::SUP_0266,PROD::PRO_000657||SUP::SUP_0038,0.6037609370224658
PROD::PRO_004049||SUP::SUP_0266,PROD::PRO_004553||SUP::SUP_0298,0.5744038142843501
PROD::PRO_004049||SUP::SUP_0266,PROD::PRO_004039||SUP::SUP_0266,0.5686022989001095
PROD::PRO_004049||SUP::SUP_0266,PROD::PRO_004546||SUP::SUP_0298,0.560331625019913
PROD::PRO_004048||SUP::SUP_0266,PROD::PRO_004104||SUP::SUP_0266,0.9749217092083926
PROD::PRO_004048||SUP::SUP_0266,PROD::PRO_004087||SUP::SUP_0266,0.8099003633332424
PROD::PRO_004048||SUP::SUP_0266,PROD::PRO_004037||SUP::SUP_0266,0.7410788059734849
PROD::PRO_004048||SUP::SUP_0266,PROD::PRO_004097||SUP::SUP_0266,0.7252209871548695
PROD::PRO_004048||SUP::SUP_0266,PROD::PRO_004661||SUP::SUP_0298,0.7201437362097569
PROD::PRO_004048||SUP::SUP_0266,PROD::PRO_000657||SUP::SUP_0038,0.5161204305809186
PROD::PRO_003987||SUP::SUP_0266,PROD::PRO_004013||SUP::SUP_0266,0.8987775824849846
PROD::PRO_003987||SUP::SUP_0266,PROD::PRO_004128||SUP::SUP_0266,0.8907094993040157
PROD::PRO_003987||SUP::SUP_0266,PROD::PRO_004117||SUP::SUP_0266,0.8818667278838793
PROD::PRO_003987||SUP::SUP_0266,PROD::PRO_004078||SUP::SUP_0266,0.8709058756710105
PROD::PRO_003987||SUP::SUP_0266,PROD::PRO_004034||SUP::SUP_0266,0.8692735853935695
PROD::PRO_003987||SUP::SUP_0266,PROD::PRO_004095||SUP::SUP_0266,0.8598963275517418
PROD::PRO_003987||SUP::SUP_0266,PROD::PRO_004032||SUP::SUP_0266,0.8597872349815877
PROD::PRO_003987||SUP::SUP_0266,PROD::PRO_004052||SUP::SUP_0266,0.8576716932324318
PROD::PRO_003987||SUP::SUP_0266,PROD::PRO_004116||SUP::SUP_0266,0.8569949381833781
PROD::PRO_003987||SUP::SUP_0266,PROD::PRO_003991||SUP::SUP_0266,0.563023837142635
PROD::PRO_003987||SUP::SUP_0266,PROD::PRO_004111||SUP::SUP_0266,0.8510467651622777
PROD::PRO_003987||SUP::SUP_0266,PROD::PRO_004124||SUP::SUP_0266,0.7239974993863348
PROD::PRO_003987||SUP::SUP_0266,PROD::PRO_003986||SUP::SUP_0266,0.7428145158824742
PROD::PRO_001746||SUP::SUP_0127,PROD::PRO_001744||SUP::SUP_0127,0.9334502085294542
PROD::PRO_001746||SUP::SUP_0127,PROD::PRO_001748||SUP::SUP_0127,0.810887280426847
PROD::PRO_001746||SUP::SUP_0127,PROD::PRO_001742||SUP::SUP_0127,0.731405213071268
PROD::PRO_001746||SUP::SUP_0127,PROD::PRO_000720||SUP::SUP_0048,0.7034289730825808
PROD::PRO_001746||SUP::SUP_0127,PROD::PRO_001774||SUP::SUP_0127,0.7015368393108812
PROD::PRO_001746||SUP::SUP_0127,PROD::PRO_000719||SUP::SUP_0048,0.7009903723649982
PROD::PRO_004113||SUP::SUP_0266,PROD::PRO_004089||SUP::SUP_0266,0.8835598003439367
PROD::PRO_004113||SUP::SUP_0266,PROD::PRO_004000||SUP::SUP_0266,0.7834051829364499
PROD::PRO_004113||SUP::SUP_0266,PROD::PRO_004001||SUP::SUP_0266,0.7369697348601484
PROD::PRO_004113||SUP::SUP_0266,PROD::PRO_004005||SUP::SUP_0266,0.7276409727633001
PROD::PRO_004113||SUP::SUP_0266,PROD::PRO_004037||SUP::SUP_0266,0.7101480822336016
PROD::PRO_004113||SUP::SUP_0266,PROD::PRO_004014||SUP::SUP_0266,0.7056060299730333
PROD::PRO_004113||SUP::SUP_0266,PROD::PRO_004011||SUP::SUP_0266,0.7013749588496244
PROD::PRO_004113||SUP::SUP_0266,PROD::PRO_004074||SUP::SUP_0266,0.6942627945851509
PROD::PRO_004113||SUP::SUP_0266,PROD::PRO_004114||SUP::SUP_0266,0.6753744441471986
PROD::PRO_004113||SUP::SUP_0266,PROD::PRO_004065||SUP::SUP_0266,0.690484927671549
PROD::PRO_004113||SUP::SUP_0266,PROD::PRO_004098||SUP::SUP_0266,0.619244245200422
PROD::PRO_004075||SUP::SUP_0266,PROD::PRO_004000||SUP::SUP_0266,0.8304855264651688
PROD::PRO_004075||SUP::SUP_0266,PROD::PRO_004068||SUP::SUP_0266,0.8194419181339871
PROD::PRO_004075||SUP::SUP_0266,PROD::PRO_004001||SUP::SUP_0266,0.8137499700137842
PROD::PRO_004075||SUP::SUP_0266,PROD::PRO_004070||SUP::SUP_0266,0.8111326800619219
PROD::PRO_004075||SUP::SUP_0266,PROD::PRO_004002||SUP::SUP_0266,0.8067550955842789
PROD::PRO_004075||SUP::SUP_0266,PROD::PRO_004004||SUP::SUP_0266,0.780387722895139
PROD::PRO_004075||SUP::SUP_0266,PROD::PRO_004005||SUP::SUP_0266,0.7724560953857171
PROD::PRO_004075||SUP::SUP_0266,PROD::PRO_004072||SUP::SUP_0266,0.708182869919248
PROD::PRO_004075||SUP::SUP_0266,PROD::PRO_004114||SUP::SUP_0266,0.6707304349988782
PROD::PRO_004072||SUP::SUP_0266,PROD::PRO_004068||SUP::SUP_0266,0.7790413730554998
PROD::PRO_004072||SUP::SUP_0266,PROD::PRO_004001||SUP::SUP_0266,0.7148797333103055
PROD::PRO_004072||SUP::SUP_0266,PROD::PRO_004082||SUP::SUP_0266,0.7137607636465866
PROD::PRO_004072||SUP::SUP_0266,PROD::PRO_004086||SUP::SUP_0266,0.7130974709605197
PROD::PRO_004072||SUP::SUP_0266,PROD::PRO_004061||SUP::SUP_0266,0.681656248141726
PROD::PRO_004072||SUP::SUP_0266,PROD::PRO_004643||SUP::SUP_0298,0.6013602992604108
PROD::PRO_003995||SUP::SUP_0266,PROD::PRO_001824||SUP::SUP_0133,0.9486962753870969
PROD::PRO_003995||SUP::SUP_0266,PROD::PRO_003994||SUP::SUP_0266,0.8087241478363801
PROD::PRO_003995||SUP::SUP_0266,PROD::PRO_003997||SUP::SUP_0266,0.7839091594936171
PROD::PRO_003995||SUP::SUP_0266,PROD::PRO_004533||SUP::SUP_0298,0.7597102475114398
PROD::PRO_003995||SUP::SUP_0266,PROD::PRO_004067||SUP::SUP_0266,0.6778172650221459
PROD::PRO_003995||SUP::SUP_0266,PROD::PRO_003996||SUP::SUP_0266,0.6458559328959524
PROD::PRO_003995||SUP::SUP_0266,PROD::PRO_004083||SUP::SUP_0266,0.6084900518508707
PROD::PRO_003995||SUP::SUP_0266,PROD::PRO_004100||SUP::SUP_0266,0.5683533815005055
PROD::PRO_003995||SUP::SUP_0266,PROD::PRO_004039||SUP::SUP_0266,0.5683215652437745
PROD::PRO_003995||SUP::SUP_0266,PROD::PRO_004617||SUP::SUP_0298,0.5167532675262388
PROD::PRO_003994||SUP::SUP_0266,PROD::PRO_003996||SUP::SUP_0266,0.7811260260633748
PROD::PRO_003994||SUP::SUP_0266,PROD::PRO_001824||SUP::SUP_0133,0.7099914909240452
PROD::PRO_003994||SUP::SUP_0266,PROD::PRO_004089||SUP::SUP_0266,0.705813805007358
PROD::PRO_003994||SUP::SUP_0266,PROD::PRO_004082||SUP::SUP_0266,0.7007223511331714
PROD::PRO_003994||SUP::SUP_0266,PROD::PRO_003997||SUP::SUP_0266,0.6901959567721855
PROD::PRO_003994||SUP::SUP_0266,PROD::PRO_004066||SUP::SUP_0266,0.6752117061895305
PROD::PRO_003994||SUP::SUP_0266,PROD::PRO_004001||SUP::SUP_0266,0.6583071948417385
PROD::PRO_003994||SUP::SUP_0266,PROD::PRO_004099||SUP::SUP_0266,0.640813673251998
PROD::PRO_003994||SUP::SUP_0266,PROD::PRO_004533||SUP::SUP_0298,0.6357178227370748
PROD::PRO_003994||SUP::SUP_0266,PROD::PRO_004617||SUP::SUP_0298,0.4827624564679458
PROD::PRO_004001||SUP::SUP_0266,PROD::PRO_004061||SUP::SUP_0266,0.9452491334994447
PROD::PRO_004001||SUP::SUP_0266,PROD::PRO_004000||SUP::SUP_0266,0.9352639692533069
PROD::PRO_004001||SUP::SUP_0266,PROD::PRO_004002||SUP::SUP_0266,0.9286119552866313
PROD::PRO_004001||SUP::SUP_0266,PROD::PRO_004004||SUP::SUP_0266,0.9134061589966532
PROD::PRO_004001||SUP::SUP_0266,PROD::PRO_004005||SUP::SUP_0266,0.9027269451292234
PROD::PRO_004001||SUP::SUP_0266,PROD::PRO_004036||SUP::SUP_0266,0.8559486768224849
PROD::PRO_004001||SUP::SUP_0266,PROD::PRO_004068||SUP::SUP_0266,0.850852784330501
PROD::PRO_004001||SUP::SUP_0266,PROD::PRO_004093||SUP::SUP_0266,0.7327259439406792
PROD::PRO_004001||SUP::SUP_0266,PROD::PRO_004114||SUP::SUP_0266,0.7350135723158039
PROD::PRO_004001||SUP::SUP_0266,PROD::PRO_004089||SUP::SUP_0266,0.7892596069666094
PROD::PRO_004001||SUP::SUP_0266,PROD::PRO_004102||SUP::SUP_0266,0.39933727998574287
PROD::PRO_004001||SUP::SUP_0266,PROD::PRO_004065||SUP::SUP_0266,0.7252586573373591
PROD::PRO_004001||SUP::SUP_0266,PROD::PRO_004112||SUP::SUP_0266,0.6839588681441406
PROD::PRO_004001||SUP::SUP_0266,PROD::PRO_004074||SUP::SUP_0266,0.8028386372744297
PROD::PRO_004001||SUP::SUP_0266,PROD::PRO_003990||SUP::SUP_0266,0.8203886256044944
PROD::PRO_004001||SUP::SUP_0266,PROD::PRO_004066||SUP::SUP_0266,0.71753626714791
PROD::PRO_004001||SUP::SUP_0266,PROD::PRO_004037||SUP::SUP_0266,0.7433062785232846
PROD::PRO_004001||SUP::SUP_0266,PROD::PRO_004091||SUP::SUP_0266,0.6799143596260341
PROD::PRO_004001||SUP::SUP_0266,PROD::PRO_004088||SUP::SUP_0266,0.68912365570232
PROD::PRO_004001||SUP::SUP_0266,PROD::PRO_004070||SUP::SUP_0266,0.791848015344499
PROD::PRO_004001||SUP::SUP_0266,PROD::PRO_004077||SUP::SUP_0266,0.5919439821069975
PROD::PRO_004001||SUP::SUP_0266,PROD::PRO_004054||SUP::SUP_0266,0.7320648954058968
PROD::PRO_004001||SUP::SUP_0266,PROD::PRO_004046||SUP::SUP_0266,0.7481851543248511
PROD::PRO_004001||SUP::SUP_0266,PROD::PRO_004099||SUP::SUP_0266,0.6423076152951108
PROD::PRO_003996||SUP::SUP_0266,PROD::PRO_003997||SUP::SUP_0266,0.9182064559556016
PROD::PRO_003996||SUP::SUP_0266,PROD::PRO_004617||SUP::SUP_0298,0.842182574681446
PROD::PRO_003996||SUP::SUP_0266,PROD::PRO_004082||SUP::SUP_0266,0.5887605807343235
PROD::PRO_003996||SUP::SUP_0266,PROD::PRO_004533||SUP::SUP_0298,0.5599472511689984
PROD::PRO_003996||SUP::SUP_0266,PROD::PRO_001824||SUP::SUP_0133,0.5121461818649877
PROD::PRO_004000||SUP::SUP_0266,PROD::PRO_004005||SUP::SUP_0266,0.9223166549827907
PROD::PRO_004000||SUP::SUP_0266,PROD::PRO_004002||SUP::SUP_0266,0.9114884870310002
PROD::PRO_004000||SUP::SUP_0266,PROD::PRO_004004||SUP::SUP_0266,0.906739189324421
PROD::PRO_004000||SUP::SUP_0266,PROD::PRO_004061||SUP::SUP_0266,0.8829110833370801
PROD::PRO_004000||SUP::SUP_0266,PROD::PRO_004068||SUP::SUP_0266,0.8225572956499609
PROD::PRO_004000||SUP::SUP_0266,PROD::PRO_004093||SUP::SUP_0266,0.7163701901603257
PROD::PRO_004000||SUP::SUP_0266,PROD::PRO_004114||SUP::SUP_0266,0.7106340007185582
PROD::PRO_004000||SUP::SUP_0266,PROD::PRO_004089||SUP::SUP_0266,0.7841094672945993
PROD::PRO_004000||SUP::SUP_0266,PROD::PRO_004036||SUP::SUP_0266,0.808007885414979
PROD::PRO_004000||SUP::SUP_0266,PROD::PRO_004074||SUP::SUP_0266,0.7704083009299513
PROD::PRO_004000||SUP::SUP_0266,PROD::PRO_003990||SUP::SUP_0266,0.7745767073131479
PROD::PRO_004000||SUP::SUP_0266,PROD::PRO_004106||SUP::SUP_0266,0.7434802490143377
PROD::PRO_004000||SUP::SUP_0266,PROD::PRO_004053||SUP::SUP_0266,0.5429924184832892
PROD::PRO_004000||SUP::SUP_0266,PROD::PRO_004043||SUP::SUP_0266,0.5684545243416158
PROD::PRO_004000||SUP::SUP_0266,PROD::PRO_004037||SUP::SUP_0266,0.7569187985843379
PROD::PRO_004000||SUP::SUP_0266,PROD::PRO_004077||SUP::SUP_0266,0.5853884055615671
PROD::PRO_004000||SUP::SUP_0266,PROD::PRO_004127||SUP::SUP_0266,0.5554768094320333
PROD::PRO_004000||SUP::SUP_0266,PROD::PRO_004079||SUP::SUP_0266,0.6045424786217244
PROD::PRO_004000||SUP::SUP_0266,PROD::PRO_004046||SUP::SUP_0266,0.7274413012376737
PROD::PRO_003998||SUP::SUP_0266,PROD::PRO_000053||SUP::SUP_0019,0.9330635438045888
PROD::PRO_003998||SUP::SUP_0266,PROD::PRO_001090||SUP::SUP_0078,0.8456110587965261
PROD::PRO_003998||SUP::SUP_0266,PROD::PRO_004062||SUP::SUP_0266,0.8185131111741316
PROD::PRO_003998||SUP::SUP_0266,PROD::PRO_002860||SUP::SUP_0160,0.7755903514148466
PROD::PRO_003998||SUP::SUP_0266,PROD::PRO_004011||SUP::SUP_0266,0.7456797062783868
PROD::PRO_003998||SUP::SUP_0266,PROD::PRO_003993||SUP::SUP_0266,0.6928116139206922
PROD::PRO_003998||SUP::SUP_0266,PROD::PRO_000047||SUP::SUP_0019,0.6417033584778662
PROD::PRO_003998||SUP::SUP_0266,PROD::PRO_005723||SUP::SUP_0353,0.5015526575653534
PROD::PRO_004002||SUP::SUP_0266,PROD::PRO_004004||SUP::SUP_0266,0.987960082906821
PROD::PRO_004002||SUP::SUP_0266,PROD::PRO_003990||SUP::SUP_0266,0.907859963899347
PROD::PRO_004002||SUP::SUP_0266,PROD::PRO_004005||SUP::SUP_0266,0.9066341032194268
PROD::PRO_004002||SUP::SUP_0266,PROD::PRO_004061||SUP::SUP_0266,0.8837542258090383
PROD::PRO_004002||SUP::SUP_0266,PROD::PRO_004036||SUP::SUP_0266,0.8698966844378293
PROD::PRO_004002||SUP::SUP_0266,PROD::PRO_004070||SUP::SUP_0266,0.868939203002538
PROD::PRO_004002||SUP::SUP_0266,PROD::PRO_004093||SUP::SUP_0266,0.7404671414244137
PROD::PRO_004002||SUP::SUP_0266,PROD::PRO_004089||SUP::SUP_0266,0.7581269119779861
PROD::PRO_004002||SUP::SUP_0266,PROD::PRO_004065||SUP::SUP_0266,0.7064854836045803
PROD::PRO_004002||SUP::SUP_0266,PROD::PRO_004074||SUP::SUP_0266,0.761324364527118
PROD::PRO_004002||SUP::SUP_0266,PROD::PRO_004053||SUP::SUP_0266,0.688081507586885
PROD::PRO_004002||SUP::SUP_0266,PROD::PRO_004037||SUP::SUP_0266,0.7525112703436965
PROD::PRO_004002||SUP::SUP_0266,PROD::PRO_004091||SUP::SUP_0266,0.6994556184517497
PROD::PRO_004002||SUP::SUP_0266,PROD::PRO_004127||SUP::SUP_0266,0.7073175826828106
PROD::PRO_004002||SUP::SUP_0266,PROD::PRO_004079||SUP::SUP_0266,0.5931043648239872
PROD::PRO_004002||SUP::SUP_0266,PROD::PRO_004068||SUP::SUP_0266,0.8439530485118762
PROD::PRO_004002||SUP::SUP_0266,PROD::PRO_004071||SUP::SUP_0266,0.5881642503144865
PROD::PRO_004087||SUP::SUP_0266,PROD::PRO_004060||SUP::SUP_0266,0.9110139475669609
PROD::PRO_004087||SUP::SUP_0266,PROD::PRO_004105||SUP::SUP_0266,0.8807577548024591
PROD::PRO_004087||SUP::SUP_0266,PROD::PRO_004104||SUP::SUP_0266,0.798072606105021
PROD::PRO_004087||SUP::SUP_0266,PROD::PRO_004106||SUP::SUP_0266,0.7841075222881254
PROD::PRO_004087||SUP::SUP_0266,PROD::PRO_000052||SUP::SUP_0019,0.7557442431400758
PROD::PRO_004087||SUP::SUP_0266,PROD::PRO_004073||SUP::SUP_0266,0.6708611121398644
PROD::PRO_004087||SUP::SUP_0266,PROD::PRO_004082||SUP::SUP_0266,0.742193502885643
PROD::PRO_004087||SUP::SUP_0266,PROD::PRO_002861||SUP::SUP_0160,0.6908368264795891
PROD::PRO_004026||SUP::SUP_0266,PROD::PRO_004097||SUP::SUP_0266,0.9696316955807427
PROD::PRO_004026||SUP::SUP_0266,PROD::PRO_004037||SUP::SUP_0266,0.8142442728130722
PROD::PRO_004026||SUP::SUP_0266,PROD::PRO_004081||SUP::SUP_0266,0.7337737148010672
PROD::PRO_004026||SUP::SUP_0266,PROD::PRO_004027||SUP::SUP_0266,0.6777155444183007
PROD::PRO_004026||SUP::SUP_0266,PROD::PRO_004068||SUP::SUP_0266,0.6318045002555871
PROD::PRO_004026||SUP::SUP_0266,PROD::PRO_004101||SUP::SUP_0266,0.6114138810202412
PROD::PRO_004026||SUP::SUP_0266,PROD::PRO_004098||SUP::SUP_0266,0.6087826376637242
PROD::PRO_004026||SUP::SUP_0266,PROD::PRO_000657||SUP::SUP_0038,0.45937254875873657
PROD::PRO_004026||SUP::SUP_0266,PROD::PRO_004611||SUP::SUP_0298,0.6019308192526548
PROD::PRO_004027||SUP::SUP_0266,PROD::PRO_004098||SUP::SUP_0266,0.976876568548627
PROD::PRO_004027||SUP::SUP_0266,PROD::PRO_004081||SUP::SUP_0266,0.8621121808270299
PROD::PRO_004027||SUP::SUP_0266,PROD::PRO_004598||SUP::SUP_0298,0.8325757302017754
PROD::PRO_004027||SUP::SUP_0266,PROD::PRO_004665||SUP::SUP_0298,0.8188535735607948
PROD::PRO_004027||SUP::SUP_0266,PROD::PRO_004037||SUP::SUP_0266,0.7141553802328356
PROD::PRO_004027||SUP::SUP_0266,PROD::PRO_004014||SUP::SUP_0266,0.7006299409983539
PROD::PRO_004027||SUP::SUP_0266,PROD::PRO_004097||SUP::SUP_0266,0.6040080141623261
PROD::PRO_004060||SUP::SUP_0266,PROD::PRO_004105||SUP::SUP_0266,0.9396307120754289
PROD::PRO_004060||SUP::SUP_0266,PROD::PRO_004106||SUP::SUP_0266,0.888393446211152
PROD::PRO_004060||SUP::SUP_0266,PROD::PRO_004073||SUP::SUP_0266,0.8823550608309406
PROD::PRO_004060||SUP::SUP_0266,PROD::PRO_000052||SUP::SUP_0019,0.7835678537948633
PROD::PRO_004060||SUP::SUP_0266,PROD::PRO_002861||SUP::SUP_0160,0.738485640212937
PROD::PRO_004060||SUP::SUP_0266,PROD::PRO_004082||SUP::SUP_0266,0.7371931180799063
PROD::PRO_004093||SUP::SUP_0266,PROD::PRO_004091||SUP::SUP_0266,0.7872374583383998
PROD::PRO_004093||SUP::SUP_0266,PROD::PRO_004004||SUP::SUP_0266,0.718761105915734
PROD::PRO_004093||SUP::SUP_0266,PROD::PRO_004036||SUP::SUP_0266,0.7082491306036631
PROD::PRO_004093||SUP::SUP_0266,PROD::PRO_000655||SUP::SUP_0038,0.6609137796994131
PROD::PRO_004093||SUP::SUP_0266,PROD::PRO_004631||SUP::SUP_0298,0.5914355992861599
PROD::PRO_004093||SUP::SUP_0266,PROD::PRO_004535||SUP::SUP_0298,0.569763791909192
PROD::PRO_004114||SUP::SUP_0266,PROD::PRO_004112||SUP::SUP_0266,0.8202600090056265
PROD::PRO_004114||SUP::SUP_0266,PROD::PRO_004046||SUP::SUP_0266,0.8061965367909538
PROD::PRO_004114||SUP::SUP_0266,PROD::PRO_004074||SUP::SUP_0266,0.7829404214728272
PROD::PRO_004114||SUP::SUP_0266,PROD::PRO_004059||SUP::SUP_0266,0.739493730857321
PROD::PRO_004114||SUP::SUP_0266,PROD::PRO_004061||SUP::SUP_0266,0.728000571363009
PROD::PRO_004114||SUP::SUP_0266,PROD::PRO_004005||SUP::SUP_0266,0.6732445988246656
PROD::PRO_004114||SUP::SUP_0266,PROD::PRO_004110||SUP::SUP_0266,0.4061698271470897
PROD::PRO_004114||SUP::SUP_0266,PROD::PRO_004050||SUP::SUP_0266,0.37370859655583744
PROD::PRO_004114||SUP::SUP_0266,PROD::PRO_003988||SUP::SUP_0266,0.3013589728742414
PROD::PRO_004114||SUP::SUP_0266,PROD::PRO_004710||SUP::SUP_0298,0.6458038357963367
PROD::PRO_004114||SUP::SUP_0266,PROD::PRO_004558||SUP::SUP_0298,0.5260447328159115
PROD::PRO_004089||SUP::SUP_0266,PROD::PRO_004091||SUP::SUP_0266,0.7597449348273477
PROD::PRO_004089||SUP::SUP_0266,PROD::PRO_004037||SUP::SUP_0266,0.7562930976288997
PROD::PRO_004089||SUP::SUP_0266,PROD::PRO_004004||SUP::SUP_0266,0.7509930799373907
PROD::PRO_004089||SUP::SUP_0266,PROD::PRO_004014||SUP::SUP_0266,0.7156225352116644
PROD::PRO_004089||SUP::SUP_0266,PROD::PRO_004065||SUP::SUP_0266,0.7210922489771603
PROD::PRO_004089||SUP::SUP_0266,PROD::PRO_004066||SUP::SUP_0266,0.6525716610408279
PROD::PRO_004089||SUP::SUP_0266,PROD::PRO_004011||SUP::SUP_0266,0.7319155623459561
PROD::PRO_004089||SUP::SUP_0266,PROD::PRO_004046||SUP::SUP_0266,0.7321283929113673
PROD::PRO_004103||SUP::SUP_0266,PROD::PRO_004079||SUP::SUP_0266,0.8508552021439406
PROD::PRO_004103||SUP::SUP_0266,PROD::PRO_004602||SUP::SUP_0298,0.7677640871172262
PROD::PRO_004103||SUP::SUP_0266,PROD::PRO_004673||SUP::SUP_0298,0.7614653356266867
PROD::PRO_004103||SUP::SUP_0266,PROD::PRO_004126||SUP::SUP_0266,0.7594227140372484
PROD::PRO_004103||SUP::SUP_0266,PROD::PRO_004125||SUP::SUP_0266,0.7405736280118309
PROD::PRO_004103||SUP::SUP_0266,PROD::PRO_000036||SUP::SUP_0012,0.7077167951028783
PROD::PRO_004103||SUP::SUP_0266,PROD::PRO_004650||SUP::SUP_0298,0.5694883805272699
PROD::PRO_004103||SUP::SUP_0266,PROD::PRO_004057||SUP::SUP_0266,0.4955607370321018
PROD::PRO_004103||SUP::SUP_0266,PROD::PRO_000035||SUP::SUP_0012,0.37507761672167717
PROD::PRO_004102||SUP::SUP_0266,PROD::PRO_004671||SUP::SUP_0298,0.872898523944069
PROD::PRO_004102||SUP::SUP_0266,PROD::PRO_004600||SUP::SUP_0298,0.8717753509274351
PROD::PRO_004102||SUP::SUP_0266,PROD::PRO_004077||SUP::SUP_0266,0.8534731495013042
PROD::PRO_004102||SUP::SUP_0266,PROD::PRO_004091||SUP::SUP_0266,0.5688143113889829
PROD::PRO_004102||SUP::SUP_0266,PROD::PRO_000069||SUP::SUP_0026,0.5620307212204113
PROD::PRO_004102||SUP::SUP_0266,PROD::PRO_000034||SUP::SUP_0012,0.4378360631392124
PROD::PRO_004110||SUP::SUP_0266,PROD::PRO_004675||SUP::SUP_0298,0.951191791450019
PROD::PRO_004110||SUP::SUP_0266,PROD::PRO_004044||SUP::SUP_0266,0.922550124370439
PROD::PRO_004110||SUP::SUP_0266,PROD::PRO_004043||SUP::SUP_0266,0.8758084667896671
PROD::PRO_004110||SUP::SUP_0266,PROD::PRO_004551||SUP::SUP_0298,0.873671512855562
PROD::PRO_004110||SUP::SUP_0266,PROD::PRO_004619||SUP::SUP_0298,0.7636702652716925
PROD::PRO_004110||SUP::SUP_0266,PROD::PRO_004046||SUP::SUP_0266,0.6807366579629602
PROD::PRO_004110||SUP::SUP_0266,PROD::PRO_004054||SUP::SUP_0266,0.428121510097891
PROD::PRO_004073||SUP::SUP_0266,PROD::PRO_004106||SUP::SUP_0266,0.8863337858168514
PROD::PRO_004073||SUP::SUP_0266,PROD::PRO_004105||SUP::SUP_0266,0.795390885185377
PROD::PRO_004073||SUP::SUP_0266,PROD::PRO_004066||SUP::SUP_0266,0.7664503683534647
PROD::PRO_004073||SUP::SUP_0266,PROD::PRO_000056||SUP::SUP_0022,0.7565780301000669
PROD::PRO_004073||SUP::SUP_0266,PROD::PRO_000052||SUP::SUP_0019,0.7148147145292134
PROD::PRO_004073||SUP::SUP_0266,PROD::PRO_002861||SUP::SUP_0160,0.6564674540948088
PROD::PRO_004014||SUP::SUP_0266,PROD::PRO_004098||SUP::SUP_0266,0.7531766108170168
PROD::PRO_004014||SUP::SUP_0266,PROD::PRO_004043||SUP::SUP_0266,0.6821825342850617
PROD::PRO_004014||SUP::SUP_0266,PROD::PRO_004596||SUP::SUP_0298,0.6697749064950846
PROD::PRO_004014||SUP::SUP_0266,PROD::PRO_004081||SUP::SUP_0266,0.6463097559492699
PROD::PRO_004014||SUP::SUP_0266,PROD::PRO_004037||SUP::SUP_0266,0.6440394249392194
PROD::PRO_004014||SUP::SUP_0266,PROD::PRO_004044||SUP::SUP_0266,0.3885839916068281
PROD::PRO_004014||SUP::SUP_0266,PROD::PRO_004665||SUP::SUP_0298,0.4425436337166013
PROD::PRO_004014||SUP::SUP_0266,PROD::PRO_004598||SUP::SUP_0298,0.4518456906376491
PROD::PRO_004065||SUP::SUP_0266,PROD::PRO_004112||SUP::SUP_0266,0.7777174828113859
PROD::PRO_004065||SUP::SUP_0266,PROD::PRO_004059||SUP::SUP_0266,0.7742186377771597
PROD::PRO_004065||SUP::SUP_0266,PROD::PRO_004074||SUP::SUP_0266,0.748888512168967
PROD::PRO_004065||SUP::SUP_0266,PROD::PRO_004036||SUP::SUP_0266,0.7050535888583517
PROD::PRO_004065||SUP::SUP_0266,PROD::PRO_004054||SUP::SUP_0266,0.6857907701927339
PROD::PRO_004065||SUP::SUP_0266,PROD::PRO_004604||SUP::SUP_0298,0.666545174060042
PROD::PRO_003991||SUP::SUP_0266,PROD::PRO_004124||SUP::SUP_0266,0.9462654624863581
PROD::PRO_003991||SUP::SUP_0266,PROD::PRO_004088||SUP::SUP_0266,0.9436432681449834
PROD::PRO_003991||SUP::SUP_0266,PROD::PRO_004101||SUP::SUP_0266,0.8428194643948209
PROD::PRO_003991||SUP::SUP_0266,PROD::PRO_004063||SUP::SUP_0266,0.6901190674368327
PROD::PRO_003991||SUP::SUP_0266,PROD::PRO_004061||SUP::SUP_0266,0.5991357210194294
PROD::PRO_003991||SUP::SUP_0266,PROD::PRO_004070||SUP::SUP_0266,0.5827424688042591
PROD::PRO_004105||SUP::SUP_0266,PROD::PRO_002861||SUP::SUP_0160,0.8659718480959028
PROD::PRO_004105||SUP::SUP_0266,PROD::PRO_004106||SUP::SUP_0266,0.8616960467248855
PROD::PRO_004105||SUP::SUP_0266,PROD::PRO_000052||SUP::SUP_0019,0.801177206980369
PROD::PRO_004105||SUP::SUP_0266,PROD::PRO_004082||SUP::SUP_0266,0.7417813742974714
PROD::PRO_004036||SUP::SUP_0266,PROD::PRO_004004||SUP::SUP_0266,0.8668403647912148
PROD::PRO_004036||SUP::SUP_0266,PROD::PRO_004074||SUP::SUP_0266,0.8475242355100229
PROD::PRO_004036||SUP::SUP_0266,PROD::PRO_003990||SUP::SUP_0266,0.8281137891702477
PROD::PRO_004036||SUP::SUP_0266,PROD::PRO_004005||SUP::SUP_0266,0.7737538815411149
PROD::PRO_004036||SUP::SUP_0266,PROD::PRO_004053||SUP::SUP_0266,0.66650881195593
PROD::PRO_004036||SUP::SUP_0266,PROD::PRO_004050||SUP::SUP_0266,0.3890703997051962
PROD::PRO_004036||SUP::SUP_0266,PROD::PRO_004091||SUP::SUP_0266,0.6931905716818383
PROD::PRO_004036||SUP::SUP_0266,PROD::PRO_004059||SUP::SUP_0266,0.639311057511686
PROD::PRO_004036||SUP::SUP_0266,PROD::PRO_004129||SUP::SUP_0266,0.5293704524444001
PROD::PRO_004036||SUP::SUP_0266,PROD::PRO_004054||SUP::SUP_0266,0.7133014160480166
PROD::PRO_004036||SUP::SUP_0266,PROD::PRO_004127||SUP::SUP_0266,0.6767791634070534
PROD::PRO_004036||SUP::SUP_0266,PROD::PRO_003988||SUP::SUP_0266,0.32078151897332063
PROD::PRO_004104||SUP::SUP_0266,PROD::PRO_004661||SUP::SUP_0298,0.7894331334917486
PROD::PRO_004104||SUP::SUP_0266,PROD::PRO_004097||SUP::SUP_0266,0.7240475012020224
PROD::PRO_004104||SUP::SUP_0266,PROD::PRO_004037||SUP::SUP_0266,0.6618991489221131
PROD::PRO_001742||SUP::SUP_0127,PROD::PRO_001748||SUP::SUP_0127,0.9092195706692665
PROD::PRO_001742||SUP::SUP_0127,PROD::PRO_001774||SUP::SUP_0127,0.8809736192869371
PROD::PRO_001742||SUP::SUP_0127,PROD::PRO_001744||SUP::SUP_0127,0.8134225988005664
PROD::PRO_001742||SUP::SUP_0127,PROD::PRO_004622||SUP::SUP_0298,0.6302685929586505
PROD::PRO_001742||SUP::SUP_0127,PROD::PRO_001762||SUP::SUP_0127,0.5895884095802749
PROD::PRO_001742||SUP::SUP_0127,PROD::PRO_001768||SUP::SUP_0127,0.6147181141720466
PROD::PRO_001742||SUP::SUP_0127,PROD::PRO_001763||SUP::SUP_0127,0.4427240699904891
PROD::PRO_001742||SUP::SUP_0127,PROD::PRO_001764||SUP::SUP_0127,0.4427240699904891
PROD::PRO_001742||SUP::SUP_0127,PROD::PRO_001766||SUP::SUP_0127,0.5904161977535161
PROD::PRO_001742||SUP::SUP_0127,PROD::PRO_001323||SUP::SUP_0104,0.5837111253861711
PROD::PRO_001762||SUP::SUP_0127,PROD::PRO_001763||SUP::SUP_0127,0.7605671640831373
PROD::PRO_001762||SUP::SUP_0127,PROD::PRO_001764||SUP::SUP_0127,0.7605671640831373
PROD::PRO_001762||SUP::SUP_0127,PROD::PRO_005201||SUP::SUP_0319,0.7457244845703348
PROD::PRO_001762||SUP::SUP_0127,PROD::PRO_000040||SUP::SUP_0014,0.6192786483094073
PROD::PRO_001762||SUP::SUP_0127,PROD::PRO_001768||SUP::SUP_0127,0.6180171943504628
PROD::PRO_001762||SUP::SUP_0127,PROD::PRO_001766||SUP::SUP_0127,0.5565645885520559
PROD::PRO_001762||SUP::SUP_0127,PROD::PRO_004702||SUP::SUP_0298,0.5444379256287906
PROD::PRO_001762||SUP::SUP_0127,PROD::PRO_004706||SUP::SUP_0298,0.5424459090116711
PROD::PRO_001762||SUP::SUP_0127,PROD::PRO_000068||SUP::SUP_0026,0.5218893277275922
PROD::PRO_001762||SUP::SUP_0127,PROD::PRO_000067||SUP::SUP_0026,0.5218893277275922
PROD::PRO_005723||SUP::SUP_0353,PROD::PRO_000058||SUP::SUP_0022,0.8763564551663502
PROD::PRO_005723||SUP::SUP_0353,PROD::PRO_000062||SUP::SUP_0025,0.7727608297203021
PROD::PRO_005723||SUP::SUP_0353,PROD::PRO_004649||SUP::SUP_0298,0.7492582538609388
PROD::PRO_005723||SUP::SUP_0353,PROD::PRO_004348||SUP::SUP_0287,0.6611646019003209
PROD::PRO_005723||SUP::SUP_0353,PROD::PRO_001314||SUP::SUP_0100,0.5909413297146655
PROD::PRO_005723||SUP::SUP_0353,PROD::PRO_000057||SUP::SUP_0022,0.46326647761430007
PROD::PRO_005723||SUP::SUP_0353,PROD::PRO_002860||SUP::SUP_0160,0.4601387884696543
PROD::PRO_004702||SUP::SUP_0298,PROD::PRO_004706||SUP::SUP_0298,0.8819902039031177
PROD::PRO_004702||SUP::SUP_0298,PROD::PRO_000054||SUP::SUP_0020,0.7558868176145181
PROD::PRO_004702||SUP::SUP_0298,PROD::PRO_001766||SUP::SUP_0127,0.6735063281607854
PROD::PRO_004702||SUP::SUP_0298,PROD::PRO_001764||SUP::SUP_0127,0.6568453131507577
PROD::PRO_004702||SUP::SUP_0298,PROD::PRO_001763||SUP::SUP_0127,0.6568453131507577
PROD::PRO_004702||SUP::SUP_0298,PROD::PRO_000040||SUP::SUP_0014,0.5355892546095761
PROD::PRO_004702||SUP::SUP_0298,PROD::PRO_005201||SUP::SUP_0319,0.42253935487699956
PROD::PRO_000655||SUP::SUP_0038,PROD::PRO_004631||SUP::SUP_0298,0.8999877892609905
PROD::PRO_000655||SUP::SUP_0038,PROD::PRO_004535||SUP::SUP_0298,0.8698918581861111
PROD::PRO_000655||SUP::SUP_0038,PROD::PRO_000650||SUP::SUP_0038,0.5743803776086961
PROD::PRO_000655||SUP::SUP_0038,PROD::PRO_000653||SUP::SUP_0038,0.5250607575031251
PROD::PRO_000655||SUP::SUP_0038,PROD::PRO_004091||SUP::SUP_0266,0.5114766823641327
PROD::PRO_000661||SUP::SUP_0038,PROD::PRO_000650||SUP::SUP_0038,0.8540313092712115
PROD::PRO_000661||SUP::SUP_0038,PROD::PRO_000654||SUP::SUP_0038,0.8512937443617408
PROD::PRO_000661||SUP::SUP_0038,PROD::PRO_000659||SUP::SUP_0038,0.7275107690030886
PROD::PRO_000661||SUP::SUP_0038,PROD::PRO_004671||SUP::SUP_0298,0.3193983374435183
PROD::PRO_000661||SUP::SUP_0038,PROD::PRO_004600||SUP::SUP_0298,0.3189356325554291
PROD::PRO_000650||SUP::SUP_0038,PROD::PRO_000653||SUP::SUP_0038,0.9500348889838508
PROD::PRO_000650||SUP::SUP_0038,PROD::PRO_000654||SUP::SUP_0038,0.8724008286269959
PROD::PRO_000650||SUP::SUP_0038,PROD::PRO_000659||SUP::SUP_0038,0.7072887652622163
PROD::PRO_000650||SUP::SUP_0038,PROD::PRO_005722||SUP::SUP_0353,0.8158077343560592
PROD::PRO_000650||SUP::SUP_0038,PROD::PRO_000057||SUP::SUP_0022,0.6167541512177607
PROD::PRO_000650||SUP::SUP_0038,PROD::PRO_000047||SUP::SUP_0019,0.683334328081826
PROD::PRO_000657||SUP::SUP_0038,PROD::PRO_004546||SUP::SUP_0298,0.8733191228882766
PROD::PRO_000657||SUP::SUP_0038,PROD::PRO_004553||SUP::SUP_0298,0.859287521030712
PROD::PRO_000657||SUP::SUP_0038,PROD::PRO_004548||SUP::SUP_0298,0.7192600457533098
PROD::PRO_000657||SUP::SUP_0038,PROD::PRO_004578||SUP::SUP_0298,0.6226209768123863
PROD::PRO_000657||SUP::SUP_0038,PROD::PRO_004611||SUP::SUP_0298,0.5867996046313974
PROD::PRO_000657||SUP::SUP_0038,PROD::PRO_000654||SUP::SUP_0038,0.4878103143216642
PROD::PRO_000657||SUP::SUP_0038,PROD::PRO_004097||SUP::SUP_0266,0.47446107009965766
PROD::PRO_000659||SUP::SUP_0038,PROD::PRO_000654||SUP::SUP_0038,0.749432086123201
PROD::PRO_000659||SUP::SUP_0038,PROD::PRO_000057||SUP::SUP_0022,0.6000779647349825
PROD::PRO_000659||SUP::SUP_0038,PROD::PRO_000056||SUP::SUP_0022,0.7017580242158364
PROD::PRO_004112||SUP::SUP_0266,PROD::PRO_004059||SUP::SUP_0266,0.9322758554689352
PROD::PRO_004112||SUP::SUP_0266,PROD::PRO_004046||SUP::SUP_0266,0.8194451203760506
PROD::PRO_004112||SUP::SUP_0266,PROD::PRO_004074||SUP::SUP_0266,0.7810978726919036
PROD::PRO_004112||SUP::SUP_0266,PROD::PRO_004125||SUP::SUP_0266,0.7601918418900735
PROD::PRO_004112||SUP::SUP_0266,PROD::PRO_004054||SUP::SUP_0266,0.752529854626312
PROD::PRO_004112||SUP::SUP_0266,PROD::PRO_004126||SUP::SUP_0266,0.7375979537930093
PROD::PRO_004112||SUP::SUP_0266,PROD::PRO_004558||SUP::SUP_0298,0.7198375313037866
PROD::PRO_004112||SUP::SUP_0266,PROD::PRO_004050||SUP::SUP_0266,0.5268070467604954
PROD::PRO_004112||SUP::SUP_0266,PROD::PRO_004129||SUP::SUP_0266,0.5540482878076552
PROD::PRO_004112||SUP::SUP_0266,PROD::PRO_004079||SUP::SUP_0266,0.5953666908205975
PROD::PRO_004112||SUP::SUP_0266,PROD::PRO_003988||SUP::SUP_0266,0.4534456589251541
PROD::PRO_004112||SUP::SUP_0266,PROD::PRO_004557||SUP::SUP_0298,0.37526121656152533
PROD::PRO_004111||SUP::SUP_0266,PROD::PRO_004013||SUP::SUP_0266,0.9658899647510506
PROD::PRO_004111||SUP::SUP_0266,PROD::PRO_004128||SUP::SUP_0266,0.9336402389669416
PROD::PRO_004111||SUP::SUP_0266,PROD::PRO_004078||SUP::SUP_0266,0.926466614352314
PROD::PRO_004111||SUP::SUP_0266,PROD::PRO_004117||SUP::SUP_0266,0.9144751240339486
PROD::PRO_004111||SUP::SUP_0266,PROD::PRO_004095||SUP::SUP_0266,0.8905462219683473
PROD::PRO_004111||SUP::SUP_0266,PROD::PRO_004052||SUP::SUP_0266,0.8892037203800226
PROD::PRO_004111||SUP::SUP_0266,PROD::PRO_004116||SUP::SUP_0266,0.8527146701627913
PROD::PRO_004111||SUP::SUP_0266,PROD::PRO_004096||SUP::SUP_0266,0.8285660751006029
PROD::PRO_004111||SUP::SUP_0266,PROD::PRO_004015||SUP::SUP_0266,0.7597678706154221
PROD::PRO_004111||SUP::SUP_0266,PROD::PRO_004109||SUP::SUP_0266,0.7098252884999533
PROD::PRO_004111||SUP::SUP_0266,PROD::PRO_004108||SUP::SUP_0266,0.8231396268936972
PROD::PRO_004111||SUP::SUP_0266,PROD::PRO_001277||SUP::SUP_0092,0.6805500395940598
PROD::PRO_004074||SUP::SUP_0266,PROD::PRO_004059||SUP::SUP_0266,0.8039755671542282
PROD::PRO_004074||SUP::SUP_0266,PROD::PRO_004054||SUP::SUP_0266,0.7824375444775078
PROD::PRO_004074||SUP::SUP_0266,PROD::PRO_004004||SUP::SUP_0266,0.7810325653021248
PROD::PRO_003990||SUP::SUP_0266,PROD::PRO_004004||SUP::SUP_0266,0.9025632843215674
PROD::PRO_003990||SUP::SUP_0266,PROD::PRO_004005||SUP::SUP_0266,0.829685245697776
PROD::PRO_003990||SUP::SUP_0266,PROD::PRO_004061||SUP::SUP_0266,0.7686578316720766
PROD::PRO_003990||SUP::SUP_0266,PROD::PRO_004070||SUP::SUP_0266,0.7465451218330376
PROD::PRO_003990||SUP::SUP_0266,PROD::PRO_004053||SUP::SUP_0266,0.6761375747827117
PROD::PRO_003990||SUP::SUP_0266,PROD::PRO_004127||SUP::SUP_0266,0.6864013934111363
PROD::PRO_003990||SUP::SUP_0266,PROD::PRO_004071||SUP::SUP_0266,0.5928130490816537
PROD::PRO_004117||SUP::SUP_0266,PROD::PRO_004013||SUP::SUP_0266,0.9432423696326517
PROD::PRO_004117||SUP::SUP_0266,PROD::PRO_004116||SUP::SUP_0266,0.938160031307312
PROD::PRO_004117||SUP::SUP_0266,PROD::PRO_004095||SUP::SUP_0266,0.9369425188700486
PROD::PRO_004117||SUP::SUP_0266,PROD::PRO_004034||SUP::SUP_0266,0.9286840751818674
PROD::PRO_004117||SUP::SUP_0266,PROD::PRO_004096||SUP::SUP_0266,0.9281469696901762
PROD::PRO_004117||SUP::SUP_0266,PROD::PRO_004128||SUP::SUP_0266,0.9196477800901811
PROD::PRO_004117||SUP::SUP_0266,PROD::PRO_004032||SUP::SUP_0266,0.909835794558716
PROD::PRO_004117||SUP::SUP_0266,PROD::PRO_004078||SUP::SUP_0266,0.9055051749648607
PROD::PRO_004117||SUP::SUP_0266,PROD::PRO_004015||SUP::SUP_0266,0.8309248476146512
PROD::PRO_004117||SUP::SUP_0266,PROD::PRO_003986||SUP::SUP_0266,0.7759755823571703
PROD::PRO_004117||SUP::SUP_0266,PROD::PRO_004012||SUP::SUP_0266,0.8334090116557564
PROD::PRO_004117||SUP::SUP_0266,PROD::PRO_004052||SUP::SUP_0266,0.8668209294367623
PROD::PRO_004117||SUP::SUP_0266,PROD::PRO_004109||SUP::SUP_0266,0.6887394259803538
PROD::PRO_004117||SUP::SUP_0266,PROD::PRO_004108||SUP::SUP_0266,0.8090094151540274
PROD::PRO_004117||SUP::SUP_0266,PROD::PRO_001277||SUP::SUP_0092,0.5435403629793841
PROD::PRO_004081||SUP::SUP_0266,PROD::PRO_004098||SUP::SUP_0266,0.8129462676048653
PROD::PRO_004081||SUP::SUP_0266,PROD::PRO_004037||SUP::SUP_0266,0.6724555186230963
PROD::PRO_004081||SUP::SUP_0266,PROD::PRO_004101||SUP::SUP_0266,0.6580529680896865
PROD::PRO_004081||SUP::SUP_0266,PROD::PRO_004097||SUP::SUP_0266,0.6318453870430332
PROD::PRO_004081||SUP::SUP_0266,PROD::PRO_004090||SUP::SUP_0266,0.6014553038312638
PROD::PRO_004081||SUP::SUP_0266,PROD::PRO_004665||SUP::SUP_0298,0.5728194358859051
PROD::PRO_004081||SUP::SUP_0266,PROD::PRO_004598||SUP::SUP_0298,0.5860694562368174
PROD::PRO_004081||SUP::SUP_0266,PROD::PRO_000049||SUP::SUP_0019,0.5876552598371159
PROD::PRO_004066||SUP::SUP_0266,PROD::PRO_004067||SUP::SUP_0266,0.7590107454823287
PROD::PRO_004066||SUP::SUP_0266,PROD::PRO_004068||SUP::SUP_0266,0.6899596351468598
PROD::PRO_004066||SUP::SUP_0266,PROD::PRO_004106||SUP::SUP_0266,0.6566239653195122
PROD::PRO_004066||SUP::SUP_0266,PROD::PRO_004039||SUP::SUP_0266,0.6199644977251274
PROD::PRO_004066||SUP::SUP_0266,PROD::PRO_004099||SUP::SUP_0266,0.6174556181874172
PROD::PRO_004066||SUP::SUP_0266,PROD::PRO_004056||SUP::SUP_0266,0.5019490217480403
PROD::PRO_004066||SUP::SUP_0266,PROD::PRO_004058||SUP::SUP_0266,0.3850330628868832
PROD::PRO_004066||SUP::SUP_0266,PROD::PRO_000056||SUP::SUP_0022,0.5153740853109596
PROD::PRO_004106||SUP::SUP_0266,PROD::PRO_004082||SUP::SUP_0266,0.743990810245687
PROD::PRO_004106||SUP::SUP_0266,PROD::PRO_000052||SUP::SUP_0019,0.6484515090177538
PROD::PRO_004106||SUP::SUP_0266,PROD::PRO_002861||SUP::SUP_0160,0.6408950209472835
PROD::PRO_004106||SUP::SUP_0266,PROD::PRO_000056||SUP::SUP_0022,0.4883912532537069
PROD::PRO_004053||SUP::SUP_0266,PROD::PRO_004127||SUP::SUP_0266,0.9983803946026703
PROD::PRO_004053||SUP::SUP_0266,PROD::PRO_004070||SUP::SUP_0266,0.7061261310230943
PROD::PRO_004053||SUP::SUP_0266,PROD::PRO_004004||SUP::SUP_0266,0.6975448694194589
PROD::PRO_004053||SUP::SUP_0266,PROD::PRO_004005||SUP::SUP_0266,0.5843680612022868
PROD::PRO_004053||SUP::SUP_0266,PROD::PRO_004129||SUP::SUP_0266,0.49592845042233846
PROD::PRO_004053||SUP::SUP_0266,PROD::PRO_003988||SUP::SUP_0266,0.32335752225704273
PROD::PRO_004124||SUP::SUP_0266,PROD::PRO_004088||SUP::SUP_0266,0.9290323280069538
PROD::PRO_004124||SUP::SUP_0266,PROD::PRO_004101||SUP::SUP_0266,0.8114318710220302
PROD::PRO_004124||SUP::SUP_0266,PROD::PRO_004063||SUP::SUP_0266,0.6858618661519841
PROD::PRO_004124||SUP::SUP_0266,PROD::PRO_004128||SUP::SUP_0266,0.6312732430373373
PROD::PRO_004124||SUP::SUP_0266,PROD::PRO_004068||SUP::SUP_0266,0.6294714605426857
PROD::PRO_004124||SUP::SUP_0266,PROD::PRO_004656||SUP::SUP_0298,0.5252404387720851
PROD::PRO_004078||SUP::SUP_0266,PROD::PRO_004013||SUP::SUP_0266,0.9647407937224944
PROD::PRO_004078||SUP::SUP_0266,PROD::PRO_004128||SUP::SUP_0266,0.9557883590042764
PROD::PRO_004078||SUP::SUP_0266,PROD::PRO_004095||SUP::SUP_0266,0.9053716734212718
PROD::PRO_004078||SUP::SUP_0266,PROD::PRO_004032||SUP::SUP_0266,0.9029215062268198
PROD::PRO_004078||SUP::SUP_0266,PROD::PRO_004052||SUP::SUP_0266,0.9005399824027316
PROD::PRO_004078||SUP::SUP_0266,PROD::PRO_004116||SUP::SUP_0266,0.8876152955727455
PROD::PRO_004078||SUP::SUP_0266,PROD::PRO_004034||SUP::SUP_0266,0.8720582556085006
PROD::PRO_004078||SUP::SUP_0266,PROD::PRO_004015||SUP::SUP_0266,0.7783762317282017
PROD::PRO_004078||SUP::SUP_0266,PROD::PRO_004012||SUP::SUP_0266,0.8368285397435061
PROD::PRO_004078||SUP::SUP_0266,PROD::PRO_004109||SUP::SUP_0266,0.6545285667094126
PROD::PRO_004078||SUP::SUP_0266,PROD::PRO_004108||SUP::SUP_0266,0.7820188375927561
PROD::PRO_004078||SUP::SUP_0266,PROD::PRO_004096||SUP::SUP_0266,0.8505913608551819
PROD::PRO_004061||SUP::SUP_0266,PROD::PRO_004004||SUP::SUP_0266,0.8722584707713646
PROD::PRO_004061||SUP::SUP_0266,PROD::PRO_004005||SUP::SUP_0266,0.8430848497536718
PROD::PRO_004061||SUP::SUP_0266,PROD::PRO_004068||SUP::SUP_0266,0.8403396608787869
PROD::PRO_004061||SUP::SUP_0266,PROD::PRO_004101||SUP::SUP_0266,0.8219754350182396
PROD::PRO_004061||SUP::SUP_0266,PROD::PRO_004070||SUP::SUP_0266,0.8135150344544018
PROD::PRO_004061||SUP::SUP_0266,PROD::PRO_004088||SUP::SUP_0266,0.7427720978439205
PROD::PRO_004061||SUP::SUP_0266,PROD::PRO_004046||SUP::SUP_0266,0.7026468359872353
PROD::PRO_004043||SUP::SUP_0266,PROD::PRO_004044||SUP::SUP_0266,0.8519291950259428
PROD::PRO_004043||SUP::SUP_0266,PROD::PRO_004046||SUP::SUP_0266,0.7700483731883925
PROD::PRO_004043||SUP::SUP_0266,PROD::PRO_004675||SUP::SUP_0298,0.7504096085329788
PROD::PRO_004043||SUP::SUP_0266,PROD::PRO_004551||SUP::SUP_0298,0.6520868246838138
PROD::PRO_004043||SUP::SUP_0266,PROD::PRO_004619||SUP::SUP_0298,0.6210889216200413
PROD::PRO_004064||SUP::SUP_0266,PROD::PRO_004070||SUP::SUP_0266,0.8416642220092834
PROD::PRO_004064||SUP::SUP_0266,PROD::PRO_004047||SUP::SUP_0266,0.8393616863453606
PROD::PRO_004064||SUP::SUP_0266,PROD::PRO_004090||SUP::SUP_0266,0.8029639516667457
PROD::PRO_004064||SUP::SUP_0266,PROD::PRO_004101||SUP::SUP_0266,0.7776402880762093
PROD::PRO_004064||SUP::SUP_0266,PROD::PRO_004063||SUP::SUP_0266,0.7703797540676889
PROD::PRO_004037||SUP::SUP_0266,PROD::PRO_004097||SUP::SUP_0266,0.8329010974253016
PROD::PRO_004037||SUP::SUP_0266,PROD::PRO_004098||SUP::SUP_0266,0.7366295893467198
PROD::PRO_004037||SUP::SUP_0266,PROD::PRO_004091||SUP::SUP_0266,0.6635144021765452
PROD::PRO_004037||SUP::SUP_0266,PROD::PRO_004077||SUP::SUP_0266,0.5534341774739534
PROD::PRO_004037||SUP::SUP_0266,PROD::PRO_004099||SUP::SUP_0266,0.6355442121625111
PROD::PRO_001768||SUP::SUP_0127,PROD::PRO_001748||SUP::SUP_0127,0.6890207471012156
PROD::PRO_001768||SUP::SUP_0127,PROD::PRO_000067||SUP::SUP_0026,0.604481431912517
PROD::PRO_001768||SUP::SUP_0127,PROD::PRO_000068||SUP::SUP_0026,0.604481431912517
PROD::PRO_001768||SUP::SUP_0127,PROD::PRO_001744||SUP::SUP_0127,0.5920801223124148
PROD::PRO_001768||SUP::SUP_0127,PROD::PRO_001774||SUP::SUP_0127,0.5506711622874686
PROD::PRO_004125||SUP::SUP_0266,PROD::PRO_004126||SUP::SUP_0266,0.9978085876065922
PROD::PRO_004125||SUP::SUP_0266,PROD::PRO_004079||SUP::SUP_0266,0.8482000404669189
PROD::PRO_004125||SUP::SUP_0266,PROD::PRO_004558||SUP::SUP_0298,0.6660905333355606
PROD::PRO_004125||SUP::SUP_0266,PROD::PRO_004602||SUP::SUP_0298,0.6412084012176293
PROD::PRO_004125||SUP::SUP_0266,PROD::PRO_004059||SUP::SUP_0266,0.6366479306679996
PROD::PRO_004125||SUP::SUP_0266,PROD::PRO_004673||SUP::SUP_0298,0.6277218627299005
PROD::PRO_004125||SUP::SUP_0266,PROD::PRO_004057||SUP::SUP_0266,0.6209296560022999
PROD::PRO_004125||SUP::SUP_0266,PROD::PRO_000036||SUP::SUP_0012,0.5052893919948912
PROD::PRO_004126||SUP::SUP_0266,PROD::PRO_004079||SUP::SUP_0266,0.8621286602323686
PROD::PRO_004126||SUP::SUP_0266,PROD::PRO_004558||SUP::SUP_0298,0.646610183790236
PROD::PRO_004126||SUP::SUP_0266,PROD::PRO_004602||SUP::SUP_0298,0.6455774467674242
PROD::PRO_004126||SUP::SUP_0266,PROD::PRO_004673||SUP::SUP_0298,0.6322105495265568
PROD::PRO_004126||SUP::SUP_0266,PROD::PRO_004057||SUP::SUP_0266,0.6271305284187025
PROD::PRO_004126||SUP::SUP_0266,PROD::PRO_004059||SUP::SUP_0266,0.6138658487339411
PROD::PRO_004126||SUP::SUP_0266,PROD::PRO_000036||SUP::SUP_0012,0.5225136458132623
PROD::PRO_004015||SUP::SUP_0266,PROD::PRO_004012||SUP::SUP_0266,0.9408914394864887
PROD::PRO_004015||SUP::SUP_0266,PROD::PRO_004095||SUP::SUP_0266,0.8532952568696077
PROD::PRO_004015||SUP::SUP_0266,PROD::PRO_004096||SUP::SUP_0266,0.8450065241875483
PROD::PRO_004015||SUP::SUP_0266,PROD::PRO_004116||SUP::SUP_0266,0.8160770358908793
PROD::PRO_004015||SUP::SUP_0266,PROD::PRO_004013||SUP::SUP_0266,0.8018776362323962
PROD::PRO_004015||SUP::SUP_0266,PROD::PRO_004128||SUP::SUP_0266,0.791883907865988
PROD::PRO_004015||SUP::SUP_0266,PROD::PRO_004032||SUP::SUP_0266,0.7858866792964878
PROD::PRO_004015||SUP::SUP_0266,PROD::PRO_004006||SUP::SUP_0266,0.5684528131164553
PROD::PRO_004015||SUP::SUP_0266,PROD::PRO_004100||SUP::SUP_0266,0.502298289721847
PROD::PRO_004015||SUP::SUP_0266,PROD::PRO_004099||SUP::SUP_0266,0.6235701134922195
PROD::PRO_004050||SUP::SUP_0266,PROD::PRO_003988||SUP::SUP_0266,0.9918872122954729
PROD::PRO_004050||SUP::SUP_0266,PROD::PRO_004129||SUP::SUP_0266,0.9504553061047949
PROD::PRO_004050||SUP::SUP_0266,PROD::PRO_004557||SUP::SUP_0298,0.8923768678307615
PROD::PRO_004050||SUP::SUP_0266,PROD::PRO_004077||SUP::SUP_0266,0.46252015203846875
PROD::PRO_004050||SUP::SUP_0266,PROD::PRO_004046||SUP::SUP_0266,0.446930119400232
PROD::PRO_004050||SUP::SUP_0266,PROD::PRO_004059||SUP::SUP_0266,0.3617867130546333
PROD::PRO_003986||SUP::SUP_0266,PROD::PRO_004116||SUP::SUP_0266,0.8691390378026679
PROD::PRO_003986||SUP::SUP_0266,PROD::PRO_004034||SUP::SUP_0266,0.8550647030622514
PROD::PRO_003986||SUP::SUP_0266,PROD::PRO_004032||SUP::SUP_0266,0.822484600805244
PROD::PRO_003986||SUP::SUP_0266,PROD::PRO_004096||SUP::SUP_0266,0.776805503108846
PROD::PRO_003986||SUP::SUP_0266,PROD::PRO_004052||SUP::SUP_0266,0.7495846502817505
PROD::PRO_003986||SUP::SUP_0266,PROD::PRO_004095||SUP::SUP_0266,0.7477375273549154
PROD::PRO_003986||SUP::SUP_0266,PROD::PRO_004128||SUP::SUP_0266,0.7184183324971473
PROD::PRO_001748||SUP::SUP_0127,PROD::PRO_001744||SUP::SUP_0127,0.9198106600512469
PROD::PRO_001748||SUP::SUP_0127,PROD::PRO_001774||SUP::SUP_0127,0.8995652145235544
PROD::PRO_001748||SUP::SUP_0127,PROD::PRO_004622||SUP::SUP_0298,0.7519000370478466
PROD::PRO_001748||SUP::SUP_0127,PROD::PRO_000720||SUP::SUP_0048,0.6264149460192101
PROD::PRO_001748||SUP::SUP_0127,PROD::PRO_000719||SUP::SUP_0048,0.5737906660850466
PROD::PRO_001744||SUP::SUP_0127,PROD::PRO_001774||SUP::SUP_0127,0.7862964245357904
PROD::PRO_001744||SUP::SUP_0127,PROD::PRO_000720||SUP::SUP_0048,0.5667348386539284
PROD::PRO_001744||SUP::SUP_0127,PROD::PRO_000719||SUP::SUP_0048,0.5445003146328378
PROD::PRO_003997||SUP::SUP_0266,PROD::PRO_004617||SUP::SUP_0298,0.8612294996364852
PROD::PRO_003997||SUP::SUP_0266,PROD::PRO_001824||SUP::SUP_0133,0.6795088034409732
PROD::PRO_003997||SUP::SUP_0266,PROD::PRO_004533||SUP::SUP_0298,0.6488974382322494
PROD::PRO_003997||SUP::SUP_0266,PROD::PRO_004083||SUP::SUP_0266,0.5249667518499106
PROD::PRO_003997||SUP::SUP_0266,PROD::PRO_004082||SUP::SUP_0266,0.4422977403137768
PROD::PRO_004005||SUP::SUP_0266,PROD::PRO_004004||SUP::SUP_0266,0.9161152227607204
PROD::PRO_004005||SUP::SUP_0266,PROD::PRO_004006||SUP::SUP_0266,0.5766816882629129
PROD::PRO_004005||SUP::SUP_0266,PROD::PRO_004127||SUP::SUP_0266,0.5977258544567845
PROD::PRO_004005||SUP::SUP_0266,PROD::PRO_004011||SUP::SUP_0266,0.6767328681531071
PROD::PRO_004005||SUP::SUP_0266,PROD::PRO_004071||SUP::SUP_0266,0.5727693299568177
PROD::PRO_004004||SUP::SUP_0266,PROD::PRO_004070||SUP::SUP_0266,0.8515933345214325
PROD::PRO_004004||SUP::SUP_0266,PROD::PRO_004127||SUP::SUP_0266,0.7139606236740088
PROD::PRO_004004||SUP::SUP_0266,PROD::PRO_004079||SUP::SUP_0266,0.6082254379512888
PROD::PRO_004004||SUP::SUP_0266,PROD::PRO_004071||SUP::SUP_0266,0.5999462085851246
PROD::PRO_004006||SUP::SUP_0266,PROD::PRO_004099||SUP::SUP_0266,0.7729022056308583
PROD::PRO_004006||SUP::SUP_0266,PROD::PRO_004100||SUP::SUP_0266,0.6053298897025945
PROD::PRO_004082||SUP::SUP_0266,PROD::PRO_004086||SUP::SUP_0266,0.5036166184211145
PROD::PRO_004082||SUP::SUP_0266,PROD::PRO_004083||SUP::SUP_0266,0.6816120040527232
PROD::PRO_004082||SUP::SUP_0266,PROD::PRO_004569||SUP::SUP_0298,0.6562779589979022
PROD::PRO_004116||SUP::SUP_0266,PROD::PRO_004034||SUP::SUP_0266,0.9417532766980566
PROD::PRO_004116||SUP::SUP_0266,PROD::PRO_004096||SUP::SUP_0266,0.9341494155097589
PROD::PRO_004116||SUP::SUP_0266,PROD::PRO_004095||SUP::SUP_0266,0.9292870606957492
PROD::PRO_004116||SUP::SUP_0266,PROD::PRO_004032||SUP::SUP_0266,0.920443378223283
PROD::PRO_004116||SUP::SUP_0266,PROD::PRO_004013||SUP::SUP_0266,0.9035937785762866
PROD::PRO_004116||SUP::SUP_0266,PROD::PRO_004128||SUP::SUP_0266,0.8914094573041605
PROD::PRO_004116||SUP::SUP_0266,PROD::PRO_004052||SUP::SUP_0266,0.8791132354226843
PROD::PRO_004116||SUP::SUP_0266,PROD::PRO_004012||SUP::SUP_0266,0.8314559308867361
PROD::PRO_004116||SUP::SUP_0266,PROD::PRO_004109||SUP::SUP_0266,0.6664110657816368
PROD::PRO_004116||SUP::SUP_0266,PROD::PRO_004108||SUP::SUP_0266,0.7914559081713898
PROD::PRO_004091||SUP::SUP_0266,PROD::PRO_004070||SUP::SUP_0266,0.6797607917378093
PROD::PRO_004091||SUP::SUP_0266,PROD::PRO_004077||SUP::SUP_0266,0.5730425737424432
PROD::PRO_004091||SUP::SUP_0266,PROD::PRO_004631||SUP::SUP_0298,0.45250656671569744
PROD::PRO_004091||SUP::SUP_0266,PROD::PRO_004535||SUP::SUP_0298,0.4686169650152101
PROD::PRO_004013||SUP::SUP_0266,PROD::PRO_004128||SUP::SUP_0266,0.9717330182671549
PROD::PRO_004013||SUP::SUP_0266,PROD::PRO_004095||SUP::SUP_0266,0.9355500292737782
PROD::PRO_004013||SUP::SUP_0266,PROD::PRO_004052||SUP::SUP_0266,0.9207226413939045
PROD::PRO_004013||SUP::SUP_0266,PROD::PRO_004034||SUP::SUP_0266,0.8824838678640425
PROD::PRO_004013||SUP::SUP_0266,PROD::PRO_004012||SUP::SUP_0266,0.8339865201204061
PROD::PRO_004013||SUP::SUP_0266,PROD::PRO_004032||SUP::SUP_0266,0.8624737579753851
PROD::PRO_004013||SUP::SUP_0266,PROD::PRO_004109||SUP::SUP_0266,0.6698570777576351
PROD::PRO_004013||SUP::SUP_0266,PROD::PRO_004108||SUP::SUP_0266,0.8030488518485484
PROD::PRO_004013||SUP::SUP_0266,PROD::PRO_004096||SUP::SUP_0266,0.876499955978513
PROD::PRO_004013||SUP::SUP_0266,PROD::PRO_001277||SUP::SUP_0092,0.5165192567202147
PROD::PRO_004088||SUP::SUP_0266,PROD::PRO_004101||SUP::SUP_0266,0.9266285645363057
PROD::PRO_004088||SUP::SUP_0266,PROD::PRO_004068||SUP::SUP_0266,0.7337880521672004
PROD::PRO_004088||SUP::SUP_0266,PROD::PRO_004070||SUP::SUP_0266,0.7195829851804683
PROD::PRO_004088||SUP::SUP_0266,PROD::PRO_004063||SUP::SUP_0266,0.7124440595313669
PROD::PRO_004059||SUP::SUP_0266,PROD::PRO_004558||SUP::SUP_0298,0.765142965490216
PROD::PRO_004059||SUP::SUP_0266,PROD::PRO_004054||SUP::SUP_0266,0.7517851027002481
PROD::PRO_004059||SUP::SUP_0266,PROD::PRO_004046||SUP::SUP_0266,0.7047944606944211
PROD::PRO_004059||SUP::SUP_0266,PROD::PRO_004604||SUP::SUP_0298,0.42561189575812564
PROD::PRO_004047||SUP::SUP_0266,PROD::PRO_004090||SUP::SUP_0266,0.9740126102289348
PROD::PRO_004047||SUP::SUP_0266,PROD::PRO_004070||SUP::SUP_0266,0.6828607745737789
PROD::PRO_004047||SUP::SUP_0266,PROD::PRO_004101||SUP::SUP_0266,0.6485079977983191
PROD::PRO_004047||SUP::SUP_0266,PROD::PRO_004063||SUP::SUP_0266,0.606674384302305
PROD::PRO_004047||SUP::SUP_0266,PROD::PRO_000049||SUP::SUP_0019,0.43187094409328153
PROD::PRO_004070||SUP::SUP_0266,PROD::PRO_004068||SUP::SUP_0266,0.8416311464307563
PROD::PRO_004070||SUP::SUP_0266,PROD::PRO_004101||SUP::SUP_0266,0.8189657006471652
PROD::PRO_004070||SUP::SUP_0266,PROD::PRO_004090||SUP::SUP_0266,0.7118722576918186
PROD::PRO_004070||SUP::SUP_0266,PROD::PRO_004127||SUP::SUP_0266,0.7223347174602781
PROD::PRO_004070||SUP::SUP_0266,PROD::PRO_004063||SUP::SUP_0266,0.7196597461704214
PROD::PRO_004077||SUP::SUP_0266,PROD::PRO_004600||SUP::SUP_0298,0.7419035502721273
PROD::PRO_004077||SUP::SUP_0266,PROD::PRO_004671||SUP::SUP_0298,0.7408684266429514
PROD::PRO_004077||SUP::SUP_0266,PROD::PRO_000069||SUP::SUP_0026,0.6947704465169837
PROD::PRO_004077||SUP::SUP_0266,PROD::PRO_004129||SUP::SUP_0266,0.4762843934624623
PROD::PRO_004077||SUP::SUP_0266,PROD::PRO_003988||SUP::SUP_0266,0.39947561832410305
PROD::PRO_004129||SUP::SUP_0266,PROD::PRO_003988||SUP::SUP_0266,0.9267393025333703
PROD::PRO_004129||SUP::SUP_0266,PROD::PRO_004557||SUP::SUP_0298,0.795334809779365
PROD::PRO_004129||SUP::SUP_0266,PROD::PRO_004046||SUP::SUP_0266,0.5133883256783719
PROD::PRO_004129||SUP::SUP_0266,PROD::PRO_004127||SUP::SUP_0266,0.5050572101605596
PROD::PRO_004090||SUP::SUP_0266,PROD::PRO_004101||SUP::SUP_0266,0.6320710485512979
PROD::PRO_004090||SUP::SUP_0266,PROD::PRO_004068||SUP::SUP_0266,0.6068437231160562
PROD::PRO_004090||SUP::SUP_0266,PROD::PRO_000054||SUP::SUP_0020,0.3849507971045627
PROD::PRO_004097||SUP::SUP_0266,PROD::PRO_004661||SUP::SUP_0298,0.6464870904904965
PROD::PRO_004097||SUP::SUP_0266,PROD::PRO_004611||SUP::SUP_0298,0.6297227425257057
PROD::PRO_004098||SUP::SUP_0266,PROD::PRO_004598||SUP::SUP_0298,0.8267418676283389
PROD::PRO_004098||SUP::SUP_0266,PROD::PRO_004665||SUP::SUP_0298,0.8147984047827276
PROD::PRO_004098||SUP::SUP_0266,PROD::PRO_004596||SUP::SUP_0298,0.5621737383684411
PROD::PRO_004054||SUP::SUP_0266,PROD::PRO_004046||SUP::SUP_0266,0.739784867426118
PROD::PRO_004054||SUP::SUP_0266,PROD::PRO_004058||SUP::SUP_0266,0.7323256520464059
PROD::PRO_004054||SUP::SUP_0266,PROD::PRO_004055||SUP::SUP_0266,0.7154332096440111
PROD::PRO_004054||SUP::SUP_0266,PROD::PRO_004057||SUP::SUP_0266,0.6842384340439203
PROD::PRO_004054||SUP::SUP_0266,PROD::PRO_004056||SUP::SUP_0266,0.6815573111467437
PROD::PRO_004127||SUP::SUP_0266,PROD::PRO_003988||SUP::SUP_0266,0.33062084894642396
PROD::PRO_004128||SUP::SUP_0266,PROD::PRO_004095||SUP::SUP_0266,0.9172131894700737
PROD::PRO_004128||SUP::SUP_0266,PROD::PRO_004052||SUP::SUP_0266,0.9165647782126894
PROD::PRO_004128||SUP::SUP_0266,PROD::PRO_004032||SUP::SUP_0266,0.8868061462243836
PROD::PRO_004128||SUP::SUP_0266,PROD::PRO_004012||SUP::SUP_0266,0.8247468967203279
PROD::PRO_004128||SUP::SUP_0266,PROD::PRO_004034||SUP::SUP_0266,0.8756011535380063
PROD::PRO_004128||SUP::SUP_0266,PROD::PRO_004108||SUP::SUP_0266,0.7736086820149437
PROD::PRO_004128||SUP::SUP_0266,PROD::PRO_004096||SUP::SUP_0266,0.8590874293435795
PROD::PRO_004011||SUP::SUP_0266,PROD::PRO_004062||SUP::SUP_0266,0.8797185107172181
PROD::PRO_004011||SUP::SUP_0266,PROD::PRO_001090||SUP::SUP_0078,0.6865388345933204
PROD::PRO_004011||SUP::SUP_0266,PROD::PRO_005724||SUP::SUP_0353,0.649963343105421
PROD::PRO_004011||SUP::SUP_0266,PROD::PRO_003993||SUP::SUP_0266,0.648579793693951
PROD::PRO_004011||SUP::SUP_0266,PROD::PRO_000053||SUP::SUP_0019,0.638885263576358
PROD::PRO_004012||SUP::SUP_0266,PROD::PRO_004095||SUP::SUP_0266,0.8374205657616189
PROD::PRO_004012||SUP::SUP_0266,PROD::PRO_004032||SUP::SUP_0266,0.8167629135318998
PROD::PRO_004012||SUP::SUP_0266,PROD::PRO_004096||SUP::SUP_0266,0.8028682817836632
PROD::PRO_004012||SUP::SUP_0266,PROD::PRO_004109||SUP::SUP_0266,0.6402616800469586
PROD::PRO_004034||SUP::SUP_0266,PROD::PRO_004095||SUP::SUP_0266,0.9200050324803143
PROD::PRO_004034||SUP::SUP_0266,PROD::PRO_004096||SUP::SUP_0266,0.9127728718483022
PROD::PRO_004034||SUP::SUP_0266,PROD::PRO_004032||SUP::SUP_0266,0.9073836360642618
PROD::PRO_004034||SUP::SUP_0266,PROD::PRO_004052||SUP::SUP_0266,0.863269979585283
PROD::PRO_004034||SUP::SUP_0266,PROD::PRO_004109||SUP::SUP_0266,0.6539482114512284
PROD::PRO_004034||SUP::SUP_0266,PROD::PRO_004108||SUP::SUP_0266,0.7694889067321851
PROD::PRO_004052||SUP::SUP_0266,PROD::PRO_004095||SUP::SUP_0266,0.8667553356932579
PROD::PRO_004079||SUP::SUP_0266,PROD::PRO_004650||SUP::SUP_0298,0.602922655317168
PROD::PRO_004079||SUP::SUP_0266,PROD::PRO_004602||SUP::SUP_0298,0.6025628508957891
PROD::PRO_004079||SUP::SUP_0266,PROD::PRO_004057||SUP::SUP_0266,0.4887359524902677
PROD::PRO_004079||SUP::SUP_0266,PROD::PRO_004673||SUP::SUP_0298,0.5915763057366059
PROD::PRO_004079||SUP::SUP_0266,PROD::PRO_000036||SUP::SUP_0012,0.5420028203393195
PROD::PRO_004046||SUP::SUP_0266,PROD::PRO_003988||SUP::SUP_0266,0.3710522408167134
PROD::PRO_004046||SUP::SUP_0266,PROD::PRO_004044||SUP::SUP_0266,0.5932777197806611
PROD::PRO_004046||SUP::SUP_0266,PROD::PRO_004675||SUP::SUP_0298,0.478096032123709
PROD::PRO_004046||SUP::SUP_0266,PROD::PRO_004551||SUP::SUP_0298,0.5305722266403065
PROD::PRO_004032||SUP::SUP_0266,PROD::PRO_004096||SUP::SUP_0266,0.8501063246708124
PROD::PRO_004032||SUP::SUP_0266,PROD::PRO_004095||SUP::SUP_0266,0.8499324143505481
PROD::PRO_004109||SUP::SUP_0266,PROD::PRO_004108||SUP::SUP_0266,0.9760697248515147
PROD::PRO_004109||SUP::SUP_0266,PROD::PRO_004095||SUP::SUP_0266,0.6801667683467859
PROD::PRO_004109||SUP::SUP_0266,PROD::PRO_004096||SUP::SUP_0266,0.6656297160373388
PROD::PRO_004109||SUP::SUP_0266,PROD::PRO_000049||SUP::SUP_0019,0.44017185121712576
PROD::PRO_004108||SUP::SUP_0266,PROD::PRO_004095||SUP::SUP_0266,0.8051898152098377
PROD::PRO_004108||SUP::SUP_0266,PROD::PRO_004096||SUP::SUP_0266,0.7841232751670956
PROD::PRO_003988||SUP::SUP_0266,PROD::PRO_004557||SUP::SUP_0298,0.9172203657832231
PROD::PRO_000653||SUP::SUP_0038,PROD::PRO_000654||SUP::SUP_0038,0.8351357641103405
PROD::PRO_000653||SUP::SUP_0038,PROD::PRO_005722||SUP::SUP_0353,0.7736725898837199
PROD::PRO_000653||SUP::SUP_0038,PROD::PRO_000057||SUP::SUP_0022,0.648538418020449
PROD::PRO_000653||SUP::SUP_0038,PROD::PRO_000047||SUP::SUP_0019,0.7004219546778002
PROD::PRO_001763||SUP::SUP_0127,PROD::PRO_001764||SUP::SUP_0127,0.9999999999999997
PROD::PRO_001763||SUP::SUP_0127,PROD::PRO_004706||SUP::SUP_0298,0.5283023051514312
PROD::PRO_001763||SUP::SUP_0127,PROD::PRO_000068||SUP::SUP_0026,0.5221061697823428
PROD::PRO_001763||SUP::SUP_0127,PROD::PRO_000067||SUP::SUP_0026,0.5221061697823428
PROD::PRO_001763||SUP::SUP_0127,PROD::PRO_005201||SUP::SUP_0319,0.5217572540871025
PROD::PRO_001764||SUP::SUP_0127,PROD::PRO_004706||SUP::SUP_0298,0.5283023051514312
PROD::PRO_001764||SUP::SUP_0127,PROD::PRO_000068||SUP::SUP_0026,0.5221061697823428
PROD::PRO_001764||SUP::SUP_0127,PROD::PRO_000067||SUP::SUP_0026,0.5221061697823428
PROD::PRO_001764||SUP::SUP_0127,PROD::PRO_005201||SUP::SUP_0319,0.5217572540871025
PROD::PRO_001787||SUP::SUP_0128,PROD::PRO_001788||SUP::SUP_0128,0.9996163504316486
PROD::PRO_001787||SUP::SUP_0128,PROD::PRO_002859||SUP::SUP_0159,0.7709380643567477
PROD::PRO_001788||SUP::SUP_0128,PROD::PRO_002859||SUP::SUP_0159,0.764002402508173
PROD::PRO_000654||SUP::SUP_0038,PROD::PRO_005722||SUP::SUP_0353,0.7891629095865477
PROD::PRO_000654||SUP::SUP_0038,PROD::PRO_000047||SUP::SUP_0019,0.6391660777556876
PROD::PRO_003932||SUP::SUP_0263,PROD::PRO_003930||SUP::SUP_0263,0.9987517009105
PROD::PRO_003932||SUP::SUP_0263,PROD::PRO_003931||SUP::SUP_0263,0.9954847497643668
PROD::PRO_003932||SUP::SUP_0263,PROD::PRO_003929||SUP::SUP_0263,0.7958637712536781
PROD::PRO_003932||SUP::SUP_0263,PROD::PRO_000045||SUP::SUP_0017,0.39642743306604056
PROD::PRO_003932||SUP::SUP_0263,PROD::PRO_004354||SUP::SUP_0287,0.38849994944941957
PROD::PRO_003932||SUP::SUP_0263,PROD::PRO_004356||SUP::SUP_0287,0.357914885822434
PROD::PRO_003932||SUP::SUP_0263,PROD::PRO_004152||SUP::SUP_0268,0.3313648223413084
PROD::PRO_003929||SUP::SUP_0263,PROD::PRO_003930||SUP::SUP_0263,0.7866640561755647
PROD::PRO_003929||SUP::SUP_0263,PROD::PRO_003931||SUP::SUP_0263,0.7816909499141997
PROD::PRO_003929||SUP::SUP_0263,PROD::PRO_000062||SUP::SUP_0025,0.5371716964773615
PROD::PRO_003929||SUP::SUP_0263,PROD::PRO_000045||SUP::SUP_0017,0.4948699072003897
PROD::PRO_003929||SUP::SUP_0263,PROD::PRO_000058||SUP::SUP_0022,0.44586556644191333
PROD::PRO_003929||SUP::SUP_0263,PROD::PRO_000083||SUP::SUP_0031,0.3953320479521403
PROD::PRO_003930||SUP::SUP_0263,PROD::PRO_003931||SUP::SUP_0263,0.9965799505539293
PROD::PRO_003930||SUP::SUP_0263,PROD::PRO_000045||SUP::SUP_0017,0.4152679211218234
PROD::PRO_003930||SUP::SUP_0263,PROD::PRO_004354||SUP::SUP_0287,0.4101180449324322
PROD::PRO_003930||SUP::SUP_0263,PROD::PRO_004356||SUP::SUP_0287,0.3796109770460788
PROD::PRO_003930||SUP::SUP_0263,PROD::PRO_004152||SUP::SUP_0268,0.3536455414309182
PROD::PRO_003931||SUP::SUP_0263,PROD::PRO_000045||SUP::SUP_0017,0.40338069307996216
PROD::PRO_003931||SUP::SUP_0263,PROD::PRO_004354||SUP::SUP_0287,0.37075432521486573
PROD::PRO_003931||SUP::SUP_0263,PROD::PRO_004356||SUP::SUP_0287,0.34001701823361963
PROD::PRO_003931||SUP::SUP_0263,PROD::PRO_000083||SUP::SUP_0031,0.3264293190750073
PROD::PRO_004062||SUP::SUP_0266,PROD::PRO_002860||SUP::SUP_0160,0.7492773481913838
PROD::PRO_004062||SUP::SUP_0266,PROD::PRO_000053||SUP::SUP_0019,0.742384824173097
PROD::PRO_004062||SUP::SUP_0266,PROD::PRO_003993||SUP::SUP_0266,0.7261652395919939
PROD::PRO_004062||SUP::SUP_0266,PROD::PRO_001090||SUP::SUP_0078,0.7151293713113138
PROD::PRO_004062||SUP::SUP_0266,PROD::PRO_000047||SUP::SUP_0019,0.7128323759595107
PROD::PRO_004062||SUP::SUP_0266,PROD::PRO_005724||SUP::SUP_0353,0.6739469423318261
PROD::PRO_004067||SUP::SUP_0266,PROD::PRO_004039||SUP::SUP_0266,0.7918668628953927
PROD::PRO_004067||SUP::SUP_0266,PROD::PRO_001824||SUP::SUP_0133,0.7256727353166967
PROD::PRO_004067||SUP::SUP_0266,PROD::PRO_004056||SUP::SUP_0266,0.6737843655017424
PROD::PRO_004067||SUP::SUP_0266,PROD::PRO_004100||SUP::SUP_0266,0.5273173639423556
PROD::PRO_004067||SUP::SUP_0266,PROD::PRO_004058||SUP::SUP_0266,0.5075146681930451
PROD::PRO_004067||SUP::SUP_0266,PROD::PRO_004055||SUP::SUP_0266,0.4889318031112516
PROD::PRO_004067||SUP::SUP_0266,PROD::PRO_000056||SUP::SUP_0022,0.5123936623737143
PROD::PRO_001710||SUP::SUP_0122,PROD::PRO_001714||SUP::SUP_0122,0.985499619368483
PROD::PRO_001710||SUP::SUP_0122,PROD::PRO_001712||SUP::SUP_0122,0.4972908988652295
PROD::PRO_001710||SUP::SUP_0122,PROD::PRO_004189||SUP::SUP_0279,0.4342865230821863
PROD::PRO_001712||SUP::SUP_0122,PROD::PRO_001714||SUP::SUP_0122,0.5907762263357104
PROD::PRO_001712||SUP::SUP_0122,PROD::PRO_004189||SUP::SUP_0279,0.5263502009789
PROD::PRO_001712||SUP::SUP_0122,PROD::PRO_000055||SUP::SUP_0021,0.3977431218272309
PROD::PRO_004068||SUP::SUP_0266,PROD::PRO_004101||SUP::SUP_0266,0.8380576935771625
PROD::PRO_004068||SUP::SUP_0266,PROD::PRO_004099||SUP::SUP_0266,0.6317023320783682
PROD::PRO_002859||SUP::SUP_0159,PROD::PRO_000042||SUP::SUP_0016,0.6733692797480346
PROD::PRO_002859||SUP::SUP_0159,PROD::PRO_000039||SUP::SUP_0013,0.6182322242945554
PROD::PRO_002859||SUP::SUP_0159,PROD::PRO_006662||SUP::SUP_0373,0.5144634550644158
PROD::PRO_002859||SUP::SUP_0159,PROD::PRO_000074||SUP::SUP_0027,0.5063200893746982
PROD::PRO_002859||SUP::SUP_0159,PROD::PRO_000069||SUP::SUP_0026,0.49587016960262587
PROD::PRO_004044||SUP::SUP_0266,PROD::PRO_004675||SUP::SUP_0298,0.9210736497129438
PROD::PRO_004044||SUP::SUP_0266,PROD::PRO_004551||SUP::SUP_0298,0.8324821813519357
PROD::PRO_004044||SUP::SUP_0266,PROD::PRO_004619||SUP::SUP_0298,0.7543756513482048
PROD::PRO_004063||SUP::SUP_0266,PROD::PRO_004101||SUP::SUP_0266,0.7952914666361218
PROD::PRO_004039||SUP::SUP_0266,PROD::PRO_004083||SUP::SUP_0266,0.6740301066940311
PROD::PRO_004039||SUP::SUP_0266,PROD::PRO_001824||SUP::SUP_0133,0.5909107820336709
PROD::PRO_004039||SUP::SUP_0266,PROD::PRO_004100||SUP::SUP_0266,0.5163258786595397
PROD::PRO_004039||SUP::SUP_0266,PROD::PRO_004056||SUP::SUP_0266,0.4716983341562667
PROD::PRO_005731||SUP::SUP_0353,PROD::PRO_005724||SUP::SUP_0353,0.9635757370609441
PROD::PRO_005731||SUP::SUP_0353,PROD::PRO_001090||SUP::SUP_0078,0.822143703997589
PROD::PRO_005731||SUP::SUP_0353,PROD::PRO_002860||SUP::SUP_0160,0.7308621781090867
PROD::PRO_005731||SUP::SUP_0353,PROD::PRO_003993||SUP::SUP_0266,0.7183506655059015
PROD::PRO_005731||SUP::SUP_0353,PROD::PRO_000053||SUP::SUP_0019,0.6221634976141223
PROD::PRO_004086||SUP::SUP_0266,PROD::PRO_004643||SUP::SUP_0298,0.7079897094600919
PROD::PRO_004086||SUP::SUP_0266,PROD::PRO_004083||SUP::SUP_0266,0.6725310912375317
PROD::PRO_004086||SUP::SUP_0266,PROD::PRO_004712||SUP::SUP_0298,0.6480998842770096
PROD::PRO_001714||SUP::SUP_0122,PROD::PRO_004189||SUP::SUP_0279,0.4518312569533913
PROD::PRO_003993||SUP::SUP_0266,PROD::PRO_000047||SUP::SUP_0019,0.8614345350328719
PROD::PRO_003993||SUP::SUP_0266,PROD::PRO_001090||SUP::SUP_0078,0.8215097869638139
PROD::PRO_003993||SUP::SUP_0266,PROD::PRO_005724||SUP::SUP_0353,0.7981743681229843
PROD::PRO_003993||SUP::SUP_0266,PROD::PRO_000053||SUP::SUP_0019,0.7978656917620061
PROD::PRO_003993||SUP::SUP_0266,PROD::PRO_002860||SUP::SUP_0160,0.7619765357941066
PROD::PRO_003993||SUP::SUP_0266,PROD::PRO_005722||SUP::SUP_0353,0.7037222365172836
PROD::PRO_003993||SUP::SUP_0266,PROD::PRO_004627||SUP::SUP_0298,0.6256779669317071
PROD::PRO_003993||SUP::SUP_0266,PROD::PRO_000057||SUP::SUP_0022,0.6246634935893505
PROD::PRO_004083||SUP::SUP_0266,PROD::PRO_002861||SUP::SUP_0160,0.6714003112841832
PROD::PRO_004083||SUP::SUP_0266,PROD::PRO_001824||SUP::SUP_0133,0.6078851897516672
PROD::PRO_004083||SUP::SUP_0266,PROD::PRO_000052||SUP::SUP_0019,0.6074351842770129
PROD::PRO_003895||SUP::SUP_0252,PROD::PRO_001197||SUP::SUP_0085,0.8942553289328334
PROD::PRO_003895||SUP::SUP_0252,PROD::PRO_000013||SUP::SUP_0003,0.882086521502093
PROD::PRO_003895||SUP::SUP_0252,PROD::PRO_000010||SUP::SUP_0003,0.8813544946387433
PROD::PRO_003895||SUP::SUP_0252,PROD::PRO_001199||SUP::SUP_0085,0.8767259364650445
PROD::PRO_003895||SUP::SUP_0252,PROD::PRO_001198||SUP::SUP_0085,0.8609080501954286
PROD::PRO_003895||SUP::SUP_0252,PROD::PRO_000018||SUP::SUP_0003,0.8480273534702208
PROD::PRO_003895||SUP::SUP_0252,PROD::PRO_000012||SUP::SUP_0003,0.8185413913359391
PROD::PRO_003895||SUP::SUP_0252,PROD::PRO_004514||SUP::SUP_0292,0.743667573804043
PROD::PRO_003895||SUP::SUP_0252,PROD::PRO_000020||SUP::SUP_0003,0.6641474328039981
PROD::PRO_003895||SUP::SUP_0252,PROD::PRO_000011||SUP::SUP_0003,0.6549119756282962
PROD::PRO_004154||SUP::SUP_0268,PROD::PRO_004242||SUP::SUP_0281,0.8149096438963804
PROD::PRO_004154||SUP::SUP_0268,PROD::PRO_000043||SUP::SUP_0017,0.705002046584083
PROD::PRO_004154||SUP::SUP_0268,PROD::PRO_004153||SUP::SUP_0268,0.6024920852493864
PROD::PRO_004154||SUP::SUP_0268,PROD::PRO_003430||SUP::SUP_0205,0.5827146469805756
PROD::PRO_004154||SUP::SUP_0268,PROD::PRO_000044||SUP::SUP_0017,0.578508830366546
PROD::PRO_004154||SUP::SUP_0268,PROD::PRO_000063||SUP::SUP_0026,0.57038814481235
PROD::PRO_004154||SUP::SUP_0268,PROD::PRO_000064||SUP::SUP_0026,0.5612081940617386
PROD::PRO_004154||SUP::SUP_0268,PROD::PRO_000045||SUP::SUP_0017,0.5542290217102731
PROD::PRO_004154||SUP::SUP_0268,PROD::PRO_000071||SUP::SUP_0026,0.5512633552482069
PROD::PRO_004154||SUP::SUP_0268,PROD::PRO_000072||SUP::SUP_0026,0.5504862856386064
PROD::PRO_004154||SUP::SUP_0268,PROD::PRO_004355||SUP::SUP_0287,0.25021651688209223
PROD::PRO_004154||SUP::SUP_0268,PROD::PRO_004358||SUP::SUP_0287,0.25021651688209223
PROD::PRO_004154||SUP::SUP_0268,PROD::PRO_000065||SUP::SUP_0026,0.547938923856432
PROD::PRO_004100||SUP::SUP_0266,PROD::PRO_004099||SUP::SUP_0266,0.8434114480974345
PROD::PRO_004100||SUP::SUP_0266,PROD::PRO_001824||SUP::SUP_0133,0.6287019827709427
PROD::PRO_004096||SUP::SUP_0266,PROD::PRO_004095||SUP::SUP_0266,0.9776157675727339
PROD::PRO_004056||SUP::SUP_0266,PROD::PRO_004055||SUP::SUP_0266,0.9583880677908796
PROD::PRO_004056||SUP::SUP_0266,PROD::PRO_004058||SUP::SUP_0266,0.953577064082761
PROD::PRO_004056||SUP::SUP_0266,PROD::PRO_004057||SUP::SUP_0266,0.8131619566993628
PROD::PRO_004057||SUP::SUP_0266,PROD::PRO_004058||SUP::SUP_0266,0.8828226766381452
PROD::PRO_004057||SUP::SUP_0266,PROD::PRO_004055||SUP::SUP_0266,0.8721662022199046
PROD::PRO_004058||SUP::SUP_0266,PROD::PRO_004055||SUP::SUP_0266,0.9888081302072244
PROD::PRO_004058||SUP::SUP_0266,PROD::PRO_001824||SUP::SUP_0133,0.3968729640219405
PROD::PRO_004055||SUP::SUP_0266,PROD::PRO_001824||SUP::SUP_0133,0.3686851578700533
PROD::PRO_004514||SUP::SUP_0292,PROD::PRO_001198||SUP::SUP_0085,0.7952543109429299
PROD::PRO_004514||SUP::SUP_0292,PROD::PRO_000010||SUP::SUP_0003,0.7866209603617331
PROD::PRO_004514||SUP::SUP_0292,PROD::PRO_001199||SUP::SUP_0085,0.7590405457734671
PROD::PRO_004514||SUP::SUP_0292,PROD::PRO_001197||SUP::SUP_0085,0.681241619810068
PROD::PRO_004514||SUP::SUP_0292,PROD::PRO_000718||SUP::SUP_0047,0.68073027236705
PROD::PRO_004514||SUP::SUP_0292,PROD::PRO_000061||SUP::SUP_0024,0.6706285883867535
PROD::PRO_004514||SUP::SUP_0292,PROD::PRO_000018||SUP::SUP_0003,0.6679604899541319
PROD::PRO_004514||SUP::SUP_0292,PROD::PRO_000013||SUP::SUP_0003,0.6316039500784516
PROD::PRO_004514||SUP::SUP_0292,PROD::PRO_003175||SUP::SUP_0169,0.6186559383050132
PROD::PRO_004514||SUP::SUP_0292,PROD::PRO_000717||SUP::SUP_0047,0.5978898276684008
PROD::PRO_004514||SUP::SUP_0292,PROD::PRO_000059||SUP::SUP_0023,0.49372276708422624
PROD::PRO_001090||SUP::SUP_0078,PROD::PRO_000053||SUP::SUP_0019,0.9187894171816884
PROD::PRO_001090||SUP::SUP_0078,PROD::PRO_005724||SUP::SUP_0353,0.8934054443522611
PROD::PRO_001090||SUP::SUP_0078,PROD::PRO_002860||SUP::SUP_0160,0.8776331343469724
PROD::PRO_001090||SUP::SUP_0078,PROD::PRO_004627||SUP::SUP_0298,0.641560850200216
PROD::PRO_001090||SUP::SUP_0078,PROD::PRO_004710||SUP::SUP_0298,0.5150917397439798
PROD::PRO_001090||SUP::SUP_0078,PROD::PRO_000047||SUP::SUP_0019,0.6714125114824239
PROD::PRO_004643||SUP::SUP_0298,PROD::PRO_004712||SUP::SUP_0298,0.9836819094898236
PROD::PRO_004643||SUP::SUP_0298,PROD::PRO_004576||SUP::SUP_0298,0.6563388000103978
PROD::PRO_004643||SUP::SUP_0298,PROD::PRO_004636||SUP::SUP_0298,0.6137270561867878
PROD::PRO_004643||SUP::SUP_0298,PROD::PRO_004580||SUP::SUP_0298,0.613685312561559
PROD::PRO_004643||SUP::SUP_0298,PROD::PRO_004647||SUP::SUP_0298,0.5980479397800605
PROD::PRO_004643||SUP::SUP_0298,PROD::PRO_004569||SUP::SUP_0298,0.5959860305703928
PROD::PRO_004643||SUP::SUP_0298,PROD::PRO_004593||SUP::SUP_0298,0.5939489335896158
PROD::PRO_004671||SUP::SUP_0298,PROD::PRO_004600||SUP::SUP_0298,0.9998783626967023
PROD::PRO_004671||SUP::SUP_0298,PROD::PRO_000069||SUP::SUP_0026,0.6295736532728797
PROD::PRO_004671||SUP::SUP_0298,PROD::PRO_000034||SUP::SUP_0012,0.3894962951407175
PROD::PRO_004671||SUP::SUP_0298,PROD::PRO_004673||SUP::SUP_0298,0.329011534064371
PROD::PRO_004600||SUP::SUP_0298,PROD::PRO_000069||SUP::SUP_0026,0.6279764059836963
PROD::PRO_004600||SUP::SUP_0298,PROD::PRO_000034||SUP::SUP_0012,0.38895189717429135
PROD::PRO_004600||SUP::SUP_0298,PROD::PRO_004673||SUP::SUP_0298,0.32017372189729476
PROD::PRO_004611||SUP::SUP_0298,PROD::PRO_004548||SUP::SUP_0298,0.8925446465718364
PROD::PRO_004611||SUP::SUP_0298,PROD::PRO_004578||SUP::SUP_0298,0.830605475861426
PROD::PRO_004611||SUP::SUP_0298,PROD::PRO_004613||SUP::SUP_0298,0.7410462382937845
PROD::PRO_004611||SUP::SUP_0298,PROD::PRO_004553||SUP::SUP_0298,0.6988379344143985
PROD::PRO_004611||SUP::SUP_0298,PROD::PRO_004661||SUP::SUP_0298,0.6803537359570201
PROD::PRO_004611||SUP::SUP_0298,PROD::PRO_004546||SUP::SUP_0298,0.6414833355763881
PROD::PRO_004611||SUP::SUP_0298,PROD::PRO_004665||SUP::SUP_0298,0.5383047731776762
PROD::PRO_004611||SUP::SUP_0298,PROD::PRO_004598||SUP::SUP_0298,0.526432617983108
PROD::PRO_004580||SUP::SUP_0298,PROD::PRO_004567||SUP::SUP_0298,0.932364819928006
PROD::PRO_004580||SUP::SUP_0298,PROD::PRO_004583||SUP::SUP_0298,0.9127395905620301
PROD::PRO_004580||SUP::SUP_0298,PROD::PRO_004561||SUP::SUP_0298,0.8969368216034472
PROD::PRO_004580||SUP::SUP_0298,PROD::PRO_004571||SUP::SUP_0298,0.8833728792519371
PROD::PRO_004580||SUP::SUP_0298,PROD::PRO_004636||SUP::SUP_0298,0.840814932724947
PROD::PRO_004580||SUP::SUP_0298,PROD::PRO_004591||SUP::SUP_0298,0.8282781954310311
PROD::PRO_004580||SUP::SUP_0298,PROD::PRO_004538||SUP::SUP_0298,0.7665995938173118
PROD::PRO_004580||SUP::SUP_0298,PROD::PRO_004609||SUP::SUP_0298,0.7358158158445917
PROD::PRO_004580||SUP::SUP_0298,PROD::PRO_004613||SUP::SUP_0298,0.7354592493459872
PROD::PRO_004580||SUP::SUP_0298,PROD::PRO_004593||SUP::SUP_0298,0.7309238948760384
PROD::PRO_004580||SUP::SUP_0298,PROD::PRO_004663||SUP::SUP_0298,0.6961845112108269
PROD::PRO_004580||SUP::SUP_0298,PROD::PRO_004576||SUP::SUP_0298,0.7053482228495168
PROD::PRO_004580||SUP::SUP_0298,PROD::PRO_004548||SUP::SUP_0298,0.5915126501173705
PROD::PRO_004580||SUP::SUP_0298,PROD::PRO_004578||SUP::SUP_0298,0.655951751889378
PROD::PRO_004580||SUP::SUP_0298,PROD::PRO_004712||SUP::SUP_0298,0.6561063385852325
PROD::PRO_004580||SUP::SUP_0298,PROD::PRO_004659||SUP::SUP_0298,0.6328958456966728
PROD::PRO_004580||SUP::SUP_0298,PROD::PRO_004569||SUP::SUP_0298,0.6775709609745154
PROD::PRO_004613||SUP::SUP_0298,PROD::PRO_004636||SUP::SUP_0298,0.8089027114342241
PROD::PRO_004613||SUP::SUP_0298,PROD::PRO_004591||SUP::SUP_0298,0.7883562185787126
PROD::PRO_004613||SUP::SUP_0298,PROD::PRO_004548||SUP::SUP_0298,0.7827419563750111
PROD::PRO_004613||SUP::SUP_0298,PROD::PRO_004583||SUP::SUP_0298,0.7502736959127968
PROD::PRO_004613||SUP::SUP_0298,PROD::PRO_004578||SUP::SUP_0298,0.7483046286294546
PROD::PRO_004613||SUP::SUP_0298,PROD::PRO_004567||SUP::SUP_0298,0.6917415540015079
PROD::PRO_004613||SUP::SUP_0298,PROD::PRO_004609||SUP::SUP_0298,0.6626089587041704
PROD::PRO_004613||SUP::SUP_0298,PROD::PRO_004561||SUP::SUP_0298,0.6447948849944379
PROD::PRO_004613||SUP::SUP_0298,PROD::PRO_004553||SUP::SUP_0298,0.529348751562654
PROD::PRO_004613||SUP::SUP_0298,PROD::PRO_004546||SUP::SUP_0298,0.509466409404969
PROD::PRO_004613||SUP::SUP_0298,PROD::PRO_004571||SUP::SUP_0298,0.6278346583519993
PROD::PRO_004560||SUP::SUP_0298,PROD::PRO_004669||SUP::SUP_0298,0.7741035042701476
PROD::PRO_004560||SUP::SUP_0298,PROD::PRO_004609||SUP::SUP_0298,0.7391716590474735
PROD::PRO_004560||SUP::SUP_0298,PROD::PRO_004538||SUP::SUP_0298,0.6869002688048469
PROD::PRO_004560||SUP::SUP_0298,PROD::PRO_004576||SUP::SUP_0298,0.6842559035453889
PROD::PRO_004560||SUP::SUP_0298,PROD::PRO_000050||SUP::SUP_0019,0.6647806782186781
PROD::PRO_004560||SUP::SUP_0298,PROD::PRO_000048||SUP::SUP_0019,0.6231549264257316
PROD::PRO_004560||SUP::SUP_0298,PROD::PRO_004555||SUP::SUP_0298,0.6199777869642188
PROD::PRO_004560||SUP::SUP_0298,PROD::PRO_004543||SUP::SUP_0298,0.6142760041342383
PROD::PRO_004560||SUP::SUP_0298,PROD::PRO_004647||SUP::SUP_0298,0.6070783426763496
PROD::PRO_004560||SUP::SUP_0298,PROD::PRO_004656||SUP::SUP_0298,0.5021081834392958
PROD::PRO_004560||SUP::SUP_0298,PROD::PRO_000051||SUP::SUP_0019,0.48110772232988563
PROD::PRO_004560||SUP::SUP_0298,PROD::PRO_000058||SUP::SUP_0022,0.3901097048468336
PROD::PRO_004553||SUP::SUP_0298,PROD::PRO_004546||SUP::SUP_0298,0.9809360123326302
PROD::PRO_004553||SUP::SUP_0298,PROD::PRO_004578||SUP::SUP_0298,0.813189267180387
PROD::PRO_004553||SUP::SUP_0298,PROD::PRO_004548||SUP::SUP_0298,0.7907590989923915
PROD::PRO_004553||SUP::SUP_0298,PROD::PRO_004571||SUP::SUP_0298,0.4523708217444855
PROD::PRO_004553||SUP::SUP_0298,PROD::PRO_004636||SUP::SUP_0298,0.4517680880454824
PROD::PRO_004553||SUP::SUP_0298,PROD::PRO_004561||SUP::SUP_0298,0.4493742320352243
PROD::PRO_004596||SUP::SUP_0298,PROD::PRO_004688||SUP::SUP_0298,0.8072761488987852
PROD::PRO_004596||SUP::SUP_0298,PROD::PRO_004585||SUP::SUP_0298,0.7642832716990258
PROD::PRO_004596||SUP::SUP_0298,PROD::PRO_004665||SUP::SUP_0298,0.6674080279372154
PROD::PRO_004596||SUP::SUP_0298,PROD::PRO_004598||SUP::SUP_0298,0.6569725602827262
PROD::PRO_004596||SUP::SUP_0298,PROD::PRO_004659||SUP::SUP_0298,0.6142997957601661
PROD::PRO_004596||SUP::SUP_0298,PROD::PRO_004627||SUP::SUP_0298,0.6026511932431876
PROD::PRO_004634||SUP::SUP_0298,PROD::PRO_004677||SUP::SUP_0298,0.7904907685710001
PROD::PRO_004634||SUP::SUP_0298,PROD::PRO_004538||SUP::SUP_0298,0.7435820262697391
PROD::PRO_004634||SUP::SUP_0298,PROD::PRO_004638||SUP::SUP_0298,0.7340822099221584
PROD::PRO_004634||SUP::SUP_0298,PROD::PRO_004573||SUP::SUP_0298,0.732589939832359
PROD::PRO_004634||SUP::SUP_0298,PROD::PRO_004583||SUP::SUP_0298,0.713412383539624
PROD::PRO_004634||SUP::SUP_0298,PROD::PRO_004529||SUP::SUP_0298,0.6938980890918325
PROD::PRO_004634||SUP::SUP_0298,PROD::PRO_004663||SUP::SUP_0298,0.6912225667777736
PROD::PRO_004634||SUP::SUP_0298,PROD::PRO_004585||SUP::SUP_0298,0.6882747880113698
PROD::PRO_004634||SUP::SUP_0298,PROD::PRO_004606||SUP::SUP_0298,0.6702340125790429
PROD::PRO_004634||SUP::SUP_0298,PROD::PRO_004647||SUP::SUP_0298,0.6628319063242055
PROD::PRO_004634||SUP::SUP_0298,PROD::PRO_004604||SUP::SUP_0298,0.5841670105090021
PROD::PRO_004634||SUP::SUP_0298,PROD::PRO_004688||SUP::SUP_0298,0.6213252221579305
PROD::PRO_004634||SUP::SUP_0298,PROD::PRO_004710||SUP::SUP_0298,0.5686752112824736
PROD::PRO_004634||SUP::SUP_0298,PROD::PRO_004558||SUP::SUP_0298,0.6303358556811304
PROD::PRO_004634||SUP::SUP_0298,PROD::PRO_001851||SUP::SUP_0136,0.26593622925970983
PROD::PRO_004675||SUP::SUP_0298,PROD::PRO_004551||SUP::SUP_0298,0.9235067622821267
PROD::PRO_004675||SUP::SUP_0298,PROD::PRO_004619||SUP::SUP_0298,0.8381619725579642
PROD::PRO_004675||SUP::SUP_0298,PROD::PRO_004710||SUP::SUP_0298,0.258439366753034
PROD::PRO_004585||SUP::SUP_0298,PROD::PRO_004688||SUP::SUP_0298,0.9752998885593666
PROD::PRO_004585||SUP::SUP_0298,PROD::PRO_004583||SUP::SUP_0298,0.7221304455161962
PROD::PRO_004585||SUP::SUP_0298,PROD::PRO_004659||SUP::SUP_0298,0.7182175761339676
PROD::PRO_004585||SUP::SUP_0298,PROD::PRO_004538||SUP::SUP_0298,0.6784678024235975
PROD::PRO_004585||SUP::SUP_0298,PROD::PRO_004529||SUP::SUP_0298,0.65451585085285
PROD::PRO_004585||SUP::SUP_0298,PROD::PRO_004677||SUP::SUP_0298,0.618653234596453
PROD::PRO_004585||SUP::SUP_0298,PROD::PRO_004591||SUP::SUP_0298,0.6169012723419307
PROD::PRO_004585||SUP::SUP_0298,PROD::PRO_004627||SUP::SUP_0298,0.6147924231136204
PROD::PRO_004585||SUP::SUP_0298,PROD::PRO_004604||SUP::SUP_0298,0.5596059040528679
PROD::PRO_004585||SUP::SUP_0298,PROD::PRO_004606||SUP::SUP_0298,0.6113867782212086
PROD::PRO_004585||SUP::SUP_0298,PROD::PRO_004665||SUP::SUP_0298,0.4340269570105927
PROD::PRO_004585||SUP::SUP_0298,PROD::PRO_004598||SUP::SUP_0298,0.4139909366263794
PROD::PRO_004663||SUP::SUP_0298,PROD::PRO_004593||SUP::SUP_0298,0.9080958965362245
PROD::PRO_004663||SUP::SUP_0298,PROD::PRO_004529||SUP::SUP_0298,0.8858263075510742
PROD::PRO_004663||SUP::SUP_0298,PROD::PRO_004538||SUP::SUP_0298,0.8544145971182012
PROD::PRO_004663||SUP::SUP_0298,PROD::PRO_004576||SUP::SUP_0298,0.8162144039290788
PROD::PRO_004663||SUP::SUP_0298,PROD::PRO_004583||SUP::SUP_0298,0.7660796879129469
PROD::PRO_004663||SUP::SUP_0298,PROD::PRO_004638||SUP::SUP_0298,0.7564585368843044
PROD::PRO_004663||SUP::SUP_0298,PROD::PRO_004555||SUP::SUP_0298,0.7441124852453203
PROD::PRO_004663||SUP::SUP_0298,PROD::PRO_004609||SUP::SUP_0298,0.7311095811194259
PROD::PRO_004663||SUP::SUP_0298,PROD::PRO_004591||SUP::SUP_0298,0.7126872886372714
PROD::PRO_004663||SUP::SUP_0298,PROD::PRO_004543||SUP::SUP_0298,0.48194608835119057
PROD::PRO_004663||SUP::SUP_0298,PROD::PRO_004673||SUP::SUP_0298,0.480825281160143
PROD::PRO_004663||SUP::SUP_0298,PROD::PRO_004602||SUP::SUP_0298,0.48537078299353653
PROD::PRO_004663||SUP::SUP_0298,PROD::PRO_004647||SUP::SUP_0298,0.6531759807436328
PROD::PRO_004663||SUP::SUP_0298,PROD::PRO_004627||SUP::SUP_0298,0.6961744462835516
PROD::PRO_004663||SUP::SUP_0298,PROD::PRO_004650||SUP::SUP_0298,0.6912337805823237
PROD::PRO_004663||SUP::SUP_0298,PROD::PRO_004569||SUP::SUP_0298,0.6162941132326655
PROD::PRO_004543||SUP::SUP_0298,PROD::PRO_000051||SUP::SUP_0019,0.829630536795431
PROD::PRO_004543||SUP::SUP_0298,PROD::PRO_001277||SUP::SUP_0092,0.6219319624227956
PROD::PRO_004543||SUP::SUP_0298,PROD::PRO_004071||SUP::SUP_0266,0.5206810532032967
PROD::PRO_004543||SUP::SUP_0298,PROD::PRO_004555||SUP::SUP_0298,0.5019007121566799
PROD::PRO_004543||SUP::SUP_0298,PROD::PRO_000048||SUP::SUP_0019,0.4934312365538427
PROD::PRO_004543||SUP::SUP_0298,PROD::PRO_004593||SUP::SUP_0298,0.47750322552211877
PROD::PRO_004604||SUP::SUP_0298,PROD::PRO_004606||SUP::SUP_0298,0.7649578689581544
PROD::PRO_004604||SUP::SUP_0298,PROD::PRO_004677||SUP::SUP_0298,0.6734717177694916
PROD::PRO_004604||SUP::SUP_0298,PROD::PRO_004558||SUP::SUP_0298,0.4999385822557265
PROD::PRO_004604||SUP::SUP_0298,PROD::PRO_004688||SUP::SUP_0298,0.4417655965655971
PROD::PRO_004604||SUP::SUP_0298,PROD::PRO_004583||SUP::SUP_0298,0.43462211329001965
PROD::PRO_004636||SUP::SUP_0298,PROD::PRO_004591||SUP::SUP_0298,0.8776855246854647
PROD::PRO_004636||SUP::SUP_0298,PROD::PRO_004583||SUP::SUP_0298,0.8375692277727724
PROD::PRO_004636||SUP::SUP_0298,PROD::PRO_004567||SUP::SUP_0298,0.7974343795440751
PROD::PRO_004636||SUP::SUP_0298,PROD::PRO_004609||SUP::SUP_0298,0.7742312754634884
PROD::PRO_004636||SUP::SUP_0298,PROD::PRO_004538||SUP::SUP_0298,0.7431120225178512
PROD::PRO_004636||SUP::SUP_0298,PROD::PRO_004561||SUP::SUP_0298,0.7243165872025642
PROD::PRO_004636||SUP::SUP_0298,PROD::PRO_004571||SUP::SUP_0298,0.7240592394212375
PROD::PRO_004636||SUP::SUP_0298,PROD::PRO_004576||SUP::SUP_0298,0.6765999506097274
PROD::PRO_004636||SUP::SUP_0298,PROD::PRO_004647||SUP::SUP_0298,0.6377781021741782
PROD::PRO_004636||SUP::SUP_0298,PROD::PRO_004533||SUP::SUP_0298,0.6156266150965146
PROD::PRO_004636||SUP::SUP_0298,PROD::PRO_004548||SUP::SUP_0298,0.555746496478515
PROD::PRO_004636||SUP::SUP_0298,PROD::PRO_004546||SUP::SUP_0298,0.48141431495286235
PROD::PRO_004636||SUP::SUP_0298,PROD::PRO_004712||SUP::SUP_0298,0.647798702307864
PROD::PRO_004673||SUP::SUP_0298,PROD::PRO_004602||SUP::SUP_0298,0.9993800986598705
PROD::PRO_004673||SUP::SUP_0298,PROD::PRO_000036||SUP::SUP_0012,0.620639100341464
PROD::PRO_004673||SUP::SUP_0298,PROD::PRO_004650||SUP::SUP_0298,0.5960392039548772
PROD::PRO_004673||SUP::SUP_0298,PROD::PRO_004677||SUP::SUP_0298,0.5060373343792643
PROD::PRO_004602||SUP::SUP_0298,PROD::PRO_000036||SUP::SUP_0012,0.625996198865033
PROD::PRO_004602||SUP::SUP_0298,PROD::PRO_004650||SUP::SUP_0298,0.6049993143704759
PROD::PRO_004602||SUP::SUP_0298,PROD::PRO_004677||SUP::SUP_0298,0.5143318749299234
PROD::PRO_004647||SUP::SUP_0298,PROD::PRO_004538||SUP::SUP_0298,0.8354261107246068
PROD::PRO_004647||SUP::SUP_0298,PROD::PRO_004609||SUP::SUP_0298,0.7707028816634265
PROD::PRO_004647||SUP::SUP_0298,PROD::PRO_004573||SUP::SUP_0298,0.7415954910001041
PROD::PRO_004647||SUP::SUP_0298,PROD::PRO_004583||SUP::SUP_0298,0.7364312213991175
PROD::PRO_004647||SUP::SUP_0298,PROD::PRO_004576||SUP::SUP_0298,0.6877990035767543
PROD::PRO_004647||SUP::SUP_0298,PROD::PRO_004606||SUP::SUP_0298,0.6466664379727158
PROD::PRO_004647||SUP::SUP_0298,PROD::PRO_004638||SUP::SUP_0298,0.6416569582213061
PROD::PRO_004647||SUP::SUP_0298,PROD::PRO_004656||SUP::SUP_0298,0.48303346593445196
PROD::PRO_004647||SUP::SUP_0298,PROD::PRO_004712||SUP::SUP_0298,0.6319116688072769
PROD::PRO_004591||SUP::SUP_0298,PROD::PRO_004583||SUP::SUP_0298,0.8791024283732929
PROD::PRO_004591||SUP::SUP_0298,PROD::PRO_004567||SUP::SUP_0298,0.818501500706615
PROD::PRO_004591||SUP::SUP_0298,PROD::PRO_004529||SUP::SUP_0298,0.7628206691907445
PROD::PRO_004591||SUP::SUP_0298,PROD::PRO_004659||SUP::SUP_0298,0.7561921633715117
PROD::PRO_004591||SUP::SUP_0298,PROD::PRO_004538||SUP::SUP_0298,0.7524439634239397
PROD::PRO_004591||SUP::SUP_0298,PROD::PRO_004533||SUP::SUP_0298,0.7516090228355738
PROD::PRO_004591||SUP::SUP_0298,PROD::PRO_004609||SUP::SUP_0298,0.7128144531177625
PROD::PRO_004591||SUP::SUP_0298,PROD::PRO_004688||SUP::SUP_0298,0.6540624918860984
PROD::PRO_004591||SUP::SUP_0298,PROD::PRO_004617||SUP::SUP_0298,0.4411580870890408
PROD::PRO_004591||SUP::SUP_0298,PROD::PRO_004593||SUP::SUP_0298,0.7010325405391147
PROD::PRO_004591||SUP::SUP_0298,PROD::PRO_004571||SUP::SUP_0298,0.6838860590269826
PROD::PRO_004591||SUP::SUP_0298,PROD::PRO_004561||SUP::SUP_0298,0.6864011338771763
PROD::PRO_004591||SUP::SUP_0298,PROD::PRO_004569||SUP::SUP_0298,0.6169736675192095
PROD::PRO_004557||SUP::SUP_0298,PROD::PRO_004710||SUP::SUP_0298,0.38458259796512384
PROD::PRO_004557||SUP::SUP_0298,PROD::PRO_004558||SUP::SUP_0298,0.37258652840864104
PROD::PRO_004557||SUP::SUP_0298,PROD::PRO_004677||SUP::SUP_0298,0.3591106296634028
PROD::PRO_004557||SUP::SUP_0298,PROD::PRO_004638||SUP::SUP_0298,0.35878674603918714
PROD::PRO_004557||SUP::SUP_0298,PROD::PRO_004538||SUP::SUP_0298,0.32289001364850556
PROD::PRO_004557||SUP::SUP_0298,PROD::PRO_004609||SUP::SUP_0298,0.32161017943284187
PROD::PRO_004533||SUP::SUP_0298,PROD::PRO_004617||SUP::SUP_0298,0.6689065366156254
PROD::PRO_004533||SUP::SUP_0298,PROD::PRO_001824||SUP::SUP_0133,0.660179436775488
PROD::PRO_004533||SUP::SUP_0298,PROD::PRO_004659||SUP::SUP_0298,0.5951845913773489
PROD::PRO_004688||SUP::SUP_0298,PROD::PRO_004659||SUP::SUP_0298,0.750324066341337
PROD::PRO_004688||SUP::SUP_0298,PROD::PRO_004583||SUP::SUP_0298,0.6951385498043313
PROD::PRO_004688||SUP::SUP_0298,PROD::PRO_004529||SUP::SUP_0298,0.6557218785101799
PROD::PRO_004688||SUP::SUP_0298,PROD::PRO_004538||SUP::SUP_0298,0.6399497590339549
PROD::PRO_004688||SUP::SUP_0298,PROD::PRO_004627||SUP::SUP_0298,0.6293563155082404
PROD::PRO_004688||SUP::SUP_0298,PROD::PRO_004665||SUP::SUP_0298,0.5092165289355511
PROD::PRO_004688||SUP::SUP_0298,PROD::PRO_004598||SUP::SUP_0298,0.487957683769364
PROD::PRO_004617||SUP::SUP_0298,PROD::PRO_004659||SUP::SUP_0298,0.4709939788268659
PROD::PRO_004617||SUP::SUP_0298,PROD::PRO_004569||SUP::SUP_0298,0.4681412969316592
PROD::PRO_004576||SUP::SUP_0298,PROD::PRO_004538||SUP::SUP_0298,0.8841937948619747
PROD::PRO_004576||SUP::SUP_0298,PROD::PRO_004593||SUP::SUP_0298,0.8102862949330613
PROD::PRO_004576||SUP::SUP_0298,PROD::PRO_004609||SUP::SUP_0298,0.8089489494382858
PROD::PRO_004576||SUP::SUP_0298,PROD::PRO_004529||SUP::SUP_0298,0.7558450471466703
PROD::PRO_004576||SUP::SUP_0298,PROD::PRO_004583||SUP::SUP_0298,0.7365926795239534
PROD::PRO_004576||SUP::SUP_0298,PROD::PRO_004669||SUP::SUP_0298,0.7322021622245661
PROD::PRO_004576||SUP::SUP_0298,PROD::PRO_004638||SUP::SUP_0298,0.7318854336833761
PROD::PRO_004576||SUP::SUP_0298,PROD::PRO_004712||SUP::SUP_0298,0.7103539240866124
PROD::PRO_004576||SUP::SUP_0298,PROD::PRO_004573||SUP::SUP_0298,0.6489819860371401
PROD::PRO_004576||SUP::SUP_0298,PROD::PRO_004555||SUP::SUP_0298,0.6738623025184858
PROD::PRO_004576||SUP::SUP_0298,PROD::PRO_004619||SUP::SUP_0298,0.5574823508173181
PROD::PRO_004576||SUP::SUP_0298,PROD::PRO_004569||SUP::SUP_0298,0.6656654116358652
PROD::PRO_004627||SUP::SUP_0298,PROD::PRO_004659||SUP::SUP_0298,0.8075692026439414
PROD::PRO_004627||SUP::SUP_0298,PROD::PRO_004593||SUP::SUP_0298,0.7712275911847688
PROD::PRO_004627||SUP::SUP_0298,PROD::PRO_004555||SUP::SUP_0298,0.7389491943219374
PROD::PRO_004627||SUP::SUP_0298,PROD::PRO_004650||SUP::SUP_0298,0.7385973506058713
PROD::PRO_004627||SUP::SUP_0298,PROD::PRO_004529||SUP::SUP_0298,0.732509896834084
PROD::PRO_004627||SUP::SUP_0298,PROD::PRO_002860||SUP::SUP_0160,0.6555014706972456
PROD::PRO_004538||SUP::SUP_0298,PROD::PRO_004609||SUP::SUP_0298,0.9401400751917286
PROD::PRO_004538||SUP::SUP_0298,PROD::PRO_004583||SUP::SUP_0298,0.8682332005007336
PROD::PRO_004538||SUP::SUP_0298,PROD::PRO_004593||SUP::SUP_0298,0.8231363183528871
PROD::PRO_004538||SUP::SUP_0298,PROD::PRO_004529||SUP::SUP_0298,0.8227330559724034
PROD::PRO_004538||SUP::SUP_0298,PROD::PRO_004638||SUP::SUP_0298,0.8006266978255295
PROD::PRO_004538||SUP::SUP_0298,PROD::PRO_004573||SUP::SUP_0298,0.7999145025686006
PROD::PRO_004538||SUP::SUP_0298,PROD::PRO_004555||SUP::SUP_0298,0.6163178204846861
PROD::PRO_004538||SUP::SUP_0298,PROD::PRO_004606||SUP::SUP_0298,0.7009823299349999
PROD::PRO_004538||SUP::SUP_0298,PROD::PRO_004677||SUP::SUP_0298,0.6969480289574894
PROD::PRO_004538||SUP::SUP_0298,PROD::PRO_004656||SUP::SUP_0298,0.49644820716238414
PROD::PRO_004538||SUP::SUP_0298,PROD::PRO_004710||SUP::SUP_0298,0.5203096968755954
PROD::PRO_004538||SUP::SUP_0298,PROD::PRO_004631||SUP::SUP_0298,0.2506711351981
PROD::PRO_004538||SUP::SUP_0298,PROD::PRO_004567||SUP::SUP_0298,0.6617274994103017
PROD::PRO_004538||SUP::SUP_0298,PROD::PRO_004561||SUP::SUP_0298,0.6234927441938908
PROD::PRO_004538||SUP::SUP_0298,PROD::PRO_004669||SUP::SUP_0298,0.6584603969787675
PROD::PRO_004538||SUP::SUP_0298,PROD::PRO_004619||SUP::SUP_0298,0.575850698865999
PROD::PRO_004538||SUP::SUP_0298,PROD::PRO_004712||SUP::SUP_0298,0.6316238137834899
PROD::PRO_004538||SUP::SUP_0298,PROD::PRO_004535||SUP::SUP_0298,0.3620959006624379
PROD::PRO_004593||SUP::SUP_0298,PROD::PRO_004555||SUP::SUP_0298,0.8742194516675136
PROD::PRO_004593||SUP::SUP_0298,PROD::PRO_004529||SUP::SUP_0298,0.8448545359842585
PROD::PRO_004593||SUP::SUP_0298,PROD::PRO_004583||SUP::SUP_0298,0.7274602442592576
PROD::PRO_004593||SUP::SUP_0298,PROD::PRO_004609||SUP::SUP_0298,0.7099173862530326
PROD::PRO_004593||SUP::SUP_0298,PROD::PRO_004638||SUP::SUP_0298,0.6869099276495049
PROD::PRO_004593||SUP::SUP_0298,PROD::PRO_004650||SUP::SUP_0298,0.6907431684315266
PROD::PRO_004593||SUP::SUP_0298,PROD::PRO_004571||SUP::SUP_0298,0.6483890405709659
PROD::PRO_004593||SUP::SUP_0298,PROD::PRO_004567||SUP::SUP_0298,0.681455350441229
PROD::PRO_004593||SUP::SUP_0298,PROD::PRO_004561||SUP::SUP_0298,0.6604763175006405
PROD::PRO_004593||SUP::SUP_0298,PROD::PRO_004669||SUP::SUP_0298,0.5996460008495254
PROD::PRO_004593||SUP::SUP_0298,PROD::PRO_004712||SUP::SUP_0298,0.6138438220811381
PROD::PRO_004593||SUP::SUP_0298,PROD::PRO_004659||SUP::SUP_0298,0.6171409853142219
PROD::PRO_004593||SUP::SUP_0298,PROD::PRO_004569||SUP::SUP_0298,0.6314072879003134
PROD::PRO_004573||SUP::SUP_0298,PROD::PRO_004638||SUP::SUP_0298,0.7601509814746085
PROD::PRO_004573||SUP::SUP_0298,PROD::PRO_004609||SUP::SUP_0298,0.7547192856934093
PROD::PRO_004573||SUP::SUP_0298,PROD::PRO_004606||SUP::SUP_0298,0.7353158734855314
PROD::PRO_004573||SUP::SUP_0298,PROD::PRO_004583||SUP::SUP_0298,0.6740563507181978
PROD::PRO_004573||SUP::SUP_0298,PROD::PRO_004656||SUP::SUP_0298,0.6731065681848274
PROD::PRO_004573||SUP::SUP_0298,PROD::PRO_004677||SUP::SUP_0298,0.6273925274456669
PROD::PRO_004573||SUP::SUP_0298,PROD::PRO_004649||SUP::SUP_0298,0.48627948533533416
PROD::PRO_004573||SUP::SUP_0298,PROD::PRO_004669||SUP::SUP_0298,0.623343487185224
PROD::PRO_004573||SUP::SUP_0298,PROD::PRO_000066||SUP::SUP_0026,0.5431810924671859
PROD::PRO_004573||SUP::SUP_0298,PROD::PRO_000058||SUP::SUP_0022,0.3969131482710829
PROD::PRO_004609||SUP::SUP_0298,PROD::PRO_004583||SUP::SUP_0298,0.8254921302357057
PROD::PRO_004609||SUP::SUP_0298,PROD::PRO_004638||SUP::SUP_0298,0.7426520519031244
PROD::PRO_004609||SUP::SUP_0298,PROD::PRO_004606||SUP::SUP_0298,0.7006512191207652
PROD::PRO_004609||SUP::SUP_0298,PROD::PRO_004677||SUP::SUP_0298,0.6293974528250585
PROD::PRO_004609||SUP::SUP_0298,PROD::PRO_004529||SUP::SUP_0298,0.7057837916643146
PROD::PRO_004609||SUP::SUP_0298,PROD::PRO_004649||SUP::SUP_0298,0.45514881509028804
PROD::PRO_004609||SUP::SUP_0298,PROD::PRO_004669||SUP::SUP_0298,0.6196155403857027
PROD::PRO_004609||SUP::SUP_0298,PROD::PRO_004619||SUP::SUP_0298,0.5899492517452166
PROD::PRO_004555||SUP::SUP_0298,PROD::PRO_004529||SUP::SUP_0298,0.7170019962037716
PROD::PRO_004555||SUP::SUP_0298,PROD::PRO_004669||SUP::SUP_0298,0.70072283004397
PROD::PRO_004555||SUP::SUP_0298,PROD::PRO_004650||SUP::SUP_0298,0.6997682789588168
PROD::PRO_004555||SUP::SUP_0298,PROD::PRO_004659||SUP::SUP_0298,0.5749482241609132
PROD::PRO_004555||SUP::SUP_0298,PROD::PRO_000048||SUP::SUP_0019,0.5475750092758744
PROD::PRO_004606||SUP::SUP_0298,PROD::PRO_004677||SUP::SUP_0298,0.7333676868044676
PROD::PRO_004606||SUP::SUP_0298,PROD::PRO_004583||SUP::SUP_0298,0.6796977299242024
PROD::PRO_004606||SUP::SUP_0298,PROD::PRO_004638||SUP::SUP_0298,0.5926394490387057
PROD::PRO_004606||SUP::SUP_0298,PROD::PRO_004558||SUP::SUP_0298,0.5133224700029702
PROD::PRO_004677||SUP::SUP_0298,PROD::PRO_004558||SUP::SUP_0298,0.8659354247674828
PROD::PRO_004677||SUP::SUP_0298,PROD::PRO_004583||SUP::SUP_0298,0.6768677888251999
PROD::PRO_004677||SUP::SUP_0298,PROD::PRO_004638||SUP::SUP_0298,0.6709335167294147
PROD::PRO_004677||SUP::SUP_0298,PROD::PRO_004710||SUP::SUP_0298,0.655241810568411
PROD::PRO_004656||SUP::SUP_0298,PROD::PRO_004649||SUP::SUP_0298,0.5433442120949218
PROD::PRO_004656||SUP::SUP_0298,PROD::PRO_004638||SUP::SUP_0298,0.5241999021613091
PROD::PRO_004656||SUP::SUP_0298,PROD::PRO_000058||SUP::SUP_0022,0.47468166518208
PROD::PRO_004656||SUP::SUP_0298,PROD::PRO_000062||SUP::SUP_0025,0.44878595031742174
PROD::PRO_004548||SUP::SUP_0298,PROD::PRO_004578||SUP::SUP_0298,0.8860461298036086
PROD::PRO_004548||SUP::SUP_0298,PROD::PRO_004546||SUP::SUP_0298,0.7790402566098331
PROD::PRO_004548||SUP::SUP_0298,PROD::PRO_004661||SUP::SUP_0298,0.752577651141304
PROD::PRO_004546||SUP::SUP_0298,PROD::PRO_004578||SUP::SUP_0298,0.7518529787641482
PROD::PRO_004546||SUP::SUP_0298,PROD::PRO_004571||SUP::SUP_0298,0.43891782122362955
PROD::PRO_004546||SUP::SUP_0298,PROD::PRO_004561||SUP::SUP_0298,0.4304397377714797
PROD::PRO_004575||SUP::SUP_0298,PROD::PRO_000050||SUP::SUP_0019,0.6463192487423374
PROD::PRO_004575||SUP::SUP_0298,PROD::PRO_000048||SUP::SUP_0019,0.6199244773846666
PROD::PRO_004575||SUP::SUP_0298,PROD::PRO_004669||SUP::SUP_0298,0.583123063383533
PROD::PRO_004710||SUP::SUP_0298,PROD::PRO_004638||SUP::SUP_0298,0.662665310602975
PROD::PRO_004710||SUP::SUP_0298,PROD::PRO_004558||SUP::SUP_0298,0.6549474464089804
PROD::PRO_004710||SUP::SUP_0298,PROD::PRO_002860||SUP::SUP_0160,0.5117473440716919
PROD::PRO_004710||SUP::SUP_0298,PROD::PRO_004529||SUP::SUP_0298,0.5116451011183752
PROD::PRO_004710||SUP::SUP_0298,PROD::PRO_004551||SUP::SUP_0298,0.4926930224039463
PROD::PRO_004558||SUP::SUP_0298,PROD::PRO_004638||SUP::SUP_0298,0.5174233764992815
PROD::PRO_004638||SUP::SUP_0298,PROD::PRO_004583||SUP::SUP_0298,0.7896812912123542
PROD::PRO_004638||SUP::SUP_0298,PROD::PRO_004529||SUP::SUP_0298,0.7456945961391813
PROD::PRO_004638||SUP::SUP_0298,PROD::PRO_004669||SUP::SUP_0298,0.6725453800933626
PROD::PRO_004638||SUP::SUP_0298,PROD::PRO_004551||SUP::SUP_0298,0.521408933213519
PROD::PRO_004638||SUP::SUP_0298,PROD::PRO_004631||SUP::SUP_0298,0.26054569344995826
PROD::PRO_004638||SUP::SUP_0298,PROD::PRO_004619||SUP::SUP_0298,0.5356794534429102
PROD::PRO_004638||SUP::SUP_0298,PROD::PRO_004535||SUP::SUP_0298,0.3565238086748419
PROD::PRO_004551||SUP::SUP_0298,PROD::PRO_004619||SUP::SUP_0298,0.8933105889042913
PROD::PRO_004650||SUP::SUP_0298,PROD::PRO_004529||SUP::SUP_0298,0.6083749068763589
PROD::PRO_004650||SUP::SUP_0298,PROD::PRO_000047||SUP::SUP_0019,0.5988987676281118
PROD::PRO_004650||SUP::SUP_0298,PROD::PRO_004659||SUP::SUP_0298,0.5783891511354137
PROD::PRO_004529||SUP::SUP_0298,PROD::PRO_004583||SUP::SUP_0298,0.7931974625432016
PROD::PRO_004529||SUP::SUP_0298,PROD::PRO_004567||SUP::SUP_0298,0.6957871812179808
PROD::PRO_004529||SUP::SUP_0298,PROD::PRO_004659||SUP::SUP_0298,0.671987216355248
PROD::PRO_004649||SUP::SUP_0298,PROD::PRO_000058||SUP::SUP_0022,0.8915786846834654
PROD::PRO_004649||SUP::SUP_0298,PROD::PRO_000062||SUP::SUP_0025,0.7302583949510884
PROD::PRO_004649||SUP::SUP_0298,PROD::PRO_001314||SUP::SUP_0100,0.5225043082210747
PROD::PRO_004571||SUP::SUP_0298,PROD::PRO_004561||SUP::SUP_0298,0.9799528126818486
PROD::PRO_004571||SUP::SUP_0298,PROD::PRO_004567||SUP::SUP_0298,0.8972211129579977
PROD::PRO_004571||SUP::SUP_0298,PROD::PRO_004578||SUP::SUP_0298,0.6996191473549492
PROD::PRO_004571||SUP::SUP_0298,PROD::PRO_004583||SUP::SUP_0298,0.698837679410553
PROD::PRO_004571||SUP::SUP_0298,PROD::PRO_004569||SUP::SUP_0298,0.6676189603099597
PROD::PRO_004631||SUP::SUP_0298,PROD::PRO_004535||SUP::SUP_0298,0.9898848839931871
PROD::PRO_004631||SUP::SUP_0298,PROD::PRO_004583||SUP::SUP_0298,0.2718275163758561
PROD::PRO_004567||SUP::SUP_0298,PROD::PRO_004561||SUP::SUP_0298,0.9181264153310233
PROD::PRO_004567||SUP::SUP_0298,PROD::PRO_004583||SUP::SUP_0298,0.8733798293627435
PROD::PRO_004567||SUP::SUP_0298,PROD::PRO_004659||SUP::SUP_0298,0.6260279153086953
PROD::PRO_004567||SUP::SUP_0298,PROD::PRO_000056||SUP::SUP_0022,0.5826713936273291
PROD::PRO_004561||SUP::SUP_0298,PROD::PRO_004583||SUP::SUP_0298,0.7458530479982618
PROD::PRO_004561||SUP::SUP_0298,PROD::PRO_004578||SUP::SUP_0298,0.7074634853996891
PROD::PRO_004578||SUP::SUP_0298,PROD::PRO_004661||SUP::SUP_0298,0.6632381943002963
PROD::PRO_004583||SUP::SUP_0298,PROD::PRO_004535||SUP::SUP_0298,0.37978641562756765
PROD::PRO_004583||SUP::SUP_0298,PROD::PRO_004659||SUP::SUP_0298,0.7213969791178368
PROD::PRO_004583||SUP::SUP_0298,PROD::PRO_004569||SUP::SUP_0298,0.6263701994890216
PROD::PRO_004712||SUP::SUP_0298,PROD::PRO_004569||SUP::SUP_0298,0.6309638509674078
PROD::PRO_004665||SUP::SUP_0298,PROD::PRO_004598||SUP::SUP_0298,0.9991391309114632
PROD::PRO_004564||SUP::SUP_0298,PROD::PRO_005722||SUP::SUP_0353,0.6094141011762921
PROD::PRO_004564||SUP::SUP_0298,PROD::PRO_000047||SUP::SUP_0019,0.3879230595325407
PROD::PRO_004564||SUP::SUP_0298,PROD::PRO_000077||SUP::SUP_0028,0.33080551484265985
PROD::PRO_004569||SUP::SUP_0298,PROD::PRO_002861||SUP::SUP_0160,0.6335145291759249
PROD::PRO_004622||SUP::SUP_0298,PROD::PRO_001774||SUP::SUP_0127,0.7577193155070076
PROD::PRO_004622||SUP::SUP_0298,PROD::PRO_001323||SUP::SUP_0104,0.7515520327852773
PROD::PRO_004622||SUP::SUP_0298,PROD::PRO_000068||SUP::SUP_0026,0.5404313836563791
PROD::PRO_004622||SUP::SUP_0298,PROD::PRO_000067||SUP::SUP_0026,0.5404313836563791
PROD::PRO_004622||SUP::SUP_0298,PROD::PRO_000022||SUP::SUP_0004,0.5452255224886835
PROD::PRO_004622||SUP::SUP_0298,PROD::PRO_000021||SUP::SUP_0004,0.5951580771254411
PROD::PRO_004622||SUP::SUP_0298,PROD::PRO_000787||SUP::SUP_0072,0.5497610535129926
PROD::PRO_004706||SUP::SUP_0298,PROD::PRO_001766||SUP::SUP_0127,0.8939164872587602
PROD::PRO_004706||SUP::SUP_0298,PROD::PRO_000040||SUP::SUP_0014,0.6882569924722396
PROD::PRO_004706||SUP::SUP_0298,PROD::PRO_000074||SUP::SUP_0027,0.5722628257561259
PROD::PRO_004706||SUP::SUP_0298,PROD::PRO_000073||SUP::SUP_0027,0.5431317621873482
PROD::PRO_004706||SUP::SUP_0298,PROD::PRO_000054||SUP::SUP_0020,0.5064392480487045
PROD::PRO_004706||SUP::SUP_0298,PROD::PRO_000060||SUP::SUP_0023,0.4796191078876829
PROD::PRO_001766||SUP::SUP_0127,PROD::PRO_000074||SUP::SUP_0027,0.733639571061804
PROD::PRO_001766||SUP::SUP_0127,PROD::PRO_000040||SUP::SUP_0014,0.7058915326038234
PROD::PRO_001766||SUP::SUP_0127,PROD::PRO_000042||SUP::SUP_0016,0.7051962027304028
PROD::PRO_001766||SUP::SUP_0127,PROD::PRO_000073||SUP::SUP_0027,0.6832369109203166
PROD::PRO_001766||SUP::SUP_0127,PROD::PRO_000069||SUP::SUP_0026,0.6087816852726475
PROD::PRO_001766||SUP::SUP_0127,PROD::PRO_000059||SUP::SUP_0023,0.4939043133948543
PROD::PRO_001766||SUP::SUP_0127,PROD::PRO_000060||SUP::SUP_0023,0.5347966749981242
PROD::PRO_001323||SUP::SUP_0104,PROD::PRO_000021||SUP::SUP_0004,0.879477385522588
PROD::PRO_001323||SUP::SUP_0104,PROD::PRO_000022||SUP::SUP_0004,0.8550008829398019
PROD::PRO_001323||SUP::SUP_0104,PROD::PRO_000787||SUP::SUP_0072,0.8544191945055343
PROD::PRO_001323||SUP::SUP_0104,PROD::PRO_001774||SUP::SUP_0127,0.6211804441738854
PROD::PRO_005722||SUP::SUP_0353,PROD::PRO_000047||SUP::SUP_0019,0.8584032908123848
PROD::PRO_005722||SUP::SUP_0353,PROD::PRO_000057||SUP::SUP_0022,0.641027161480846
PROD::PRO_000718||SUP::SUP_0047,PROD::PRO_000717||SUP::SUP_0047,0.8413923682264622
PROD::PRO_000718||SUP::SUP_0047,PROD::PRO_004191||SUP::SUP_0280,0.7576338112852781
PROD::PRO_000718||SUP::SUP_0047,PROD::PRO_000010||SUP::SUP_0003,0.7440787776021593
PROD::PRO_000718||SUP::SUP_0047,PROD::PRO_003175||SUP::SUP_0169,0.70081258639294
PROD::PRO_000718||SUP::SUP_0047,PROD::PRO_001199||SUP::SUP_0085,0.6794612548266092
PROD::PRO_000718||SUP::SUP_0047,PROD::PRO_001198||SUP::SUP_0085,0.6771505120712993
PROD::PRO_000718||SUP::SUP_0047,PROD::PRO_001184||SUP::SUP_0079,0.6340018266788611
PROD::PRO_000718||SUP::SUP_0047,PROD::PRO_003430||SUP::SUP_0205,0.624546482958781
PROD::PRO_000718||SUP::SUP_0047,PROD::PRO_000055||SUP::SUP_0021,0.584792216654945
PROD::PRO_000718||SUP::SUP_0047,PROD::PRO_000035||SUP::SUP_0012,0.5970878607779115
PROD::PRO_000717||SUP::SUP_0047,PROD::PRO_004191||SUP::SUP_0280,0.8662182174662199
PROD::PRO_000717||SUP::SUP_0047,PROD::PRO_003175||SUP::SUP_0169,0.7041124725540057
PROD::PRO_000717||SUP::SUP_0047,PROD::PRO_001184||SUP::SUP_0079,0.6479132310902999
PROD::PRO_000717||SUP::SUP_0047,PROD::PRO_000039||SUP::SUP_0013,0.6277899333497039
PROD::PRO_000717||SUP::SUP_0047,PROD::PRO_000077||SUP::SUP_0028,0.6099963728230863
PROD::PRO_000717||SUP::SUP_0047,PROD::PRO_000033||SUP::SUP_0012,0.5862749598035136
PROD::PRO_000717||SUP::SUP_0047,PROD::PRO_000035||SUP::SUP_0012,0.5779694392373586
PROD::PRO_000717||SUP::SUP_0047,PROD::PRO_000083||SUP::SUP_0031,0.5596809965242764
PROD::PRO_001817||SUP::SUP_0131,PROD::PRO_004190||SUP::SUP_0279,0.6647116259694811
PROD::PRO_001817||SUP::SUP_0131,PROD::PRO_004153||SUP::SUP_0268,0.6465132091721002
PROD::PRO_001817||SUP::SUP_0131,PROD::PRO_001192||SUP::SUP_0084,0.5722500773800918
PROD::PRO_001817||SUP::SUP_0131,PROD::PRO_000044||SUP::SUP_0017,0.5592570579657966
PROD::PRO_001817||SUP::SUP_0131,PROD::PRO_004358||SUP::SUP_0287,0.5490077436776578
PROD::PRO_001817||SUP::SUP_0131,PROD::PRO_004355||SUP::SUP_0287,0.5490077436776578
PROD::PRO_001817||SUP::SUP_0131,PROD::PRO_001196||SUP::SUP_0084,0.5261311353575321
PROD::PRO_001817||SUP::SUP_0131,PROD::PRO_001191||SUP::SUP_0084,0.5227318683641994
PROD::PRO_001817||SUP::SUP_0131,PROD::PRO_003414||SUP::SUP_0195,0.5083014077263165
PROD::PRO_001817||SUP::SUP_0131,PROD::PRO_003415||SUP::SUP_0195,0.5065015274880517
PROD::PRO_004152||SUP::SUP_0268,PROD::PRO_004357||SUP::SUP_0287,0.9530238150956767
PROD::PRO_004152||SUP::SUP_0268,PROD::PRO_004356||SUP::SUP_0287,0.9191499405736696
PROD::PRO_004152||SUP::SUP_0268,PROD::PRO_004354||SUP::SUP_0287,0.9142595824168407
PROD::PRO_004152||SUP::SUP_0268,PROD::PRO_004352||SUP::SUP_0287,0.7743409382415325
PROD::PRO_004152||SUP::SUP_0268,PROD::PRO_000045||SUP::SUP_0017,0.6812965454521274
PROD::PRO_004152||SUP::SUP_0268,PROD::PRO_000043||SUP::SUP_0017,0.6292054049562069
PROD::PRO_004152||SUP::SUP_0268,PROD::PRO_000044||SUP::SUP_0017,0.5590545224931852
PROD::PRO_004152||SUP::SUP_0268,PROD::PRO_004349||SUP::SUP_0287,0.5302078173404549
PROD::PRO_005724||SUP::SUP_0353,PROD::PRO_002860||SUP::SUP_0160,0.812198297243953
PROD::PRO_005724||SUP::SUP_0353,PROD::PRO_000053||SUP::SUP_0019,0.7199116903173971
PROD::PRO_004153||SUP::SUP_0268,PROD::PRO_000074||SUP::SUP_0027,0.6167363381129859
PROD::PRO_004153||SUP::SUP_0268,PROD::PRO_000042||SUP::SUP_0016,0.6112830776954102
PROD::PRO_004153||SUP::SUP_0268,PROD::PRO_004190||SUP::SUP_0279,0.5501342485477141
PROD::PRO_004153||SUP::SUP_0268,PROD::PRO_004352||SUP::SUP_0287,0.5338375851019879
PROD::PRO_004153||SUP::SUP_0268,PROD::PRO_000073||SUP::SUP_0027,0.5289461733340778
PROD::PRO_004153||SUP::SUP_0268,PROD::PRO_000061||SUP::SUP_0024,0.4889064969916417
PROD::PRO_004153||SUP::SUP_0268,PROD::PRO_004521||SUP::SUP_0296,0.487066163680111
PROD::PRO_004153||SUP::SUP_0268,PROD::PRO_004520||SUP::SUP_0296,0.44426755458657796
PROD::PRO_004153||SUP::SUP_0268,PROD::PRO_004522||SUP::SUP_0296,0.42773366564304727
PROD::PRO_004153||SUP::SUP_0268,PROD::PRO_004527||SUP::SUP_0296,0.4196495666577381
PROD::PRO_004153||SUP::SUP_0268,PROD::PRO_004524||SUP::SUP_0296,0.43052832100245564
PROD::PRO_004153||SUP::SUP_0268,PROD::PRO_004523||SUP::SUP_0296,0.4248571847992926
PROD::PRO_004153||SUP::SUP_0268,PROD::PRO_004525||SUP::SUP_0296,0.41633953564558646
PROD::PRO_004153||SUP::SUP_0268,PROD::PRO_004355||SUP::SUP_0287,0.3477746263484751
PROD::PRO_004153||SUP::SUP_0268,PROD::PRO_004358||SUP::SUP_0287,0.347774626348475
PROD::PRO_004153||SUP::SUP_0268,PROD::PRO_000063||SUP::SUP_0026,0.27795336460131825
PROD::PRO_004071||SUP::SUP_0266,PROD::PRO_000051||SUP::SUP_0019,0.6915156450801977
PROD::PRO_000049||SUP::SUP_0019,PROD::PRO_001194||SUP::SUP_0084,0.5500149926364518
PROD::PRO_000049||SUP::SUP_0019,PROD::PRO_001314||SUP::SUP_0100,0.4724669118982192
PROD::PRO_000049||SUP::SUP_0019,PROD::PRO_000066||SUP::SUP_0026,0.4715427715021734
PROD::PRO_000049||SUP::SUP_0019,PROD::PRO_004348||SUP::SUP_0287,0.43723151536673166
PROD::PRO_000049||SUP::SUP_0019,PROD::PRO_000081||SUP::SUP_0030,0.4333401971476414
PROD::PRO_003415||SUP::SUP_0195,PROD::PRO_003414||SUP::SUP_0195,0.9998182174850466
PROD::PRO_003415||SUP::SUP_0195,PROD::PRO_001196||SUP::SUP_0084,0.7209888659124338
PROD::PRO_003415||SUP::SUP_0195,PROD::PRO_001184||SUP::SUP_0079,0.6986409141436234
PROD::PRO_003415||SUP::SUP_0195,PROD::PRO_000077||SUP::SUP_0028,0.6459240095763883
PROD::PRO_003415||SUP::SUP_0195,PROD::PRO_000039||SUP::SUP_0013,0.6234080395565922
PROD::PRO_003415||SUP::SUP_0195,PROD::PRO_006662||SUP::SUP_0373,0.6232721857682293
PROD::PRO_003415||SUP::SUP_0195,PROD::PRO_003469||SUP::SUP_0214,0.6082790176432513
PROD::PRO_003415||SUP::SUP_0195,PROD::PRO_000078||SUP::SUP_0029,0.5844532841903104
PROD::PRO_003415||SUP::SUP_0195,PROD::PRO_001194||SUP::SUP_0084,0.533109500177097
PROD::PRO_003415||SUP::SUP_0195,PROD::PRO_001296||SUP::SUP_0097,0.5322022582760697
PROD::PRO_003830||SUP::SUP_0247,PROD::PRO_001190||SUP::SUP_0084,0.8014868505895443
PROD::PRO_003830||SUP::SUP_0247,PROD::PRO_003829||SUP::SUP_0247,0.8003721242163646
PROD::PRO_003830||SUP::SUP_0247,PROD::PRO_004351||SUP::SUP_0287,0.7554951432207075
PROD::PRO_003830||SUP::SUP_0247,PROD::PRO_000044||SUP::SUP_0017,0.6776233817433486
PROD::PRO_003830||SUP::SUP_0247,PROD::PRO_001191||SUP::SUP_0084,0.6614771032577398
PROD::PRO_003830||SUP::SUP_0247,PROD::PRO_001193||SUP::SUP_0084,0.6093745883368289
PROD::PRO_003830||SUP::SUP_0247,PROD::PRO_001189||SUP::SUP_0084,0.6060165912793709
PROD::PRO_003830||SUP::SUP_0247,PROD::PRO_000070||SUP::SUP_0026,0.5537577902018609
PROD::PRO_003830||SUP::SUP_0247,PROD::PRO_000045||SUP::SUP_0017,0.5843504269414125
PROD::PRO_003414||SUP::SUP_0195,PROD::PRO_001196||SUP::SUP_0084,0.7262812134318846
PROD::PRO_003414||SUP::SUP_0195,PROD::PRO_001184||SUP::SUP_0079,0.7025967885524771
PROD::PRO_003414||SUP::SUP_0195,PROD::PRO_000077||SUP::SUP_0028,0.6459728544654195
PROD::PRO_003414||SUP::SUP_0195,PROD::PRO_000039||SUP::SUP_0013,0.6270871655283652
PROD::PRO_003414||SUP::SUP_0195,PROD::PRO_006662||SUP::SUP_0373,0.6268860424399424
PROD::PRO_003414||SUP::SUP_0195,PROD::PRO_003469||SUP::SUP_0214,0.6119867935226396
PROD::PRO_003414||SUP::SUP_0195,PROD::PRO_000078||SUP::SUP_0029,0.5887240285833102
PROD::PRO_003414||SUP::SUP_0195,PROD::PRO_001296||SUP::SUP_0097,0.5377010307053907
PROD::PRO_003414||SUP::SUP_0195,PROD::PRO_001194||SUP::SUP_0084,0.53657718506017
PROD::PRO_000059||SUP::SUP_0023,PROD::PRO_000060||SUP::SUP_0023,0.9780084142326664
PROD::PRO_000059||SUP::SUP_0023,PROD::PRO_000055||SUP::SUP_0021,0.6851752527257904
PROD::PRO_000059||SUP::SUP_0023,PROD::PRO_003175||SUP::SUP_0169,0.6007930881588105
PROD::PRO_000059||SUP::SUP_0023,PROD::PRO_000061||SUP::SUP_0024,0.49681092227805634
PROD::PRO_000059||SUP::SUP_0023,PROD::PRO_000040||SUP::SUP_0014,0.47437577781760665
PROD::PRO_000059||SUP::SUP_0023,PROD::PRO_000042||SUP::SUP_0016,0.4608526978008993
PROD::PRO_000059||SUP::SUP_0023,PROD::PRO_001296||SUP::SUP_0097,0.4551344374326717
PROD::PRO_000060||SUP::SUP_0023,PROD::PRO_000055||SUP::SUP_0021,0.6189157702042023
PROD::PRO_000060||SUP::SUP_0023,PROD::PRO_003175||SUP::SUP_0169,0.5404343594055308
PROD::PRO_000060||SUP::SUP_0023,PROD::PRO_000042||SUP::SUP_0016,0.4826725173942349
PROD::PRO_000060||SUP::SUP_0023,PROD::PRO_001296||SUP::SUP_0097,0.46940582794521113
PROD::PRO_000060||SUP::SUP_0023,PROD::PRO_000061||SUP::SUP_0024,0.45249250937289087
PROD::PRO_000060||SUP::SUP_0023,PROD::PRO_000040||SUP::SUP_0014,0.4450334131251834
PROD::PRO_000039||SUP::SUP_0013,PROD::PRO_001184||SUP::SUP_0079,0.8574305103705144
PROD::PRO_000039||SUP::SUP_0013,PROD::PRO_001296||SUP::SUP_0097,0.7798760859856512
PROD::PRO_000039||SUP::SUP_0013,PROD::PRO_000042||SUP::SUP_0016,0.7124892700379966
PROD::PRO_000039||SUP::SUP_0013,PROD::PRO_000077||SUP::SUP_0028,0.7109060618071565
PROD::PRO_000039||SUP::SUP_0013,PROD::PRO_000069||SUP::SUP_0026,0.7095636957703394
PROD::PRO_000039||SUP::SUP_0013,PROD::PRO_006662||SUP::SUP_0373,0.6775847778888866
PROD::PRO_000039||SUP::SUP_0013,PROD::PRO_000074||SUP::SUP_0027,0.644950404387668
PROD::PRO_000039||SUP::SUP_0013,PROD::PRO_000033||SUP::SUP_0012,0.6400899800213411
PROD::PRO_000039||SUP::SUP_0013,PROD::PRO_000083||SUP::SUP_0031,0.5682329962932702
PROD::PRO_000039||SUP::SUP_0013,PROD::PRO_003469||SUP::SUP_0214,0.5530668373354252
PROD::PRO_000039||SUP::SUP_0013,PROD::PRO_000073||SUP::SUP_0027,0.5745098712604346
PROD::PRO_000061||SUP::SUP_0024,PROD::PRO_000044||SUP::SUP_0017,0.7769867036658591
PROD::PRO_000061||SUP::SUP_0024,PROD::PRO_003175||SUP::SUP_0169,0.7378827188928971
PROD::PRO_000061||SUP::SUP_0024,PROD::PRO_003829||SUP::SUP_0247,0.7301676892446903
PROD::PRO_000061||SUP::SUP_0024,PROD::PRO_001198||SUP::SUP_0085,0.6319267334210635
PROD::PRO_000061||SUP::SUP_0024,PROD::PRO_001184||SUP::SUP_0079,0.6288246631276097
PROD::PRO_000061||SUP::SUP_0024,PROD::PRO_000078||SUP::SUP_0029,0.6243236187733733
PROD::PRO_000061||SUP::SUP_0024,PROD::PRO_000043||SUP::SUP_0017,0.6213251913837508
PROD::PRO_000061||SUP::SUP_0024,PROD::PRO_003430||SUP::SUP_0205,0.6188584103117672
PROD::PRO_000061||SUP::SUP_0024,PROD::PRO_000055||SUP::SUP_0021,0.5868728299453883
PROD::PRO_000061||SUP::SUP_0024,PROD::PRO_004191||SUP::SUP_0280,0.6154399262830214
PROD::PRO_000061||SUP::SUP_0024,PROD::PRO_004353||SUP::SUP_0287,0.5122611359868332
PROD::PRO_000061||SUP::SUP_0024,PROD::PRO_004357||SUP::SUP_0287,0.49881766885767054
PROD::PRO_003829||SUP::SUP_0247,PROD::PRO_004351||SUP::SUP_0287,0.7773323029338186
PROD::PRO_003829||SUP::SUP_0247,PROD::PRO_000078||SUP::SUP_0029,0.7189239918337118
PROD::PRO_003829||SUP::SUP_0247,PROD::PRO_000044||SUP::SUP_0017,0.704916501891475
PROD::PRO_003829||SUP::SUP_0247,PROD::PRO_001190||SUP::SUP_0084,0.6937964537653647
PROD::PRO_003829||SUP::SUP_0247,PROD::PRO_001189||SUP::SUP_0084,0.6382477059054237
PROD::PRO_003829||SUP::SUP_0247,PROD::PRO_001194||SUP::SUP_0084,0.6272825718012067
PROD::PRO_003829||SUP::SUP_0247,PROD::PRO_001191||SUP::SUP_0084,0.6256891768911766
PROD::PRO_003829||SUP::SUP_0247,PROD::PRO_004353||SUP::SUP_0287,0.5137789597188261
PROD::PRO_000055||SUP::SUP_0021,PROD::PRO_003430||SUP::SUP_0205,0.682947292228807
PROD::PRO_000055||SUP::SUP_0021,PROD::PRO_003175||SUP::SUP_0169,0.682920476486684
PROD::PRO_000055||SUP::SUP_0021,PROD::PRO_004191||SUP::SUP_0280,0.5718520903173874
PROD::PRO_000055||SUP::SUP_0021,PROD::PRO_006662||SUP::SUP_0373,0.5668236400783462
PROD::PRO_000079||SUP::SUP_0029,PROD::PRO_000038||SUP::SUP_0012,0.6955679186178119
PROD::PRO_000079||SUP::SUP_0029,PROD::PRO_000035||SUP::SUP_0012,0.6338539806512381
PROD::PRO_000079||SUP::SUP_0029,PROD::PRO_000033||SUP::SUP_0012,0.6044833533492678
PROD::PRO_000079||SUP::SUP_0029,PROD::PRO_003430||SUP::SUP_0205,0.5764448708464237
PROD::PRO_000079||SUP::SUP_0029,PROD::PRO_001184||SUP::SUP_0079,0.5639423766598719
PROD::PRO_000079||SUP::SUP_0029,PROD::PRO_000034||SUP::SUP_0012,0.5441442415557965
PROD::PRO_000079||SUP::SUP_0029,PROD::PRO_000037||SUP::SUP_0012,0.5515845855174256
PROD::PRO_003430||SUP::SUP_0205,PROD::PRO_000038||SUP::SUP_0012,0.7606579457763919
PROD::PRO_003430||SUP::SUP_0205,PROD::PRO_001184||SUP::SUP_0079,0.7439297193471106
PROD::PRO_003430||SUP::SUP_0205,PROD::PRO_000037||SUP::SUP_0012,0.7045089743597853
PROD::PRO_003430||SUP::SUP_0205,PROD::PRO_004191||SUP::SUP_0280,0.6675556018724914
PROD::PRO_003430||SUP::SUP_0205,PROD::PRO_003175||SUP::SUP_0169,0.6300116859869238
PROD::PRO_003430||SUP::SUP_0205,PROD::PRO_000034||SUP::SUP_0012,0.5305410408978759
PROD::PRO_003430||SUP::SUP_0205,PROD::PRO_000043||SUP::SUP_0017,0.6170668776180176
PROD::PRO_003430||SUP::SUP_0205,PROD::PRO_000075||SUP::SUP_0028,0.6580735500161538
PROD::PRO_003430||SUP::SUP_0205,PROD::PRO_004350||SUP::SUP_0287,0.47463183280261845
PROD::PRO_003430||SUP::SUP_0205,PROD::PRO_004242||SUP::SUP_0281,0.6493472218334928
PROD::PRO_003430||SUP::SUP_0205,PROD::PRO_000027||SUP::SUP_0007,0.5925111413662947
PROD::PRO_003175||SUP::SUP_0169,PROD::PRO_004191||SUP::SUP_0280,0.784145105768645
PROD::PRO_003175||SUP::SUP_0169,PROD::PRO_001184||SUP::SUP_0079,0.6817225007720108
PROD::PRO_003175||SUP::SUP_0169,PROD::PRO_006662||SUP::SUP_0373,0.6299155538293728
PROD::PRO_003175||SUP::SUP_0169,PROD::PRO_000042||SUP::SUP_0016,0.6252351475821221
PROD::PRO_003175||SUP::SUP_0169,PROD::PRO_001296||SUP::SUP_0097,0.6114145448105341
PROD::PRO_003175||SUP::SUP_0169,PROD::PRO_000083||SUP::SUP_0031,0.5511976009051044
PROD::PRO_003175||SUP::SUP_0169,PROD::PRO_004353||SUP::SUP_0287,0.46565654680913693
PROD::PRO_001851||SUP::SUP_0136,PROD::PRO_000034||SUP::SUP_0012,0.38336502392366234
PROD::PRO_001851||SUP::SUP_0136,PROD::PRO_000035||SUP::SUP_0012,0.2505371963008698
PROD::PRO_001296||SUP::SUP_0097,PROD::PRO_006662||SUP::SUP_0373,0.7391115225110718
PROD::PRO_001296||SUP::SUP_0097,PROD::PRO_001184||SUP::SUP_0079,0.6934933409905863
PROD::PRO_001296||SUP::SUP_0097,PROD::PRO_000033||SUP::SUP_0012,0.6515234525509456
PROD::PRO_001296||SUP::SUP_0097,PROD::PRO_000083||SUP::SUP_0031,0.6435483846065286
PROD::PRO_001296||SUP::SUP_0097,PROD::PRO_003469||SUP::SUP_0214,0.6238209391050523
PROD::PRO_001296||SUP::SUP_0097,PROD::PRO_000042||SUP::SUP_0016,0.5987144276311525
PROD::PRO_001296||SUP::SUP_0097,PROD::PRO_000051||SUP::SUP_0019,0.42666148789609415
PROD::PRO_001296||SUP::SUP_0097,PROD::PRO_001277||SUP::SUP_0092,0.5797524116002959
PROD::PRO_001191||SUP::SUP_0084,PROD::PRO_001193||SUP::SUP_0084,0.9720867998075337
PROD::PRO_001191||SUP::SUP_0084,PROD::PRO_001192||SUP::SUP_0084,0.9329113028433607
PROD::PRO_001191||SUP::SUP_0084,PROD::PRO_001189||SUP::SUP_0084,0.8651093282145604
PROD::PRO_001191||SUP::SUP_0084,PROD::PRO_000078||SUP::SUP_0029,0.8265593600037616
PROD::PRO_001191||SUP::SUP_0084,PROD::PRO_001196||SUP::SUP_0084,0.7674918815997979
PROD::PRO_001191||SUP::SUP_0084,PROD::PRO_001190||SUP::SUP_0084,0.7658488442662921
PROD::PRO_001191||SUP::SUP_0084,PROD::PRO_001195||SUP::SUP_0084,0.7544534233315008
PROD::PRO_001191||SUP::SUP_0084,PROD::PRO_001194||SUP::SUP_0084,0.7455846216753736
PROD::PRO_001191||SUP::SUP_0084,PROD::PRO_000076||SUP::SUP_0028,0.650025119789356
PROD::PRO_001191||SUP::SUP_0084,PROD::PRO_000070||SUP::SUP_0026,0.536524428769437
PROD::PRO_001191||SUP::SUP_0084,PROD::PRO_004353||SUP::SUP_0287,0.47537322780546054
PROD::PRO_001192||SUP::SUP_0084,PROD::PRO_001193||SUP::SUP_0084,0.928267149621765
PROD::PRO_001192||SUP::SUP_0084,PROD::PRO_001189||SUP::SUP_0084,0.9023092374411933
PROD::PRO_001192||SUP::SUP_0084,PROD::PRO_001196||SUP::SUP_0084,0.8048034044778025
PROD::PRO_001192||SUP::SUP_0084,PROD::PRO_000078||SUP::SUP_0029,0.7770190798671682
PROD::PRO_001192||SUP::SUP_0084,PROD::PRO_001195||SUP::SUP_0084,0.7420304133867502
PROD::PRO_001192||SUP::SUP_0084,PROD::PRO_001194||SUP::SUP_0084,0.7344586499411526
PROD::PRO_001192||SUP::SUP_0084,PROD::PRO_001190||SUP::SUP_0084,0.6619612963899549
PROD::PRO_001192||SUP::SUP_0084,PROD::PRO_000076||SUP::SUP_0028,0.5869799826478932
PROD::PRO_001192||SUP::SUP_0084,PROD::PRO_004242||SUP::SUP_0281,0.5797929186403905
PROD::PRO_001192||SUP::SUP_0084,PROD::PRO_000070||SUP::SUP_0026,0.43951898859272487
PROD::PRO_001192||SUP::SUP_0084,PROD::PRO_004353||SUP::SUP_0287,0.5055767082089689
PROD::PRO_001190||SUP::SUP_0084,PROD::PRO_004351||SUP::SUP_0287,0.8591605970089196
PROD::PRO_001190||SUP::SUP_0084,PROD::PRO_004348||SUP::SUP_0287,0.8382059873126515
PROD::PRO_001190||SUP::SUP_0084,PROD::PRO_001189||SUP::SUP_0084,0.8318998066667266
PROD::PRO_001190||SUP::SUP_0084,PROD::PRO_000078||SUP::SUP_0029,0.7776043322878267
PROD::PRO_001190||SUP::SUP_0084,PROD::PRO_001193||SUP::SUP_0084,0.7362960977629927
PROD::PRO_001190||SUP::SUP_0084,PROD::PRO_000076||SUP::SUP_0028,0.6968374423656295
PROD::PRO_001190||SUP::SUP_0084,PROD::PRO_001194||SUP::SUP_0084,0.631456351088157
PROD::PRO_001190||SUP::SUP_0084,PROD::PRO_000070||SUP::SUP_0026,0.5455520034414792
PROD::PRO_001190||SUP::SUP_0084,PROD::PRO_000044||SUP::SUP_0017,0.6424333715708215
PROD::PRO_001190||SUP::SUP_0084,PROD::PRO_004350||SUP::SUP_0287,0.477350855177878
PROD::PRO_001190||SUP::SUP_0084,PROD::PRO_004349||SUP::SUP_0287,0.5200535666845602
PROD::PRO_001190||SUP::SUP_0084,PROD::PRO_004242||SUP::SUP_0281,0.6660654131660325
PROD::PRO_001189||SUP::SUP_0084,PROD::PRO_001193||SUP::SUP_0084,0.8642155173130196
PROD::PRO_001189||SUP::SUP_0084,PROD::PRO_000078||SUP::SUP_0029,0.8249554535309866
PROD::PRO_001189||SUP::SUP_0084,PROD::PRO_001196||SUP::SUP_0084,0.7859525904263379
PROD::PRO_001189||SUP::SUP_0084,PROD::PRO_001194||SUP::SUP_0084,0.7661068923295958
PROD::PRO_001189||SUP::SUP_0084,PROD::PRO_004351||SUP::SUP_0287,0.7279718824525896
PROD::PRO_001189||SUP::SUP_0084,PROD::PRO_000076||SUP::SUP_0028,0.6816048918343258
PROD::PRO_001189||SUP::SUP_0084,PROD::PRO_004348||SUP::SUP_0287,0.6496976979017555
PROD::PRO_001189||SUP::SUP_0084,PROD::PRO_001195||SUP::SUP_0084,0.6148264314308879
PROD::PRO_001189||SUP::SUP_0084,PROD::PRO_004242||SUP::SUP_0281,0.6177438454369344
PROD::PRO_001196||SUP::SUP_0084,PROD::PRO_000078||SUP::SUP_0029,0.803704622696759
PROD::PRO_001196||SUP::SUP_0084,PROD::PRO_001193||SUP::SUP_0084,0.8002105423068239
PROD::PRO_001196||SUP::SUP_0084,PROD::PRO_001194||SUP::SUP_0084,0.6925208305493246
PROD::PRO_001196||SUP::SUP_0084,PROD::PRO_001195||SUP::SUP_0084,0.6622303051218548
PROD::PRO_001196||SUP::SUP_0084,PROD::PRO_004242||SUP::SUP_0281,0.6456430647207132
PROD::PRO_001195||SUP::SUP_0084,PROD::PRO_001193||SUP::SUP_0084,0.8425986069107672
PROD::PRO_001195||SUP::SUP_0084,PROD::PRO_000078||SUP::SUP_0029,0.6668633042286836
PROD::PRO_001195||SUP::SUP_0084,PROD::PRO_001194||SUP::SUP_0084,0.6401027115765185
PROD::PRO_001195||SUP::SUP_0084,PROD::PRO_001315||SUP::SUP_0100,0.625146747630319
PROD::PRO_001195||SUP::SUP_0084,PROD::PRO_000080||SUP::SUP_0030,0.5890871200435428
PROD::PRO_001195||SUP::SUP_0084,PROD::PRO_000082||SUP::SUP_0030,0.5841759414941418
PROD::PRO_001195||SUP::SUP_0084,PROD::PRO_000081||SUP::SUP_0030,0.5715736278152566
PROD::PRO_001194||SUP::SUP_0084,PROD::PRO_000076||SUP::SUP_0028,0.7731598946305167
PROD::PRO_001194||SUP::SUP_0084,PROD::PRO_001193||SUP::SUP_0084,0.7540259434197258
PROD::PRO_001194||SUP::SUP_0084,PROD::PRO_000078||SUP::SUP_0029,0.7219646183673677
PROD::PRO_001194||SUP::SUP_0084,PROD::PRO_000075||SUP::SUP_0028,0.6307260068715682
PROD::PRO_001194||SUP::SUP_0084,PROD::PRO_000077||SUP::SUP_0028,0.625085113846459
PROD::PRO_001194||SUP::SUP_0084,PROD::PRO_004352||SUP::SUP_0287,0.5757382586053135
PROD::PRO_001193||SUP::SUP_0084,PROD::PRO_000078||SUP::SUP_0029,0.8613120719981723
PROD::PRO_001193||SUP::SUP_0084,PROD::PRO_000076||SUP::SUP_0028,0.6757400702898239
PROD::PRO_001193||SUP::SUP_0084,PROD::PRO_004242||SUP::SUP_0281,0.6669537582316765
PROD::PRO_001193||SUP::SUP_0084,PROD::PRO_000070||SUP::SUP_0026,0.45952071511766723
PROD::PRO_001193||SUP::SUP_0084,PROD::PRO_004353||SUP::SUP_0287,0.5146489122175935
PROD::PRO_000076||SUP::SUP_0028,PROD::PRO_000078||SUP::SUP_0029,0.7818299125786626
PROD::PRO_000076||SUP::SUP_0028,PROD::PRO_000075||SUP::SUP_0028,0.7737850860785781
PROD::PRO_000076||SUP::SUP_0028,PROD::PRO_004348||SUP::SUP_0287,0.616359885303364
PROD::PRO_000076||SUP::SUP_0028,PROD::PRO_004351||SUP::SUP_0287,0.6132050447450875
PROD::PRO_000077||SUP::SUP_0028,PROD::PRO_001184||SUP::SUP_0079,0.7804344423640297
PROD::PRO_000077||SUP::SUP_0028,PROD::PRO_000075||SUP::SUP_0028,0.7251896454557599
PROD::PRO_000077||SUP::SUP_0028,PROD::PRO_000033||SUP::SUP_0012,0.6477274958124513
PROD::PRO_000077||SUP::SUP_0028,PROD::PRO_004191||SUP::SUP_0280,0.6325325139110684
PROD::PRO_001774||SUP::SUP_0127,PROD::PRO_000720||SUP::SUP_0048,0.6166916581566099
PROD::PRO_001774||SUP::SUP_0127,PROD::PRO_004187||SUP::SUP_0279,0.3442438419383219
PROD::PRO_001774||SUP::SUP_0127,PROD::PRO_004186||SUP::SUP_0279,0.3442438419383219
PROD::PRO_001774||SUP::SUP_0127,PROD::PRO_000068||SUP::SUP_0026,0.5093654957569361
PROD::PRO_001774||SUP::SUP_0127,PROD::PRO_000067||SUP::SUP_0026,0.5093654957569361
PROD::PRO_001774||SUP::SUP_0127,PROD::PRO_000719||SUP::SUP_0048,0.563990330059238
PROD::PRO_004351||SUP::SUP_0287,PROD::PRO_004348||SUP::SUP_0287,0.78107637437848
PROD::PRO_004351||SUP::SUP_0287,PROD::PRO_004349||SUP::SUP_0287,0.5093275789170807
PROD::PRO_000066||SUP::SUP_0026,PROD::PRO_001314||SUP::SUP_0100,0.5798694915822217
PROD::PRO_000066||SUP::SUP_0026,PROD::PRO_000073||SUP::SUP_0027,0.510504282565191
PROD::PRO_000070||SUP::SUP_0026,PROD::PRO_000011||SUP::SUP_0003,0.7379051790710669
PROD::PRO_000070||SUP::SUP_0026,PROD::PRO_000020||SUP::SUP_0003,0.46583302282369987
PROD::PRO_000070||SUP::SUP_0026,PROD::PRO_001197||SUP::SUP_0085,0.44712205884854206
PROD::PRO_000070||SUP::SUP_0026,PROD::PRO_000012||SUP::SUP_0003,0.4436052305697089
PROD::PRO_000070||SUP::SUP_0026,PROD::PRO_000062||SUP::SUP_0025,0.43287561979169187
PROD::PRO_000050||SUP::SUP_0019,PROD::PRO_000048||SUP::SUP_0019,0.8916750269449965
PROD::PRO_000050||SUP::SUP_0019,PROD::PRO_000051||SUP::SUP_0019,0.47623289892869436
PROD::PRO_000036||SUP::SUP_0012,PROD::PRO_000035||SUP::SUP_0012,0.7116270526209401
PROD::PRO_000036||SUP::SUP_0012,PROD::PRO_003469||SUP::SUP_0214,0.6629957273033856
PROD::PRO_000036||SUP::SUP_0012,PROD::PRO_000033||SUP::SUP_0012,0.6514387501161595
PROD::PRO_000033||SUP::SUP_0012,PROD::PRO_000035||SUP::SUP_0012,0.8300480400964405
PROD::PRO_000033||SUP::SUP_0012,PROD::PRO_000038||SUP::SUP_0012,0.7711348085199058
PROD::PRO_000033||SUP::SUP_0012,PROD::PRO_000034||SUP::SUP_0012,0.6948554206438677
PROD::PRO_000033||SUP::SUP_0012,PROD::PRO_003469||SUP::SUP_0214,0.6738710688244214
PROD::PRO_000033||SUP::SUP_0012,PROD::PRO_001184||SUP::SUP_0079,0.6606703263445137
PROD::PRO_000033||SUP::SUP_0012,PROD::PRO_006662||SUP::SUP_0373,0.6407915643427503
PROD::PRO_000033||SUP::SUP_0012,PROD::PRO_000037||SUP::SUP_0012,0.6083336202759928
PROD::PRO_000038||SUP::SUP_0012,PROD::PRO_000037||SUP::SUP_0012,0.8154141692210249
PROD::PRO_000038||SUP::SUP_0012,PROD::PRO_000034||SUP::SUP_0012,0.797772930225013
PROD::PRO_000038||SUP::SUP_0012,PROD::PRO_000035||SUP::SUP_0012,0.7144228716871885
PROD::PRO_000035||SUP::SUP_0012,PROD::PRO_000034||SUP::SUP_0012,0.6090674288335177
PROD::PRO_000035||SUP::SUP_0012,PROD::PRO_000037||SUP::SUP_0012,0.5998959189259431
PROD::PRO_000035||SUP::SUP_0012,PROD::PRO_003469||SUP::SUP_0214,0.5865651768032768
PROD::PRO_000034||SUP::SUP_0012,PROD::PRO_000037||SUP::SUP_0012,0.6343468442572208
PROD::PRO_000037||SUP::SUP_0012,PROD::PRO_004350||SUP::SUP_0287,0.47112983468269953
PROD::PRO_000054||SUP::SUP_0020,PROD::PRO_001837||SUP::SUP_0134,0.492096698649948
PROD::PRO_000054||SUP::SUP_0020,PROD::PRO_000020||SUP::SUP_0003,0.4628049827702466
PROD::PRO_000054||SUP::SUP_0020,PROD::PRO_000080||SUP::SUP_0030,0.36025331283403106
PROD::PRO_000044||SUP::SUP_0017,PROD::PRO_000043||SUP::SUP_0017,0.9140730833772082
PROD::PRO_000044||SUP::SUP_0017,PROD::PRO_004242||SUP::SUP_0281,0.7603530225491185
PROD::PRO_000044||SUP::SUP_0017,PROD::PRO_000045||SUP::SUP_0017,0.7474746142148702
PROD::PRO_000044||SUP::SUP_0017,PROD::PRO_000078||SUP::SUP_0029,0.7364405913302847
PROD::PRO_000044||SUP::SUP_0017,PROD::PRO_004352||SUP::SUP_0287,0.6447083371050673
PROD::PRO_000044||SUP::SUP_0017,PROD::PRO_004190||SUP::SUP_0279,0.40246104744014644
PROD::PRO_000044||SUP::SUP_0017,PROD::PRO_004357||SUP::SUP_0287,0.5152372282865867
PROD::PRO_000720||SUP::SUP_0048,PROD::PRO_000719||SUP::SUP_0048,0.993535836080072
PROD::PRO_000720||SUP::SUP_0048,PROD::PRO_000022||SUP::SUP_0004,0.36476313641625047
PROD::PRO_000720||SUP::SUP_0048,PROD::PRO_000787||SUP::SUP_0072,0.3473414903748353
PROD::PRO_004348||SUP::SUP_0287,PROD::PRO_000078||SUP::SUP_0029,0.5701305173308233
PROD::PRO_004348||SUP::SUP_0287,PROD::PRO_000062||SUP::SUP_0025,0.42872893983488325
PROD::PRO_004348||SUP::SUP_0287,PROD::PRO_000058||SUP::SUP_0022,0.5264684888352524
PROD::PRO_004187||SUP::SUP_0279,PROD::PRO_004188||SUP::SUP_0279,0.9906482863343499
PROD::PRO_004187||SUP::SUP_0279,PROD::PRO_004190||SUP::SUP_0279,0.6142776543231395
PROD::PRO_004187||SUP::SUP_0279,PROD::PRO_001832||SUP::SUP_0134,0.26681708754370737
PROD::PRO_004187||SUP::SUP_0279,PROD::PRO_004186||SUP::SUP_0279,0.9999999999999999
PROD::PRO_004186||SUP::SUP_0279,PROD::PRO_004188||SUP::SUP_0279,0.9906482863343499
PROD::PRO_004186||SUP::SUP_0279,PROD::PRO_004190||SUP::SUP_0279,0.6142776543231395
PROD::PRO_004186||SUP::SUP_0279,PROD::PRO_001832||SUP::SUP_0134,0.26681708754370737
PROD::PRO_004189||SUP::SUP_0279,PROD::PRO_004190||SUP::SUP_0279,0.5683012856957346
PROD::PRO_004189||SUP::SUP_0279,PROD::PRO_004188||SUP::SUP_0279,0.2516696329389432
PROD::PRO_004190||SUP::SUP_0279,PROD::PRO_004188||SUP::SUP_0279,0.6343330870832834
PROD::PRO_004190||SUP::SUP_0279,PROD::PRO_000074||SUP::SUP_0027,0.39717854638083816
PROD::PRO_004190||SUP::SUP_0279,PROD::PRO_000043||SUP::SUP_0017,0.39120590596443794
PROD::PRO_004190||SUP::SUP_0279,PROD::PRO_004355||SUP::SUP_0287,0.28097524887468284
PROD::PRO_004190||SUP::SUP_0279,PROD::PRO_004358||SUP::SUP_0287,0.28097524887468284
PROD::PRO_004191||SUP::SUP_0280,PROD::PRO_001184||SUP::SUP_0079,0.6952418507028416
PROD::PRO_004191||SUP::SUP_0280,PROD::PRO_000083||SUP::SUP_0031,0.595029325032564
PROD::PRO_004191||SUP::SUP_0280,PROD::PRO_000075||SUP::SUP_0028,0.5806248310318517
PROD::PRO_004191||SUP::SUP_0280,PROD::PRO_004353||SUP::SUP_0287,0.5032360238709043
PROD::PRO_000083||SUP::SUP_0031,PROD::PRO_000081||SUP::SUP_0030,0.5848955751164776
PROD::PRO_000083||SUP::SUP_0031,PROD::PRO_000042||SUP::SUP_0016,0.5688203118224282
PROD::PRO_000083||SUP::SUP_0031,PROD::PRO_006662||SUP::SUP_0373,0.5611186345739527
PROD::PRO_000083||SUP::SUP_0031,PROD::PRO_001315||SUP::SUP_0100,0.5499247827328952
PROD::PRO_000083||SUP::SUP_0031,PROD::PRO_000080||SUP::SUP_0030,0.45659431573215925
PROD::PRO_000083||SUP::SUP_0031,PROD::PRO_000082||SUP::SUP_0030,0.47412251489172164
PROD::PRO_000043||SUP::SUP_0017,PROD::PRO_000045||SUP::SUP_0017,0.8044714816180732
PROD::PRO_000043||SUP::SUP_0017,PROD::PRO_004242||SUP::SUP_0281,0.761345721414563
PROD::PRO_000043||SUP::SUP_0017,PROD::PRO_004352||SUP::SUP_0287,0.6696438537650761
PROD::PRO_000043||SUP::SUP_0017,PROD::PRO_000078||SUP::SUP_0029,0.6253893957512789
PROD::PRO_000043||SUP::SUP_0017,PROD::PRO_004354||SUP::SUP_0287,0.47397887539010175
PROD::PRO_000043||SUP::SUP_0017,PROD::PRO_004357||SUP::SUP_0287,0.5720142534549685
PROD::PRO_000043||SUP::SUP_0017,PROD::PRO_004356||SUP::SUP_0287,0.47854556466082177
PROD::PRO_001833||SUP::SUP_0134,PROD::PRO_001830||SUP::SUP_0134,0.9550187140424914
PROD::PRO_001833||SUP::SUP_0134,PROD::PRO_001827||SUP::SUP_0134,0.9431656892177881
PROD::PRO_001833||SUP::SUP_0134,PROD::PRO_001834||SUP::SUP_0134,0.9420950832082149
PROD::PRO_001833||SUP::SUP_0134,PROD::PRO_001826||SUP::SUP_0134,0.9398488220069608
PROD::PRO_001833||SUP::SUP_0134,PROD::PRO_001828||SUP::SUP_0134,0.9382181308615857
PROD::PRO_001833||SUP::SUP_0134,PROD::PRO_001825||SUP::SUP_0134,0.9323579737396591
PROD::PRO_001833||SUP::SUP_0134,PROD::PRO_001829||SUP::SUP_0134,0.9114140813810687
PROD::PRO_001833||SUP::SUP_0134,PROD::PRO_001838||SUP::SUP_0134,0.847093656460815
PROD::PRO_001833||SUP::SUP_0134,PROD::PRO_001831||SUP::SUP_0134,0.8139024733511906
PROD::PRO_001833||SUP::SUP_0134,PROD::PRO_001832||SUP::SUP_0134,0.8093635374287694
PROD::PRO_001833||SUP::SUP_0134,PROD::PRO_001835||SUP::SUP_0134,0.8044430752672379
PROD::PRO_001833||SUP::SUP_0134,PROD::PRO_001836||SUP::SUP_0134,0.7890461889487734
PROD::PRO_001835||SUP::SUP_0134,PROD::PRO_001831||SUP::SUP_0134,0.9976817706762753
PROD::PRO_001835||SUP::SUP_0134,PROD::PRO_001838||SUP::SUP_0134,0.9944626534786759
PROD::PRO_001835||SUP::SUP_0134,PROD::PRO_001827||SUP::SUP_0134,0.930522650270195
PROD::PRO_001835||SUP::SUP_0134,PROD::PRO_001828||SUP::SUP_0134,0.9248633718662163
PROD::PRO_001835||SUP::SUP_0134,PROD::PRO_001830||SUP::SUP_0134,0.9140328063163358
PROD::PRO_001835||SUP::SUP_0134,PROD::PRO_001826||SUP::SUP_0134,0.9135409962591025
PROD::PRO_001835||SUP::SUP_0134,PROD::PRO_001834||SUP::SUP_0134,0.9096116425080115
PROD::PRO_001835||SUP::SUP_0134,PROD::PRO_001836||SUP::SUP_0134,0.7630223353537571
PROD::PRO_001835||SUP::SUP_0134,PROD::PRO_001825||SUP::SUP_0134,0.6889316010825546
PROD::PRO_001835||SUP::SUP_0134,PROD::PRO_001837||SUP::SUP_0134,0.6583066142606562
PROD::PRO_001831||SUP::SUP_0134,PROD::PRO_001838||SUP::SUP_0134,0.9927076066162889
PROD::PRO_001831||SUP::SUP_0134,PROD::PRO_001827||SUP::SUP_0134,0.9294338343945776
PROD::PRO_001831||SUP::SUP_0134,PROD::PRO_001828||SUP::SUP_0134,0.9292886053208483
PROD::PRO_001831||SUP::SUP_0134,PROD::PRO_001830||SUP::SUP_0134,0.9140608108070081
PROD::PRO_001831||SUP::SUP_0134,PROD::PRO_001826||SUP::SUP_0134,0.9119997827792949
PROD::PRO_001831||SUP::SUP_0134,PROD::PRO_001834||SUP::SUP_0134,0.9072027448978814
PROD::PRO_001831||SUP::SUP_0134,PROD::PRO_001836||SUP::SUP_0134,0.7878554789821173
PROD::PRO_001831||SUP::SUP_0134,PROD::PRO_001825||SUP::SUP_0134,0.6979281639226295
PROD::PRO_001831||SUP::SUP_0134,PROD::PRO_001837||SUP::SUP_0134,0.6969223734556717
PROD::PRO_001838||SUP::SUP_0134,PROD::PRO_001827||SUP::SUP_0134,0.958015447346199
PROD::PRO_001838||SUP::SUP_0134,PROD::PRO_001828||SUP::SUP_0134,0.9498291215662945
PROD::PRO_001838||SUP::SUP_0134,PROD::PRO_001830||SUP::SUP_0134,0.9451178935494622
PROD::PRO_001838||SUP::SUP_0134,PROD::PRO_001826||SUP::SUP_0134,0.9408113826406944
PROD::PRO_001838||SUP::SUP_0134,PROD::PRO_001834||SUP::SUP_0134,0.9353890307329584
PROD::PRO_001838||SUP::SUP_0134,PROD::PRO_001836||SUP::SUP_0134,0.776743948043681
PROD::PRO_001838||SUP::SUP_0134,PROD::PRO_001825||SUP::SUP_0134,0.7419125115432479
PROD::PRO_001838||SUP::SUP_0134,PROD::PRO_001837||SUP::SUP_0134,0.6607492307119543
PROD::PRO_001838||SUP::SUP_0134,PROD::PRO_001829||SUP::SUP_0134,0.7401867565050153
PROD::PRO_001838||SUP::SUP_0134,PROD::PRO_003469||SUP::SUP_0214,0.5457360222189652
PROD::PRO_001838||SUP::SUP_0134,PROD::PRO_001832||SUP::SUP_0134,0.6853034111393695
PROD::PRO_001828||SUP::SUP_0134,PROD::PRO_001827||SUP::SUP_0134,0.9886608587205505
PROD::PRO_001828||SUP::SUP_0134,PROD::PRO_001830||SUP::SUP_0134,0.9873412043933556
PROD::PRO_001828||SUP::SUP_0134,PROD::PRO_001834||SUP::SUP_0134,0.9812605716053773
PROD::PRO_001828||SUP::SUP_0134,PROD::PRO_001826||SUP::SUP_0134,0.9787628324907799
PROD::PRO_001828||SUP::SUP_0134,PROD::PRO_001825||SUP::SUP_0134,0.8648759777367347
PROD::PRO_001828||SUP::SUP_0134,PROD::PRO_001829||SUP::SUP_0134,0.8574045089079596
PROD::PRO_001828||SUP::SUP_0134,PROD::PRO_001837||SUP::SUP_0134,0.7201130847942044
PROD::PRO_001828||SUP::SUP_0134,PROD::PRO_001836||SUP::SUP_0134,0.8539268079937886
PROD::PRO_001828||SUP::SUP_0134,PROD::PRO_001832||SUP::SUP_0134,0.7787152101362819
PROD::PRO_001834||SUP::SUP_0134,PROD::PRO_001830||SUP::SUP_0134,0.9910386013396892
PROD::PRO_001834||SUP::SUP_0134,PROD::PRO_001827||SUP::SUP_0134,0.9908721551783982
PROD::PRO_001834||SUP::SUP_0134,PROD::PRO_001826||SUP::SUP_0134,0.9885118635164653
PROD::PRO_001834||SUP::SUP_0134,PROD::PRO_001829||SUP::SUP_0134,0.8824210493630816
PROD::PRO_001834||SUP::SUP_0134,PROD::PRO_001825||SUP::SUP_0134,0.8698611649761483
PROD::PRO_001834||SUP::SUP_0134,PROD::PRO_001837||SUP::SUP_0134,0.6206734412502842
PROD::PRO_001834||SUP::SUP_0134,PROD::PRO_001836||SUP::SUP_0134,0.7863738212530512
PROD::PRO_001834||SUP::SUP_0134,PROD::PRO_001832||SUP::SUP_0134,0.7614531600951387
PROD::PRO_001830||SUP::SUP_0134,PROD::PRO_001827||SUP::SUP_0134,0.9986908044872824
PROD::PRO_001830||SUP::SUP_0134,PROD::PRO_001826||SUP::SUP_0134,0.9861425758345589
PROD::PRO_001830||SUP::SUP_0134,PROD::PRO_001829||SUP::SUP_0134,0.8831733667088782
PROD::PRO_001830||SUP::SUP_0134,PROD::PRO_001825||SUP::SUP_0134,0.8755044837630859
PROD::PRO_001830||SUP::SUP_0134,PROD::PRO_001837||SUP::SUP_0134,0.640725038173749
PROD::PRO_001830||SUP::SUP_0134,PROD::PRO_001836||SUP::SUP_0134,0.8013298006109788
PROD::PRO_001830||SUP::SUP_0134,PROD::PRO_001832||SUP::SUP_0134,0.759746810076641
PROD::PRO_001837||SUP::SUP_0134,PROD::PRO_001836||SUP::SUP_0134,0.9094499876080477
PROD::PRO_001837||SUP::SUP_0134,PROD::PRO_001827||SUP::SUP_0134,0.6414159402582098
PROD::PRO_001837||SUP::SUP_0134,PROD::PRO_001826||SUP::SUP_0134,0.6164668893154002
PROD::PRO_001837||SUP::SUP_0134,PROD::PRO_001832||SUP::SUP_0134,0.6150657118625092
PROD::PRO_001837||SUP::SUP_0134,PROD::PRO_000080||SUP::SUP_0030,0.4980679922796005
PROD::PRO_001837||SUP::SUP_0134,PROD::PRO_000082||SUP::SUP_0030,0.5166794011599497
PROD::PRO_001826||SUP::SUP_0134,PROD::PRO_001827||SUP::SUP_0134,0.9883492653689581
PROD::PRO_001826||SUP::SUP_0134,PROD::PRO_001829||SUP::SUP_0134,0.8735074537071281
PROD::PRO_001826||SUP::SUP_0134,PROD::PRO_001825||SUP::SUP_0134,0.8721162915132215
PROD::PRO_001826||SUP::SUP_0134,PROD::PRO_001836||SUP::SUP_0134,0.774450875891293
PROD::PRO_001826||SUP::SUP_0134,PROD::PRO_001832||SUP::SUP_0134,0.751167544147212
PROD::PRO_001829||SUP::SUP_0134,PROD::PRO_001825||SUP::SUP_0134,0.8712966975232168
PROD::PRO_001829||SUP::SUP_0134,PROD::PRO_001827||SUP::SUP_0134,0.8641232219985491
PROD::PRO_001829||SUP::SUP_0134,PROD::PRO_001832||SUP::SUP_0134,0.7318042099427388
PROD::PRO_001829||SUP::SUP_0134,PROD::PRO_001836||SUP::SUP_0134,0.7037638262378259
PROD::PRO_001836||SUP::SUP_0134,PROD::PRO_001827||SUP::SUP_0134,0.79839978969326
PROD::PRO_001836||SUP::SUP_0134,PROD::PRO_001825||SUP::SUP_0134,0.7667774508676629
PROD::PRO_001836||SUP::SUP_0134,PROD::PRO_001832||SUP::SUP_0134,0.7531888260920091
PROD::PRO_004188||SUP::SUP_0279,PROD::PRO_001832||SUP::SUP_0134,0.27863200059941895
PROD::PRO_000062||SUP::SUP_0025,PROD::PRO_000058||SUP::SUP_0022,0.8839677607770267
PROD::PRO_000062||SUP::SUP_0025,PROD::PRO_001314||SUP::SUP_0100,0.460643602425292
PROD::PRO_000045||SUP::SUP_0017,PROD::PRO_004352||SUP::SUP_0287,0.7384505982089692
PROD::PRO_000045||SUP::SUP_0017,PROD::PRO_004357||SUP::SUP_0287,0.6719626989832953
PROD::PRO_000045||SUP::SUP_0017,PROD::PRO_004356||SUP::SUP_0287,0.6029770964366817
PROD::PRO_000045||SUP::SUP_0017,PROD::PRO_004354||SUP::SUP_0287,0.5958763837247196
PROD::PRO_000045||SUP::SUP_0017,PROD::PRO_004242||SUP::SUP_0281,0.5807611081286661
PROD::PRO_000045||SUP::SUP_0017,PROD::PRO_004349||SUP::SUP_0287,0.4991444060553578
PROD::PRO_000045||SUP::SUP_0017,PROD::PRO_004355||SUP::SUP_0287,0.3610157847426587
PROD::PRO_000045||SUP::SUP_0017,PROD::PRO_004358||SUP::SUP_0287,0.3610157847426587
PROD::PRO_000068||SUP::SUP_0026,PROD::PRO_000067||SUP::SUP_0026,0.9999999999999999
PROD::PRO_000051||SUP::SUP_0019,PROD::PRO_000048||SUP::SUP_0019,0.45735694653194137
PROD::PRO_000051||SUP::SUP_0019,PROD::PRO_001277||SUP::SUP_0092,0.4521168949877411
PROD::PRO_005201||SUP::SUP_0319,PROD::PRO_000040||SUP::SUP_0014,0.7278070273704814
PROD::PRO_005201||SUP::SUP_0319,PROD::PRO_000021||SUP::SUP_0004,0.5230767723993291
PROD::PRO_000081||SUP::SUP_0030,PROD::PRO_000082||SUP::SUP_0030,0.8924000693130432
PROD::PRO_000081||SUP::SUP_0030,PROD::PRO_000080||SUP::SUP_0030,0.8746874125992045
PROD::PRO_000081||SUP::SUP_0030,PROD::PRO_001315||SUP::SUP_0100,0.862007167245173
PROD::PRO_000081||SUP::SUP_0030,PROD::PRO_001314||SUP::SUP_0100,0.7426650553055751
PROD::PRO_000081||SUP::SUP_0030,PROD::PRO_000073||SUP::SUP_0027,0.49655144298693954
PROD::PRO_000080||SUP::SUP_0030,PROD::PRO_000082||SUP::SUP_0030,0.9920450059876038
PROD::PRO_000080||SUP::SUP_0030,PROD::PRO_001315||SUP::SUP_0100,0.9105480039692199
PROD::PRO_000080||SUP::SUP_0030,PROD::PRO_000020||SUP::SUP_0003,0.6060837155356953
PROD::PRO_000080||SUP::SUP_0030,PROD::PRO_001314||SUP::SUP_0100,0.5557473961799765
PROD::PRO_000082||SUP::SUP_0030,PROD::PRO_001315||SUP::SUP_0100,0.9184301304925998
PROD::PRO_000082||SUP::SUP_0030,PROD::PRO_000020||SUP::SUP_0003,0.5869536889787536
PROD::PRO_000082||SUP::SUP_0030,PROD::PRO_001314||SUP::SUP_0100,0.5633026921598394
PROD::PRO_001315||SUP::SUP_0100,PROD::PRO_001314||SUP::SUP_0100,0.6235454064390344
PROD::PRO_001315||SUP::SUP_0100,PROD::PRO_000020||SUP::SUP_0003,0.500173731347729
PROD::PRO_001314||SUP::SUP_0100,PROD::PRO_000073||SUP::SUP_0027,0.627956501580812
PROD::PRO_001314||SUP::SUP_0100,PROD::PRO_000074||SUP::SUP_0027,0.5263565651198937
PROD::PRO_001314||SUP::SUP_0100,PROD::PRO_000058||SUP::SUP_0022,0.5063394738324084
PROD::PRO_000075||SUP::SUP_0028,PROD::PRO_000078||SUP::SUP_0029,0.5855117350337531
PROD::PRO_000075||SUP::SUP_0028,PROD::PRO_001184||SUP::SUP_0079,0.577777452068287
PROD::PRO_001277||SUP::SUP_0092,PROD::PRO_004356||SUP::SUP_0287,0.4826396340809145
PROD::PRO_001277||SUP::SUP_0092,PROD::PRO_004354||SUP::SUP_0287,0.47530030234541165
PROD::PRO_000078||SUP::SUP_0029,PROD::PRO_004242||SUP::SUP_0281,0.7651216871620361
PROD::PRO_000078||SUP::SUP_0029,PROD::PRO_004353||SUP::SUP_0287,0.4837462710640603
PROD::PRO_004520||SUP::SUP_0296,PROD::PRO_004522||SUP::SUP_0296,0.9983565165561031
PROD::PRO_004520||SUP::SUP_0296,PROD::PRO_004526||SUP::SUP_0296,0.9980078674014264
PROD::PRO_004520||SUP::SUP_0296,PROD::PRO_004524||SUP::SUP_0296,0.997695138412206
PROD::PRO_004520||SUP::SUP_0296,PROD::PRO_004525||SUP::SUP_0296,0.9943710238763379
PROD::PRO_004520||SUP::SUP_0296,PROD::PRO_004523||SUP::SUP_0296,0.9934788813518274
PROD::PRO_004520||SUP::SUP_0296,PROD::PRO_004527||SUP::SUP_0296,0.9921412520341414
PROD::PRO_004520||SUP::SUP_0296,PROD::PRO_004521||SUP::SUP_0296,0.9868756500186627
PROD::PRO_004522||SUP::SUP_0296,PROD::PRO_004524||SUP::SUP_0296,0.9995993774076629
PROD::PRO_004522||SUP::SUP_0296,PROD::PRO_004526||SUP::SUP_0296,0.9986994054059938
PROD::PRO_004522||SUP::SUP_0296,PROD::PRO_004525||SUP::SUP_0296,0.9965118102786721
PROD::PRO_004522||SUP::SUP_0296,PROD::PRO_004523||SUP::SUP_0296,0.9951423854225064
PROD::PRO_004522||SUP::SUP_0296,PROD::PRO_004527||SUP::SUP_0296,0.9938887322209841
PROD::PRO_004522||SUP::SUP_0296,PROD::PRO_004521||SUP::SUP_0296,0.9847845367667878
PROD::PRO_004527||SUP::SUP_0296,PROD::PRO_004525||SUP::SUP_0296,0.998769166964574
PROD::PRO_004527||SUP::SUP_0296,PROD::PRO_004523||SUP::SUP_0296,0.9980334542532862
PROD::PRO_004527||SUP::SUP_0296,PROD::PRO_004524||SUP::SUP_0296,0.9934419046321536
PROD::PRO_004527||SUP::SUP_0296,PROD::PRO_004526||SUP::SUP_0296,0.9896361154758111
PROD::PRO_004527||SUP::SUP_0296,PROD::PRO_004521||SUP::SUP_0296,0.9839772162791296
PROD::PRO_004521||SUP::SUP_0296,PROD::PRO_004526||SUP::SUP_0296,0.9847348853267552
PROD::PRO_004521||SUP::SUP_0296,PROD::PRO_004524||SUP::SUP_0296,0.9839348119305728
PROD::PRO_004521||SUP::SUP_0296,PROD::PRO_004523||SUP::SUP_0296,0.9832132082535145
PROD::PRO_004521||SUP::SUP_0296,PROD::PRO_004525||SUP::SUP_0296,0.9826661043369858
PROD::PRO_004526||SUP::SUP_0296,PROD::PRO_004524||SUP::SUP_0296,0.9979445101889199
PROD::PRO_004526||SUP::SUP_0296,PROD::PRO_004525||SUP::SUP_0296,0.9929904705021151
PROD::PRO_004526||SUP::SUP_0296,PROD::PRO_004523||SUP::SUP_0296,0.992503484194073
PROD::PRO_004524||SUP::SUP_0296,PROD::PRO_004525||SUP::SUP_0296,0.9960228447517832
PROD::PRO_004524||SUP::SUP_0296,PROD::PRO_004523||SUP::SUP_0296,0.9941360987118062
PROD::PRO_004523||SUP::SUP_0296,PROD::PRO_004525||SUP::SUP_0296,0.9992231741474921
PROD::PRO_004354||SUP::SUP_0287,PROD::PRO_004356||SUP::SUP_0287,0.9937488905788324
PROD::PRO_004354||SUP::SUP_0287,PROD::PRO_004357||SUP::SUP_0287,0.969086829541546
PROD::PRO_004354||SUP::SUP_0287,PROD::PRO_004352||SUP::SUP_0287,0.6583557171558232
PROD::PRO_000057||SUP::SUP_0022,PROD::PRO_000056||SUP::SUP_0022,0.7792182746663019
PROD::PRO_004353||SUP::SUP_0287,PROD::PRO_004242||SUP::SUP_0281,0.48723150741199817
PROD::PRO_004353||SUP::SUP_0287,PROD::PRO_000063||SUP::SUP_0026,0.36963281678065063
PROD::PRO_004353||SUP::SUP_0287,PROD::PRO_000072||SUP::SUP_0026,0.32791865656092944
PROD::PRO_004353||SUP::SUP_0287,PROD::PRO_000071||SUP::SUP_0026,0.33719919168522083
PROD::PRO_004353||SUP::SUP_0287,PROD::PRO_000064||SUP::SUP_0026,0.3523913086699797
PROD::PRO_004353||SUP::SUP_0287,PROD::PRO_000065||SUP::SUP_0026,0.3329809046313481
PROD::PRO_004350||SUP::SUP_0287,PROD::PRO_004349||SUP::SUP_0287,0.9053353454873968
PROD::PRO_004350||SUP::SUP_0287,PROD::PRO_000027||SUP::SUP_0007,0.6621816039401879
PROD::PRO_004352||SUP::SUP_0287,PROD::PRO_004357||SUP::SUP_0287,0.7297888481656041
PROD::PRO_004352||SUP::SUP_0287,PROD::PRO_004356||SUP::SUP_0287,0.6587714329436387
PROD::PRO_004352||SUP::SUP_0287,PROD::PRO_004355||SUP::SUP_0287,0.35021436220889357
PROD::PRO_004352||SUP::SUP_0287,PROD::PRO_004358||SUP::SUP_0287,0.35021436220889357
PROD::PRO_004357||SUP::SUP_0287,PROD::PRO_004356||SUP::SUP_0287,0.9606368476699325
PROD::PRO_004349||SUP::SUP_0287,PROD::PRO_000027||SUP::SUP_0007,0.6402724081302023
PROD::PRO_004349||SUP::SUP_0287,PROD::PRO_001832||SUP::SUP_0134,0.5115058723152487
PROD::PRO_004355||SUP::SUP_0287,PROD::PRO_004358||SUP::SUP_0287,1.0
PROD::PRO_000069||SUP::SUP_0026,PROD::PRO_000074||SUP::SUP_0027,0.6453440287060913
PROD::PRO_000069||SUP::SUP_0026,PROD::PRO_000042||SUP::SUP_0016,0.6168330480925096
PROD::PRO_000069||SUP::SUP_0026,PROD::PRO_000073||SUP::SUP_0027,0.5746296089972389
PROD::PRO_000063||SUP::SUP_0026,PROD::PRO_000065||SUP::SUP_0026,0.991664022064871
PROD::PRO_000063||SUP::SUP_0026,PROD::PRO_000072||SUP::SUP_0026,0.9892219470956837
PROD::PRO_000063||SUP::SUP_0026,PROD::PRO_000071||SUP::SUP_0026,0.9889226643133738
PROD::PRO_000063||SUP::SUP_0026,PROD::PRO_000064||SUP::SUP_0026,0.9861536919984489
PROD::PRO_000063||SUP::SUP_0026,PROD::PRO_004242||SUP::SUP_0281,0.4988665976080069
PROD::PRO_000072||SUP::SUP_0026,PROD::PRO_000071||SUP::SUP_0026,0.9991889035350751
PROD::PRO_000072||SUP::SUP_0026,PROD::PRO_000065||SUP::SUP_0026,0.998199584878975
PROD::PRO_000072||SUP::SUP_0026,PROD::PRO_000064||SUP::SUP_0026,0.9927353038211091
PROD::PRO_000072||SUP::SUP_0026,PROD::PRO_004242||SUP::SUP_0281,0.4850657574664936
PROD::PRO_000071||SUP::SUP_0026,PROD::PRO_000065||SUP::SUP_0026,0.9985446327957184
PROD::PRO_000071||SUP::SUP_0026,PROD::PRO_000064||SUP::SUP_0026,0.9908436177837796
PROD::PRO_000071||SUP::SUP_0026,PROD::PRO_004242||SUP::SUP_0281,0.4845283812717638
PROD::PRO_000064||SUP::SUP_0026,PROD::PRO_000065||SUP::SUP_0026,0.9927833695628222
PROD::PRO_000064||SUP::SUP_0026,PROD::PRO_004242||SUP::SUP_0281,0.5231852261754922
PROD::PRO_000065||SUP::SUP_0026,PROD::PRO_004242||SUP::SUP_0281,0.4784267915261109
PROD::PRO_000022||SUP::SUP_0004,PROD::PRO_000787||SUP::SUP_0072,0.9983440910449054
PROD::PRO_000022||SUP::SUP_0004,PROD::PRO_000021||SUP::SUP_0004,0.9136301313671755
PROD::PRO_006662||SUP::SUP_0373,PROD::PRO_001184||SUP::SUP_0079,0.7330834636468097
PROD::PRO_006662||SUP::SUP_0373,PROD::PRO_003469||SUP::SUP_0214,0.5736302364390172
PROD::PRO_000021||SUP::SUP_0004,PROD::PRO_000787||SUP::SUP_0072,0.9273246194858835
PROD::PRO_000052||SUP::SUP_0019,PROD::PRO_002861||SUP::SUP_0160,0.8726578740856316
PROD::PRO_000052||SUP::SUP_0019,PROD::PRO_000056||SUP::SUP_0022,0.5463910770444375
PROD::PRO_003469||SUP::SUP_0214,PROD::PRO_001184||SUP::SUP_0079,0.5857572211961501
PROD::PRO_000053||SUP::SUP_0019,PROD::PRO_002860||SUP::SUP_0160,0.8281905365981733
PROD::PRO_000053||SUP::SUP_0019,PROD::PRO_000047||SUP::SUP_0019,0.7404903788679414
PROD::PRO_001197||SUP::SUP_0085,PROD::PRO_000013||SUP::SUP_0003,0.9664936177965596
PROD::PRO_001197||SUP::SUP_0085,PROD::PRO_000012||SUP::SUP_0003,0.9087934218616786
PROD::PRO_001197||SUP::SUP_0085,PROD::PRO_001199||SUP::SUP_0085,0.8798052911971397
PROD::PRO_001197||SUP::SUP_0085,PROD::PRO_001198||SUP::SUP_0085,0.8539011417500705
PROD::PRO_001197||SUP::SUP_0085,PROD::PRO_000010||SUP::SUP_0003,0.8518595590388516
PROD::PRO_001197||SUP::SUP_0085,PROD::PRO_000018||SUP::SUP_0003,0.8476341340147042
PROD::PRO_001197||SUP::SUP_0085,PROD::PRO_000020||SUP::SUP_0003,0.7828551838948554
PROD::PRO_001197||SUP::SUP_0085,PROD::PRO_000011||SUP::SUP_0003,0.7463720931353843
PROD::PRO_001199||SUP::SUP_0085,PROD::PRO_000010||SUP::SUP_0003,0.9861660233348626
PROD::PRO_001199||SUP::SUP_0085,PROD::PRO_000018||SUP::SUP_0003,0.9723798849729178
PROD::PRO_001199||SUP::SUP_0085,PROD::PRO_001198||SUP::SUP_0085,0.9357159963598324
PROD::PRO_001199||SUP::SUP_0085,PROD::PRO_000013||SUP::SUP_0003,0.8878143580106915
PROD::PRO_001199||SUP::SUP_0085,PROD::PRO_000012||SUP::SUP_0003,0.8420223102960801
PROD::PRO_001199||SUP::SUP_0085,PROD::PRO_000014||SUP::SUP_0003,0.6966335732996441
PROD::PRO_001199||SUP::SUP_0085,PROD::PRO_000011||SUP::SUP_0003,0.6943190240395671
PROD::PRO_001199||SUP::SUP_0085,PROD::PRO_000017||SUP::SUP_0003,0.49520371939729324
PROD::PRO_001199||SUP::SUP_0085,PROD::PRO_000015||SUP::SUP_0003,0.6312706700681622
PROD::PRO_001199||SUP::SUP_0085,PROD::PRO_000019||SUP::SUP_0003,0.5520834263252293
PROD::PRO_001199||SUP::SUP_0085,PROD::PRO_000016||SUP::SUP_0003,0.5421023175128901
PROD::PRO_001199||SUP::SUP_0085,PROD::PRO_000020||SUP::SUP_0003,0.652761300084232
PROD::PRO_001198||SUP::SUP_0085,PROD::PRO_000010||SUP::SUP_0003,0.9260367879887246
PROD::PRO_001198||SUP::SUP_0085,PROD::PRO_000018||SUP::SUP_0003,0.8813673124193325
PROD::PRO_001198||SUP::SUP_0085,PROD::PRO_000013||SUP::SUP_0003,0.8634635314988579
PROD::PRO_001198||SUP::SUP_0085,PROD::PRO_000012||SUP::SUP_0003,0.8431779159948359
PROD::PRO_001198||SUP::SUP_0085,PROD::PRO_000011||SUP::SUP_0003,0.715434703328542
PROD::PRO_001198||SUP::SUP_0085,PROD::PRO_000014||SUP::SUP_0003,0.6144028874969794
PROD::PRO_001198||SUP::SUP_0085,PROD::PRO_000020||SUP::SUP_0003,0.6438881701278233
PROD::PRO_001832||SUP::SUP_0134,PROD::PRO_001825||SUP::SUP_0134,0.8496000077189205
PROD::PRO_001832||SUP::SUP_0134,PROD::PRO_001827||SUP::SUP_0134,0.7505682581668047
PROD::PRO_001825||SUP::SUP_0134,PROD::PRO_001827||SUP::SUP_0134,0.8612865178238885
PROD::PRO_000073||SUP::SUP_0027,PROD::PRO_000074||SUP::SUP_0027,0.9363870478973777
PROD::PRO_000073||SUP::SUP_0027,PROD::PRO_000042||SUP::SUP_0016,0.8300027054991217
PROD::PRO_000074||SUP::SUP_0027,PROD::PRO_000042||SUP::SUP_0016,0.9095080299582418
PROD::PRO_000010||SUP::SUP_0003,PROD::PRO_000018||SUP::SUP_0003,0.9538852393694126
PROD::PRO_000010||SUP::SUP_0003,PROD::PRO_000013||SUP::SUP_0003,0.8434290834257411
PROD::PRO_000010||SUP::SUP_0003,PROD::PRO_000012||SUP::SUP_0003,0.7980218122958025
PROD::PRO_000010||SUP::SUP_0003,PROD::PRO_000014||SUP::SUP_0003,0.6814920216867466
PROD::PRO_000010||SUP::SUP_0003,PROD::PRO_000011||SUP::SUP_0003,0.6704773989243621
PROD::PRO_000010||SUP::SUP_0003,PROD::PRO_000017||SUP::SUP_0003,0.46969946288518105
PROD::PRO_000010||SUP::SUP_0003,PROD::PRO_000015||SUP::SUP_0003,0.6499980212606604
PROD::PRO_000010||SUP::SUP_0003,PROD::PRO_000019||SUP::SUP_0003,0.5348463750515423
PROD::PRO_000010||SUP::SUP_0003,PROD::PRO_000016||SUP::SUP_0003,0.53520817886248
PROD::PRO_000010||SUP::SUP_0003,PROD::PRO_000020||SUP::SUP_0003,0.63494506537003
PROD::PRO_000011||SUP::SUP_0003,PROD::PRO_000012||SUP::SUP_0003,0.770486409911211
PROD::PRO_000011||SUP::SUP_0003,PROD::PRO_000013||SUP::SUP_0003,0.7546681965397678
PROD::PRO_000011||SUP::SUP_0003,PROD::PRO_000018||SUP::SUP_0003,0.7366258816496768
PROD::PRO_000011||SUP::SUP_0003,PROD::PRO_000020||SUP::SUP_0003,0.7341329031670628
PROD::PRO_000014||SUP::SUP_0003,PROD::PRO_000019||SUP::SUP_0003,0.969259001713277
PROD::PRO_000014||SUP::SUP_0003,PROD::PRO_000015||SUP::SUP_0003,0.951371829959477
PROD::PRO_000014||SUP::SUP_0003,PROD::PRO_000017||SUP::SUP_0003,0.9434650349719653
PROD::PRO_000014||SUP::SUP_0003,PROD::PRO_000016||SUP::SUP_0003,0.9374308531449591
PROD::PRO_000014||SUP::SUP_0003,PROD::PRO_000018||SUP::SUP_0003,0.7178320477235164
PROD::PRO_000014||SUP::SUP_0003,PROD::PRO_000020||SUP::SUP_0003,0.622601049589226
PROD::PRO_000014||SUP::SUP_0003,PROD::PRO_000012||SUP::SUP_0003,0.5855638118217746
PROD::PRO_000014||SUP::SUP_0003,PROD::PRO_000040||SUP::SUP_0014,0.5909844499276843
PROD::PRO_000017||SUP::SUP_0003,PROD::PRO_000019||SUP::SUP_0003,0.985717034233318
PROD::PRO_000017||SUP::SUP_0003,PROD::PRO_000016||SUP::SUP_0003,0.9646715211794125
PROD::PRO_000017||SUP::SUP_0003,PROD::PRO_000015||SUP::SUP_0003,0.9088220192361314
PROD::PRO_000017||SUP::SUP_0003,PROD::PRO_000020||SUP::SUP_0003,0.5579111245080298
PROD::PRO_000017||SUP::SUP_0003,PROD::PRO_000040||SUP::SUP_0014,0.5513618794640746
PROD::PRO_000017||SUP::SUP_0003,PROD::PRO_000018||SUP::SUP_0003,0.5112845513829679
PROD::PRO_000015||SUP::SUP_0003,PROD::PRO_000019||SUP::SUP_0003,0.9311180793578149
PROD::PRO_000015||SUP::SUP_0003,PROD::PRO_000016||SUP::SUP_0003,0.9164982939075536
PROD::PRO_000015||SUP::SUP_0003,PROD::PRO_000040||SUP::SUP_0014,0.6439852970353814
PROD::PRO_000015||SUP::SUP_0003,PROD::PRO_000018||SUP::SUP_0003,0.633978534481486
PROD::PRO_000015||SUP::SUP_0003,PROD::PRO_000020||SUP::SUP_0003,0.5630365819545806
PROD::PRO_000018||SUP::SUP_0003,PROD::PRO_000013||SUP::SUP_0003,0.8668560539681954
PROD::PRO_000018||SUP::SUP_0003,PROD::PRO_000012||SUP::SUP_0003,0.829209859053159
PROD::PRO_000018||SUP::SUP_0003,PROD::PRO_000019||SUP::SUP_0003,0.5740129373817104
PROD::PRO_000018||SUP::SUP_0003,PROD::PRO_000016||SUP::SUP_0003,0.5418341155838211
PROD::PRO_000018||SUP::SUP_0003,PROD::PRO_000020||SUP::SUP_0003,0.6442191724723602
PROD::PRO_000019||SUP::SUP_0003,PROD::PRO_000016||SUP::SUP_0003,0.9627291714303453
PROD::PRO_000019||SUP::SUP_0003,PROD::PRO_000040||SUP::SUP_0014,0.6184362417648376
PROD::PRO_000019||SUP::SUP_0003,PROD::PRO_000020||SUP::SUP_0003,0.580575159878614
PROD::PRO_000016||SUP::SUP_0003,PROD::PRO_000020||SUP::SUP_0003,0.6176459979805379
PROD::PRO_000016||SUP::SUP_0003,PROD::PRO_000040||SUP::SUP_0014,0.592200026946164
PROD::PRO_000020||SUP::SUP_0003,PROD::PRO_000013||SUP::SUP_0003,0.8173177323069255
PROD::PRO_000020||SUP::SUP_0003,PROD::PRO_000012||SUP::SUP_0003,0.7876017271550713
PROD::PRO_000013||SUP::SUP_0003,PROD::PRO_000012||SUP::SUP_0003,0.9554885815233486
