name,supplier,observed_count,inferred_topk,missing_topk
PRO_001715,SUP_0122,2,"[""银行金融服务"", ""货币银行服务"", ""互联网居民生活服务"", ""医院"", ""其他农业"", ""数字政府"", ""专业公共卫生服务""]","[""货币银行服务"", ""互联网居民生活服务"", ""医院"", ""其他农业"", ""数字政府"", ""专业公共卫生服务""]"
PRO_000732,SUP_0053,1,"[""银行金融服务"", ""数字化商务服务"", ""金融信息服务"", ""人身保险"", ""数字社会"", ""汽车、摩托车、零配件和燃料及其他动力销售"", ""数字化社会工作"", ""房地产中介服务""]","[""数字化商务服务"", ""金融信息服务"", ""人身保险"", ""数字社会"", ""汽车、摩托车、零配件和燃料及其他动力销售"", ""数字化社会工作"", ""房地产中介服务""]"
PRO_000731,SUP_0053,1,"[""银行金融服务"", ""数字化商务服务"", ""金融信息服务"", ""人身保险"", ""数字社会"", ""汽车、摩托车、零配件和燃料及其他动力销售"", ""数字化社会工作"", ""房地产中介服务""]","[""数字化商务服务"", ""金融信息服务"", ""人身保险"", ""数字社会"", ""汽车、摩托车、零配件和燃料及其他动力销售"", ""数字化社会工作"", ""房地产中介服务""]"
PRO_000733,SUP_0053,1,"[""银行金融服务"", ""数字化商务服务"", ""金融信息服务"", ""人身保险"", ""数字社会"", ""汽车、摩托车、零配件和燃料及其他动力销售"", ""数字化社会工作"", ""房地产中介服务""]","[""数字化商务服务"", ""金融信息服务"", ""人身保险"", ""数字社会"", ""汽车、摩托车、零配件和燃料及其他动力销售"", ""数字化社会工作"", ""房地产中介服务""]"
PRO_000734,SUP_0053,2,"[""银行金融服务"", ""数字化商务服务"", ""人身保险"", ""数字社会"", ""汽车、摩托车、零配件和燃料及其他动力销售"", ""数字化社会工作"", ""房地产中介服务""]","[""数字化商务服务"", ""人身保险"", ""数字社会"", ""汽车、摩托车、零配件和燃料及其他动力销售"", ""数字化社会工作"", ""房地产中介服务""]"
PRO_000652,SUP_0038,1,"[""金融信息服务"", ""资本投资服务"", ""银行金融服务"", ""数字金融"", ""数字资本市场服务"", ""数字社会"", ""数字化商务服务""]","[""金融信息服务"", ""资本投资服务"", ""数字金融"", ""数字资本市场服务"", ""数字社会"", ""数字化商务服务""]"
PRO_000656,SUP_0038,2,"[""银行金融服务"", ""金融信息服务""]","[""银行金融服务""]"
PRO_000651,SUP_0038,1,"[""银行金融服务"", ""金融信息服务"", ""其他数字金融"", ""数字资本市场服务""]","[""银行金融服务"", ""其他数字金融"", ""数字资本市场服务""]"
PRO_000660,SUP_0038,1,"[""金融信息服务"", ""银行金融服务"", ""其他数字金融"", ""数字资本市场服务""]","[""金融信息服务"", ""其他数字金融"", ""数字资本市场服务""]"
PRO_000664,SUP_0038,1,"[""银行金融服务"", ""金融信息服务"", ""其他数字金融"", ""数字资本市场服务""]","[""银行金融服务"", ""其他数字金融"", ""数字资本市场服务""]"
PRO_000663,SUP_0038,1,"[""金融信息服务"", ""银行金融服务"", ""其他数字金融"", ""数字资本市场服务""]","[""金融信息服务"", ""其他数字金融"", ""数字资本市场服务""]"
PRO_000662,SUP_0038,1,"[""银行金融服务"", ""金融信息服务"", ""其他数字金融"", ""数字资本市场服务""]","[""银行金融服务"", ""其他数字金融"", ""数字资本市场服务""]"
PRO_000658,SUP_0038,1,"[""金融信息服务"", ""银行金融服务"", ""其他数字金融"", ""数字资本市场服务""]","[""金融信息服务"", ""其他数字金融"", ""数字资本市场服务""]"
PRO_000667,SUP_0039,2,"[""银行金融服务"", ""数字金融"", ""数字化零售"", ""供应链管理服务"", ""数字内容出版"", ""住宅房屋建筑"", ""互联网保险"", ""数据资源与产权交易"", ""数字社会""]","[""银行金融服务"", ""数字金融"", ""数字化零售"", ""供应链管理服务"", ""数字内容出版"", ""住宅房屋建筑"", ""互联网保险"", ""数据资源与产权交易"", ""数字社会""]"
PRO_004040,SUP_0266,1,"[""数字化商务服务"", ""互联网资讯服务"", ""人力资源服务"", ""其他互联网平台"", ""网上税务办理"", ""资本投资服务"", ""咨询与调查"", ""法律服务"", ""银行金融服务""]","[""数字化商务服务"", ""互联网资讯服务"", ""人力资源服务"", ""其他互联网平台"", ""网上税务办理"", ""资本投资服务"", ""咨询与调查"", ""银行金融服务""]"
PRO_001840,SUP_0135,2,"[""银行金融服务"", ""数字化租赁"", ""网络借贷服务"", ""供应链管理服务"", ""其他数字金融"", ""货币银行服务"", ""人身保险""]","[""数字化租赁"", ""网络借贷服务"", ""供应链管理服务"", ""货币银行服务"", ""人身保险""]"
PRO_001839,SUP_0135,2,"[""银行金融服务"", ""数字化商务服务"", ""网络借贷服务"", ""其他数字金融"", ""货币银行服务"", ""人身保险"", ""电信""]","[""数字化商务服务"", ""网络借贷服务"", ""其他数字金融"", ""货币银行服务"", ""人身保险"", ""电信""]"
PRO_003992,SUP_0266,1,"[""数字资本市场服务"", ""银行金融服务"", ""互联网房地产业"", ""互联网搜索服务"", ""金融信息服务"", ""数字化商务服务"", ""物联网技术服务"", ""可穿戴智能设备制造"", ""互联网数据服务""]","[""数字资本市场服务"", ""银行金融服务"", ""互联网房地产业"", ""互联网搜索服务"", ""金融信息服务"", ""数字化商务服务"", ""物联网技术服务"", ""可穿戴智能设备制造"", ""互联网数据服务""]"
PRO_001842,SUP_0135,1,"[""银行金融服务"", ""数字化租赁"", ""其他数字金融"", ""网络借贷服务"", ""供应链管理服务"", ""货币银行服务"", ""财产保险"", ""数字社会"", ""数字金融"", ""智能制造""]","[""数字化租赁"", ""其他数字金融"", ""网络借贷服务"", ""供应链管理服务"", ""货币银行服务"", ""财产保险"", ""数字社会"", ""数字金融"", ""智能制造""]"
PRO_001841,SUP_0135,1,"[""银行金融服务"", ""网络借贷服务"", ""数字化租赁"", ""数字化商务服务"", ""电信""]","[""银行金融服务"", ""数字化租赁"", ""数字化商务服务"", ""电信""]"
PRO_001844,SUP_0135,1,"[""银行金融服务"", ""网络借贷服务"", ""数字化租赁"", ""数字化商务服务"", ""电信""]","[""网络借贷服务"", ""数字化租赁"", ""数字化商务服务"", ""电信""]"
PRO_001843,SUP_0135,2,"[""银行金融服务"", ""网络借贷服务"", ""数字化商务服务"", ""电信"", ""数字化租赁""]","[""网络借贷服务"", ""数字化商务服务"", ""电信""]"
PRO_001846,SUP_0135,1,"[""银行金融服务"", ""网络借贷服务"", ""数字化租赁"", ""数字化商务服务"", ""电信""]","[""网络借贷服务"", ""数字化租赁"", ""数字化商务服务"", ""电信""]"
PRO_001845,SUP_0135,1,"[""银行金融服务"", ""网络借贷服务"", ""数字化租赁"", ""数字化商务服务"", ""电信""]","[""网络借贷服务"", ""数字化租赁"", ""数字化商务服务"", ""电信""]"
PRO_001848,SUP_0135,2,"[""银行金融服务"", ""网络借贷服务"", ""数字化租赁"", ""数字化商务服务"", ""电信""]","[""数字化租赁"", ""数字化商务服务"", ""电信""]"
PRO_001847,SUP_0135,1,"[""银行金融服务"", ""网络借贷服务"", ""数字化租赁"", ""数字化商务服务"", ""电信""]","[""银行金融服务"", ""数字化租赁"", ""数字化商务服务"", ""电信""]"
PRO_003909,SUP_0256,1,"[""数字化零售"", ""银行金融服务"", ""数字化商务服务"", ""医院"", ""数字金融"", ""房地产开发经营"", ""互联网保险"", ""网络借贷服务"", ""数字化租赁"", ""智慧配送""]","[""数字化零售"", ""银行金融服务"", ""数字化商务服务"", ""医院"", ""数字金融"", ""房地产开发经营"", ""互联网保险"", ""网络借贷服务"", ""数字化租赁"", ""智慧配送""]"
PRO_000666,SUP_0039,2,"[""银行金融服务"", ""货币银行服务"", ""综合零售"", ""供应链管理服务"", ""数字内容出版"", ""住宅房屋建筑"", ""互联网保险"", ""数据资源与产权交易"", ""数字社会""]","[""银行金融服务"", ""货币银行服务"", ""综合零售"", ""供应链管理服务"", ""数字内容出版"", ""住宅房屋建筑"", ""互联网保险"", ""数据资源与产权交易"", ""数字社会""]"
PRO_002853,SUP_0156,1,"[""银行金融服务"", ""数字化商务服务"", ""信息技术咨询服务"", ""数字资本市场服务"", ""智慧配送"", ""金融信息服务"", ""工程和技术研究和试验发展""]","[""银行金融服务"", ""数字化商务服务"", ""信息技术咨询服务"", ""数字资本市场服务"", ""智慧配送"", ""金融信息服务"", ""工程和技术研究和试验发展""]"
PRO_000665,SUP_0039,1,"[""银行金融服务"", ""货币银行服务"", ""综合零售"", ""数字金融"", ""数字化零售"", ""供应链管理服务"", ""住宅房屋建筑"", ""数字内容出版"", ""互联网保险"", ""数据资源与产权交易""]","[""货币银行服务"", ""综合零售"", ""数字金融"", ""数字化零售"", ""供应链管理服务"", ""住宅房屋建筑"", ""数字内容出版"", ""互联网保险"", ""数据资源与产权交易""]"
PRO_002726,SUP_0145,1,"[""银行金融服务"", ""数字金融"", ""互联网金融"", ""数字化商务服务"", ""数字商贸"", ""货币银行服务"", ""人身保险""]","[""银行金融服务"", ""数字金融"", ""互联网金融"", ""数字化商务服务"", ""数字商贸"", ""货币银行服务"", ""人身保险""]"
PRO_000646,SUP_0037,1,"[""银行金融服务"", ""供应链管理服务"", ""住宅房屋建筑"", ""数字金融"", ""数字化零售"", ""数字社会"", ""互联网保险""]","[""供应链管理服务"", ""住宅房屋建筑"", ""数字金融"", ""数字化零售"", ""数字社会"", ""互联网保险""]"
PRO_001704,SUP_0122,1,"[""银行金融服务"", ""网上税务办理"", ""基本保险"", ""人力资源服务"", ""房地产开发经营"", ""其他数字政府""]","[""网上税务办理"", ""基本保险"", ""人力资源服务"", ""房地产开发经营"", ""其他数字政府""]"
PRO_001705,SUP_0122,1,"[""银行金融服务"", ""网上税务办理"", ""基本保险"", ""人力资源服务"", ""房地产开发经营"", ""其他数字政府""]","[""网上税务办理"", ""基本保险"", ""人力资源服务"", ""房地产开发经营"", ""其他数字政府""]"
PRO_001707,SUP_0122,1,"[""银行金融服务"", ""网上税务办理"", ""基本保险"", ""房地产开发经营"", ""其他数字政府""]","[""银行金融服务"", ""网上税务办理"", ""基本保险"", ""房地产开发经营"", ""其他数字政府""]"
PRO_001703,SUP_0122,1,"[""银行金融服务"", ""网上税务办理"", ""人力资源服务"", ""房地产开发经营"", ""其他数字政府""]","[""银行金融服务"", ""网上税务办理"", ""人力资源服务"", ""房地产开发经营"", ""其他数字政府""]"
PRO_001700,SUP_0122,1,"[""银行金融服务"", ""网上税务办理"", ""基本保险"", ""人力资源服务"", ""房地产开发经营"", ""数字资本市场服务""]","[""网上税务办理"", ""基本保险"", ""人力资源服务"", ""房地产开发经营"", ""数字资本市场服务""]"
PRO_001702,SUP_0122,1,"[""银行金融服务"", ""网上税务办理"", ""基本保险"", ""人力资源服务"", ""行政办公自动化""]","[""银行金融服务"", ""网上税务办理"", ""基本保险"", ""人力资源服务"", ""行政办公自动化""]"
PRO_001701,SUP_0122,1,"[""银行金融服务"", ""网上税务办理"", ""人力资源服务"", ""基本保险"", ""房地产开发经营"", ""数字资本市场服务""]","[""网上税务办理"", ""人力资源服务"", ""基本保险"", ""房地产开发经营"", ""数字资本市场服务""]"
PRO_006100,SUP_0368,1,"[""货币银行服务"", ""人身保险"", ""其他数字金融"", ""银行金融服务"", ""数字金融"", ""财产保险"", ""咨询与调查"", ""数字化零售"", ""智慧配送"", ""数字化通用、专用设备制造""]","[""货币银行服务"", ""人身保险"", ""其他数字金融"", ""数字金融"", ""财产保险"", ""咨询与调查"", ""数字化零售"", ""智慧配送"", ""数字化通用、专用设备制造""]"
PRO_002728,SUP_0145,1,"[""银行金融服务"", ""智能交通"", ""其他数字金融"", ""城市公共交通运输"", ""智能化电力、热力、燃气及水生产和供应"", ""地理遥感信息及测绘地理信息服务"", ""其他数字政府"", ""智能车载设备制造"", ""其他互联网平台""]","[""银行金融服务"", ""智能交通"", ""其他数字金融"", ""城市公共交通运输"", ""智能化电力、热力、燃气及水生产和供应"", ""地理遥感信息及测绘地理信息服务"", ""其他数字政府"", ""智能车载设备制造"", ""其他互联网平台""]"
PRO_001483,SUP_0113,1,"[""银行金融服务"", ""互联网保险"", ""智慧教育"", ""电信"", ""汽车、摩托车、零配件和燃料及其他动力销售"", ""专业公共卫生服务"", ""广告业"", ""数字社会"", ""互联网零售""]","[""互联网保险"", ""智慧教育"", ""电信"", ""汽车、摩托车、零配件和燃料及其他动力销售"", ""专业公共卫生服务"", ""广告业"", ""数字社会"", ""互联网零售""]"
PRO_004008,SUP_0266,1,"[""数字资本市场服务"", ""数字化商务服务"", ""证券市场服务"", ""资本投资服务""]","[""数字资本市场服务"", ""数字化商务服务"", ""证券市场服务"", ""资本投资服务""]"
PRO_003999,SUP_0266,1,"[""资本投资服务"", ""银行金融服务"", ""数字化商务服务"", ""数字社会"", ""数字资本市场服务"", ""数字金融""]","[""银行金融服务"", ""数字化商务服务"", ""数字社会"", ""数字资本市场服务"", ""数字金融""]"
PRO_001850,SUP_0135,2,"[""银行金融服务"", ""其他数字金融"", ""网络借贷服务"", ""供应链管理服务"", ""数字金融"", ""数字化租赁"", ""货币银行服务"", ""财产保险"", ""数字社会"", ""智能制造""]","[""其他数字金融"", ""网络借贷服务"", ""供应链管理服务"", ""数字金融"", ""货币银行服务"", ""财产保险"", ""数字社会"", ""智能制造""]"
PRO_001849,SUP_0135,2,"[""银行金融服务"", ""数字化租赁"", ""其他数字金融"", ""供应链管理服务"", ""货币银行服务"", ""人身保险""]","[""数字化租赁"", ""其他数字金融"", ""供应链管理服务"", ""货币银行服务"", ""人身保险""]"
PRO_005725,SUP_0353,1,"[""银行金融服务"", ""数字化商务服务"", ""网上税务办理"", ""互联网批发零售"", ""数字金融"", ""其他未列明金融业"", ""数字政府"", ""数字资本市场服务""]","[""银行金融服务"", ""数字化商务服务"", ""网上税务办理"", ""互联网批发零售"", ""数字金融"", ""其他未列明金融业"", ""数字政府"", ""数字资本市场服务""]"
PRO_000649,SUP_0037,1,"[""银行金融服务"", ""住宅房屋建筑"", ""供应链管理服务"", ""数字金融"", ""数字化零售"", ""数字社会"", ""互联网保险""]","[""住宅房屋建筑"", ""供应链管理服务"", ""数字金融"", ""数字化零售"", ""数字社会"", ""互联网保险""]"
PRO_000648,SUP_0037,1,"[""银行金融服务"", ""人身保险"", ""互联网房地产业"", ""广告业"", ""数字化零售"", ""房地产开发经营"", ""网络借贷服务"", ""数字化租赁""]","[""人身保险"", ""互联网房地产业"", ""广告业"", ""数字化零售"", ""房地产开发经营"", ""网络借贷服务"", ""数字化租赁""]"
PRO_001725,SUP_0125,1,"[""银行金融服务"", ""智能道路运输"", ""智慧配送"", ""人身保险"", ""数字金融"", ""广告业"", ""行政办公自动化"", ""智慧教育"", ""国家行政机构"", ""水上货物运输""]","[""银行金融服务"", ""智能道路运输"", ""智慧配送"", ""人身保险"", ""数字金融"", ""广告业"", ""行政办公自动化"", ""智慧教育"", ""国家行政机构"", ""水上货物运输""]"
PRO_001711,SUP_0122,1,"[""银行金融服务"", ""互联网居民生活服务"", ""货币银行服务"", ""行政办公自动化"", ""医院"", ""数字政府"", ""专业公共卫生服务"", ""人力资源服务"", ""网络借贷服务"", ""婚姻服务""]","[""互联网居民生活服务"", ""货币银行服务"", ""行政办公自动化"", ""医院"", ""数字政府"", ""专业公共卫生服务"", ""人力资源服务"", ""网络借贷服务"", ""婚姻服务""]"
PRO_001724,SUP_0125,1,"[""银行金融服务"", ""数字金融"", ""其他批发业"", ""汽车零部件及配件制造"", ""法律服务"", ""人力资源服务"", ""数字社会"", ""稻谷种植"", ""农业科学研究和试验发展"", ""国家行政机构""]","[""银行金融服务"", ""数字金融"", ""其他批发业"", ""汽车零部件及配件制造"", ""法律服务"", ""人力资源服务"", ""数字社会"", ""稻谷种植"", ""农业科学研究和试验发展"", ""国家行政机构""]"
PRO_000647,SUP_0037,1,"[""资本投资服务"", ""银行金融服务"", ""数字金融"", ""数字化商务服务"", ""数字资本市场服务"", ""数字社会""]","[""资本投资服务"", ""数字金融"", ""数字化商务服务"", ""数字资本市场服务"", ""数字社会""]"
PRO_001706,SUP_0122,2,"[""银行金融服务"", ""基本保险"", ""人力资源服务"", ""网上税务办理"", ""房地产开发经营"", ""其他数字政府""]","[""基本保险"", ""人力资源服务"", ""房地产开发经营"", ""其他数字政府""]"
PRO_001708,SUP_0122,1,"[""银行金融服务"", ""房地产开发经营"", ""基本保险"", ""人力资源服务"", ""网上税务办理"", ""行政办公自动化""]","[""银行金融服务"", ""房地产开发经营"", ""基本保险"", ""人力资源服务"", ""行政办公自动化""]"
PRO_001717,SUP_0123,5,"[""银行金融服务"", ""网络借贷服务"", ""人力资源服务"", ""数字金融"", ""数字政府"", ""专业公共卫生服务"", ""咨询与调查"", ""数字社会"", ""数字化零售"", ""数字化商务服务""]","[""数字金融"", ""数字政府"", ""专业公共卫生服务"", ""咨询与调查"", ""数字社会"", ""数字化零售"", ""数字化商务服务""]"
PRO_000870,SUP_0075,2,"[""银行金融服务"", ""货币银行服务"", ""数字化商务服务"", ""数字化租赁"", ""电信""]","[""银行金融服务"", ""数字化商务服务"", ""数字化租赁"", ""电信""]"
PRO_001718,SUP_0123,4,"[""银行金融服务"", ""网络借贷服务"", ""人力资源服务"", ""数字金融"", ""人身保险"", ""数字社会"", ""咨询与调查"", ""数字化零售"", ""婚姻服务"", ""家庭服务""]","[""网络借贷服务"", ""人力资源服务"", ""数字金融"", ""人身保险"", ""数字社会"", ""咨询与调查"", ""数字化零售"", ""婚姻服务"", ""家庭服务""]"
PRO_001699,SUP_0122,1,"[""银行金融服务"", ""网上税务办理"", ""人力资源服务"", ""基本保险"", ""房地产开发经营"", ""数字资本市场服务""]","[""网上税务办理"", ""人力资源服务"", ""基本保险"", ""房地产开发经营"", ""数字资本市场服务""]"
PRO_001188,SUP_0083,1,"[""银行金融服务"", ""住宅房屋建筑"", ""网络借贷服务"", ""货币银行服务"", ""人力资源服务"", ""供应链管理服务"", ""数字金融"", ""数字化零售"", ""数字社会"", ""互联网保险""]","[""住宅房屋建筑"", ""网络借贷服务"", ""货币银行服务"", ""人力资源服务"", ""供应链管理服务"", ""数字金融"", ""数字化零售"", ""数字社会"", ""互联网保险""]"
PRO_004069,SUP_0266,1,"[""数字资本市场服务"", ""银行金融服务"", ""数字化商务服务"", ""互联网搜索服务"", ""咨询与调查""]","[""数字资本市场服务"", ""银行金融服务"", ""互联网搜索服务"", ""咨询与调查""]"
PRO_001658,SUP_0117,1,"[""智能化电力、热力、燃气及水生产和供应"", ""互联网房地产业"", ""广播"", ""其他采矿业"", ""数字化建筑业"", ""智慧教育"", ""医疗诊断、监护及治疗设备制造"", ""其他居民服务业"", ""其他日用产品修理业"", ""装卸搬运""]","[""智能化电力、热力、燃气及水生产和供应"", ""互联网房地产业"", ""广播"", ""其他采矿业"", ""数字化建筑业"", ""智慧教育"", ""医疗诊断、监护及治疗设备制造"", ""其他居民服务业"", ""其他日用产品修理业"", ""装卸搬运""]"
PRO_001639,SUP_0117,2,"[""咨询与调查"", ""安全系统监控服务"", ""其他家具制造"", ""医疗诊断、监护及治疗设备制造"", ""智慧教育"", ""物业管理"", ""其他采矿业"", ""数字化零售"", ""数字化批发"", ""运输代理业""]","[""咨询与调查"", ""安全系统监控服务"", ""其他家具制造"", ""医疗诊断、监护及治疗设备制造"", ""智慧教育"", ""物业管理"", ""其他采矿业"", ""数字化零售"", ""数字化批发"", ""运输代理业""]"
PRO_001643,SUP_0117,3,"[""智能化电力、热力、燃气及水生产和供应"", ""其他采矿业"", ""广播"", ""互联网房地产业"", ""医疗诊断、监护及治疗设备制造"", ""咨询与调查"", ""安全系统监控服务"", ""其他家具制造"", ""智慧教育"", ""数字化设施种植""]","[""智能化电力、热力、燃气及水生产和供应"", ""其他采矿业"", ""广播"", ""互联网房地产业"", ""医疗诊断、监护及治疗设备制造"", ""咨询与调查"", ""安全系统监控服务"", ""其他家具制造"", ""智慧教育"", ""数字化设施种植""]"
PRO_004080,SUP_0266,1,"[""银行金融服务"", ""金融信息服务"", ""数字化商务服务"", ""知识产权服务"", ""数字资本市场服务"", ""法律服务"", ""公开募集证券投资基金"", ""数字社会"", ""数字政府"", ""其他数字技术应用业""]","[""金融信息服务"", ""数字化商务服务"", ""知识产权服务"", ""数字资本市场服务"", ""法律服务"", ""公开募集证券投资基金"", ""数字社会"", ""数字政府"", ""其他数字技术应用业""]"
PRO_001645,SUP_0117,1,"[""其他家具制造"", ""安全系统监控服务"", ""咨询与调查"", ""智慧教育"", ""物业管理"", ""智能化电力、热力、燃气及水生产和供应"", ""广播"", ""其他采矿业"", ""数字化餐饮"", ""数字化住宿""]","[""其他家具制造"", ""安全系统监控服务"", ""咨询与调查"", ""智慧教育"", ""物业管理"", ""智能化电力、热力、燃气及水生产和供应"", ""广播"", ""其他采矿业"", ""数字化餐饮"", ""数字化住宿""]"
PRO_001640,SUP_0117,1,"[""医疗诊断、监护及治疗设备制造"", ""智慧教育"", ""其他家具制造"", ""安全系统监控服务"", ""咨询与调查"", ""物业管理"", ""装卸搬运"", ""通用仓储"", ""数字化餐饮"", ""数字化住宿""]","[""医疗诊断、监护及治疗设备制造"", ""智慧教育"", ""其他家具制造"", ""安全系统监控服务"", ""咨询与调查"", ""物业管理"", ""装卸搬运"", ""通用仓储"", ""数字化餐饮"", ""数字化住宿""]"
PRO_001655,SUP_0117,1,"[""咨询与调查"", ""其他家具制造"", ""安全系统监控服务"", ""医疗诊断、监护及治疗设备制造"", ""智慧教育"", ""其他采矿业"", ""广播"", ""智能化电力、热力、燃气及水生产和供应"", ""数字化餐饮"", ""数字化住宿""]","[""咨询与调查"", ""其他家具制造"", ""安全系统监控服务"", ""医疗诊断、监护及治疗设备制造"", ""智慧教育"", ""其他采矿业"", ""广播"", ""智能化电力、热力、燃气及水生产和供应"", ""数字化餐饮"", ""数字化住宿""]"
PRO_001656,SUP_0117,2,"[""医疗诊断、监护及治疗设备制造"", ""其他家具制造"", ""咨询与调查"", ""安全系统监控服务"", ""智慧教育"", ""物业管理"", ""广播"", ""其他采矿业"", ""数字化餐饮"", ""数字化住宿""]","[""医疗诊断、监护及治疗设备制造"", ""其他家具制造"", ""咨询与调查"", ""安全系统监控服务"", ""智慧教育"", ""物业管理"", ""广播"", ""其他采矿业"", ""数字化餐饮"", ""数字化住宿""]"
PRO_001652,SUP_0117,1,"[""其他采矿业"", ""智能化电力、热力、燃气及水生产和供应"", ""互联网房地产业"", ""安全系统监控服务"", ""其他家具制造"", ""咨询与调查"", ""医疗诊断、监护及治疗设备制造"", ""智慧教育"", ""飞机制造"", ""铁路机车车辆制造""]","[""其他采矿业"", ""智能化电力、热力、燃气及水生产和供应"", ""互联网房地产业"", ""安全系统监控服务"", ""其他家具制造"", ""咨询与调查"", ""医疗诊断、监护及治疗设备制造"", ""智慧教育"", ""飞机制造"", ""铁路机车车辆制造""]"
PRO_001653,SUP_0117,2,"[""咨询与调查"", ""租赁和商务服务业"", ""智能化电力、热力、燃气及水生产和供应"", ""互联网房地产业"", ""数字化建筑业"", ""其他采矿业"", ""广播"", ""智慧教育"", ""其他居民服务业"", ""其他日用产品修理业""]","[""咨询与调查"", ""租赁和商务服务业"", ""智能化电力、热力、燃气及水生产和供应"", ""互联网房地产业"", ""数字化建筑业"", ""其他采矿业"", ""广播"", ""智慧教育"", ""其他居民服务业"", ""其他日用产品修理业""]"
PRO_001654,SUP_0117,1,"[""其他采矿业"", ""广播"", ""互联网房地产业"", ""咨询与调查"", ""安全系统监控服务"", ""其他家具制造"", ""医疗诊断、监护及治疗设备制造"", ""智慧教育"", ""飞机制造"", ""铁路机车车辆制造""]","[""其他采矿业"", ""广播"", ""互联网房地产业"", ""咨询与调查"", ""安全系统监控服务"", ""其他家具制造"", ""医疗诊断、监护及治疗设备制造"", ""智慧教育"", ""飞机制造"", ""铁路机车车辆制造""]"
PRO_003312,SUP_0175,1,"[""银行金融服务"", ""金融信息服务"", ""其他数字金融""]","[""金融信息服务"", ""其他数字金融""]"
PRO_004035,SUP_0266,1,"[""数字化商务服务"", ""数字资本市场服务"", ""银行金融服务"", ""资本投资服务"", ""法律服务"", ""知识产权服务"", ""互联网资讯服务"", ""数字政府"", ""其他数字技术应用业""]","[""数字资本市场服务"", ""银行金融服务"", ""资本投资服务"", ""法律服务"", ""知识产权服务"", ""互联网资讯服务"", ""数字政府"", ""其他数字技术应用业""]"
PRO_001661,SUP_0118,1,"[""住宅房屋建筑"", ""银行金融服务"", ""其他土木工程建筑"", ""数字化商务服务"", ""木质家具制造"", ""数字金融"", ""数字化零售"", ""橡胶制品业"", ""塑料制品业"", ""电信""]","[""住宅房屋建筑"", ""银行金融服务"", ""其他土木工程建筑"", ""木质家具制造"", ""数字金融"", ""数字化零售"", ""橡胶制品业"", ""塑料制品业"", ""电信""]"
PRO_001713,SUP_0122,1,"[""银行金融服务"", ""其他农业"", ""数字化商务服务"", ""人力资源服务"", ""环境与生态监测检测服务"", ""气象服务"", ""数字政府"", ""专业公共卫生服务"", ""智能道路运输"", ""智慧配送""]","[""其他农业"", ""数字化商务服务"", ""人力资源服务"", ""环境与生态监测检测服务"", ""气象服务"", ""数字政府"", ""专业公共卫生服务"", ""智能道路运输"", ""智慧配送""]"
PRO_001482,SUP_0113,1,"[""银行金融服务"", ""互联网保险"", ""智慧教育"", ""电信"", ""汽车、摩托车、零配件和燃料及其他动力销售"", ""专业公共卫生服务"", ""广告业"", ""数字社会"", ""互联网零售""]","[""互联网保险"", ""智慧教育"", ""电信"", ""汽车、摩托车、零配件和燃料及其他动力销售"", ""专业公共卫生服务"", ""广告业"", ""数字社会"", ""互联网零售""]"
PRO_003542,SUP_0232,3,"[""数字化零售"", ""银行金融服务"", ""人身保险"", ""人力资源服务"", ""橡胶制品业"", ""塑料制品业"", ""数字金融"", ""稻谷种植"", ""农业科学研究和试验发展"", ""国家行政机构""]","[""数字化零售"", ""银行金融服务"", ""人身保险"", ""人力资源服务"", ""橡胶制品业"", ""塑料制品业"", ""稻谷种植"", ""农业科学研究和试验发展"", ""国家行政机构""]"
PRO_001641,SUP_0117,1,"[""安全系统监控服务"", ""其他家具制造"", ""医疗诊断、监护及治疗设备制造"", ""智慧教育"", ""物业管理"", ""其他采矿业"", ""广播"", ""智能化电力、热力、燃气及水生产和供应"", ""数字化餐饮"", ""数字化住宿""]","[""安全系统监控服务"", ""其他家具制造"", ""医疗诊断、监护及治疗设备制造"", ""智慧教育"", ""物业管理"", ""其他采矿业"", ""广播"", ""智能化电力、热力、燃气及水生产和供应"", ""数字化餐饮"", ""数字化住宿""]"
PRO_001638,SUP_0117,1,"[""租赁和商务服务业"", ""咨询与调查"", ""数字化建筑业"", ""智慧教育"", ""智能化电力、热力、燃气及水生产和供应"", ""互联网房地产业"", ""其他采矿业"", ""其他居民服务业"", ""其他日用产品修理业"", ""装卸搬运""]","[""租赁和商务服务业"", ""咨询与调查"", ""数字化建筑业"", ""智慧教育"", ""智能化电力、热力、燃气及水生产和供应"", ""互联网房地产业"", ""其他采矿业"", ""其他居民服务业"", ""其他日用产品修理业"", ""装卸搬运""]"
PRO_004007,SUP_0266,1,"[""数字资本市场服务"", ""数字化商务服务"", ""银行金融服务"", ""证券市场服务"", ""资本投资服务""]","[""数字化商务服务"", ""银行金融服务"", ""证券市场服务"", ""资本投资服务""]"
PRO_001650,SUP_0117,2,"[""咨询与调查"", ""安全系统监控服务"", ""其他家具制造"", ""智慧教育"", ""物业管理"", ""医疗诊断、监护及治疗设备制造"", ""数字化餐饮"", ""数字化住宿"", ""运输代理业"", ""多式联运""]","[""咨询与调查"", ""安全系统监控服务"", ""其他家具制造"", ""智慧教育"", ""物业管理"", ""医疗诊断、监护及治疗设备制造"", ""数字化餐饮"", ""数字化住宿"", ""运输代理业"", ""多式联运""]"
PRO_001642,SUP_0117,4,"[""咨询与调查"", ""安全系统监控服务"", ""其他家具制造"", ""医疗诊断、监护及治疗设备制造"", ""智慧教育"", ""物业管理"", ""其他采矿业"", ""广播"", ""智能化电力、热力、燃气及水生产和供应"", ""数字化餐饮""]","[""咨询与调查"", ""安全系统监控服务"", ""其他家具制造"", ""医疗诊断、监护及治疗设备制造"", ""智慧教育"", ""物业管理"", ""其他采矿业"", ""广播"", ""智能化电力、热力、燃气及水生产和供应"", ""数字化餐饮""]"
PRO_001657,SUP_0117,1,"[""租赁和商务服务业"", ""智能化电力、热力、燃气及水生产和供应"", ""数字化建筑业"", ""互联网房地产业"", ""智慧教育"", ""广播"", ""环境治理业"", ""生态保护"", ""其他居民服务业"", ""其他日用产品修理业""]","[""租赁和商务服务业"", ""智能化电力、热力、燃气及水生产和供应"", ""数字化建筑业"", ""互联网房地产业"", ""智慧教育"", ""广播"", ""环境治理业"", ""生态保护"", ""其他居民服务业"", ""其他日用产品修理业""]"
PRO_001648,SUP_0117,2,"[""租赁和商务服务业"", ""智能化电力、热力、燃气及水生产和供应"", ""互联网房地产业"", ""其他采矿业"", ""广播"", ""数字化建筑业"", ""智慧教育"", ""医疗诊断、监护及治疗设备制造"", ""咨询与调查"", ""飞机制造""]","[""租赁和商务服务业"", ""智能化电力、热力、燃气及水生产和供应"", ""互联网房地产业"", ""其他采矿业"", ""广播"", ""数字化建筑业"", ""智慧教育"", ""医疗诊断、监护及治疗设备制造"", ""咨询与调查"", ""飞机制造""]"
PRO_001660,SUP_0117,2,"[""智能化电力、热力、燃气及水生产和供应"", ""其他采矿业"", ""广播"", ""互联网房地产业"", ""咨询与调查"", ""安全系统监控服务"", ""其他家具制造"", ""智慧教育"", ""飞机制造"", ""铁路机车车辆制造""]","[""智能化电力、热力、燃气及水生产和供应"", ""其他采矿业"", ""广播"", ""互联网房地产业"", ""咨询与调查"", ""安全系统监控服务"", ""其他家具制造"", ""智慧教育"", ""飞机制造"", ""铁路机车车辆制造""]"
PRO_001651,SUP_0117,1,"[""其他家具制造"", ""安全系统监控服务"", ""咨询与调查"", ""医疗诊断、监护及治疗设备制造"", ""物业管理"", ""智能化电力、热力、燃气及水生产和供应"", ""广播"", ""其他采矿业"", ""数字化餐饮"", ""数字化住宿""]","[""其他家具制造"", ""安全系统监控服务"", ""咨询与调查"", ""医疗诊断、监护及治疗设备制造"", ""物业管理"", ""智能化电力、热力、燃气及水生产和供应"", ""广播"", ""其他采矿业"", ""数字化餐饮"", ""数字化住宿""]"
PRO_001637,SUP_0117,2,"[""安全系统监控服务"", ""其他家具制造"", ""咨询与调查"", ""智慧教育"", ""医疗诊断、监护及治疗设备制造"", ""物业管理"", ""其他采矿业"", ""数字化餐饮"", ""数字化住宿"", ""数字化零售""]","[""安全系统监控服务"", ""其他家具制造"", ""咨询与调查"", ""智慧教育"", ""医疗诊断、监护及治疗设备制造"", ""物业管理"", ""其他采矿业"", ""数字化餐饮"", ""数字化住宿"", ""数字化零售""]"
PRO_001649,SUP_0117,1,"[""广播"", ""其他采矿业"", ""智能化电力、热力、燃气及水生产和供应"", ""互联网房地产业"", ""咨询与调查"", ""安全系统监控服务"", ""其他家具制造"", ""智慧教育"", ""飞机制造"", ""铁路机车车辆制造""]","[""广播"", ""其他采矿业"", ""智能化电力、热力、燃气及水生产和供应"", ""互联网房地产业"", ""咨询与调查"", ""安全系统监控服务"", ""其他家具制造"", ""智慧教育"", ""飞机制造"", ""铁路机车车辆制造""]"
PRO_001646,SUP_0117,1,"[""智能化电力、热力、燃气及水生产和供应"", ""广播"", ""其他采矿业"", ""其他家具制造"", ""咨询与调查"", ""安全系统监控服务"", ""医疗诊断、监护及治疗设备制造"", ""智慧教育"", ""飞机制造"", ""铁路机车车辆制造""]","[""智能化电力、热力、燃气及水生产和供应"", ""广播"", ""其他采矿业"", ""其他家具制造"", ""咨询与调查"", ""安全系统监控服务"", ""医疗诊断、监护及治疗设备制造"", ""智慧教育"", ""飞机制造"", ""铁路机车车辆制造""]"
PRO_001698,SUP_0122,1,"[""银行金融服务"", ""互联网居民生活服务"", ""货币银行服务"", ""行政办公自动化"", ""医院"", ""数字政府"", ""专业公共卫生服务"", ""人力资源服务"", ""网络借贷服务"", ""婚姻服务""]","[""互联网居民生活服务"", ""货币银行服务"", ""行政办公自动化"", ""医院"", ""数字政府"", ""专业公共卫生服务"", ""人力资源服务"", ""网络借贷服务"", ""婚姻服务""]"
PRO_001659,SUP_0117,1,"[""广播"", ""智能化电力、热力、燃气及水生产和供应"", ""互联网房地产业"", ""安全系统监控服务"", ""其他家具制造"", ""咨询与调查"", ""医疗诊断、监护及治疗设备制造"", ""智慧教育"", ""飞机制造"", ""铁路机车车辆制造""]","[""广播"", ""智能化电力、热力、燃气及水生产和供应"", ""互联网房地产业"", ""安全系统监控服务"", ""其他家具制造"", ""咨询与调查"", ""医疗诊断、监护及治疗设备制造"", ""智慧教育"", ""飞机制造"", ""铁路机车车辆制造""]"
PRO_001644,SUP_0117,1,"[""咨询与调查"", ""安全系统监控服务"", ""医疗诊断、监护及治疗设备制造"", ""智慧教育"", ""物业管理"", ""其他采矿业"", ""广播"", ""智能化电力、热力、燃气及水生产和供应"", ""数字化餐饮"", ""数字化住宿""]","[""咨询与调查"", ""安全系统监控服务"", ""医疗诊断、监护及治疗设备制造"", ""智慧教育"", ""物业管理"", ""其他采矿业"", ""广播"", ""智能化电力、热力、燃气及水生产和供应"", ""数字化餐饮"", ""数字化住宿""]"
PRO_001647,SUP_0117,1,"[""咨询与调查"", ""其他家具制造"", ""医疗诊断、监护及治疗设备制造"", ""智慧教育"", ""物业管理"", ""其他采矿业"", ""广播"", ""智能化电力、热力、燃气及水生产和供应"", ""数字化餐饮"", ""数字化住宿""]","[""咨询与调查"", ""其他家具制造"", ""医疗诊断、监护及治疗设备制造"", ""智慧教育"", ""物业管理"", ""其他采矿业"", ""广播"", ""智能化电力、热力、燃气及水生产和供应"", ""数字化餐饮"", ""数字化住宿""]"
PRO_001481,SUP_0113,1,"[""银行金融服务"", ""互联网保险"", ""货币银行服务"", ""智慧教育"", ""电信"", ""数字化商务服务"", ""网络借贷服务"", ""数字化租赁""]","[""互联网保险"", ""货币银行服务"", ""智慧教育"", ""电信"", ""数字化商务服务"", ""网络借贷服务"", ""数字化租赁""]"
PRO_001697,SUP_0121,1,"[""银行金融服务"", ""数字化商务服务"", ""咨询与调查"", ""其他数字金融"", ""数字政府"", ""金融信息服务"", ""数字社会"", ""数字金融""]","[""数字化商务服务"", ""咨询与调查"", ""其他数字金融"", ""数字政府"", ""金融信息服务"", ""数字社会"", ""数字金融""]"
PRO_001695,SUP_0121,1,"[""银行金融服务"", ""数字化商务服务"", ""金融信息服务"", ""其他数字金融"", ""数字社会"", ""数字金融"", ""咨询与调查""]","[""银行金融服务"", ""数字化商务服务"", ""金融信息服务"", ""其他数字金融"", ""数字社会"", ""数字金融""]"
PRO_001696,SUP_0121,1,"[""银行金融服务"", ""数字化商务服务"", ""数字政府"", ""网上税务办理"", ""金融信息服务"", ""互联网批发零售"", ""数字金融"", ""其他未列明金融业"", ""数字资本市场服务""]","[""数字化商务服务"", ""数字政府"", ""网上税务办理"", ""金融信息服务"", ""互联网批发零售"", ""数字金融"", ""其他未列明金融业"", ""数字资本市场服务""]"
PRO_002730,SUP_0145,1,"[""银行金融服务"", ""其他数字金融"", ""网络借贷服务"", ""智慧教育"", ""数字化零售"", ""智慧配送"", ""数字化通用、专用设备制造""]","[""其他数字金融"", ""网络借贷服务"", ""智慧教育"", ""数字化零售"", ""智慧配送"", ""数字化通用、专用设备制造""]"
PRO_002729,SUP_0145,1,"[""银行金融服务"", ""其他数字金融"", ""智慧教育"", ""网络借贷服务"", ""数字化零售"", ""智慧配送"", ""数字化通用、专用设备制造"", ""电信""]","[""其他数字金融"", ""智慧教育"", ""网络借贷服务"", ""数字化零售"", ""智慧配送"", ""数字化通用、专用设备制造"", ""电信""]"
PRO_002732,SUP_0145,1,"[""银行金融服务"", ""其他数字金融"", ""智慧教育"", ""网络借贷服务"", ""数字化零售"", ""智慧配送"", ""数字化通用、专用设备制造"", ""电信""]","[""银行金融服务"", ""智慧教育"", ""网络借贷服务"", ""数字化零售"", ""智慧配送"", ""数字化通用、专用设备制造"", ""电信""]"
PRO_002731,SUP_0145,1,"[""银行金融服务"", ""其他数字金融"", ""智慧教育"", ""网络借贷服务"", ""电信"", ""数字化零售"", ""智慧配送"", ""数字化通用、专用设备制造""]","[""银行金融服务"", ""智慧教育"", ""网络借贷服务"", ""电信"", ""数字化零售"", ""智慧配送"", ""数字化通用、专用设备制造""]"
PRO_003913,SUP_0258,1,"[""银行金融服务"", ""数字资本市场服务"", ""网络借贷服务"", ""房地产开发经营"", ""数字政府"", ""专业公共卫生服务"", ""法律服务"", ""社会团体"", ""金融信息服务"", ""其他数字化效率提升业""]","[""银行金融服务"", ""网络借贷服务"", ""房地产开发经营"", ""数字政府"", ""专业公共卫生服务"", ""法律服务"", ""社会团体"", ""金融信息服务"", ""其他数字化效率提升业""]"
PRO_003912,SUP_0258,1,"[""银行金融服务"", ""数字资本市场服务"", ""网络借贷服务"", ""数字政府"", ""专业公共卫生服务"", ""法律服务"", ""社会团体"", ""货币银行服务"", ""财产保险"", ""金融信息服务""]","[""银行金融服务"", ""网络借贷服务"", ""数字政府"", ""专业公共卫生服务"", ""法律服务"", ""社会团体"", ""货币银行服务"", ""财产保险"", ""金融信息服务""]"
PRO_002727,SUP_0145,1,"[""银行金融服务"", ""其他数字金融"", ""智慧教育"", ""网络借贷服务"", ""货币银行服务"", ""电信"", ""数字化零售"", ""智慧配送"", ""数字化通用、专用设备制造""]","[""其他数字金融"", ""智慧教育"", ""网络借贷服务"", ""货币银行服务"", ""电信"", ""数字化零售"", ""智慧配送"", ""数字化通用、专用设备制造""]"
PRO_003448,SUP_0209,2,"[""数字化商务服务"", ""银行金融服务"", ""住宅房屋建筑"", ""法律服务"", ""其他土木工程建筑"", ""数字资本市场服务"", ""电信"", ""广播电视传输服务"", ""卫星传输服务"", ""数字政府""]","[""银行金融服务"", ""住宅房屋建筑"", ""法律服务"", ""其他土木工程建筑"", ""数字资本市场服务"", ""电信"", ""广播电视传输服务"", ""卫星传输服务"", ""数字政府""]"
PRO_001716,SUP_0122,1,"[""银行金融服务"", ""互联网居民生活服务"", ""行政办公自动化"", ""医院"", ""其他农业"", ""数字政府"", ""专业公共卫生服务""]","[""银行金融服务"", ""互联网居民生活服务"", ""行政办公自动化"", ""医院"", ""其他农业"", ""数字政府"", ""专业公共卫生服务""]"
PRO_002821,SUP_0147,1,"[""法律服务"", ""数字金融"", ""综合管理服务"", ""银行金融服务"", ""其他批发业"", ""汽车零部件及配件制造"", ""其他数字金融"", ""稻谷种植"", ""农业科学研究和试验发展"", ""国家行政机构""]","[""法律服务"", ""数字金融"", ""综合管理服务"", ""其他批发业"", ""汽车零部件及配件制造"", ""其他数字金融"", ""稻谷种植"", ""农业科学研究和试验发展"", ""国家行政机构""]"
PRO_002820,SUP_0147,2,"[""银行金融服务"", ""网上税务办理"", ""其他商务服务业"", ""数字化商务服务"", ""数字社会"", ""互联网保险"", ""供应链管理服务""]","[""网上税务办理"", ""其他商务服务业"", ""数字化商务服务"", ""数字社会"", ""互联网保险"", ""供应链管理服务""]"
PRO_004003,SUP_0266,1,"[""数字化商务服务"", ""地理遥感信息及测绘地理信息服务"", ""人力资源服务"", ""咨询与调查"", ""其他互联网平台"", ""银行金融服务""]","[""数字化商务服务"", ""地理遥感信息及测绘地理信息服务"", ""人力资源服务"", ""其他互联网平台"", ""银行金融服务""]"
PRO_004017,SUP_0266,1,"[""数字化商务服务"", ""咨询与调查"", ""地理遥感信息及测绘地理信息服务"", ""人力资源服务"", ""其他互联网平台"", ""银行金融服务""]","[""咨询与调查"", ""地理遥感信息及测绘地理信息服务"", ""人力资源服务"", ""其他互联网平台"", ""银行金融服务""]"
PRO_004019,SUP_0266,1,"[""数字化商务服务"", ""资本投资服务"", ""数字资本市场服务"", ""证券市场服务"", ""咨询与调查"", ""银行金融服务""]","[""数字化商务服务"", ""资本投资服务"", ""证券市场服务"", ""咨询与调查"", ""银行金融服务""]"
PRO_004022,SUP_0266,1,"[""资本投资服务"", ""数字化商务服务"", ""银行金融服务"", ""数字资本市场服务"", ""数字金融"", ""数字社会""]","[""数字化商务服务"", ""银行金融服务"", ""数字资本市场服务"", ""数字金融"", ""数字社会""]"
PRO_004122,SUP_0266,1,"[""数字化商务服务"", ""咨询与调查"", ""资本投资服务"", ""数字资本市场服务"", ""银行金融服务""]","[""数字化商务服务"", ""咨询与调查"", ""资本投资服务"", ""数字资本市场服务"", ""银行金融服务""]"
PRO_004121,SUP_0266,1,"[""资本投资服务"", ""数字化商务服务"", ""数字资本市场服务"", ""科技中介服务"", ""咨询与调查"", ""公开募集证券投资基金"", ""银行金融服务""]","[""资本投资服务"", ""数字资本市场服务"", ""科技中介服务"", ""咨询与调查"", ""公开募集证券投资基金"", ""银行金融服务""]"
PRO_004119,SUP_0266,1,"[""数字化商务服务"", ""银行金融服务"", ""数字资本市场服务"", ""资本投资服务"", ""科技中介服务"", ""咨询与调查"", ""数字社会"", ""数字金融""]","[""数字化商务服务"", ""银行金融服务"", ""数字资本市场服务"", ""科技中介服务"", ""咨询与调查"", ""数字社会"", ""数字金融""]"
PRO_004120,SUP_0266,1,"[""数字化商务服务"", ""资本投资服务"", ""数字资本市场服务"", ""科技中介服务"", ""公开募集证券投资基金"", ""互联网资讯服务""]","[""数字化商务服务"", ""资本投资服务"", ""数字资本市场服务"", ""科技中介服务"", ""公开募集证券投资基金"", ""互联网资讯服务""]"
PRO_003541,SUP_0232,1,"[""银行金融服务"", ""网上税务办理"", ""其他数字金融"", ""数字化商务服务"", ""数字社会"", ""数字政府"", ""数字技术研究和试验发展"", ""互联网零售"", ""电信""]","[""银行金融服务"", ""网上税务办理"", ""其他数字金融"", ""数字化商务服务"", ""数字社会"", ""数字政府"", ""数字技术研究和试验发展"", ""互联网零售"", ""电信""]"
PRO_002819,SUP_0147,1,"[""银行金融服务"", ""法律服务"", ""综合管理服务"", ""其他批发业"", ""汽车零部件及配件制造"", ""互联网零售"", ""稻谷种植"", ""农业科学研究和试验发展"", ""国家行政机构"", ""咨询与调查""]","[""银行金融服务"", ""法律服务"", ""综合管理服务"", ""其他批发业"", ""汽车零部件及配件制造"", ""互联网零售"", ""稻谷种植"", ""农业科学研究和试验发展"", ""国家行政机构"", ""咨询与调查""]"
PRO_002818,SUP_0147,1,"[""银行金融服务"", ""网上税务办理"", ""数字技术研究和试验发展"", ""供应链管理服务"", ""其他商务服务业"", ""数字社会"", ""互联网保险""]","[""网上税务办理"", ""数字技术研究和试验发展"", ""供应链管理服务"", ""其他商务服务业"", ""数字社会"", ""互联网保险""]"
PRO_004051,SUP_0266,1,"[""资本投资服务"", ""银行金融服务"", ""数字资本市场服务"", ""数字化商务服务"", ""数字金融"", ""互联网搜索服务"", ""数字社会""]","[""银行金融服务"", ""数字资本市场服务"", ""数字化商务服务"", ""数字金融"", ""互联网搜索服务"", ""数字社会""]"
PRO_001633,SUP_0115,1,"[""银行金融服务"", ""数字金融"", ""数字政府"", ""专业公共卫生服务"", ""互联网零售"", ""行政办公自动化"", ""互联网保险""]","[""银行金融服务"", ""数字金融"", ""数字政府"", ""专业公共卫生服务"", ""互联网零售"", ""行政办公自动化"", ""互联网保险""]"
PRO_004559,SUP_0298,3,"[""银行金融服务"", ""金融信息服务"", ""其他数字金融""]","[""银行金融服务"", ""金融信息服务"", ""其他数字金融""]"
PRO_004566,SUP_0298,3,"[""银行金融服务"", ""行政办公自动化"", ""数字社会"", ""咨询与调查"", ""其他数字金融"", ""金融信息服务"", ""其他农业"", ""互联网保险""]","[""行政办公自动化"", ""咨询与调查"", ""其他数字金融"", ""金融信息服务"", ""其他农业"", ""互联网保险""]"
PRO_001861,SUP_0140,2,"[""银行金融服务"", ""数字化商务服务"", ""货币银行服务"", ""互联网保险"", ""网络借贷服务"", ""数字化租赁""]","[""数字化商务服务"", ""货币银行服务"", ""互联网保险"", ""网络借贷服务"", ""数字化租赁""]"
PRO_001747,SUP_0127,1,"[""银行金融服务"", ""数字金融"", ""互联网金融"", ""其他数字金融""]","[""数字金融"", ""互联网金融"", ""其他数字金融""]"
PRO_004695,SUP_0298,2,"[""银行金融服务"", ""数字社会"", ""汽车、摩托车、零配件和燃料及其他动力销售"", ""数字政府"", ""其他数字技术应用业"", ""数字金融"", ""互联网零售"", ""数字技术研究和试验发展"", ""电信""]","[""汽车、摩托车、零配件和燃料及其他动力销售"", ""数字政府"", ""其他数字技术应用业"", ""数字金融"", ""互联网零售"", ""数字技术研究和试验发展"", ""电信""]"
PRO_004690,SUP_0298,3,"[""银行金融服务"", ""数字社会"", ""数字政府"", ""数字金融""]","[""数字政府"", ""数字金融""]"
PRO_000727,SUP_0051,1,"[""银行金融服务"", ""数字金融"", ""数字政府"", ""互联网零售"", ""数字社会"", ""其他数字技术应用业"", ""数字技术研究和试验发展"", ""电信"", ""行政办公自动化"", ""互联网保险""]","[""数字金融"", ""数字政府"", ""互联网零售"", ""数字社会"", ""其他数字技术应用业"", ""数字技术研究和试验发展"", ""电信"", ""行政办公自动化"", ""互联网保险""]"
PRO_004565,SUP_0298,2,"[""银行金融服务"", ""数字社会"", ""咨询与调查"", ""其他数字金融"", ""金融信息服务"", ""数字政府"", ""数字技术研究和试验发展"", ""互联网保险""]","[""数字社会"", ""咨询与调查"", ""其他数字金融"", ""金融信息服务"", ""数字政府"", ""数字技术研究和试验发展"", ""互联网保险""]"
PRO_004700,SUP_0298,2,"[""银行金融服务"", ""数字社会"", ""汽车、摩托车、零配件和燃料及其他动力销售"", ""广告业"", ""数字政府"", ""其他数字技术应用业"", ""数字金融"", ""互联网零售"", ""数字技术研究和试验发展"", ""电信""]","[""汽车、摩托车、零配件和燃料及其他动力销售"", ""广告业"", ""数字政府"", ""其他数字技术应用业"", ""数字金融"", ""互联网零售"", ""数字技术研究和试验发展"", ""电信""]"
PRO_004719,SUP_0298,1,"[""银行金融服务"", ""数字社会"", ""互联网保险"", ""数字政府"", ""其他数字技术应用业"", ""数字资本市场服务""]","[""数字社会"", ""互联网保险"", ""数字政府"", ""其他数字技术应用业"", ""数字资本市场服务""]"
PRO_005721,SUP_0353,1,"[""知识产权服务"", ""数字技术研究和试验发展"", ""银行金融服务"", ""住宅房屋建筑"", ""证券市场服务"", ""数字社会""]","[""数字技术研究和试验发展"", ""银行金融服务"", ""住宅房屋建筑"", ""证券市场服务"", ""数字社会""]"
PRO_005729,SUP_0353,1,"[""银行金融服务"", ""供应链管理服务"", ""互联网保险"", ""数字金融"", ""数字化零售"", ""数字社会""]","[""银行金融服务"", ""供应链管理服务"", ""互联网保险"", ""数字金融"", ""数字化零售"", ""数字社会""]"
PRO_001789,SUP_0128,2,"[""智能交通"", ""智慧教育"", ""银行金融服务"", ""行政办公自动化"", ""货币银行服务"", ""智能化电力、热力、燃气及水生产和供应"", ""地理遥感信息及测绘地理信息服务"", ""其他数字政府"", ""智能车载设备制造"", ""其他互联网平台""]","[""智慧教育"", ""银行金融服务"", ""行政办公自动化"", ""货币银行服务"", ""智能化电力、热力、燃气及水生产和供应"", ""地理遥感信息及测绘地理信息服务"", ""其他数字政府"", ""智能车载设备制造"", ""其他互联网平台""]"
PRO_001709,SUP_0122,1,"[""银行金融服务"", ""互联网居民生活服务"", ""其他农业"", ""货币银行服务"", ""行政办公自动化"", ""数字政府"", ""专业公共卫生服务""]","[""互联网居民生活服务"", ""其他农业"", ""货币银行服务"", ""行政办公自动化"", ""数字政府"", ""专业公共卫生服务""]"
PRO_004025,SUP_0266,1,"[""数字化商务服务"", ""咨询与调查"", ""国家行政机构"", ""人力资源服务"", ""其他互联网平台"", ""地理遥感信息及测绘地理信息服务"", ""银行金融服务""]","[""咨询与调查"", ""国家行政机构"", ""人力资源服务"", ""其他互联网平台"", ""地理遥感信息及测绘地理信息服务"", ""银行金融服务""]"
PRO_004018,SUP_0266,1,"[""知识产权服务"", ""数字技术研究和试验发展"", ""银行金融服务"", ""法律服务"", ""金融信息服务"", ""数字社会""]","[""数字技术研究和试验发展"", ""银行金融服务"", ""法律服务"", ""金融信息服务"", ""数字社会""]"
PRO_005728,SUP_0353,3,"[""住宅房屋建筑"", ""数字化商务服务"", ""其他土木工程建筑"", ""数字化建筑业"", ""法律服务"", ""木质家具制造""]","[""住宅房屋建筑"", ""数字化商务服务"", ""其他土木工程建筑"", ""数字化建筑业"", ""法律服务"", ""木质家具制造""]"
PRO_004715,SUP_0298,1,"[""银行金融服务"", ""数字社会"", ""数字政府"", ""数字金融"", ""数字商贸"", ""数字化商务服务"", ""其他数字技术应用业""]","[""数字社会"", ""数字政府"", ""数字金融"", ""数字商贸"", ""数字化商务服务"", ""其他数字技术应用业""]"
PRO_004718,SUP_0298,2,"[""银行金融服务"", ""数字社会"", ""数字政府"", ""数字金融"", ""数字商贸"", ""数字化商务服务"", ""其他数字技术应用业""]","[""数字政府"", ""数字金融"", ""数字商贸"", ""数字化商务服务"", ""其他数字技术应用业""]"
PRO_003003,SUP_0166,3,"[""数字金融"", ""银行金融服务"", ""非金融机构支付服务"", ""互联网零售"", ""数字技术研究和试验发展"", ""电信"", ""互联网资讯服务"", ""互联网金融"", ""机械设备经营租赁"", ""数字政府""]","[""数字金融"", ""银行金融服务"", ""非金融机构支付服务"", ""互联网资讯服务"", ""互联网金融"", ""机械设备经营租赁"", ""数字政府""]"
PRO_003008,SUP_0166,3,"[""数字金融"", ""银行金融服务"", ""非金融机构支付服务"", ""互联网零售"", ""数字技术研究和试验发展"", ""电信"", ""互联网资讯服务"", ""互联网金融"", ""机械设备经营租赁"", ""数字政府""]","[""数字金融"", ""银行金融服务"", ""非金融机构支付服务"", ""互联网资讯服务"", ""互联网金融"", ""机械设备经营租赁"", ""数字政府""]"
PRO_001743,SUP_0127,1,"[""银行金融服务"", ""数字金融"", ""其他数字金融"", ""数字商贸"", ""数字化商务服务""]","[""银行金融服务"", ""数字金融"", ""其他数字金融"", ""数字商贸"", ""数字化商务服务""]"
PRO_004608,SUP_0298,4,"[""银行金融服务"", ""智能交通"", ""数字化商务服务"", ""网上税务办理"", ""数字化零售"", ""房地产开发经营"", ""金融信息服务"", ""软件开发"", ""非金融机构支付服务"", ""智能设备制造""]","[""智能交通"", ""网上税务办理"", ""数字化零售"", ""房地产开发经营"", ""金融信息服务"", ""软件开发"", ""非金融机构支付服务"", ""智能设备制造""]"
PRO_004717,SUP_0298,1,"[""银行金融服务"", ""数字社会"", ""互联网保险"", ""数字政府"", ""其他数字技术应用业"", ""数字资本市场服务""]","[""数字社会"", ""互联网保险"", ""数字政府"", ""其他数字技术应用业"", ""数字资本市场服务""]"
PRO_004714,SUP_0298,1,"[""银行金融服务"", ""数字社会"", ""互联网保险"", ""数字政府"", ""其他数字技术应用业"", ""数字资本市场服务""]","[""数字社会"", ""互联网保险"", ""数字政府"", ""其他数字技术应用业"", ""数字资本市场服务""]"
PRO_004023,SUP_0266,1,"[""银行金融服务"", ""金融信息服务"", ""法律服务"", ""数字社会""]","[""银行金融服务"", ""金融信息服务"", ""数字社会""]"
PRO_004016,SUP_0266,1,"[""银行金融服务"", ""数字化商务服务"", ""金融信息服务"", ""网上税务办理"", ""数字社会"", ""数字技术研究和试验发展"", ""其他互联网平台"", ""人力资源服务""]","[""银行金融服务"", ""数字化商务服务"", ""金融信息服务"", ""网上税务办理"", ""数字社会"", ""数字技术研究和试验发展"", ""其他互联网平台"", ""人力资源服务""]"
PRO_004031,SUP_0266,1,"[""法律服务"", ""金融信息服务"", ""其他数字政府"", ""银行金融服务""]","[""法律服务"", ""金融信息服务"", ""其他数字政府""]"
PRO_004021,SUP_0266,1,"[""银行金融服务"", ""法律服务"", ""其他数字政府"", ""数字社会""]","[""法律服务"", ""其他数字政府"", ""数字社会""]"
PRO_004024,SUP_0266,1,"[""银行金融服务"", ""金融信息服务"", ""法律服务"", ""数字化商务服务"", ""数字社会"", ""数字技术研究和试验发展"", ""网上税务办理"", ""数字资本市场服务""]","[""金融信息服务"", ""法律服务"", ""数字化商务服务"", ""数字社会"", ""数字技术研究和试验发展"", ""网上税务办理"", ""数字资本市场服务""]"
PRO_004029,SUP_0266,1,"[""银行金融服务"", ""行政办公自动化"", ""电信"", ""其他未列明食品制造"", ""数字社会"", ""住宅房屋建筑"", ""数字政府"", ""正餐服务"", ""食品、饮料及烟草制品专门零售"", ""数字金融""]","[""银行金融服务"", ""行政办公自动化"", ""电信"", ""其他未列明食品制造"", ""数字社会"", ""住宅房屋建筑"", ""数字政府"", ""正餐服务"", ""食品、饮料及烟草制品专门零售"", ""数字金融""]"
PRO_004020,SUP_0266,1,"[""银行金融服务"", ""数字资本市场服务"", ""出版业"", ""国家行政机构"", ""知识产权服务"", ""应用软件开发"", ""房地产开发经营"", ""法律服务""]","[""数字资本市场服务"", ""出版业"", ""国家行政机构"", ""知识产权服务"", ""应用软件开发"", ""房地产开发经营"", ""法律服务""]"
PRO_004030,SUP_0266,1,"[""银行金融服务"", ""法律服务"", ""其他数字政府"", ""金融信息服务"", ""数字社会""]","[""法律服务"", ""其他数字政府"", ""金融信息服务"", ""数字社会""]"
PRO_004028,SUP_0266,1,"[""数字金融"", ""行政办公自动化"", ""网上税务办理"", ""环境治理业"", ""数字政府"", ""房地产开发经营"", ""供应链管理服务"", ""人力资源服务"", ""银行金融服务""]","[""数字金融"", ""行政办公自动化"", ""网上税务办理"", ""环境治理业"", ""数字政府"", ""房地产开发经营"", ""供应链管理服务"", ""人力资源服务""]"
PRO_004624,SUP_0298,2,"[""银行金融服务"", ""资本投资服务"", ""数字社会"", ""数字化商务服务"", ""信息技术咨询服务"", ""数字金融"", ""数字资本市场服务"", ""数字政府"", ""其他数字技术应用业""]","[""银行金融服务"", ""资本投资服务"", ""数字化商务服务"", ""信息技术咨询服务"", ""数字资本市场服务"", ""数字政府"", ""其他数字技术应用业""]"
PRO_004654,SUP_0298,2,"[""银行金融服务"", ""数字社会"", ""数字金融"", ""数字化商务服务"", ""数字政府"", ""信息技术咨询服务"", ""其他数字技术应用业"", ""网上税务办理""]","[""数字金融"", ""数字化商务服务"", ""数字政府"", ""信息技术咨询服务"", ""其他数字技术应用业"", ""网上税务办理""]"
PRO_004641,SUP_0298,3,"[""银行金融服务"", ""智能道路运输"", ""数字社会"", ""数字化商务服务"", ""信息技术咨询服务"", ""其他批发业"", ""数字金融"", ""智慧配送"", ""智慧物流"", ""咨询与调查""]","[""智能道路运输"", ""数字社会"", ""数字化商务服务"", ""信息技术咨询服务"", ""其他批发业"", ""数字金融"", ""智慧配送"", ""智慧物流"", ""咨询与调查""]"
PRO_004667,SUP_0298,3,"[""银行金融服务"", ""网上税务办理"", ""数字化商务服务"", ""金融信息服务"", ""数字政府"", ""互联网批发零售"", ""数字金融"", ""其他未列明金融业""]","[""网上税务办理"", ""数字化商务服务"", ""金融信息服务"", ""互联网批发零售"", ""数字金融"", ""其他未列明金融业""]"
PRO_004716,SUP_0298,2,"[""银行金融服务"", ""数字社会"", ""数字政府"", ""其他数字技术应用业""]","[""数字政府"", ""其他数字技术应用业""]"
PRO_004540,SUP_0298,2,"[""银行金融服务"", ""数字金融"", ""互联网金融"", ""数字政府"", ""数字社会"", ""其他数字技术应用业""]","[""互联网金融"", ""数字政府"", ""数字社会"", ""其他数字技术应用业""]"
PRO_002985,SUP_0166,3,"[""银行金融服务"", ""非金融机构支付服务"", ""数字金融"", ""互联网零售"", ""数字技术研究和试验发展"", ""电信"", ""数字政府"", ""数字社会"", ""互联网资讯服务"", ""互联网金融""]","[""银行金融服务"", ""非金融机构支付服务"", ""数字金融"", ""数字政府"", ""数字社会"", ""互联网资讯服务"", ""互联网金融""]"
PRO_002965,SUP_0166,3,"[""银行金融服务"", ""智能道路运输"", ""其他智能交通"", ""智能交通"", ""数字政府"", ""数字化商务服务"", ""行政办公自动化"", ""数字社会"", ""互联网零售"", ""数字技术研究和试验发展""]","[""银行金融服务"", ""智能道路运输"", ""其他智能交通"", ""智能交通"", ""数字政府"", ""数字化商务服务"", ""行政办公自动化"", ""数字技术研究和试验发展""]"
PRO_002966,SUP_0166,3,"[""银行金融服务"", ""广告业"", ""汽车、摩托车、零配件和燃料及其他动力销售"", ""数字社会"", ""智能道路运输"", ""智慧配送"", ""互联网零售"", ""电信""]","[""银行金融服务"", ""广告业"", ""汽车、摩托车、零配件和燃料及其他动力销售"", ""数字社会"", ""智能道路运输"", ""智慧配送""]"
PRO_004009,SUP_0266,1,"[""银行金融服务"", ""数字化商务服务"", ""应用软件开发"", ""国家行政机构"", ""行政办公自动化"", ""法律服务"", ""人力资源服务"", ""其他土木工程建筑""]","[""银行金融服务"", ""数字化商务服务"", ""应用软件开发"", ""国家行政机构"", ""行政办公自动化"", ""法律服务"", ""人力资源服务"", ""其他土木工程建筑""]"
PRO_004092,SUP_0266,1,"[""银行金融服务"", ""金融信息服务"", ""法律服务"", ""其他数字政府"", ""数字社会""]","[""银行金融服务"", ""金融信息服务"", ""其他数字政府"", ""数字社会""]"
PRO_004010,SUP_0266,1,"[""证券市场服务"", ""数字资本市场服务"", ""金融信息服务"", ""银行金融服务""]","[""证券市场服务"", ""金融信息服务"", ""银行金融服务""]"
PRO_003985,SUP_0266,1,"[""网上税务办理"", ""法律服务"", ""数字化商务服务"", ""互联网资讯服务"", ""人力资源服务""]","[""网上税务办理"", ""法律服务"", ""数字化商务服务"", ""互联网资讯服务"", ""人力资源服务""]"
PRO_003989,SUP_0266,1,"[""数字化商务服务"", ""网上税务办理"", ""法律服务"", ""人力资源服务"", ""咨询与调查"", ""地理遥感信息及测绘地理信息服务"", ""银行金融服务""]","[""数字化商务服务"", ""网上税务办理"", ""法律服务"", ""人力资源服务"", ""咨询与调查"", ""地理遥感信息及测绘地理信息服务"", ""银行金融服务""]"
PRO_004107,SUP_0266,1,"[""法律服务"", ""其他数字政府"", ""金融信息服务"", ""银行金融服务"", ""数字金融""]","[""其他数字政府"", ""金融信息服务"", ""银行金融服务"", ""数字金融""]"
PRO_004123,SUP_0266,1,"[""数字化商务服务"", ""咨询与调查"", ""银行金融服务"", ""资本投资服务"", ""科技中介服务"", ""法律服务"", ""其他互联网平台"", ""互联网资讯服务""]","[""咨询与调查"", ""银行金融服务"", ""资本投资服务"", ""科技中介服务"", ""法律服务"", ""其他互联网平台"", ""互联网资讯服务""]"
PRO_004118,SUP_0266,1,"[""法律服务"", ""银行金融服务"", ""其他数字政府"", ""数字技术研究和试验发展""]","[""法律服务"", ""银行金融服务"", ""其他数字政府"", ""数字技术研究和试验发展""]"
PRO_004094,SUP_0266,1,"[""数字化商务服务"", ""咨询与调查"", ""人力资源服务"", ""其他互联网平台"", ""地理遥感信息及测绘地理信息服务"", ""银行金融服务""]","[""数字化商务服务"", ""咨询与调查"", ""人力资源服务"", ""其他互联网平台"", ""地理遥感信息及测绘地理信息服务"", ""银行金融服务""]"
PRO_004045,SUP_0266,1,"[""房地产开发经营"", ""银行金融服务"", ""土地登记服务"", ""数字政府"", ""土地调查评估服务"", ""贸易经纪与代理"", ""住宅房屋建筑"", ""数字技术研究和试验发展"", ""互联网房地产业""]","[""房地产开发经营"", ""银行金融服务"", ""土地登记服务"", ""数字政府"", ""贸易经纪与代理"", ""住宅房屋建筑"", ""数字技术研究和试验发展"", ""互联网房地产业""]"
PRO_004042,SUP_0266,1,"[""银行金融服务"", ""数字化商务服务"", ""数字政府"", ""网上税务办理"", ""金融信息服务"", ""互联网批发零售"", ""数字金融"", ""其他未列明金融业"", ""数字资本市场服务""]","[""银行金融服务"", ""数字政府"", ""网上税务办理"", ""金融信息服务"", ""互联网批发零售"", ""数字金融"", ""其他未列明金融业"", ""数字资本市场服务""]"
PRO_004076,SUP_0266,2,"[""银行金融服务"", ""金融信息服务"", ""数字资本市场服务"", ""互联网零售"", ""智慧配送"", ""数字化商务服务"", ""数字社会"", ""数字金融"", ""其他数字化效率提升业"", ""互联网搜索服务""]","[""银行金融服务"", ""金融信息服务"", ""数字资本市场服务"", ""互联网零售"", ""智慧配送"", ""数字化商务服务"", ""数字社会"", ""数字金融"", ""其他数字化效率提升业"", ""互联网搜索服务""]"
PRO_004115,SUP_0266,1,"[""法律服务"", ""银行金融服务"", ""数字化商务服务"", ""国家行政机构"", ""其他数字政府"", ""数字金融"", ""其他数字金融""]","[""银行金融服务"", ""数字化商务服务"", ""国家行政机构"", ""其他数字政府"", ""数字金融"", ""其他数字金融""]"
PRO_004041,SUP_0266,1,"[""数字化商务服务"", ""数字资本市场服务"", ""互联网资讯服务"", ""公开募集证券投资基金"", ""资本投资服务"", ""法律服务"", ""网上税务办理""]","[""数字化商务服务"", ""数字资本市场服务"", ""互联网资讯服务"", ""公开募集证券投资基金"", ""资本投资服务"", ""网上税务办理""]"
PRO_004038,SUP_0266,1,"[""数字化商务服务"", ""法律服务"", ""互联网资讯服务"", ""人力资源服务"", ""其他互联网平台"", ""网上税务办理"", ""银行金融服务""]","[""数字化商务服务"", ""互联网资讯服务"", ""人力资源服务"", ""其他互联网平台"", ""网上税务办理"", ""银行金融服务""]"
PRO_004084,SUP_0266,1,"[""数字化商务服务"", ""人力资源服务"", ""法律服务"", ""咨询与调查"", ""地理遥感信息及测绘地理信息服务"", ""其他商务服务业"", ""互联网资讯服务"", ""银行金融服务""]","[""数字化商务服务"", ""人力资源服务"", ""法律服务"", ""咨询与调查"", ""地理遥感信息及测绘地理信息服务"", ""其他商务服务业"", ""互联网资讯服务"", ""银行金融服务""]"
PRO_004085,SUP_0266,1,"[""网上税务办理"", ""法律服务"", ""其他商务服务业"", ""互联网资讯服务"", ""银行金融服务"", ""数字化商务服务"", ""数字政府""]","[""法律服务"", ""其他商务服务业"", ""互联网资讯服务"", ""银行金融服务"", ""数字化商务服务"", ""数字政府""]"
PRO_004033,SUP_0266,1,"[""住宅房屋建筑"", ""行政办公自动化"", ""银行金融服务"", ""数字政府"", ""其他商务服务业"", ""出版业"", ""其他土木工程建筑"", ""应用软件开发"", ""国家行政机构""]","[""住宅房屋建筑"", ""行政办公自动化"", ""银行金融服务"", ""数字政府"", ""出版业"", ""其他土木工程建筑"", ""应用软件开发"", ""国家行政机构""]"
PRO_004049,SUP_0266,1,"[""银行金融服务"", ""法律服务"", ""其他数字政府"", ""金融信息服务"", ""数字金融"", ""其他数字金融"", ""数字政府""]","[""法律服务"", ""其他数字政府"", ""金融信息服务"", ""数字金融"", ""其他数字金融"", ""数字政府""]"
PRO_004048,SUP_0266,1,"[""银行金融服务"", ""法律服务"", ""其他数字政府"", ""金融信息服务"", ""数字社会""]","[""法律服务"", ""其他数字政府"", ""金融信息服务"", ""数字社会""]"
PRO_003987,SUP_0266,1,"[""数字资本市场服务"", ""证券市场服务"", ""金融信息服务"", ""银行金融服务""]","[""数字资本市场服务"", ""金融信息服务"", ""银行金融服务""]"
PRO_001746,SUP_0127,1,"[""银行金融服务"", ""数字金融"", ""互联网金融"", ""其他数字金融"", ""数字商贸"", ""数字化商务服务""]","[""数字金融"", ""互联网金融"", ""其他数字金融"", ""数字商贸"", ""数字化商务服务""]"
PRO_004113,SUP_0266,1,"[""数字化商务服务"", ""出版业"", ""国家行政机构"", ""人力资源服务"", ""网上税务办理"", ""法律服务"", ""银行金融服务"", ""其他土木工程建筑""]","[""数字化商务服务"", ""出版业"", ""国家行政机构"", ""人力资源服务"", ""网上税务办理"", ""法律服务"", ""银行金融服务"", ""其他土木工程建筑""]"
PRO_004075,SUP_0266,1,"[""数字化商务服务"", ""网上税务办理"", ""互联网资讯服务"", ""人力资源服务"", ""法律服务"", ""咨询与调查"", ""地理遥感信息及测绘地理信息服务"", ""银行金融服务""]","[""网上税务办理"", ""互联网资讯服务"", ""人力资源服务"", ""法律服务"", ""咨询与调查"", ""地理遥感信息及测绘地理信息服务"", ""银行金融服务""]"
PRO_004072,SUP_0266,1,"[""网上税务办理"", ""法律服务"", ""其他商务服务业"", ""互联网资讯服务"", ""人力资源服务"", ""数字化商务服务"", ""其他互联网平台""]","[""法律服务"", ""其他商务服务业"", ""互联网资讯服务"", ""人力资源服务"", ""数字化商务服务"", ""其他互联网平台""]"
PRO_003995,SUP_0266,1,"[""知识产权服务"", ""数字技术研究和试验发展"", ""银行金融服务"", ""住宅房屋建筑"", ""法律服务"", ""证券市场服务""]","[""数字技术研究和试验发展"", ""银行金融服务"", ""住宅房屋建筑"", ""法律服务"", ""证券市场服务""]"
PRO_003994,SUP_0266,1,"[""知识产权服务"", ""数字技术研究和试验发展"", ""国家行政机构"", ""法律服务"", ""数字化商务服务"", ""人力资源服务""]","[""知识产权服务"", ""国家行政机构"", ""法律服务"", ""数字化商务服务"", ""人力资源服务""]"
PRO_004001,SUP_0266,1,"[""数字化商务服务"", ""其他互联网平台"", ""咨询与调查"", ""地理遥感信息及测绘地理信息服务"", ""网上税务办理"", ""法律服务"", ""互联网资讯服务"", ""银行金融服务""]","[""数字化商务服务"", ""其他互联网平台"", ""咨询与调查"", ""地理遥感信息及测绘地理信息服务"", ""网上税务办理"", ""法律服务"", ""互联网资讯服务"", ""银行金融服务""]"
PRO_003996,SUP_0266,1,"[""知识产权服务"", ""数字技术研究和试验发展"", ""银行金融服务"", ""法律服务"", ""金融信息服务"", ""数字社会""]","[""数字技术研究和试验发展"", ""银行金融服务"", ""法律服务"", ""金融信息服务"", ""数字社会""]"
PRO_004000,SUP_0266,1,"[""数字化商务服务"", ""人力资源服务"", ""网上税务办理"", ""地理遥感信息及测绘地理信息服务"", ""咨询与调查"", ""其他互联网平台"", ""法律服务"", ""互联网资讯服务"", ""银行金融服务""]","[""人力资源服务"", ""网上税务办理"", ""地理遥感信息及测绘地理信息服务"", ""咨询与调查"", ""其他互联网平台"", ""法律服务"", ""互联网资讯服务"", ""银行金融服务""]"
PRO_003998,SUP_0266,1,"[""银行金融服务"", ""数字化商务服务"", ""数字政府"", ""资本投资服务"", ""互联网批发零售"", ""数字金融"", ""其他未列明金融业"", ""互联网保险""]","[""银行金融服务"", ""数字政府"", ""资本投资服务"", ""互联网批发零售"", ""数字金融"", ""其他未列明金融业"", ""互联网保险""]"
PRO_004002,SUP_0266,2,"[""数字化商务服务"", ""咨询与调查"", ""地理遥感信息及测绘地理信息服务"", ""人力资源服务"", ""其他互联网平台""]","[""咨询与调查"", ""地理遥感信息及测绘地理信息服务"", ""人力资源服务"", ""其他互联网平台""]"
PRO_004087,SUP_0266,1,"[""法律服务"", ""银行金融服务"", ""数字金融"", ""其他数字金融""]","[""法律服务"", ""银行金融服务"", ""数字金融"", ""其他数字金融""]"
PRO_004026,SUP_0266,1,"[""法律服务"", ""数字资本市场服务"", ""金融信息服务"", ""知识产权服务"", ""数字化商务服务"", ""互联网资讯服务"", ""银行金融服务"", ""资本投资服务""]","[""法律服务"", ""数字资本市场服务"", ""知识产权服务"", ""数字化商务服务"", ""互联网资讯服务"", ""银行金融服务"", ""资本投资服务""]"
PRO_004027,SUP_0266,1,"[""银行金融服务"", ""金融信息服务"", ""数字资本市场服务"", ""知识产权服务"", ""法律服务"", ""出版业""]","[""银行金融服务"", ""金融信息服务"", ""知识产权服务"", ""法律服务"", ""出版业""]"
PRO_004060,SUP_0266,1,"[""法律服务"", ""数字金融"", ""其他数字政府"", ""网上税务办理"", ""其他数字金融""]","[""数字金融"", ""其他数字政府"", ""网上税务办理"", ""其他数字金融""]"
PRO_004093,SUP_0266,1,"[""数字化商务服务"", ""银行金融服务"", ""金融信息服务"", ""法律服务"", ""网上税务办理"", ""人力资源服务"", ""咨询与调查"", ""地理遥感信息及测绘地理信息服务""]","[""银行金融服务"", ""金融信息服务"", ""法律服务"", ""网上税务办理"", ""人力资源服务"", ""咨询与调查"", ""地理遥感信息及测绘地理信息服务""]"
PRO_004114,SUP_0266,1,"[""数字化商务服务"", ""其他商务服务业"", ""土地调查评估服务"", ""其他土木工程建筑"", ""住宅房屋建筑"", ""人力资源服务"", ""其他互联网平台"", ""应用软件开发""]","[""数字化商务服务"", ""其他商务服务业"", ""土地调查评估服务"", ""其他土木工程建筑"", ""住宅房屋建筑"", ""人力资源服务"", ""其他互联网平台"", ""应用软件开发""]"
PRO_004089,SUP_0266,1,"[""网上税务办理"", ""数字化商务服务"", ""应用软件开发"", ""出版业"", ""人力资源服务"", ""法律服务"", ""地理遥感信息及测绘地理信息服务"", ""咨询与调查"", ""银行金融服务""]","[""网上税务办理"", ""数字化商务服务"", ""应用软件开发"", ""出版业"", ""人力资源服务"", ""法律服务"", ""地理遥感信息及测绘地理信息服务"", ""咨询与调查"", ""银行金融服务""]"
PRO_004103,SUP_0266,1,"[""银行金融服务"", ""数字化商务服务"", ""电信"", ""其他未列明食品制造"", ""数字社会"", ""住宅房屋建筑"", ""数字政府"", ""正餐服务"", ""食品、饮料及烟草制品专门零售"", ""数字金融""]","[""银行金融服务"", ""数字化商务服务"", ""电信"", ""其他未列明食品制造"", ""数字社会"", ""住宅房屋建筑"", ""数字政府"", ""正餐服务"", ""食品、饮料及烟草制品专门零售"", ""数字金融""]"
PRO_004102,SUP_0266,1,"[""银行金融服务"", ""数字金融"", ""网上税务办理"", ""环境治理业"", ""数字政府"", ""房地产开发经营"", ""供应链管理服务"", ""人力资源服务""]","[""银行金融服务"", ""数字金融"", ""网上税务办理"", ""环境治理业"", ""数字政府"", ""房地产开发经营"", ""供应链管理服务"", ""人力资源服务""]"
PRO_004110,SUP_0266,1,"[""土地调查评估服务"", ""房地产开发经营"", ""土地登记服务"", ""银行金融服务"", ""数字政府"", ""住宅房屋建筑"", ""贸易经纪与代理"", ""数字技术研究和试验发展"", ""互联网房地产业"", ""数字化商务服务""]","[""土地调查评估服务"", ""土地登记服务"", ""银行金融服务"", ""数字政府"", ""住宅房屋建筑"", ""贸易经纪与代理"", ""数字技术研究和试验发展"", ""互联网房地产业"", ""数字化商务服务""]"
PRO_004073,SUP_0266,1,"[""法律服务"", ""银行金融服务"", ""数字化商务服务"", ""其他数字政府"", ""数字金融"", ""其他数字金融""]","[""银行金融服务"", ""数字化商务服务"", ""其他数字政府"", ""数字金融"", ""其他数字金融""]"
PRO_004014,SUP_0266,1,"[""银行金融服务"", ""数字资本市场服务"", ""出版业"", ""国家行政机构"", ""应用软件开发"", ""房地产开发经营"", ""知识产权服务"", ""法律服务""]","[""数字资本市场服务"", ""出版业"", ""国家行政机构"", ""应用软件开发"", ""房地产开发经营"", ""知识产权服务"", ""法律服务""]"
PRO_004065,SUP_0266,1,"[""其他商务服务业"", ""数字化商务服务"", ""住宅房屋建筑"", ""其他土木工程建筑"", ""人力资源服务"", ""出版业"", ""国家行政机构"", ""应用软件开发"", ""银行金融服务""]","[""其他商务服务业"", ""数字化商务服务"", ""住宅房屋建筑"", ""其他土木工程建筑"", ""人力资源服务"", ""出版业"", ""国家行政机构"", ""应用软件开发"", ""银行金融服务""]"
PRO_003991,SUP_0266,1,"[""数字化商务服务"", ""银行金融服务"", ""资本投资服务"", ""科技中介服务"", ""法律服务"", ""其他互联网平台"", ""证券市场服务""]","[""数字化商务服务"", ""银行金融服务"", ""资本投资服务"", ""科技中介服务"", ""法律服务"", ""其他互联网平台"", ""证券市场服务""]"
PRO_004105,SUP_0266,1,"[""法律服务"", ""数字金融"", ""其他数字政府"", ""银行金融服务"", ""其他数字金融""]","[""数字金融"", ""其他数字政府"", ""银行金融服务"", ""其他数字金融""]"
PRO_004036,SUP_0266,1,"[""数字化商务服务"", ""咨询与调查"", ""地理遥感信息及测绘地理信息服务"", ""人力资源服务"", ""其他土木工程建筑"", ""网上税务办理"", ""银行金融服务""]","[""咨询与调查"", ""地理遥感信息及测绘地理信息服务"", ""人力资源服务"", ""其他土木工程建筑"", ""网上税务办理"", ""银行金融服务""]"
PRO_004104,SUP_0266,1,"[""银行金融服务"", ""法律服务"", ""其他数字政府"", ""金融信息服务"", ""数字社会""]","[""法律服务"", ""其他数字政府"", ""金融信息服务"", ""数字社会""]"
PRO_001742,SUP_0127,1,"[""银行金融服务"", ""数字金融"", ""互联网金融"", ""数字政府"", ""互联网零售"", ""数字技术研究和试验发展"", ""电信""]","[""数字金融"", ""互联网金融"", ""数字政府"", ""互联网零售"", ""数字技术研究和试验发展"", ""电信""]"
PRO_001762,SUP_0127,1,"[""银行金融服务"", ""汽车、摩托车、零配件和燃料及其他动力销售"", ""广告业"", ""数字社会"", ""互联网零售"", ""电信"", ""数字技术研究和试验发展""]","[""汽车、摩托车、零配件和燃料及其他动力销售"", ""广告业"", ""数字社会"", ""互联网零售"", ""电信"", ""数字技术研究和试验发展""]"
PRO_005723,SUP_0353,2,"[""银行金融服务"", ""金融信息服务"", ""互联网零售"", ""智慧配送"", ""数字化商务服务"", ""法律服务"", ""社会团体"", ""数字金融"", ""其他未列明金融业"", ""其他数字化效率提升业""]","[""金融信息服务"", ""互联网零售"", ""智慧配送"", ""法律服务"", ""社会团体"", ""数字金融"", ""其他未列明金融业"", ""其他数字化效率提升业""]"
PRO_004702,SUP_0298,2,"[""银行金融服务"", ""广告业"", ""互联网零售"", ""电信"", ""汽车、摩托车、零配件和燃料及其他动力销售"", ""数字技术研究和试验发展"", ""互联网保险"", ""数据资源与产权交易"", ""数字社会""]","[""广告业"", ""互联网零售"", ""电信"", ""汽车、摩托车、零配件和燃料及其他动力销售"", ""数字技术研究和试验发展"", ""互联网保险"", ""数据资源与产权交易""]"
PRO_000655,SUP_0038,1,"[""银行金融服务"", ""金融信息服务"", ""法律服务"", ""数字社会"", ""数字化商务服务"", ""数字技术研究和试验发展"", ""网上税务办理"", ""数字金融"", ""咨询与调查""]","[""金融信息服务"", ""法律服务"", ""数字社会"", ""数字化商务服务"", ""数字技术研究和试验发展"", ""网上税务办理"", ""数字金融"", ""咨询与调查""]"
PRO_000661,SUP_0038,1,"[""金融信息服务"", ""银行金融服务"", ""其他数字金融"", ""数字资本市场服务""]","[""金融信息服务"", ""其他数字金融"", ""数字资本市场服务""]"
PRO_000650,SUP_0038,1,"[""银行金融服务"", ""金融信息服务"", ""其他数字金融""]","[""银行金融服务"", ""其他数字金融""]"
PRO_000657,SUP_0038,1,"[""银行金融服务"", ""数字政府"", ""金融信息服务"", ""数字社会"", ""其他数字金融"", ""数字技术研究和试验发展""]","[""银行金融服务"", ""数字政府"", ""数字社会"", ""其他数字金融"", ""数字技术研究和试验发展""]"
PRO_000659,SUP_0038,1,"[""银行金融服务"", ""金融信息服务"", ""其他数字金融""]","[""金融信息服务"", ""其他数字金融""]"
PRO_004112,SUP_0266,1,"[""住宅房屋建筑"", ""贸易经纪与代理"", ""土地调查评估服务"", ""其他土木工程建筑"", ""行政办公自动化"", ""其他未列明食品制造"", ""人力资源服务"", ""正餐服务"", ""食品、饮料及烟草制品专门零售"", ""银行金融服务""]","[""住宅房屋建筑"", ""贸易经纪与代理"", ""土地调查评估服务"", ""其他土木工程建筑"", ""行政办公自动化"", ""其他未列明食品制造"", ""人力资源服务"", ""正餐服务"", ""食品、饮料及烟草制品专门零售"", ""银行金融服务""]"
PRO_004111,SUP_0266,1,"[""数字资本市场服务"", ""证券市场服务"", ""金融信息服务"", ""银行金融服务""]","[""证券市场服务"", ""金融信息服务"", ""银行金融服务""]"
PRO_004074,SUP_0266,1,"[""数字化商务服务"", ""住宅房屋建筑"", ""人力资源服务"", ""贸易经纪与代理"", ""其他商务服务业"", ""地理遥感信息及测绘地理信息服务"", ""咨询与调查"", ""银行金融服务""]","[""数字化商务服务"", ""住宅房屋建筑"", ""人力资源服务"", ""贸易经纪与代理"", ""其他商务服务业"", ""地理遥感信息及测绘地理信息服务"", ""咨询与调查"", ""银行金融服务""]"
PRO_003990,SUP_0266,1,"[""数字化商务服务"", ""咨询与调查"", ""地理遥感信息及测绘地理信息服务"", ""人力资源服务"", ""其他互联网平台"", ""银行金融服务""]","[""数字化商务服务"", ""地理遥感信息及测绘地理信息服务"", ""人力资源服务"", ""其他互联网平台"", ""银行金融服务""]"
PRO_004117,SUP_0266,1,"[""数字资本市场服务"", ""证券市场服务"", ""金融信息服务""]","[""证券市场服务"", ""金融信息服务""]"
PRO_004081,SUP_0266,1,"[""数字资本市场服务"", ""金融信息服务"", ""银行金融服务"", ""法律服务"", ""数字化商务服务"", ""资本投资服务""]","[""数字资本市场服务"", ""金融信息服务"", ""银行金融服务"", ""法律服务"", ""数字化商务服务"", ""资本投资服务""]"
PRO_004066,SUP_0266,1,"[""法律服务"", ""住宅房屋建筑"", ""人力资源服务"", ""互联网资讯服务"", ""网上税务办理"", ""数字技术研究和试验发展"", ""国家行政机构""]","[""法律服务"", ""住宅房屋建筑"", ""人力资源服务"", ""互联网资讯服务"", ""网上税务办理"", ""数字技术研究和试验发展"", ""国家行政机构""]"
PRO_004106,SUP_0266,1,"[""法律服务"", ""银行金融服务"", ""金融信息服务"", ""其他数字政府"", ""数字化商务服务""]","[""银行金融服务"", ""金融信息服务"", ""其他数字政府"", ""数字化商务服务""]"
PRO_004053,SUP_0266,1,"[""数字化商务服务"", ""咨询与调查"", ""数字技术研究和试验发展"", ""地理遥感信息及测绘地理信息服务"", ""银行金融服务""]","[""数字化商务服务"", ""咨询与调查"", ""数字技术研究和试验发展"", ""地理遥感信息及测绘地理信息服务""]"
PRO_004124,SUP_0266,1,"[""数字化商务服务"", ""咨询与调查"", ""资本投资服务"", ""证券市场服务"", ""法律服务"", ""科技中介服务"", ""金融信息服务"", ""互联网资讯服务""]","[""数字化商务服务"", ""咨询与调查"", ""资本投资服务"", ""证券市场服务"", ""法律服务"", ""科技中介服务"", ""金融信息服务"", ""互联网资讯服务""]"
PRO_004078,SUP_0266,1,"[""数字资本市场服务"", ""证券市场服务"", ""金融信息服务"", ""银行金融服务""]","[""证券市场服务"", ""金融信息服务"", ""银行金融服务""]"
PRO_004061,SUP_0266,1,"[""数字化商务服务"", ""人力资源服务"", ""咨询与调查"", ""地理遥感信息及测绘地理信息服务"", ""互联网资讯服务"", ""法律服务"", ""资本投资服务"", ""银行金融服务""]","[""数字化商务服务"", ""人力资源服务"", ""咨询与调查"", ""地理遥感信息及测绘地理信息服务"", ""互联网资讯服务"", ""法律服务"", ""资本投资服务"", ""银行金融服务""]"
PRO_004043,SUP_0266,1,"[""银行金融服务"", ""土地调查评估服务"", ""房地产开发经营"", ""土地登记服务"", ""数字政府"", ""数字化商务服务"", ""数字技术研究和试验发展"", ""互联网房地产业""]","[""银行金融服务"", ""土地调查评估服务"", ""土地登记服务"", ""数字政府"", ""数字化商务服务"", ""数字技术研究和试验发展"", ""互联网房地产业""]"
PRO_004064,SUP_0266,1,"[""数字化商务服务"", ""资本投资服务"", ""公开募集证券投资基金"", ""咨询与调查"", ""数字资本市场服务"", ""法律服务"", ""科技中介服务""]","[""数字化商务服务"", ""资本投资服务"", ""公开募集证券投资基金"", ""咨询与调查"", ""法律服务"", ""科技中介服务""]"
PRO_004037,SUP_0266,1,"[""金融信息服务"", ""数字化商务服务"", ""银行金融服务"", ""国家行政机构"", ""法律服务"", ""人力资源服务"", ""咨询与调查"", ""数字资本市场服务""]","[""金融信息服务"", ""数字化商务服务"", ""银行金融服务"", ""国家行政机构"", ""人力资源服务"", ""咨询与调查"", ""数字资本市场服务""]"
PRO_001768,SUP_0127,1,"[""银行金融服务"", ""数字金融"", ""互联网保险"", ""数字资本市场服务"", ""数字社会"", ""其他数字技术应用业""]","[""数字金融"", ""互联网保险"", ""数字资本市场服务"", ""数字社会"", ""其他数字技术应用业""]"
PRO_004125,SUP_0266,1,"[""住宅房屋建筑"", ""电信"", ""银行金融服务"", ""其他商务服务业"", ""行政办公自动化"", ""数字化商务服务"", ""正餐服务"", ""食品、饮料及烟草制品专门零售"", ""数字社会"", ""数字政府""]","[""住宅房屋建筑"", ""电信"", ""银行金融服务"", ""其他商务服务业"", ""行政办公自动化"", ""数字化商务服务"", ""正餐服务"", ""食品、饮料及烟草制品专门零售"", ""数字社会"", ""数字政府""]"
PRO_004126,SUP_0266,2,"[""住宅房屋建筑"", ""其他未列明食品制造"", ""电信"", ""银行金融服务"", ""行政办公自动化"", ""数字化商务服务"", ""其他商务服务业"", ""数字社会"", ""数字政府"", ""数字技术研究和试验发展""]","[""住宅房屋建筑"", ""其他未列明食品制造"", ""电信"", ""银行金融服务"", ""行政办公自动化"", ""数字化商务服务"", ""其他商务服务业"", ""数字社会"", ""数字政府"", ""数字技术研究和试验发展""]"
PRO_004015,SUP_0266,1,"[""数字资本市场服务"", ""证券市场服务"", ""金融信息服务""]","[""证券市场服务"", ""金融信息服务""]"
PRO_004050,SUP_0266,1,"[""住宅房屋建筑"", ""其他商务服务业"", ""环境治理业"", ""土地调查评估服务"", ""银行金融服务"", ""数字化建筑业"", ""数字化商务服务"", ""贸易经纪与代理""]","[""住宅房屋建筑"", ""其他商务服务业"", ""环境治理业"", ""土地调查评估服务"", ""银行金融服务"", ""数字化建筑业"", ""数字化商务服务"", ""贸易经纪与代理""]"
PRO_003986,SUP_0266,1,"[""证券市场服务"", ""数字资本市场服务"", ""银行金融服务"", ""金融信息服务""]","[""证券市场服务"", ""银行金融服务"", ""金融信息服务""]"
PRO_001748,SUP_0127,1,"[""银行金融服务"", ""数字金融"", ""互联网金融"", ""数字政府"", ""数字社会"", ""其他数字技术应用业""]","[""数字金融"", ""互联网金融"", ""数字政府"", ""数字社会"", ""其他数字技术应用业""]"
PRO_001744,SUP_0127,1,"[""银行金融服务"", ""互联网金融"", ""数字金融"", ""数字商贸""]","[""银行金融服务"", ""互联网金融"", ""数字商贸""]"
PRO_003997,SUP_0266,1,"[""知识产权服务"", ""数字技术研究和试验发展"", ""法律服务"", ""银行金融服务"", ""数字社会""]","[""数字技术研究和试验发展"", ""法律服务"", ""银行金融服务"", ""数字社会""]"
PRO_004005,SUP_0266,1,"[""数字化商务服务"", ""咨询与调查"", ""地理遥感信息及测绘地理信息服务"", ""人力资源服务"", ""网上税务办理"", ""其他互联网平台"", ""法律服务"", ""银行金融服务""]","[""咨询与调查"", ""地理遥感信息及测绘地理信息服务"", ""人力资源服务"", ""网上税务办理"", ""其他互联网平台"", ""法律服务"", ""银行金融服务""]"
PRO_004004,SUP_0266,1,"[""数字化商务服务"", ""咨询与调查"", ""人力资源服务"", ""其他互联网平台"", ""银行金融服务""]","[""数字化商务服务"", ""咨询与调查"", ""人力资源服务"", ""其他互联网平台"", ""银行金融服务""]"
PRO_004006,SUP_0266,1,"[""数字资本市场服务"", ""数字化商务服务"", ""资本投资服务"", ""证券市场服务"", ""银行金融服务""]","[""数字资本市场服务"", ""资本投资服务"", ""证券市场服务"", ""银行金融服务""]"
PRO_004082,SUP_0266,1,"[""法律服务"", ""网上税务办理"", ""其他数字政府"", ""其他商务服务业"", ""数字技术研究和试验发展""]","[""网上税务办理"", ""其他数字政府"", ""其他商务服务业"", ""数字技术研究和试验发展""]"
PRO_004116,SUP_0266,1,"[""数字资本市场服务"", ""证券市场服务"", ""金融信息服务"", ""银行金融服务""]","[""数字资本市场服务"", ""金融信息服务"", ""银行金融服务""]"
PRO_004091,SUP_0266,1,"[""数字化商务服务"", ""法律服务"", ""金融信息服务"", ""国家行政机构"", ""咨询与调查"", ""人力资源服务"", ""银行金融服务""]","[""数字化商务服务"", ""法律服务"", ""金融信息服务"", ""国家行政机构"", ""咨询与调查"", ""人力资源服务"", ""银行金融服务""]"
PRO_004013,SUP_0266,1,"[""数字资本市场服务"", ""证券市场服务"", ""金融信息服务"", ""银行金融服务""]","[""证券市场服务"", ""金融信息服务"", ""银行金融服务""]"
PRO_004088,SUP_0266,1,"[""数字化商务服务"", ""咨询与调查"", ""银行金融服务"", ""资本投资服务"", ""法律服务"", ""其他互联网平台"", ""互联网资讯服务"", ""人力资源服务""]","[""咨询与调查"", ""银行金融服务"", ""资本投资服务"", ""法律服务"", ""其他互联网平台"", ""互联网资讯服务"", ""人力资源服务""]"
PRO_004059,SUP_0266,1,"[""其他商务服务业"", ""其他土木工程建筑"", ""行政办公自动化"", ""住宅房屋建筑"", ""贸易经纪与代理"", ""土地调查评估服务"", ""数字化商务服务"", ""其他未列明食品制造"", ""银行金融服务"", ""数字社会""]","[""其他商务服务业"", ""其他土木工程建筑"", ""行政办公自动化"", ""贸易经纪与代理"", ""土地调查评估服务"", ""数字化商务服务"", ""其他未列明食品制造"", ""银行金融服务"", ""数字社会""]"
PRO_004047,SUP_0266,1,"[""数字化商务服务"", ""数字资本市场服务"", ""法律服务"", ""咨询与调查"", ""资本投资服务"", ""科技中介服务""]","[""数字化商务服务"", ""数字资本市场服务"", ""法律服务"", ""咨询与调查"", ""资本投资服务"", ""科技中介服务""]"
PRO_004070,SUP_0266,1,"[""数字化商务服务"", ""咨询与调查"", ""地理遥感信息及测绘地理信息服务"", ""数字资本市场服务"", ""互联网资讯服务"", ""资本投资服务"", ""其他互联网平台"", ""人力资源服务"", ""法律服务"", ""银行金融服务""]","[""咨询与调查"", ""地理遥感信息及测绘地理信息服务"", ""数字资本市场服务"", ""互联网资讯服务"", ""资本投资服务"", ""其他互联网平台"", ""人力资源服务"", ""法律服务"", ""银行金融服务""]"
PRO_004077,SUP_0266,1,"[""数字金融"", ""银行金融服务"", ""法律服务"", ""行政办公自动化"", ""数字政府"", ""人力资源服务"", ""数字化商务服务"", ""网上税务办理""]","[""数字金融"", ""银行金融服务"", ""法律服务"", ""行政办公自动化"", ""数字政府"", ""人力资源服务"", ""数字化商务服务"", ""网上税务办理""]"
PRO_004129,SUP_0266,1,"[""其他房屋建筑业"", ""住宅房屋建筑"", ""银行金融服务"", ""其他商务服务业"", ""数字化商务服务"", ""土地调查评估服务"", ""法律服务"", ""数字技术研究和试验发展"", ""环境治理业"", ""数字化建筑业""]","[""其他房屋建筑业"", ""银行金融服务"", ""其他商务服务业"", ""数字化商务服务"", ""土地调查评估服务"", ""法律服务"", ""数字技术研究和试验发展"", ""环境治理业"", ""数字化建筑业""]"
PRO_004090,SUP_0266,1,"[""数字化商务服务"", ""公开募集证券投资基金"", ""法律服务"", ""数字资本市场服务"", ""资本投资服务"", ""咨询与调查"", ""互联网资讯服务"", ""知识产权服务""]","[""数字化商务服务"", ""公开募集证券投资基金"", ""法律服务"", ""资本投资服务"", ""咨询与调查"", ""互联网资讯服务"", ""知识产权服务""]"
PRO_004097,SUP_0266,1,"[""银行金融服务"", ""法律服务"", ""金融信息服务"", ""知识产权服务"", ""数字社会""]","[""银行金融服务"", ""法律服务"", ""知识产权服务"", ""数字社会""]"
PRO_004098,SUP_0266,1,"[""银行金融服务"", ""数字资本市场服务"", ""知识产权服务"", ""法律服务"", ""应用软件开发"", ""出版业"", ""金融信息服务""]","[""银行金融服务"", ""知识产权服务"", ""法律服务"", ""应用软件开发"", ""出版业"", ""金融信息服务""]"
PRO_004054,SUP_0266,1,"[""其他土木工程建筑"", ""住宅房屋建筑"", ""其他商务服务业"", ""土地调查评估服务"", ""数字化建筑业"", ""人力资源服务"", ""数字化商务服务"", ""行政办公自动化""]","[""其他土木工程建筑"", ""其他商务服务业"", ""土地调查评估服务"", ""数字化建筑业"", ""人力资源服务"", ""数字化商务服务"", ""行政办公自动化""]"
PRO_004127,SUP_0266,1,"[""数字化商务服务"", ""咨询与调查"", ""银行金融服务"", ""地理遥感信息及测绘地理信息服务""]","[""数字化商务服务"", ""咨询与调查"", ""银行金融服务"", ""地理遥感信息及测绘地理信息服务""]"
PRO_004128,SUP_0266,1,"[""数字资本市场服务"", ""证券市场服务"", ""银行金融服务""]","[""数字资本市场服务"", ""证券市场服务"", ""银行金融服务""]"
PRO_004011,SUP_0266,1,"[""数字化商务服务"", ""银行金融服务"", ""国家行政机构"", ""应用软件开发"", ""数字政府"", ""互联网批发零售""]","[""银行金融服务"", ""国家行政机构"", ""应用软件开发"", ""数字政府"", ""互联网批发零售""]"
PRO_004012,SUP_0266,1,"[""数字资本市场服务"", ""证券市场服务"", ""金融信息服务""]","[""证券市场服务"", ""金融信息服务""]"
PRO_004034,SUP_0266,1,"[""数字资本市场服务"", ""证券市场服务"", ""金融信息服务""]","[""数字资本市场服务"", ""金融信息服务""]"
PRO_004052,SUP_0266,1,"[""数字资本市场服务"", ""证券市场服务"", ""金融信息服务""]","[""数字资本市场服务"", ""证券市场服务"", ""金融信息服务""]"
PRO_004079,SUP_0266,1,"[""数字化商务服务"", ""行政办公自动化"", ""其他未列明食品制造"", ""地理遥感信息及测绘地理信息服务"", ""银行金融服务"", ""其他商务服务业"", ""正餐服务"", ""食品、饮料及烟草制品专门零售"", ""数字社会"", ""数字金融""]","[""数字化商务服务"", ""行政办公自动化"", ""其他未列明食品制造"", ""地理遥感信息及测绘地理信息服务"", ""银行金融服务"", ""其他商务服务业"", ""正餐服务"", ""食品、饮料及烟草制品专门零售"", ""数字社会"", ""数字金融""]"
PRO_004046,SUP_0266,1,"[""其他商务服务业"", ""住宅房屋建筑"", ""贸易经纪与代理"", ""房地产开发经营"", ""人力资源服务"", ""国家行政机构"", ""数字化商务服务"", ""其他互联网平台""]","[""其他商务服务业"", ""住宅房屋建筑"", ""贸易经纪与代理"", ""房地产开发经营"", ""人力资源服务"", ""国家行政机构"", ""数字化商务服务"", ""其他互联网平台""]"
PRO_004032,SUP_0266,1,"[""数字资本市场服务"", ""证券市场服务"", ""金融信息服务""]","[""数字资本市场服务"", ""金融信息服务""]"
PRO_004109,SUP_0266,1,"[""数字资本市场服务"", ""证券市场服务"", ""银行金融服务""]","[""证券市场服务"", ""银行金融服务""]"
PRO_004108,SUP_0266,1,"[""数字资本市场服务"", ""证券市场服务"", ""金融信息服务""]","[""数字资本市场服务"", ""证券市场服务"", ""金融信息服务""]"
PRO_003988,SUP_0266,1,"[""其他房屋建筑业"", ""住宅房屋建筑"", ""银行金融服务"", ""数字化建筑业"", ""其他商务服务业"", ""环境治理业"", ""土地调查评估服务"", ""数字技术研究和试验发展"", ""数字化商务服务"", ""贸易经纪与代理""]","[""其他房屋建筑业"", ""银行金融服务"", ""数字化建筑业"", ""其他商务服务业"", ""环境治理业"", ""土地调查评估服务"", ""数字技术研究和试验发展"", ""数字化商务服务"", ""贸易经纪与代理""]"
PRO_000653,SUP_0038,1,"[""银行金融服务"", ""金融信息服务"", ""其他数字金融"", ""数字资本市场服务"", ""数字社会"", ""数字金融"", ""咨询与调查""]","[""金融信息服务"", ""其他数字金融"", ""数字资本市场服务"", ""数字社会"", ""数字金融"", ""咨询与调查""]"
PRO_001763,SUP_0127,1,"[""银行金融服务"", ""数字社会"", ""汽车、摩托车、零配件和燃料及其他动力销售"", ""互联网保险"", ""互联网零售"", ""电信"", ""数字技术研究和试验发展"", ""数字资本市场服务""]","[""数字社会"", ""汽车、摩托车、零配件和燃料及其他动力销售"", ""互联网保险"", ""互联网零售"", ""电信"", ""数字技术研究和试验发展"", ""数字资本市场服务""]"
PRO_001764,SUP_0127,1,"[""银行金融服务"", ""数字社会"", ""汽车、摩托车、零配件和燃料及其他动力销售"", ""互联网保险"", ""互联网零售"", ""电信"", ""数字技术研究和试验发展"", ""数字资本市场服务""]","[""数字社会"", ""汽车、摩托车、零配件和燃料及其他动力销售"", ""互联网保险"", ""互联网零售"", ""电信"", ""数字技术研究和试验发展"", ""数字资本市场服务""]"
PRO_001787,SUP_0128,1,"[""智能交通"", ""智慧教育"", ""城市公共交通运输"", ""银行金融服务"", ""行政办公自动化"", ""智能化电力、热力、燃气及水生产和供应"", ""地理遥感信息及测绘地理信息服务"", ""其他数字政府"", ""智能车载设备制造"", ""其他互联网平台""]","[""智慧教育"", ""城市公共交通运输"", ""银行金融服务"", ""行政办公自动化"", ""智能化电力、热力、燃气及水生产和供应"", ""地理遥感信息及测绘地理信息服务"", ""其他数字政府"", ""智能车载设备制造"", ""其他互联网平台""]"
PRO_001788,SUP_0128,1,"[""智能交通"", ""智慧教育"", ""城市公共交通运输"", ""银行金融服务"", ""行政办公自动化"", ""智能化电力、热力、燃气及水生产和供应"", ""地理遥感信息及测绘地理信息服务"", ""其他数字政府"", ""智能车载设备制造"", ""其他互联网平台""]","[""智慧教育"", ""城市公共交通运输"", ""银行金融服务"", ""行政办公自动化"", ""智能化电力、热力、燃气及水生产和供应"", ""地理遥感信息及测绘地理信息服务"", ""其他数字政府"", ""智能车载设备制造"", ""其他互联网平台""]"
PRO_000654,SUP_0038,1,"[""银行金融服务"", ""金融信息服务"", ""数字社会"", ""数字金融"", ""咨询与调查""]","[""银行金融服务"", ""金融信息服务"", ""数字社会"", ""数字金融"", ""咨询与调查""]"
PRO_003932,SUP_0263,1,"[""银行金融服务"", ""互联网批发零售"", ""互联网零售"", ""数字金融"", ""广告业"", ""数字化餐饮"", ""数字化住宿"", ""数字内容服务"", ""互联网文体娱乐业"", ""数字化零售""]","[""银行金融服务"", ""互联网批发零售"", ""数字金融"", ""广告业"", ""数字化餐饮"", ""数字化住宿"", ""数字内容服务"", ""互联网文体娱乐业"", ""数字化零售""]"
PRO_003929,SUP_0263,1,"[""互联网零售"", ""互联网批发零售"", ""金融信息服务"", ""综合管理服务"", ""数字金融"", ""银行金融服务"", ""数字化餐饮"", ""数字化住宿"", ""数字内容服务"", ""互联网文体娱乐业""]","[""互联网批发零售"", ""金融信息服务"", ""综合管理服务"", ""数字金融"", ""银行金融服务"", ""数字化餐饮"", ""数字化住宿"", ""数字内容服务"", ""互联网文体娱乐业""]"
PRO_003930,SUP_0263,1,"[""互联网零售"", ""银行金融服务"", ""数字金融"", ""广告业"", ""数字化餐饮"", ""数字化住宿"", ""数字内容服务"", ""互联网文体娱乐业"", ""数字化零售"", ""网络借贷服务""]","[""互联网零售"", ""银行金融服务"", ""数字金融"", ""广告业"", ""数字化餐饮"", ""数字化住宿"", ""数字内容服务"", ""互联网文体娱乐业"", ""数字化零售"", ""网络借贷服务""]"
PRO_003931,SUP_0263,4,"[""互联网零售"", ""互联网批发零售"", ""银行金融服务"", ""数字金融"", ""数字化零售"", ""网络借贷服务"", ""数字化租赁"", ""高等教育"", ""体育组织"", ""咨询与调查""]","[""互联网零售"", ""互联网批发零售"", ""银行金融服务"", ""数字金融"", ""数字化零售"", ""网络借贷服务"", ""数字化租赁"", ""高等教育"", ""体育组织"", ""咨询与调查""]"
PRO_004062,SUP_0266,1,"[""银行金融服务"", ""数字化商务服务"", ""数字政府"", ""数字金融"", ""其他未列明金融业"", ""互联网批发零售"", ""互联网保险""]","[""银行金融服务"", ""数字政府"", ""数字金融"", ""其他未列明金融业"", ""互联网批发零售"", ""互联网保险""]"
PRO_004067,SUP_0266,1,"[""数字化商务服务"", ""知识产权服务"", ""法律服务"", ""数字技术研究和试验发展"", ""其他土木工程建筑"", ""证券市场服务"", ""木质家具制造"", ""电信"", ""广播电视传输服务"", ""卫星传输服务""]","[""数字化商务服务"", ""知识产权服务"", ""法律服务"", ""数字技术研究和试验发展"", ""其他土木工程建筑"", ""证券市场服务"", ""木质家具制造"", ""电信"", ""广播电视传输服务"", ""卫星传输服务""]"
PRO_001710,SUP_0122,1,"[""银行金融服务"", ""其他农业"", ""互联网居民生活服务"", ""货币银行服务"", ""行政办公自动化"", ""数字政府"", ""专业公共卫生服务""]","[""其他农业"", ""互联网居民生活服务"", ""货币银行服务"", ""行政办公自动化"", ""数字政府"", ""专业公共卫生服务""]"
PRO_001712,SUP_0122,1,"[""银行金融服务"", ""货币银行服务"", ""行政办公自动化"", ""医院"", ""数字政府"", ""专业公共卫生服务"", ""人力资源服务"", ""网络借贷服务"", ""婚姻服务"", ""家庭服务""]","[""银行金融服务"", ""货币银行服务"", ""行政办公自动化"", ""医院"", ""数字政府"", ""专业公共卫生服务"", ""人力资源服务"", ""网络借贷服务"", ""婚姻服务"", ""家庭服务""]"
PRO_004068,SUP_0266,1,"[""数字化商务服务"", ""法律服务"", ""人力资源服务"", ""咨询与调查"", ""其他互联网平台"", ""资本投资服务"", ""银行金融服务""]","[""数字化商务服务"", ""法律服务"", ""人力资源服务"", ""咨询与调查"", ""其他互联网平台"", ""资本投资服务"", ""银行金融服务""]"
PRO_002859,SUP_0159,5,"[""智能交通"", ""智慧教育"", ""人力资源服务"", ""货币银行服务"", ""数字金融"", ""城市公共交通运输"", ""行政办公自动化"", ""智能道路运输"", ""智慧配送"", ""银行金融服务""]","[""智能交通"", ""智慧教育"", ""人力资源服务"", ""货币银行服务"", ""数字金融"", ""城市公共交通运输"", ""行政办公自动化"", ""智能道路运输"", ""智慧配送"", ""银行金融服务""]"
PRO_004044,SUP_0266,1,"[""房地产开发经营"", ""银行金融服务"", ""土地调查评估服务"", ""数字政府"", ""数字技术研究和试验发展"", ""互联网房地产业"", ""数字化商务服务"", ""木质家具制造""]","[""房地产开发经营"", ""银行金融服务"", ""土地调查评估服务"", ""数字政府"", ""数字技术研究和试验发展"", ""互联网房地产业"", ""数字化商务服务"", ""木质家具制造""]"
PRO_004063,SUP_0266,1,"[""数字化商务服务"", ""咨询与调查"", ""资本投资服务"", ""科技中介服务"", ""数字资本市场服务""]","[""咨询与调查"", ""资本投资服务"", ""科技中介服务"", ""数字资本市场服务""]"
PRO_004039,SUP_0266,1,"[""法律服务"", ""银行金融服务"", ""数字化商务服务"", ""住宅房屋建筑"", ""数字金融"", ""数字技术研究和试验发展"", ""知识产权服务"", ""木质家具制造""]","[""银行金融服务"", ""数字化商务服务"", ""住宅房屋建筑"", ""数字金融"", ""数字技术研究和试验发展"", ""知识产权服务"", ""木质家具制造""]"
PRO_005731,SUP_0353,1,"[""银行金融服务"", ""数字政府"", ""数字化商务服务"", ""金融信息服务"", ""互联网批发零售"", ""数字金融"", ""其他未列明金融业"", ""数字资本市场服务""]","[""银行金融服务"", ""数字政府"", ""数字化商务服务"", ""金融信息服务"", ""互联网批发零售"", ""数字金融"", ""其他未列明金融业"", ""数字资本市场服务""]"
PRO_004086,SUP_0266,1,"[""网上税务办理"", ""法律服务"", ""银行金融服务"", ""其他商务服务业"", ""数字政府"", ""数字技术研究和试验发展""]","[""法律服务"", ""银行金融服务"", ""其他商务服务业"", ""数字政府"", ""数字技术研究和试验发展""]"
PRO_001714,SUP_0122,1,"[""银行金融服务"", ""其他农业"", ""互联网居民生活服务"", ""货币银行服务"", ""行政办公自动化"", ""数字政府"", ""专业公共卫生服务""]","[""其他农业"", ""互联网居民生活服务"", ""货币银行服务"", ""行政办公自动化"", ""数字政府"", ""专业公共卫生服务""]"
PRO_004101,SUP_0266,1,"[""数字化商务服务"", ""咨询与调查"", ""互联网资讯服务"", ""其他互联网平台"", ""银行金融服务"", ""法律服务"", ""数字资本市场服务""]","[""数字化商务服务"", ""咨询与调查"", ""互联网资讯服务"", ""其他互联网平台"", ""银行金融服务"", ""法律服务"", ""数字资本市场服务""]"
PRO_003993,SUP_0266,1,"[""银行金融服务"", ""数字化商务服务"", ""网上税务办理"", ""互联网保险"", ""互联网批发零售"", ""数字金融"", ""其他未列明金融业""]","[""银行金融服务"", ""数字化商务服务"", ""网上税务办理"", ""互联网保险"", ""互联网批发零售"", ""数字金融"", ""其他未列明金融业""]"
PRO_004083,SUP_0266,1,"[""法律服务"", ""数字金融"", ""网上税务办理"", ""银行金融服务"", ""知识产权服务"", ""数字技术研究和试验发展"", ""综合管理服务"", ""其他数字金融""]","[""数字金融"", ""网上税务办理"", ""银行金融服务"", ""知识产权服务"", ""数字技术研究和试验发展"", ""综合管理服务"", ""其他数字金融""]"
PRO_003895,SUP_0252,1,"[""智能道路运输"", ""数字广告"", ""智能交通"", ""房地产开发经营"", ""动漫、游戏及其他数字内容服务"", ""智能化电力、热力、燃气及水生产和供应"", ""数字政府"", ""智慧物流"", ""其他数字政府"", ""软件开发""]","[""智能道路运输"", ""数字广告"", ""房地产开发经营"", ""动漫、游戏及其他数字内容服务"", ""智能化电力、热力、燃气及水生产和供应"", ""数字政府"", ""智慧物流"", ""其他数字政府"", ""软件开发""]"
PRO_004154,SUP_0268,1,"[""银行金融服务"", ""网络借贷服务"", ""广告业"", ""数字化租赁"", ""数字化零售"", ""数字金融"", ""互联网保险""]","[""网络借贷服务"", ""广告业"", ""数字化租赁"", ""数字化零售"", ""数字金融"", ""互联网保险""]"
PRO_004100,SUP_0266,1,"[""数字资本市场服务"", ""数字技术研究和试验发展"", ""数字化商务服务"", ""知识产权服务"", ""住宅房屋建筑"", ""银行金融服务"", ""法律服务""]","[""数字资本市场服务"", ""数字技术研究和试验发展"", ""数字化商务服务"", ""知识产权服务"", ""住宅房屋建筑"", ""银行金融服务"", ""法律服务""]"
PRO_004099,SUP_0266,1,"[""数字资本市场服务"", ""数字化商务服务"", ""法律服务"", ""证券市场服务"", ""人力资源服务"", ""数字技术研究和试验发展"", ""互联网资讯服务""]","[""数字化商务服务"", ""法律服务"", ""证券市场服务"", ""人力资源服务"", ""数字技术研究和试验发展"", ""互联网资讯服务""]"
PRO_004096,SUP_0266,1,"[""数字资本市场服务"", ""证券市场服务"", ""金融信息服务""]","[""证券市场服务"", ""金融信息服务""]"
PRO_004095,SUP_0266,1,"[""数字资本市场服务"", ""证券市场服务"", ""金融信息服务"", ""银行金融服务""]","[""数字资本市场服务"", ""金融信息服务"", ""银行金融服务""]"
PRO_004056,SUP_0266,1,"[""住宅房屋建筑"", ""数字化商务服务"", ""其他土木工程建筑"", ""数字化建筑业"", ""法律服务"", ""木质家具制造"", ""电信"", ""广播电视传输服务"", ""卫星传输服务""]","[""住宅房屋建筑"", ""数字化商务服务"", ""数字化建筑业"", ""法律服务"", ""木质家具制造"", ""电信"", ""广播电视传输服务"", ""卫星传输服务""]"
PRO_004057,SUP_0266,1,"[""其他土木工程建筑"", ""数字化建筑业"", ""住宅房屋建筑"", ""电信"", ""其他未列明食品制造"", ""行政办公自动化"", ""数字化商务服务"", ""正餐服务"", ""食品、饮料及烟草制品专门零售"", ""广播电视传输服务""]","[""其他土木工程建筑"", ""数字化建筑业"", ""电信"", ""其他未列明食品制造"", ""行政办公自动化"", ""数字化商务服务"", ""正餐服务"", ""食品、饮料及烟草制品专门零售"", ""广播电视传输服务""]"
PRO_004058,SUP_0266,1,"[""住宅房屋建筑"", ""其他土木工程建筑"", ""数字化商务服务"", ""数字技术研究和试验发展"", ""国家行政机构"", ""电信"", ""广播电视传输服务"", ""卫星传输服务"", ""木质家具制造""]","[""住宅房屋建筑"", ""其他土木工程建筑"", ""数字化商务服务"", ""数字技术研究和试验发展"", ""国家行政机构"", ""电信"", ""广播电视传输服务"", ""卫星传输服务"", ""木质家具制造""]"
PRO_004055,SUP_0266,1,"[""住宅房屋建筑"", ""数字化建筑业"", ""其他土木工程建筑"", ""数字化商务服务"", ""国家行政机构"", ""数字技术研究和试验发展"", ""电信"", ""广播电视传输服务"", ""卫星传输服务"", ""木质家具制造""]","[""住宅房屋建筑"", ""数字化建筑业"", ""数字化商务服务"", ""国家行政机构"", ""数字技术研究和试验发展"", ""电信"", ""广播电视传输服务"", ""卫星传输服务"", ""木质家具制造""]"
PRO_004514,SUP_0292,1,"[""智能道路运输"", ""智能交通"", ""数字化零售"", ""数字广告"", ""数字政府"", ""其他数字政府"", ""智慧物流"", ""橡胶制品业"", ""塑料制品业"", ""房地产开发经营""]","[""智能道路运输"", ""智能交通"", ""数字化零售"", ""数字广告"", ""数字政府"", ""其他数字政府"", ""智慧物流"", ""橡胶制品业"", ""塑料制品业"", ""房地产开发经营""]"
PRO_001090,SUP_0078,2,"[""银行金融服务"", ""数字化商务服务"", ""数字政府"", ""网上税务办理"", ""数字金融"", ""其他未列明金融业"", ""数字资本市场服务""]","[""数字化商务服务"", ""数字政府"", ""网上税务办理"", ""数字金融"", ""其他未列明金融业"", ""数字资本市场服务""]"
PRO_004643,SUP_0298,2,"[""银行金融服务"", ""网上税务办理"", ""数字社会"", ""数字技术研究和试验发展"", ""数字政府"", ""法律服务"", ""其他数字政府""]","[""数字社会"", ""数字技术研究和试验发展"", ""数字政府"", ""法律服务"", ""其他数字政府""]"
PRO_004671,SUP_0298,3,"[""银行金融服务"", ""数字金融"", ""行政办公自动化"", ""环境治理业"", ""数字政府"", ""房地产开发经营"", ""供应链管理服务"", ""网上税务办理"", ""数字社会""]","[""行政办公自动化"", ""环境治理业"", ""房地产开发经营"", ""供应链管理服务"", ""网上税务办理"", ""数字社会""]"
PRO_004600,SUP_0298,2,"[""银行金融服务"", ""数字金融"", ""行政办公自动化"", ""环境治理业"", ""房地产开发经营"", ""供应链管理服务"", ""网上税务办理"", ""数字政府"", ""数字社会""]","[""银行金融服务"", ""行政办公自动化"", ""环境治理业"", ""房地产开发经营"", ""供应链管理服务"", ""网上税务办理"", ""数字社会""]"
PRO_004611,SUP_0298,2,"[""银行金融服务"", ""金融信息服务"", ""数字社会"", ""数字政府"", ""数字技术研究和试验发展""]","[""金融信息服务"", ""数字社会"", ""数字技术研究和试验发展""]"
PRO_004580,SUP_0298,2,"[""银行金融服务"", ""数字社会"", ""数字政府"", ""数字技术研究和试验发展"", ""金融信息服务"", ""数字金融"", ""其他数字技术应用业""]","[""数字社会"", ""数字政府"", ""数字技术研究和试验发展"", ""金融信息服务"", ""数字金融"", ""其他数字技术应用业""]"
PRO_004613,SUP_0298,2,"[""银行金融服务"", ""数字社会"", ""数字政府"", ""数字技术研究和试验发展"", ""法律服务"", ""数字金融"", ""其他数字技术应用业""]","[""数字社会"", ""数字技术研究和试验发展"", ""法律服务"", ""数字金融"", ""其他数字技术应用业""]"
PRO_004560,SUP_0298,3,"[""银行金融服务"", ""数字社会"", ""数字金融"", ""数字资本市场服务"", ""其他数字政府""]","[""数字资本市场服务"", ""其他数字政府""]"
PRO_004553,SUP_0298,2,"[""银行金融服务"", ""数字政府"", ""金融信息服务"", ""数字社会"", ""数字技术研究和试验发展""]","[""金融信息服务"", ""数字社会"", ""数字技术研究和试验发展""]"
PRO_004596,SUP_0298,1,"[""银行金融服务"", ""数字政府"", ""出版业"", ""数字资本市场服务"", ""数字金融"", ""基础软件开发"", ""数字社会"", ""智能制造""]","[""数字政府"", ""出版业"", ""数字资本市场服务"", ""数字金融"", ""基础软件开发"", ""数字社会"", ""智能制造""]"
PRO_004634,SUP_0298,3,"[""银行金融服务"", ""数字政府"", ""数字社会"", ""数字资本市场服务"", ""数字金融"", ""其他数字政府"", ""数字技术研究和试验发展"", ""行政办公自动化"", ""智能制造""]","[""银行金融服务"", ""数字政府"", ""数字资本市场服务"", ""其他数字政府"", ""数字技术研究和试验发展"", ""行政办公自动化""]"
PRO_004675,SUP_0298,3,"[""房地产开发经营"", ""土地调查评估服务"", ""土地登记服务"", ""银行金融服务"", ""数字政府"", ""互联网房地产业"", ""数字化商务服务"", ""木质家具制造"", ""数字社会"", ""互联网零售""]","[""房地产开发经营"", ""土地调查评估服务"", ""土地登记服务"", ""互联网房地产业"", ""数字化商务服务"", ""木质家具制造"", ""数字社会"", ""互联网零售""]"
PRO_004585,SUP_0298,3,"[""银行金融服务"", ""数字政府"", ""数字金融"", ""数字社会"", ""数字资本市场服务"", ""基础软件开发"", ""智能制造"", ""其他数字技术应用业""]","[""银行金融服务"", ""数字政府"", ""数字资本市场服务"", ""基础软件开发"", ""其他数字技术应用业""]"
PRO_004663,SUP_0298,2,"[""银行金融服务"", ""数字社会"", ""数字资本市场服务"", ""数字金融"", ""数字技术研究和试验发展"", ""数字政府"", ""法律服务"", ""行政办公自动化"", ""其他数字技术应用业""]","[""数字社会"", ""数字资本市场服务"", ""数字金融"", ""数字技术研究和试验发展"", ""法律服务"", ""行政办公自动化"", ""其他数字技术应用业""]"
PRO_004543,SUP_0298,2,"[""数字金融"", ""咨询与调查"", ""互联网房地产业"", ""数字社会"", ""银行金融服务"", ""互联网搜索服务"", ""物联网技术服务"", ""可穿戴智能设备制造"", ""互联网数据服务"", ""数字政府""]","[""数字金融"", ""咨询与调查"", ""互联网房地产业"", ""数字社会"", ""互联网搜索服务"", ""物联网技术服务"", ""可穿戴智能设备制造"", ""互联网数据服务"", ""数字政府""]"
PRO_004604,SUP_0298,2,"[""银行金融服务"", ""其他商务服务业"", ""数字政府"", ""行政办公自动化"", ""数字社会"", ""住宅房屋建筑"", ""数字金融"", ""智能制造"", ""基础软件开发"", ""数字技术研究和试验发展""]","[""其他商务服务业"", ""行政办公自动化"", ""数字社会"", ""住宅房屋建筑"", ""数字金融"", ""智能制造"", ""基础软件开发"", ""数字技术研究和试验发展""]"
PRO_004636,SUP_0298,3,"[""银行金融服务"", ""数字政府"", ""数字社会"", ""法律服务"", ""金融信息服务"", ""数字金融"", ""其他数字技术应用业""]","[""数字政府"", ""法律服务"", ""金融信息服务"", ""数字金融"", ""其他数字技术应用业""]"
PRO_004673,SUP_0298,2,"[""银行金融服务"", ""行政办公自动化"", ""数字化商务服务"", ""数字政府"", ""其他未列明食品制造"", ""电信"", ""正餐服务"", ""食品、饮料及烟草制品专门零售"", ""数字社会"", ""数字金融""]","[""行政办公自动化"", ""数字化商务服务"", ""数字政府"", ""其他未列明食品制造"", ""电信"", ""正餐服务"", ""食品、饮料及烟草制品专门零售"", ""数字金融""]"
PRO_004602,SUP_0298,2,"[""银行金融服务"", ""数字社会"", ""行政办公自动化"", ""数字化商务服务"", ""其他未列明食品制造"", ""电信"", ""正餐服务"", ""食品、饮料及烟草制品专门零售"", ""数字金融"", ""数字政府""]","[""数字社会"", ""行政办公自动化"", ""数字化商务服务"", ""其他未列明食品制造"", ""电信"", ""正餐服务"", ""食品、饮料及烟草制品专门零售"", ""数字金融""]"
PRO_004647,SUP_0298,2,"[""银行金融服务"", ""数字社会"", ""数字政府"", ""数字金融"", ""数字技术研究和试验发展"", ""智能制造"", ""行政办公自动化""]","[""数字社会"", ""数字政府"", ""数字金融"", ""数字技术研究和试验发展"", ""智能制造"", ""行政办公自动化""]"
PRO_004591,SUP_0298,3,"[""银行金融服务"", ""数字政府"", ""数字社会"", ""数字资本市场服务"", ""法律服务"", ""数字金融"", ""数字技术研究和试验发展""]","[""银行金融服务"", ""数字政府"", ""数字资本市场服务"", ""法律服务"", ""数字技术研究和试验发展""]"
PRO_004557,SUP_0298,2,"[""住宅房屋建筑"", ""银行金融服务"", ""其他房屋建筑业"", ""数字社会"", ""其他商务服务业"", ""数字技术研究和试验发展"", ""数字政府"", ""行政办公自动化"", ""铁路、道路、隧道和桥梁工程建筑"", ""土木工程建筑""]","[""住宅房屋建筑"", ""其他房屋建筑业"", ""数字社会"", ""其他商务服务业"", ""数字技术研究和试验发展"", ""数字政府"", ""行政办公自动化"", ""铁路、道路、隧道和桥梁工程建筑"", ""土木工程建筑""]"
PRO_004533,SUP_0298,1,"[""知识产权服务"", ""数字技术研究和试验发展"", ""数字社会"", ""数字金融"", ""银行金融服务"", ""数字政府"", ""其他数字技术应用业""]","[""知识产权服务"", ""数字技术研究和试验发展"", ""数字社会"", ""数字金融"", ""数字政府"", ""其他数字技术应用业""]"
PRO_004688,SUP_0298,3,"[""银行金融服务"", ""数字金融"", ""数字社会"", ""数字政府"", ""数字资本市场服务"", ""出版业"", ""智能制造"", ""其他数字技术应用业""]","[""数字金融"", ""数字社会"", ""数字资本市场服务"", ""出版业"", ""智能制造"", ""其他数字技术应用业""]"
PRO_004617,SUP_0298,3,"[""知识产权服务"", ""银行金融服务"", ""数字技术研究和试验发展"", ""数字金融"", ""数字社会"", ""数字政府"", ""其他数字技术应用业""]","[""知识产权服务"", ""数字金融"", ""数字政府"", ""其他数字技术应用业""]"
PRO_004576,SUP_0298,1,"[""银行金融服务"", ""数字社会"", ""数字政府"", ""数字资本市场服务"", ""数字技术研究和试验发展"", ""数字金融"", ""法律服务"", ""行政办公自动化""]","[""数字社会"", ""数字政府"", ""数字资本市场服务"", ""数字技术研究和试验发展"", ""数字金融"", ""法律服务"", ""行政办公自动化""]"
PRO_004627,SUP_0298,2,"[""数字政府"", ""数字金融"", ""银行金融服务"", ""数字社会"", ""数字资本市场服务"", ""其他未列明金融业"", ""互联网批发零售"", ""数字技术研究和试验发展"", ""基础软件开发""]","[""数字金融"", ""数字社会"", ""数字资本市场服务"", ""其他未列明金融业"", ""互联网批发零售"", ""数字技术研究和试验发展"", ""基础软件开发""]"
PRO_004538,SUP_0298,2,"[""银行金融服务"", ""数字社会"", ""数字政府"", ""数字资本市场服务"", ""数字技术研究和试验发展"", ""其他数字政府"", ""数字金融"", ""法律服务"", ""行政办公自动化""]","[""数字政府"", ""数字资本市场服务"", ""数字技术研究和试验发展"", ""其他数字政府"", ""数字金融"", ""法律服务"", ""行政办公自动化""]"
PRO_004593,SUP_0298,3,"[""银行金融服务"", ""数字社会"", ""数字政府"", ""数字资本市场服务"", ""数字金融"", ""法律服务"", ""其他数字技术应用业""]","[""数字政府"", ""数字资本市场服务"", ""数字金融"", ""法律服务"", ""其他数字技术应用业""]"
PRO_004573,SUP_0298,2,"[""银行金融服务"", ""数字社会"", ""数字政府"", ""数字金融"", ""其他数字政府"", ""数字技术研究和试验发展"", ""行政办公自动化"", ""智能制造""]","[""银行金融服务"", ""数字政府"", ""其他数字政府"", ""数字技术研究和试验发展"", ""行政办公自动化"", ""智能制造""]"
PRO_004609,SUP_0298,2,"[""银行金融服务"", ""数字社会"", ""数字政府"", ""数字金融"", ""数字技术研究和试验发展"", ""其他数字政府"", ""法律服务"", ""行政办公自动化""]","[""数字政府"", ""数字金融"", ""数字技术研究和试验发展"", ""其他数字政府"", ""法律服务"", ""行政办公自动化""]"
PRO_004555,SUP_0298,2,"[""银行金融服务"", ""数字社会"", ""数字金融"", ""数字政府"", ""数字资本市场服务"", ""数字技术研究和试验发展""]","[""银行金融服务"", ""数字政府"", ""数字资本市场服务"", ""数字技术研究和试验发展""]"
PRO_004606,SUP_0298,2,"[""银行金融服务"", ""数字社会"", ""数字金融"", ""数字政府"", ""智能制造"", ""其他数字政府"", ""数字技术研究和试验发展"", ""行政办公自动化""]","[""数字社会"", ""数字金融"", ""智能制造"", ""其他数字政府"", ""数字技术研究和试验发展"", ""行政办公自动化""]"
PRO_004677,SUP_0298,1,"[""银行金融服务"", ""数字社会"", ""数字政府"", ""数字金融"", ""数字技术研究和试验发展"", ""智能制造"", ""行政办公自动化"", ""铁路、道路、隧道和桥梁工程建筑"", ""土木工程建筑""]","[""数字社会"", ""数字政府"", ""数字金融"", ""数字技术研究和试验发展"", ""智能制造"", ""行政办公自动化"", ""铁路、道路、隧道和桥梁工程建筑"", ""土木工程建筑""]"
PRO_004656,SUP_0298,2,"[""银行金融服务"", ""数字社会"", ""综合管理服务"", ""数字金融"", ""互联网零售"", ""法律服务"", ""社会团体"", ""其他数字政府"", ""数字技术研究和试验发展"", ""行政办公自动化""]","[""银行金融服务"", ""综合管理服务"", ""互联网零售"", ""法律服务"", ""社会团体"", ""其他数字政府"", ""数字技术研究和试验发展"", ""行政办公自动化""]"
PRO_004548,SUP_0298,2,"[""银行金融服务"", ""数字政府"", ""法律服务"", ""数字社会"", ""金融信息服务"", ""数字技术研究和试验发展""]","[""数字政府"", ""法律服务"", ""金融信息服务"", ""数字技术研究和试验发展""]"
PRO_004546,SUP_0298,2,"[""银行金融服务"", ""数字政府"", ""金融信息服务"", ""数字社会"", ""数字技术研究和试验发展""]","[""金融信息服务"", ""数字社会"", ""数字技术研究和试验发展""]"
PRO_004575,SUP_0298,3,"[""资本投资服务"", ""数字金融"", ""银行金融服务"", ""数字社会"", ""数字化商务服务"", ""数字资本市场服务""]","[""资本投资服务"", ""数字金融"", ""数字资本市场服务""]"
PRO_004710,SUP_0298,2,"[""银行金融服务"", ""贸易经纪与代理"", ""数字社会"", ""数字资本市场服务"", ""数字金融"", ""数字技术研究和试验发展"", ""互联网批发零售"", ""其他未列明金融业"", ""行政办公自动化"", ""智能制造""]","[""贸易经纪与代理"", ""数字社会"", ""数字资本市场服务"", ""数字金融"", ""数字技术研究和试验发展"", ""互联网批发零售"", ""其他未列明金融业"", ""行政办公自动化"", ""智能制造""]"
PRO_004558,SUP_0298,5,"[""银行金融服务"", ""住宅房屋建筑"", ""其他商务服务业"", ""其他未列明食品制造"", ""数字政府"", ""贸易经纪与代理"", ""正餐服务"", ""食品、饮料及烟草制品专门零售"", ""数字社会"", ""数字金融""]","[""住宅房屋建筑"", ""其他商务服务业"", ""其他未列明食品制造"", ""数字政府"", ""贸易经纪与代理"", ""正餐服务"", ""食品、饮料及烟草制品专门零售"", ""数字金融""]"
PRO_004638,SUP_0298,3,"[""银行金融服务"", ""数字社会"", ""数字金融"", ""数字政府"", ""数字资本市场服务"", ""智能制造"", ""数字技术研究和试验发展""]","[""数字社会"", ""数字金融"", ""数字政府"", ""数字资本市场服务"", ""智能制造""]"
PRO_004551,SUP_0298,3,"[""房地产开发经营"", ""土地调查评估服务"", ""银行金融服务"", ""数字政府"", ""土地登记服务"", ""数字技术研究和试验发展"", ""互联网房地产业"", ""数字化商务服务"", ""木质家具制造"", ""行政办公自动化""]","[""土地调查评估服务"", ""土地登记服务"", ""数字技术研究和试验发展"", ""互联网房地产业"", ""数字化商务服务"", ""木质家具制造"", ""行政办公自动化""]"
PRO_004650,SUP_0298,2,"[""银行金融服务"", ""数字政府"", ""数字社会"", ""数字金融"", ""数字资本市场服务"", ""电信"", ""互联网保险"", ""数字技术研究和试验发展""]","[""银行金融服务"", ""数字政府"", ""数字资本市场服务"", ""电信"", ""互联网保险"", ""数字技术研究和试验发展""]"
PRO_004529,SUP_0298,1,"[""银行金融服务"", ""数字社会"", ""数字政府"", ""数字金融"", ""数字技术研究和试验发展"", ""其他数字技术应用业"", ""行政办公自动化""]","[""银行金融服务"", ""数字社会"", ""数字政府"", ""数字金融"", ""数字技术研究和试验发展"", ""其他数字技术应用业"", ""行政办公自动化""]"
PRO_004649,SUP_0298,4,"[""数字资本市场服务"", ""互联网零售"", ""数字社会"", ""金融信息服务"", ""银行金融服务"", ""智慧配送"", ""数字金融"", ""法律服务"", ""社会团体"", ""数字化商务服务""]","[""数字资本市场服务"", ""互联网零售"", ""数字社会"", ""智慧配送"", ""数字金融"", ""法律服务"", ""社会团体"", ""数字化商务服务""]"
PRO_004571,SUP_0298,2,"[""银行金融服务"", ""数字社会"", ""数字政府"", ""数字技术研究和试验发展"", ""法律服务"", ""数字金融"", ""其他数字技术应用业""]","[""银行金融服务"", ""数字社会"", ""数字技术研究和试验发展"", ""法律服务"", ""数字金融"", ""其他数字技术应用业""]"
PRO_004631,SUP_0298,3,"[""银行金融服务"", ""法律服务"", ""数字化商务服务"", ""金融信息服务"", ""数字社会"", ""网上税务办理"", ""数字技术研究和试验发展"", ""数字政府"", ""行政办公自动化""]","[""法律服务"", ""数字化商务服务"", ""金融信息服务"", ""网上税务办理"", ""数字政府"", ""行政办公自动化""]"
PRO_004567,SUP_0298,2,"[""银行金融服务"", ""数字社会"", ""数字政府"", ""数字资本市场服务"", ""数字技术研究和试验发展"", ""法律服务"", ""金融信息服务"", ""数字金融"", ""其他数字技术应用业""]","[""数字社会"", ""数字资本市场服务"", ""数字技术研究和试验发展"", ""法律服务"", ""金融信息服务"", ""数字金融"", ""其他数字技术应用业""]"
PRO_004561,SUP_0298,2,"[""银行金融服务"", ""数字政府"", ""数字社会"", ""数字技术研究和试验发展"", ""金融信息服务"", ""法律服务"", ""数字金融"", ""其他数字技术应用业""]","[""数字政府"", ""数字技术研究和试验发展"", ""金融信息服务"", ""法律服务"", ""数字金融"", ""其他数字技术应用业""]"
PRO_004578,SUP_0298,3,"[""银行金融服务"", ""数字政府"", ""数字社会"", ""金融信息服务"", ""法律服务""]","[""数字政府"", ""金融信息服务"", ""法律服务""]"
PRO_004583,SUP_0298,2,"[""银行金融服务"", ""数字社会"", ""数字政府"", ""数字资本市场服务"", ""数字技术研究和试验发展"", ""法律服务"", ""数字金融"", ""其他数字技术应用业"", ""行政办公自动化""]","[""数字社会"", ""数字资本市场服务"", ""数字技术研究和试验发展"", ""法律服务"", ""数字金融"", ""其他数字技术应用业"", ""行政办公自动化""]"
PRO_004669,SUP_0298,2,"[""数字社会"", ""银行金融服务"", ""数字金融"", ""数字技术研究和试验发展"", ""行政办公自动化"", ""数字化商务服务""]","[""银行金融服务"", ""数字技术研究和试验发展"", ""行政办公自动化"", ""数字化商务服务""]"
PRO_004619,SUP_0298,3,"[""银行金融服务"", ""房地产开发经营"", ""土地登记服务"", ""土地调查评估服务"", ""数字社会"", ""数字政府"", ""数字技术研究和试验发展"", ""行政办公自动化""]","[""房地产开发经营"", ""土地登记服务"", ""土地调查评估服务"", ""数字社会"", ""数字技术研究和试验发展"", ""行政办公自动化""]"
PRO_004712,SUP_0298,2,"[""银行金融服务"", ""网上税务办理"", ""数字社会"", ""数字技术研究和试验发展"", ""法律服务"", ""其他数字政府""]","[""网上税务办理"", ""数字社会"", ""数字技术研究和试验发展"", ""法律服务"", ""其他数字政府""]"
PRO_004535,SUP_0298,3,"[""银行金融服务"", ""法律服务"", ""数字化商务服务"", ""金融信息服务"", ""数字社会"", ""网上税务办理"", ""数字技术研究和试验发展"", ""数字政府"", ""行政办公自动化""]","[""法律服务"", ""数字化商务服务"", ""金融信息服务"", ""网上税务办理"", ""数字政府"", ""行政办公自动化""]"
PRO_004659,SUP_0298,2,"[""银行金融服务"", ""数字政府"", ""数字社会"", ""数字资本市场服务"", ""数字金融"", ""法律服务"", ""其他数字技术应用业"", ""基础软件开发"", ""智能制造"", ""数字技术研究和试验发展""]","[""银行金融服务"", ""数字社会"", ""数字资本市场服务"", ""法律服务"", ""其他数字技术应用业"", ""基础软件开发"", ""智能制造"", ""数字技术研究和试验发展""]"
PRO_004665,SUP_0298,1,"[""银行金融服务"", ""数字资本市场服务"", ""知识产权服务"", ""数字政府"", ""基础软件开发"", ""数字社会"", ""数字金融"", ""智能制造""]","[""数字资本市场服务"", ""知识产权服务"", ""数字政府"", ""基础软件开发"", ""数字社会"", ""数字金融"", ""智能制造""]"
PRO_004598,SUP_0298,1,"[""银行金融服务"", ""数字资本市场服务"", ""知识产权服务"", ""数字政府"", ""基础软件开发"", ""数字社会"", ""数字金融"", ""智能制造""]","[""数字资本市场服务"", ""知识产权服务"", ""数字政府"", ""基础软件开发"", ""数字社会"", ""数字金融"", ""智能制造""]"
PRO_004564,SUP_0298,2,"[""银行金融服务"", ""行政办公自动化"", ""人力资源服务"", ""人身保险"", ""数字资本市场服务"", ""数字社会"", ""数字技术研究和试验发展"", ""咨询与调查"", ""互联网保险"", ""数字化商务服务""]","[""行政办公自动化"", ""人力资源服务"", ""人身保险"", ""数字资本市场服务"", ""数字技术研究和试验发展"", ""咨询与调查"", ""互联网保险"", ""数字化商务服务""]"
PRO_004661,SUP_0298,2,"[""银行金融服务"", ""法律服务"", ""金融信息服务"", ""数字社会"", ""数字政府"", ""数字技术研究和试验发展""]","[""法律服务"", ""金融信息服务"", ""数字政府"", ""数字技术研究和试验发展""]"
PRO_004569,SUP_0298,3,"[""银行金融服务"", ""数字政府"", ""法律服务"", ""数字金融"", ""数字社会"", ""金融信息服务"", ""数字技术研究和试验发展"", ""其他数字技术应用业""]","[""数字政府"", ""法律服务"", ""数字金融"", ""金融信息服务"", ""其他数字技术应用业""]"
PRO_004622,SUP_0298,2,"[""银行金融服务"", ""数字社会"", ""互联网零售"", ""其他数字技术应用业"", ""数字技术研究和试验发展"", ""电信"", ""行政办公自动化"", ""互联网保险""]","[""数字社会"", ""互联网零售"", ""其他数字技术应用业"", ""数字技术研究和试验发展"", ""电信"", ""行政办公自动化"", ""互联网保险""]"
PRO_004706,SUP_0298,1,"[""银行金融服务"", ""广告业"", ""智能道路运输"", ""智慧配送"", ""数字社会"", ""互联网零售"", ""数字技术研究和试验发展"", ""电信"", ""互联网保险"", ""数据资源与产权交易""]","[""广告业"", ""智能道路运输"", ""智慧配送"", ""数字社会"", ""互联网零售"", ""数字技术研究和试验发展"", ""电信"", ""互联网保险"", ""数据资源与产权交易""]"
PRO_001766,SUP_0127,1,"[""银行金融服务"", ""智能道路运输"", ""智慧配送"", ""广告业"", ""人力资源服务"", ""数字金融"", ""行政办公自动化"", ""智慧教育"", ""数字社会"", ""互联网零售""]","[""智能道路运输"", ""智慧配送"", ""广告业"", ""人力资源服务"", ""数字金融"", ""行政办公自动化"", ""智慧教育"", ""数字社会"", ""互联网零售""]"
PRO_001323,SUP_0104,4,"[""银行金融服务"", ""互联网零售"", ""数字技术研究和试验发展"", ""电信"", ""数字金融"", ""非金融机构支付服务"", ""数字政府"", ""互联网资讯服务"", ""互联网金融"", ""机械设备经营租赁""]","[""数字技术研究和试验发展"", ""电信"", ""数字金融"", ""非金融机构支付服务"", ""数字政府"", ""互联网资讯服务"", ""互联网金融"", ""机械设备经营租赁""]"
PRO_005722,SUP_0353,1,"[""银行金融服务"", ""金融信息服务"", ""其他数字金融"", ""数字政府"", ""互联网保险"", ""行政办公自动化"", ""数字社会"", ""数字技术研究和试验发展""]","[""金融信息服务"", ""其他数字金融"", ""数字政府"", ""互联网保险"", ""行政办公自动化"", ""数字社会"", ""数字技术研究和试验发展""]"
PRO_000718,SUP_0047,2,"[""汽车零部件及配件制造"", ""动漫、游戏及其他数字内容服务"", ""数字化零售"", ""数字金融"", ""智能道路运输"", ""其他数字政府"", ""数字政府"", ""稻谷种植"", ""农业科学研究和试验发展"", ""国家行政机构""]","[""汽车零部件及配件制造"", ""动漫、游戏及其他数字内容服务"", ""数字化零售"", ""数字金融"", ""智能道路运输"", ""其他数字政府"", ""数字政府"", ""稻谷种植"", ""农业科学研究和试验发展"", ""国家行政机构""]"
PRO_000717,SUP_0047,1,"[""综合管理服务"", ""人力资源服务"", ""动漫、游戏及其他数字内容服务"", ""国家行政机构"", ""橡胶制品业"", ""塑料制品业"", ""数字金融"", ""咨询与调查"", ""货币银行服务"", ""财产保险""]","[""综合管理服务"", ""人力资源服务"", ""动漫、游戏及其他数字内容服务"", ""国家行政机构"", ""橡胶制品业"", ""塑料制品业"", ""数字金融"", ""咨询与调查"", ""货币银行服务"", ""财产保险""]"
PRO_001817,SUP_0131,1,"[""银行金融服务"", ""专业公共卫生服务"", ""广告业"", ""互联网保险"", ""其他数字政府""]","[""银行金融服务"", ""专业公共卫生服务"", ""广告业"", ""互联网保险"", ""其他数字政府""]"
PRO_004152,SUP_0268,1,"[""银行金融服务"", ""货币银行服务"", ""网络借贷服务"", ""数字化租赁"", ""互联网保险"", ""数字化零售""]","[""银行金融服务"", ""货币银行服务"", ""网络借贷服务"", ""数字化租赁"", ""互联网保险"", ""数字化零售""]"
PRO_005724,SUP_0353,1,"[""银行金融服务"", ""数字化商务服务"", ""数字政府"", ""网上税务办理"", ""金融信息服务"", ""互联网批发零售"", ""数字金融"", ""其他未列明金融业"", ""数字资本市场服务""]","[""数字化商务服务"", ""数字政府"", ""网上税务办理"", ""金融信息服务"", ""互联网批发零售"", ""数字金融"", ""其他未列明金融业"", ""数字资本市场服务""]"
PRO_004153,SUP_0268,1,"[""其他数字金融"", ""银行金融服务"", ""智能道路运输"", ""智慧配送"", ""人力资源服务"", ""专业公共卫生服务"", ""货币银行服务"", ""工程和技术研究和试验发展"", ""行政办公自动化"", ""智慧教育""]","[""其他数字金融"", ""银行金融服务"", ""智能道路运输"", ""智慧配送"", ""人力资源服务"", ""专业公共卫生服务"", ""货币银行服务"", ""工程和技术研究和试验发展"", ""行政办公自动化"", ""智慧教育""]"
PRO_001824,SUP_0133,1,"[""知识产权服务"", ""法律服务"", ""住宅房屋建筑"", ""数字技术研究和试验发展"", ""银行金融服务"", ""证券市场服务""]","[""知识产权服务"", ""法律服务"", ""住宅房屋建筑"", ""银行金融服务"", ""证券市场服务""]"
PRO_004071,SUP_0266,1,"[""数字化商务服务"", ""资本投资服务"", ""咨询与调查"", ""地理遥感信息及测绘地理信息服务"", ""银行金融服务"", ""物联网技术服务"", ""可穿戴智能设备制造"", ""互联网数据服务""]","[""数字化商务服务"", ""资本投资服务"", ""咨询与调查"", ""地理遥感信息及测绘地理信息服务"", ""银行金融服务"", ""物联网技术服务"", ""可穿戴智能设备制造"", ""互联网数据服务""]"
PRO_000049,SUP_0019,1,"[""数字资本市场服务"", ""银行金融服务"", ""知识产权服务"", ""数字化商务服务"", ""金融信息服务"", ""智慧配送"", ""信息技术咨询服务"", ""智能道路运输"", ""公开募集证券投资基金"", ""数字政府""]","[""数字资本市场服务"", ""知识产权服务"", ""数字化商务服务"", ""金融信息服务"", ""智慧配送"", ""信息技术咨询服务"", ""智能道路运输"", ""公开募集证券投资基金"", ""数字政府""]"
PRO_003415,SUP_0195,1,"[""银行金融服务"", ""人力资源服务"", ""货币银行服务"", ""数字化商务服务"", ""人身保险"", ""其他数字政府"", ""生态保护"", ""自然科学研究和试验发展"", ""林业专业及辅助性活动"", ""数字社会""]","[""人力资源服务"", ""货币银行服务"", ""数字化商务服务"", ""人身保险"", ""其他数字政府"", ""生态保护"", ""自然科学研究和试验发展"", ""林业专业及辅助性活动"", ""数字社会""]"
PRO_003830,SUP_0247,1,"[""银行金融服务"", ""电信"", ""互联网保险"", ""数字化租赁""]","[""银行金融服务"", ""电信"", ""互联网保险"", ""数字化租赁""]"
PRO_003414,SUP_0195,1,"[""银行金融服务"", ""人力资源服务"", ""货币银行服务"", ""人身保险"", ""数字化商务服务"", ""其他数字政府"", ""生态保护"", ""自然科学研究和试验发展"", ""林业专业及辅助性活动"", ""数字社会""]","[""人力资源服务"", ""货币银行服务"", ""人身保险"", ""数字化商务服务"", ""其他数字政府"", ""生态保护"", ""自然科学研究和试验发展"", ""林业专业及辅助性活动"", ""数字社会""]"
PRO_000059,SUP_0023,1,"[""智慧医疗"", ""银行金融服务"", ""医院"", ""动漫、游戏及其他数字内容服务"", ""广告业"", ""人身保险"", ""数字化零售"", ""房地产开发经营"", ""行政办公自动化"", ""智慧教育""]","[""智慧医疗"", ""银行金融服务"", ""动漫、游戏及其他数字内容服务"", ""广告业"", ""人身保险"", ""数字化零售"", ""房地产开发经营"", ""行政办公自动化"", ""智慧教育""]"
PRO_000060,SUP_0023,1,"[""医院"", ""银行金融服务"", ""人身保险"", ""广告业"", ""数字化零售"", ""行政办公自动化"", ""智慧教育"", ""房地产开发经营"", ""智慧配送"", ""数字化通用、专用设备制造""]","[""医院"", ""银行金融服务"", ""人身保险"", ""广告业"", ""数字化零售"", ""行政办公自动化"", ""智慧教育"", ""房地产开发经营"", ""智慧配送"", ""数字化通用、专用设备制造""]"
PRO_000039,SUP_0013,4,"[""人力资源服务"", ""数字金融"", ""人身保险"", ""货币银行服务"", ""汽车零部件及配件制造"", ""行政办公自动化"", ""智慧教育"", ""智能道路运输"", ""智慧配送"", ""咨询与调查""]","[""人力资源服务"", ""数字金融"", ""人身保险"", ""货币银行服务"", ""汽车零部件及配件制造"", ""行政办公自动化"", ""智慧教育"", ""智能道路运输"", ""智慧配送"", ""咨询与调查""]"
PRO_000061,SUP_0024,2,"[""银行金融服务"", ""动漫、游戏及其他数字内容服务"", ""人身保险"", ""数字化零售"", ""互联网保险"", ""网络借贷服务"", ""数字化租赁"", ""数字金融"", ""智慧配送"", ""数字化通用、专用设备制造""]","[""银行金融服务"", ""动漫、游戏及其他数字内容服务"", ""人身保险"", ""互联网保险"", ""网络借贷服务"", ""数字化租赁"", ""数字金融"", ""智慧配送"", ""数字化通用、专用设备制造""]"
PRO_003829,SUP_0247,1,"[""银行金融服务"", ""数字化商务服务"", ""数字化零售"", ""房地产开发经营"", ""互联网保险""]","[""数字化商务服务"", ""数字化零售"", ""房地产开发经营"", ""互联网保险""]"
PRO_000055,SUP_0021,1,"[""银行金融服务"", ""数字化零售"", ""医院"", ""智慧医疗"", ""货币银行服务"", ""数字金融"", ""房地产开发经营"", ""橡胶制品业"", ""塑料制品业"", ""智慧配送""]","[""银行金融服务"", ""数字化零售"", ""智慧医疗"", ""货币银行服务"", ""数字金融"", ""房地产开发经营"", ""橡胶制品业"", ""塑料制品业"", ""智慧配送""]"
PRO_000079,SUP_0029,1,"[""银行金融服务"", ""数字资本市场服务"", ""数字金融"", ""货币银行服务"", ""财产保险"", ""数字社会"", ""咨询与调查"", ""数字化零售"", ""数字化商务服务"", ""数字化社会工作""]","[""银行金融服务"", ""数字资本市场服务"", ""数字金融"", ""货币银行服务"", ""财产保险"", ""数字社会"", ""咨询与调查"", ""数字化零售"", ""数字化商务服务"", ""数字化社会工作""]"
PRO_003430,SUP_0205,2,"[""银行金融服务"", ""住宅房屋建筑"", ""医院"", ""人身保险"", ""供应链管理服务"", ""数字社会"", ""稻谷种植"", ""农业科学研究和试验发展"", ""国家行政机构"", ""互联网保险""]","[""银行金融服务"", ""住宅房屋建筑"", ""医院"", ""人身保险"", ""供应链管理服务"", ""数字社会"", ""稻谷种植"", ""农业科学研究和试验发展"", ""国家行政机构"", ""互联网保险""]"
PRO_003175,SUP_0169,3,"[""汽车零部件及配件制造"", ""数字化零售"", ""银行金融服务"", ""医院"", ""货币银行服务"", ""房地产开发经营"", ""橡胶制品业"", ""塑料制品业"", ""数字金融"", ""行政办公自动化""]","[""汽车零部件及配件制造"", ""银行金融服务"", ""医院"", ""货币银行服务"", ""房地产开发经营"", ""橡胶制品业"", ""塑料制品业"", ""数字金融"", ""行政办公自动化""]"
PRO_001851,SUP_0136,1,"[""银行金融服务"", ""数字化租赁"", ""其他数字金融"", ""网络借贷服务"", ""供应链管理服务"", ""货币银行服务"", ""财产保险"", ""数字社会"", ""数字金融"", ""智能制造""]","[""数字化租赁"", ""其他数字金融"", ""网络借贷服务"", ""供应链管理服务"", ""货币银行服务"", ""财产保险"", ""数字社会"", ""数字金融"", ""智能制造""]"
PRO_001296,SUP_0097,1,"[""银行金融服务"", ""货币银行服务"", ""人力资源服务"", ""咨询与调查"", ""数字金融"", ""行政办公自动化"", ""智慧教育"", ""互联网平台"", ""互联网批发零售"", ""生态保护""]","[""银行金融服务"", ""货币银行服务"", ""人力资源服务"", ""咨询与调查"", ""数字金融"", ""行政办公自动化"", ""智慧教育"", ""互联网平台"", ""互联网批发零售"", ""生态保护""]"
PRO_001191,SUP_0084,1,"[""银行金融服务"", ""数字化商务服务"", ""其他数字政府""]","[""数字化商务服务"", ""其他数字政府""]"
PRO_001192,SUP_0084,1,"[""银行金融服务"", ""数字化商务服务"", ""其他数字政府""]","[""数字化商务服务"", ""其他数字政府""]"
PRO_001190,SUP_0084,1,"[""银行金融服务"", ""数字化商务服务"", ""电信""]","[""数字化商务服务"", ""电信""]"
PRO_001189,SUP_0084,1,"[""银行金融服务"", ""数字化商务服务"", ""其他数字政府""]","[""数字化商务服务"", ""其他数字政府""]"
PRO_001196,SUP_0084,2,"[""银行金融服务"", ""数字化商务服务"", ""其他数字政府""]","[""数字化商务服务""]"
PRO_001195,SUP_0084,1,"[""银行金融服务"", ""数字化商务服务"", ""其他批发业"", ""智慧物流"", ""其他数字政府"", ""智能道路运输"", ""智能交通""]","[""银行金融服务"", ""数字化商务服务"", ""其他批发业"", ""智慧物流"", ""智能道路运输"", ""智能交通""]"
PRO_001194,SUP_0084,1,"[""银行金融服务"", ""其他数字政府"", ""数字化商务服务"", ""人力资源服务""]","[""银行金融服务"", ""其他数字政府"", ""人力资源服务""]"
PRO_001193,SUP_0084,1,"[""银行金融服务"", ""数字化商务服务"", ""其他数字政府""]","[""数字化商务服务"", ""其他数字政府""]"
PRO_000076,SUP_0028,1,"[""银行金融服务"", ""人力资源服务"", ""数字化商务服务""]","[""银行金融服务"", ""人力资源服务""]"
PRO_000077,SUP_0028,1,"[""银行金融服务"", ""数字化商务服务"", ""人力资源服务"", ""国家行政机构"", ""数字金融"", ""咨询与调查"", ""稻谷种植"", ""农业科学研究和试验发展"", ""数字社会"", ""数字政府""]","[""银行金融服务"", ""数字化商务服务"", ""国家行政机构"", ""数字金融"", ""咨询与调查"", ""稻谷种植"", ""农业科学研究和试验发展"", ""数字社会"", ""数字政府""]"
PRO_001774,SUP_0127,1,"[""银行金融服务"", ""数字金融"", ""互联网金融"", ""其他农业"", ""数字政府""]","[""数字金融"", ""互联网金融"", ""其他农业"", ""数字政府""]"
PRO_004351,SUP_0287,1,"[""银行金融服务"", ""数字化商务服务"", ""货币银行服务"", ""人身保险"", ""数字化租赁"", ""电信""]","[""数字化商务服务"", ""货币银行服务"", ""人身保险"", ""数字化租赁"", ""电信""]"
PRO_000066,SUP_0026,1,"[""数字社会"", ""智慧配送"", ""数字金融"", ""智慧物流"", ""银行金融服务"", ""数字化商务服务"", ""数字政府"", ""智能道路运输"", ""咨询与调查"", ""其他数字技术应用业""]","[""数字社会"", ""智慧配送"", ""数字金融"", ""智慧物流"", ""银行金融服务"", ""数字化商务服务"", ""数字政府"", ""智能道路运输"", ""咨询与调查"", ""其他数字技术应用业""]"
PRO_000070,SUP_0026,1,"[""银行金融服务"", ""智能交通"", ""数字化商务服务"", ""智能化电力、热力、燃气及水生产和供应"", ""房地产开发经营"", ""电信"", ""智能道路运输"", ""智慧物流""]","[""智能交通"", ""数字化商务服务"", ""智能化电力、热力、燃气及水生产和供应"", ""房地产开发经营"", ""电信"", ""智能道路运输"", ""智慧物流""]"
PRO_000050,SUP_0019,2,"[""资本投资服务"", ""银行金融服务"", ""数字金融"", ""数字社会"", ""数字化商务服务""]","[""资本投资服务"", ""数字金融"", ""数字社会"", ""数字化商务服务""]"
PRO_000036,SUP_0012,1,"[""数字化商务服务"", ""行政办公自动化"", ""银行金融服务"", ""电信"", ""其他未列明食品制造"", ""货币银行服务"", ""财产保险"", ""数字金融"", ""咨询与调查"", ""数字政府""]","[""数字化商务服务"", ""行政办公自动化"", ""电信"", ""其他未列明食品制造"", ""货币银行服务"", ""财产保险"", ""数字金融"", ""咨询与调查"", ""数字政府""]"
PRO_000033,SUP_0012,2,"[""货币银行服务"", ""银行金融服务"", ""供应链管理服务"", ""人身保险"", ""人力资源服务"", ""财产保险"", ""数字社会"", ""生态保护"", ""自然科学研究和试验发展"", ""林业专业及辅助性活动""]","[""货币银行服务"", ""银行金融服务"", ""供应链管理服务"", ""人身保险"", ""人力资源服务"", ""财产保险"", ""数字社会"", ""生态保护"", ""自然科学研究和试验发展"", ""林业专业及辅助性活动""]"
PRO_000038,SUP_0012,4,"[""银行金融服务"", ""供应链管理服务"", ""数字金融"", ""网络借贷服务"", ""住宅房屋建筑"", ""咨询与调查"", ""数字化零售"", ""货币银行服务"", ""财产保险""]","[""数字金融"", ""网络借贷服务"", ""住宅房屋建筑"", ""咨询与调查"", ""数字化零售"", ""货币银行服务"", ""财产保险""]"
PRO_000035,SUP_0012,2,"[""银行金融服务"", ""供应链管理服务"", ""网络借贷服务"", ""汽车零部件及配件制造"", ""数字金融"", ""咨询与调查"", ""橡胶制品业"", ""塑料制品业"", ""生态保护"", ""自然科学研究和试验发展""]","[""银行金融服务"", ""供应链管理服务"", ""网络借贷服务"", ""汽车零部件及配件制造"", ""数字金融"", ""咨询与调查"", ""橡胶制品业"", ""塑料制品业"", ""生态保护"", ""自然科学研究和试验发展""]"
PRO_000034,SUP_0012,1,"[""银行金融服务"", ""数字金融"", ""网络借贷服务"", ""住宅房屋建筑"", ""供应链管理服务"", ""咨询与调查"", ""货币银行服务"", ""财产保险"", ""数字化零售"", ""数字社会""]","[""银行金融服务"", ""数字金融"", ""网络借贷服务"", ""住宅房屋建筑"", ""咨询与调查"", ""货币银行服务"", ""财产保险"", ""数字化零售"", ""数字社会""]"
PRO_000037,SUP_0012,2,"[""银行金融服务"", ""住宅房屋建筑"", ""供应链管理服务"", ""数字金融"", ""网络借贷服务"", ""数字化零售"", ""咨询与调查"", ""货币银行服务"", ""财产保险"", ""数字社会""]","[""住宅房屋建筑"", ""数字金融"", ""网络借贷服务"", ""数字化零售"", ""咨询与调查"", ""货币银行服务"", ""财产保险"", ""数字社会""]"
PRO_000054,SUP_0020,3,"[""银行金融服务"", ""智能交通"", ""智能化电力、热力、燃气及水生产和供应"", ""数字资本市场服务"", ""数字社会"", ""数字金融"", ""数字化零售"", ""货币银行服务"", ""综合零售"", ""智能道路运输""]","[""智能交通"", ""智能化电力、热力、燃气及水生产和供应"", ""数字资本市场服务"", ""数字社会"", ""数字金融"", ""数字化零售"", ""货币银行服务"", ""综合零售"", ""智能道路运输""]"
PRO_000044,SUP_0017,2,"[""银行金融服务"", ""网络借贷服务"", ""数字化租赁"", ""数字化商务服务"", ""货币银行服务"", ""数字化零售"", ""房地产开发经营"", ""电信""]","[""网络借贷服务"", ""数字化租赁"", ""数字化商务服务"", ""货币银行服务"", ""数字化零售"", ""房地产开发经营"", ""电信""]"
PRO_000720,SUP_0048,2,"[""银行金融服务"", ""数字金融"", ""其他数字金融"", ""互联网金融"", ""数字化商务服务""]","[""银行金融服务"", ""其他数字金融"", ""互联网金融"", ""数字化商务服务""]"
PRO_004348,SUP_0287,1,"[""银行金融服务"", ""数字化商务服务"", ""货币银行服务"", ""人身保险"", ""电信""]","[""数字化商务服务"", ""货币银行服务"", ""人身保险"", ""电信""]"
PRO_004187,SUP_0279,1,"[""银行金融服务"", ""专业公共卫生服务"", ""数字资本市场服务"", ""其他农业"", ""气象服务"", ""安全系统监控服务"", ""网络借贷服务"", ""数字化租赁"", ""数字政府""]","[""专业公共卫生服务"", ""数字资本市场服务"", ""其他农业"", ""气象服务"", ""安全系统监控服务"", ""网络借贷服务"", ""数字化租赁"", ""数字政府""]"
PRO_004186,SUP_0279,2,"[""银行金融服务"", ""专业公共卫生服务"", ""其他农业"", ""气象服务"", ""安全系统监控服务"", ""网络借贷服务"", ""数字化租赁"", ""数字政府""]","[""专业公共卫生服务"", ""其他农业"", ""气象服务"", ""安全系统监控服务"", ""网络借贷服务"", ""数字化租赁"", ""数字政府""]"
PRO_004189,SUP_0279,2,"[""银行金融服务"", ""数字资本市场服务"", ""专业公共卫生服务"", ""其他农业"", ""互联网居民生活服务"", ""行政办公自动化"", ""数字化商务服务"", ""数字化社会工作"", ""房地产中介服务"", ""人力资源服务""]","[""银行金融服务"", ""数字资本市场服务"", ""其他农业"", ""互联网居民生活服务"", ""行政办公自动化"", ""数字化商务服务"", ""数字化社会工作"", ""房地产中介服务"", ""人力资源服务""]"
PRO_004190,SUP_0279,1,"[""银行金融服务"", ""其他数字金融"", ""广告业"", ""其他农业"", ""数字资本市场服务"", ""数字政府"", ""专业公共卫生服务"", ""互联网保险"", ""智能道路运输"", ""智慧配送""]","[""银行金融服务"", ""其他数字金融"", ""广告业"", ""其他农业"", ""数字资本市场服务"", ""数字政府"", ""互联网保险"", ""智能道路运输"", ""智慧配送""]"
PRO_004191,SUP_0280,3,"[""数字化零售"", ""汽车零部件及配件制造"", ""综合管理服务"", ""人力资源服务"", ""数字金融"", ""橡胶制品业"", ""塑料制品业"", ""房地产开发经营"", ""智慧配送"", ""数字化通用、专用设备制造""]","[""数字化零售"", ""汽车零部件及配件制造"", ""综合管理服务"", ""人力资源服务"", ""数字金融"", ""橡胶制品业"", ""塑料制品业"", ""房地产开发经营"", ""智慧配送"", ""数字化通用、专用设备制造""]"
PRO_000083,SUP_0031,3,"[""人身保险"", ""综合管理服务"", ""智能道路运输"", ""货币银行服务"", ""汽车零部件及配件制造"", ""其他批发业"", ""国家行政机构"", ""行政办公自动化"", ""智慧教育"", ""稻谷种植""]","[""人身保险"", ""综合管理服务"", ""智能道路运输"", ""货币银行服务"", ""汽车零部件及配件制造"", ""其他批发业"", ""国家行政机构"", ""行政办公自动化"", ""智慧教育"", ""稻谷种植""]"
PRO_000043,SUP_0017,2,"[""银行金融服务"", ""数字化零售"", ""货币银行服务"", ""广告业"", ""互联网保险"", ""电信"", ""房地产开发经营"", ""数字金融"", ""网络借贷服务"", ""数字化租赁""]","[""银行金融服务"", ""数字化零售"", ""货币银行服务"", ""广告业"", ""互联网保险"", ""电信"", ""房地产开发经营"", ""数字金融""]"
PRO_001833,SUP_0134,2,"[""环境治理业"", ""其他数字政府"", ""其他房屋建筑业"", ""气象服务"", ""数字化设施种植"", ""环境与生态监测检测服务"", ""铁路、道路、隧道和桥梁工程建筑"", ""水利和水运工程建筑"", ""安全系统监控服务"", ""牛的饲养""]","[""环境治理业"", ""其他数字政府"", ""其他房屋建筑业"", ""气象服务"", ""数字化设施种植"", ""环境与生态监测检测服务"", ""铁路、道路、隧道和桥梁工程建筑"", ""水利和水运工程建筑"", ""安全系统监控服务"", ""牛的饲养""]"
PRO_001835,SUP_0134,4,"[""环境治理业"", ""数字化设施种植"", ""其他数字政府"", ""铁路、道路、隧道和桥梁工程建筑"", ""水利和水运工程建筑"", ""稻谷种植"", ""森林经营和管护"", ""水上货物运输"", ""水上旅客运输"", ""环境与生态监测检测服务""]","[""环境治理业"", ""数字化设施种植"", ""其他数字政府"", ""铁路、道路、隧道和桥梁工程建筑"", ""水利和水运工程建筑"", ""稻谷种植"", ""森林经营和管护"", ""水上货物运输"", ""水上旅客运输"", ""环境与生态监测检测服务""]"
PRO_001831,SUP_0134,2,"[""环境治理业"", ""数字化设施种植"", ""其他数字政府"", ""稻谷种植"", ""森林经营和管护"", ""水资源管理"", ""水上货物运输"", ""水上旅客运输"", ""环境与生态监测检测服务"", ""气象服务""]","[""环境治理业"", ""数字化设施种植"", ""其他数字政府"", ""稻谷种植"", ""森林经营和管护"", ""水资源管理"", ""水上货物运输"", ""水上旅客运输"", ""环境与生态监测检测服务"", ""气象服务""]"
PRO_001838,SUP_0134,1,"[""环境治理业"", ""其他数字政府"", ""铁路、道路、隧道和桥梁工程建筑"", ""水利和水运工程建筑"", ""稻谷种植"", ""森林经营和管护"", ""水资源管理"", ""水上货物运输"", ""水上旅客运输"", ""环境与生态监测检测服务""]","[""环境治理业"", ""其他数字政府"", ""铁路、道路、隧道和桥梁工程建筑"", ""水利和水运工程建筑"", ""稻谷种植"", ""森林经营和管护"", ""水资源管理"", ""水上货物运输"", ""水上旅客运输"", ""环境与生态监测检测服务""]"
PRO_001828,SUP_0134,1,"[""环境治理业"", ""数字化设施种植"", ""其他房屋建筑业"", ""稻谷种植"", ""森林经营和管护"", ""铁路、道路、隧道和桥梁工程建筑"", ""水利和水运工程建筑"", ""环境与生态监测检测服务"", ""气象服务"", ""水资源管理""]","[""环境治理业"", ""数字化设施种植"", ""其他房屋建筑业"", ""稻谷种植"", ""森林经营和管护"", ""铁路、道路、隧道和桥梁工程建筑"", ""水利和水运工程建筑"", ""环境与生态监测检测服务"", ""气象服务"", ""水资源管理""]"
PRO_001834,SUP_0134,1,"[""环境治理业"", ""其他数字政府"", ""数字化设施种植"", ""其他房屋建筑业"", ""稻谷种植"", ""森林经营和管护"", ""铁路、道路、隧道和桥梁工程建筑"", ""水利和水运工程建筑"", ""环境与生态监测检测服务"", ""气象服务""]","[""其他数字政府"", ""数字化设施种植"", ""其他房屋建筑业"", ""稻谷种植"", ""森林经营和管护"", ""铁路、道路、隧道和桥梁工程建筑"", ""水利和水运工程建筑"", ""环境与生态监测检测服务"", ""气象服务""]"
PRO_001830,SUP_0134,1,"[""环境治理业"", ""其他数字政府"", ""数字化设施种植"", ""其他房屋建筑业"", ""稻谷种植"", ""森林经营和管护"", ""铁路、道路、隧道和桥梁工程建筑"", ""水利和水运工程建筑"", ""环境与生态监测检测服务"", ""气象服务""]","[""其他数字政府"", ""数字化设施种植"", ""其他房屋建筑业"", ""稻谷种植"", ""森林经营和管护"", ""铁路、道路、隧道和桥梁工程建筑"", ""水利和水运工程建筑"", ""环境与生态监测检测服务"", ""气象服务""]"
PRO_001837,SUP_0134,1,"[""环境治理业"", ""其他数字政府"", ""数字化设施种植"", ""水上货物运输"", ""水上旅客运输"", ""铁路、道路、隧道和桥梁工程建筑"", ""水利和水运工程建筑"", ""气象服务"", ""安全系统监控服务"", ""水资源管理""]","[""环境治理业"", ""其他数字政府"", ""数字化设施种植"", ""水上货物运输"", ""水上旅客运输"", ""铁路、道路、隧道和桥梁工程建筑"", ""水利和水运工程建筑"", ""气象服务"", ""安全系统监控服务"", ""水资源管理""]"
PRO_001826,SUP_0134,6,"[""环境治理业"", ""其他数字政府"", ""数字化设施种植"", ""其他房屋建筑业"", ""稻谷种植"", ""森林经营和管护"", ""铁路、道路、隧道和桥梁工程建筑"", ""水利和水运工程建筑"", ""环境与生态监测检测服务"", ""气象服务""]","[""环境治理业"", ""其他数字政府"", ""数字化设施种植"", ""其他房屋建筑业"", ""稻谷种植"", ""森林经营和管护"", ""铁路、道路、隧道和桥梁工程建筑"", ""水利和水运工程建筑"", ""环境与生态监测检测服务"", ""气象服务""]"
PRO_001829,SUP_0134,1,"[""环境治理业"", ""其他数字政府"", ""气象服务"", ""数字化设施种植"", ""稻谷种植"", ""森林经营和管护"", ""环境与生态监测检测服务"", ""安全系统监控服务"", ""水上货物运输"", ""水上旅客运输""]","[""环境治理业"", ""其他数字政府"", ""气象服务"", ""数字化设施种植"", ""稻谷种植"", ""森林经营和管护"", ""环境与生态监测检测服务"", ""安全系统监控服务"", ""水上货物运输"", ""水上旅客运输""]"
PRO_001836,SUP_0134,2,"[""环境治理业"", ""智能交通"", ""其他数字政府"", ""数字化设施种植"", ""稻谷种植"", ""森林经营和管护"", ""铁路、道路、隧道和桥梁工程建筑"", ""水利和水运工程建筑"", ""环境与生态监测检测服务"", ""气象服务""]","[""环境治理业"", ""智能交通"", ""其他数字政府"", ""数字化设施种植"", ""稻谷种植"", ""森林经营和管护"", ""铁路、道路、隧道和桥梁工程建筑"", ""水利和水运工程建筑"", ""环境与生态监测检测服务"", ""气象服务""]"
PRO_004188,SUP_0279,1,"[""银行金融服务"", ""专业公共卫生服务"", ""数字资本市场服务"", ""其他农业"", ""气象服务"", ""安全系统监控服务"", ""数字政府"", ""网络借贷服务"", ""数字化租赁"", ""互联网保险""]","[""专业公共卫生服务"", ""数字资本市场服务"", ""其他农业"", ""气象服务"", ""安全系统监控服务"", ""数字政府"", ""网络借贷服务"", ""数字化租赁"", ""互联网保险""]"
PRO_000062,SUP_0025,1,"[""银行金融服务"", ""互联网零售"", ""智慧物流"", ""智慧配送"", ""数字化商务服务"", ""法律服务"", ""社会团体"", ""数字社会"", ""数字金融"", ""金融信息服务""]","[""银行金融服务"", ""互联网零售"", ""智慧物流"", ""智慧配送"", ""数字化商务服务"", ""法律服务"", ""社会团体"", ""数字社会"", ""数字金融""]"
PRO_000045,SUP_0017,3,"[""银行金融服务"", ""货币银行服务"", ""广告业"", ""人身保险"", ""数字化商务服务"", ""网络借贷服务"", ""数字化租赁"", ""互联网保险""]","[""银行金融服务"", ""货币银行服务"", ""广告业"", ""人身保险"", ""数字化商务服务"", ""互联网保险""]"
PRO_000068,SUP_0026,3,"[""银行金融服务"", ""互联网保险"", ""数字政府""]","[""数字政府""]"
PRO_000051,SUP_0019,3,"[""咨询与调查"", ""银行金融服务"", ""互联网搜索服务"", ""数字资本市场服务"", ""数字金融"", ""互联网房地产业"", ""数字化商务服务"", ""人力资源服务"", ""人身保险"", ""数字社会""]","[""咨询与调查"", ""银行金融服务"", ""互联网搜索服务"", ""数字资本市场服务"", ""数字金融"", ""互联网房地产业"", ""数字化商务服务"", ""人力资源服务"", ""人身保险"", ""数字社会""]"
PRO_000048,SUP_0019,1,"[""资本投资服务"", ""银行金融服务"", ""数字社会"", ""数字金融"", ""数字资本市场服务"", ""数字化商务服务""]","[""资本投资服务"", ""银行金融服务"", ""数字社会"", ""数字资本市场服务"", ""数字化商务服务""]"
PRO_005201,SUP_0319,1,"[""银行金融服务"", ""数字社会"", ""广告业"", ""互联网零售"", ""电信"", ""数字技术研究和试验发展"", ""其他数字技术应用业"", ""互联网资讯服务"", ""互联网金融"", ""机械设备经营租赁""]","[""银行金融服务"", ""数字社会"", ""广告业"", ""互联网零售"", ""电信"", ""数字技术研究和试验发展"", ""其他数字技术应用业"", ""互联网资讯服务"", ""互联网金融"", ""机械设备经营租赁""]"
PRO_000081,SUP_0030,1,"[""智慧配送"", ""智慧物流"", ""其他批发业"", ""智能道路运输"", ""其他数字政府"", ""综合管理服务"", ""国家行政机构"", ""智能交通"", ""咨询与调查"", ""互联网平台""]","[""智慧配送"", ""智慧物流"", ""其他批发业"", ""其他数字政府"", ""综合管理服务"", ""国家行政机构"", ""智能交通"", ""咨询与调查"", ""互联网平台""]"
PRO_000080,SUP_0030,2,"[""智能交通"", ""其他批发业"", ""智能道路运输"", ""智能化电力、热力、燃气及水生产和供应"", ""其他数字政府"", ""智慧配送"", ""智慧物流"", ""综合管理服务"", ""银行金融服务"", ""数字政府""]","[""智能交通"", ""其他批发业"", ""智能化电力、热力、燃气及水生产和供应"", ""其他数字政府"", ""智慧配送"", ""综合管理服务"", ""银行金融服务"", ""数字政府""]"
PRO_000082,SUP_0030,2,"[""智能道路运输"", ""其他批发业"", ""智能化电力、热力、燃气及水生产和供应"", ""其他数字政府"", ""智慧配送"", ""智能交通"", ""智慧物流"", ""综合管理服务"", ""银行金融服务"", ""数字政府""]","[""智能道路运输"", ""其他批发业"", ""智能化电力、热力、燃气及水生产和供应"", ""其他数字政府"", ""智慧配送"", ""综合管理服务"", ""银行金融服务"", ""数字政府""]"
PRO_001315,SUP_0100,1,"[""智能道路运输"", ""智慧物流"", ""综合管理服务"", ""银行金融服务"", ""其他数字政府"", ""智慧配送"", ""智能化电力、热力、燃气及水生产和供应"", ""智能交通"", ""咨询与调查"", ""互联网平台""]","[""智能道路运输"", ""智慧物流"", ""综合管理服务"", ""银行金融服务"", ""其他数字政府"", ""智慧配送"", ""智能化电力、热力、燃气及水生产和供应"", ""智能交通"", ""咨询与调查"", ""互联网平台""]"
PRO_001314,SUP_0100,1,"[""智能道路运输"", ""智慧物流"", ""其他批发业"", ""信息技术咨询服务"", ""智慧配送"", ""银行金融服务"", ""数字化商务服务"", ""法律服务"", ""社会团体"", ""智能交通""]","[""智能道路运输"", ""智慧物流"", ""其他批发业"", ""信息技术咨询服务"", ""银行金融服务"", ""数字化商务服务"", ""法律服务"", ""社会团体"", ""智能交通""]"
PRO_000075,SUP_0028,1,"[""银行金融服务"", ""数字化商务服务"", ""人力资源服务"", ""数字金融"", ""数字化零售"", ""稻谷种植"", ""农业科学研究和试验发展"", ""国家行政机构"", ""高等教育"", ""体育组织""]","[""银行金融服务"", ""数字化商务服务"", ""数字金融"", ""数字化零售"", ""稻谷种植"", ""农业科学研究和试验发展"", ""国家行政机构"", ""高等教育"", ""体育组织""]"
PRO_001277,SUP_0092,1,"[""数字资本市场服务"", ""银行金融服务"", ""人身保险"", ""咨询与调查""]","[""数字资本市场服务"", ""银行金融服务"", ""人身保险"", ""咨询与调查""]"
PRO_000078,SUP_0029,1,"[""银行金融服务"", ""数字化商务服务"", ""其他数字政府"", ""互联网保险""]","[""数字化商务服务"", ""其他数字政府"", ""互联网保险""]"
PRO_004520,SUP_0296,1,"[""工程和技术研究和试验发展"", ""电力电子元器件制造"", ""信息技术咨询服务"", ""银行金融服务"", ""广告业"", ""数字社会"", ""数字金融"", ""咨询与调查""]","[""工程和技术研究和试验发展"", ""电力电子元器件制造"", ""信息技术咨询服务"", ""广告业"", ""数字社会"", ""数字金融"", ""咨询与调查""]"
PRO_004522,SUP_0296,1,"[""工程和技术研究和试验发展"", ""电力电子元器件制造"", ""银行金融服务"", ""信息技术咨询服务"", ""广告业"", ""数字社会"", ""数字金融"", ""咨询与调查""]","[""电力电子元器件制造"", ""银行金融服务"", ""信息技术咨询服务"", ""广告业"", ""数字社会"", ""数字金融"", ""咨询与调查""]"
PRO_004527,SUP_0296,1,"[""工程和技术研究和试验发展"", ""电力电子元器件制造"", ""信息技术咨询服务"", ""银行金融服务"", ""智慧物流"", ""广告业"", ""数字社会"", ""数字金融"", ""咨询与调查""]","[""电力电子元器件制造"", ""信息技术咨询服务"", ""银行金融服务"", ""智慧物流"", ""广告业"", ""数字社会"", ""数字金融"", ""咨询与调查""]"
PRO_004521,SUP_0296,1,"[""工程和技术研究和试验发展"", ""电力电子元器件制造"", ""银行金融服务"", ""信息技术咨询服务"", ""广告业"", ""数字社会"", ""数字金融"", ""咨询与调查""]","[""电力电子元器件制造"", ""银行金融服务"", ""信息技术咨询服务"", ""广告业"", ""数字社会"", ""数字金融"", ""咨询与调查""]"
PRO_004526,SUP_0296,1,"[""工程和技术研究和试验发展"", ""电力电子元器件制造"", ""银行金融服务"", ""信息技术咨询服务"", ""咨询与调查"", ""数字社会"", ""数字金融""]","[""电力电子元器件制造"", ""银行金融服务"", ""信息技术咨询服务"", ""咨询与调查"", ""数字社会"", ""数字金融""]"
PRO_004524,SUP_0296,1,"[""工程和技术研究和试验发展"", ""银行金融服务"", ""电力电子元器件制造"", ""信息技术咨询服务"", ""广告业"", ""数字社会"", ""数字金融"", ""咨询与调查""]","[""工程和技术研究和试验发展"", ""银行金融服务"", ""信息技术咨询服务"", ""广告业"", ""数字社会"", ""数字金融"", ""咨询与调查""]"
PRO_004523,SUP_0296,1,"[""工程和技术研究和试验发展"", ""电力电子元器件制造"", ""银行金融服务"", ""智慧物流"", ""广告业"", ""数字社会"", ""数字金融"", ""咨询与调查""]","[""工程和技术研究和试验发展"", ""电力电子元器件制造"", ""银行金融服务"", ""智慧物流"", ""广告业"", ""数字社会"", ""数字金融"", ""咨询与调查""]"
PRO_004525,SUP_0296,1,"[""工程和技术研究和试验发展"", ""银行金融服务"", ""信息技术咨询服务"", ""电力电子元器件制造"", ""广告业"", ""数字社会"", ""数字金融"", ""咨询与调查""]","[""工程和技术研究和试验发展"", ""银行金融服务"", ""信息技术咨询服务"", ""广告业"", ""数字社会"", ""数字金融"", ""咨询与调查""]"
PRO_004354,SUP_0287,1,"[""银行金融服务"", ""广告业"", ""货币银行服务"", ""人身保险"", ""互联网房地产业"", ""智慧物流"", ""网络借贷服务"", ""数字化租赁"", ""数字化零售""]","[""广告业"", ""货币银行服务"", ""人身保险"", ""互联网房地产业"", ""智慧物流"", ""网络借贷服务"", ""数字化租赁"", ""数字化零售""]"
PRO_000057,SUP_0022,1,"[""银行金融服务"", ""数字政府"", ""咨询与调查"", ""数字化商务服务"", ""金融信息服务"", ""数字资本市场服务"", ""数字社会"", ""数字金融""]","[""数字政府"", ""咨询与调查"", ""数字化商务服务"", ""金融信息服务"", ""数字资本市场服务"", ""数字社会"", ""数字金融""]"
PRO_004353,SUP_0287,1,"[""银行金融服务"", ""综合管理服务"", ""数字化零售"", ""房地产开发经营"", ""稻谷种植"", ""农业科学研究和试验发展"", ""国家行政机构"", ""智慧配送"", ""数字化通用、专用设备制造""]","[""综合管理服务"", ""数字化零售"", ""房地产开发经营"", ""稻谷种植"", ""农业科学研究和试验发展"", ""国家行政机构"", ""智慧配送"", ""数字化通用、专用设备制造""]"
PRO_000067,SUP_0026,2,"[""银行金融服务"", ""数字资本市场服务"", ""互联网保险"", ""数字政府""]","[""数字资本市场服务"", ""数字政府""]"
PRO_004350,SUP_0287,1,"[""银行金融服务"", ""互联网保险"", ""住宅房屋建筑"", ""电信"", ""数字金融"", ""数字化零售"", ""供应链管理服务""]","[""互联网保险"", ""住宅房屋建筑"", ""电信"", ""数字金融"", ""数字化零售"", ""供应链管理服务""]"
PRO_004352,SUP_0287,1,"[""银行金融服务"", ""广告业"", ""网络借贷服务"", ""数字化租赁"", ""数字化商务服务"", ""互联网保险"", ""电信"", ""数字化零售""]","[""银行金融服务"", ""广告业"", ""网络借贷服务"", ""数字化租赁"", ""数字化商务服务"", ""互联网保险"", ""电信"", ""数字化零售""]"
PRO_004357,SUP_0287,1,"[""银行金融服务"", ""广告业"", ""货币银行服务"", ""人身保险"", ""网络借贷服务"", ""数字化租赁"", ""数字化零售"", ""互联网保险"", ""房地产开发经营""]","[""广告业"", ""货币银行服务"", ""人身保险"", ""网络借贷服务"", ""数字化租赁"", ""数字化零售"", ""互联网保险"", ""房地产开发经营""]"
PRO_004356,SUP_0287,1,"[""银行金融服务"", ""广告业"", ""货币银行服务"", ""人身保险"", ""互联网房地产业"", ""网络借贷服务"", ""数字化租赁"", ""数字化零售""]","[""广告业"", ""货币银行服务"", ""人身保险"", ""互联网房地产业"", ""网络借贷服务"", ""数字化租赁"", ""数字化零售""]"
PRO_004349,SUP_0287,1,"[""银行金融服务"", ""互联网保险"", ""广告业"", ""数字化租赁"", ""电信"", ""货币银行服务"", ""人身保险"", ""气象服务"", ""安全系统监控服务"", ""数字化零售""]","[""互联网保险"", ""广告业"", ""数字化租赁"", ""电信"", ""货币银行服务"", ""人身保险"", ""气象服务"", ""安全系统监控服务"", ""数字化零售""]"
PRO_004355,SUP_0287,1,"[""银行金融服务"", ""其他数字金融"", ""数字内容出版"", ""货币银行服务"", ""广告业"", ""专业公共卫生服务"", ""数字化零售"", ""网络借贷服务"", ""数字化租赁""]","[""其他数字金融"", ""数字内容出版"", ""货币银行服务"", ""广告业"", ""专业公共卫生服务"", ""数字化零售"", ""网络借贷服务"", ""数字化租赁""]"
PRO_004358,SUP_0287,1,"[""银行金融服务"", ""其他数字金融"", ""数字内容出版"", ""货币银行服务"", ""广告业"", ""专业公共卫生服务"", ""数字化零售"", ""网络借贷服务"", ""数字化租赁""]","[""其他数字金融"", ""数字内容出版"", ""货币银行服务"", ""广告业"", ""专业公共卫生服务"", ""数字化零售"", ""网络借贷服务"", ""数字化租赁""]"
PRO_000069,SUP_0026,1,"[""银行金融服务"", ""行政办公自动化"", ""环境治理业"", ""人力资源服务"", ""智能道路运输"", ""智慧配送"", ""数字金融"", ""数字政府"", ""智慧教育"", ""国家行政机构""]","[""银行金融服务"", ""行政办公自动化"", ""环境治理业"", ""人力资源服务"", ""智能道路运输"", ""智慧配送"", ""数字政府"", ""智慧教育"", ""国家行政机构""]"
PRO_000063,SUP_0026,1,"[""银行金融服务"", ""网络借贷服务"", ""数字内容出版"", ""广告业"", ""货币银行服务"", ""人身保险""]","[""银行金融服务"", ""数字内容出版"", ""广告业"", ""货币银行服务"", ""人身保险""]"
PRO_000072,SUP_0026,1,"[""网络借贷服务"", ""银行金融服务"", ""数字内容出版"", ""货币银行服务"", ""人身保险"", ""人力资源服务"", ""婚姻服务"", ""家庭服务""]","[""网络借贷服务"", ""数字内容出版"", ""货币银行服务"", ""人身保险"", ""人力资源服务"", ""婚姻服务"", ""家庭服务""]"
PRO_000071,SUP_0026,1,"[""网络借贷服务"", ""银行金融服务"", ""数字内容出版"", ""货币银行服务"", ""人身保险"", ""人力资源服务"", ""婚姻服务"", ""家庭服务""]","[""网络借贷服务"", ""数字内容出版"", ""货币银行服务"", ""人身保险"", ""人力资源服务"", ""婚姻服务"", ""家庭服务""]"
PRO_000064,SUP_0026,1,"[""银行金融服务"", ""网络借贷服务"", ""数字内容出版"", ""货币银行服务"", ""人身保险"", ""人力资源服务"", ""婚姻服务"", ""家庭服务""]","[""银行金融服务"", ""数字内容出版"", ""货币银行服务"", ""人身保险"", ""人力资源服务"", ""婚姻服务"", ""家庭服务""]"
PRO_000065,SUP_0026,1,"[""银行金融服务"", ""网络借贷服务"", ""数字内容出版"", ""广告业"", ""货币银行服务"", ""人身保险""]","[""银行金融服务"", ""数字内容出版"", ""广告业"", ""货币银行服务"", ""人身保险""]"
PRO_004242,SUP_0281,1,"[""银行金融服务"", ""网络借贷服务"", ""数字化租赁"", ""互联网保险"", ""数字金融"", ""数字化零售"", ""其他数字政府""]","[""网络借贷服务"", ""数字化租赁"", ""互联网保险"", ""数字金融"", ""数字化零售"", ""其他数字政府""]"
PRO_000058,SUP_0022,1,"[""银行金融服务"", ""金融信息服务"", ""数字社会"", ""数字金融"", ""智慧配送"", ""法律服务"", ""社会团体"", ""互联网零售"", ""数字化商务服务"", ""其他数字化效率提升业""]","[""银行金融服务"", ""金融信息服务"", ""数字社会"", ""数字金融"", ""智慧配送"", ""法律服务"", ""社会团体"", ""数字化商务服务"", ""其他数字化效率提升业""]"
PRO_000022,SUP_0004,1,"[""互联网零售"", ""银行金融服务"", ""非金融机构支付服务"", ""数字技术研究和试验发展"", ""电信"", ""互联网资讯服务"", ""互联网金融"", ""机械设备经营租赁"", ""数字政府"", ""行政办公自动化""]","[""互联网零售"", ""银行金融服务"", ""非金融机构支付服务"", ""数字技术研究和试验发展"", ""电信"", ""互联网资讯服务"", ""互联网金融"", ""机械设备经营租赁"", ""数字政府"", ""行政办公自动化""]"
PRO_006662,SUP_0373,1,"[""银行金融服务"", ""人身保险"", ""数字金融"", ""咨询与调查"", ""货币银行服务"", ""数字化零售"", ""智慧配送"", ""数字化通用、专用设备制造"", ""数字社会"", ""数字政府""]","[""银行金融服务"", ""人身保险"", ""数字金融"", ""咨询与调查"", ""数字化零售"", ""智慧配送"", ""数字化通用、专用设备制造"", ""数字社会"", ""数字政府""]"
PRO_000021,SUP_0004,3,"[""银行金融服务"", ""互联网零售"", ""数字技术研究和试验发展"", ""电信"", ""非金融机构支付服务"", ""数字金融"", ""汽车、摩托车、零配件和燃料及其他动力销售"", ""数字政府"", ""数字社会"", ""行政办公自动化""]","[""银行金融服务"", ""互联网零售"", ""数字技术研究和试验发展"", ""电信"", ""非金融机构支付服务"", ""数字金融"", ""汽车、摩托车、零配件和燃料及其他动力销售"", ""数字政府"", ""数字社会"", ""行政办公自动化""]"
PRO_000787,SUP_0072,1,"[""数字金融"", ""互联网零售"", ""银行金融服务"", ""数字技术研究和试验发展"", ""电信"", ""互联网资讯服务"", ""互联网金融"", ""机械设备经营租赁"", ""数字政府"", ""行政办公自动化""]","[""数字金融"", ""互联网零售"", ""银行金融服务"", ""数字技术研究和试验发展"", ""电信"", ""互联网资讯服务"", ""互联网金融"", ""机械设备经营租赁"", ""数字政府"", ""行政办公自动化""]"
PRO_000719,SUP_0048,2,"[""银行金融服务"", ""数字金融"", ""其他数字金融"", ""互联网金融"", ""数字商贸""]","[""数字金融"", ""其他数字金融"", ""互联网金融"", ""数字商贸""]"
PRO_000052,SUP_0019,2,"[""法律服务"", ""数字金融"", ""其他数字政府"", ""银行金融服务""]","[""法律服务"", ""其他数字政府"", ""银行金融服务""]"
PRO_000027,SUP_0007,1,"[""银行金融服务"", ""住宅房屋建筑"", ""电信"", ""数字金融"", ""数字化零售""]","[""银行金融服务"", ""住宅房屋建筑"", ""电信"", ""数字金融"", ""数字化零售""]"
PRO_003469,SUP_0214,3,"[""银行金融服务"", ""货币银行服务"", ""人身保险"", ""数字化设施种植"", ""数字金融"", ""咨询与调查"", ""财产保险"", ""数字社会"", ""数字政府"", ""智慧物流""]","[""银行金融服务"", ""货币银行服务"", ""人身保险"", ""数字化设施种植"", ""数字金融"", ""咨询与调查"", ""财产保险"", ""数字社会"", ""数字政府"", ""智慧物流""]"
PRO_000053,SUP_0019,1,"[""数字化商务服务"", ""银行金融服务"", ""数字政府"", ""互联网批发零售"", ""数字金融"", ""其他未列明金融业"", ""互联网保险""]","[""数字化商务服务"", ""数字政府"", ""互联网批发零售"", ""数字金融"", ""其他未列明金融业"", ""互联网保险""]"
PRO_001197,SUP_0085,2,"[""智能交通"", ""智能道路运输"", ""数字广告"", ""房地产开发经营"", ""智能化电力、热力、燃气及水生产和供应"", ""动漫、游戏及其他数字内容服务"", ""数字政府"", ""其他数字政府"", ""软件开发"", ""非金融机构支付服务""]","[""智能交通"", ""数字广告"", ""房地产开发经营"", ""智能化电力、热力、燃气及水生产和供应"", ""动漫、游戏及其他数字内容服务"", ""数字政府"", ""其他数字政府"", ""软件开发"", ""非金融机构支付服务""]"
PRO_002860,SUP_0160,2,"[""银行金融服务"", ""数字化商务服务"", ""数字政府"", ""网上税务办理"", ""互联网批发零售""]","[""银行金融服务"", ""数字化商务服务"", ""数字政府"", ""网上税务办理"", ""互联网批发零售""]"
PRO_002861,SUP_0160,1,"[""法律服务"", ""其他数字政府"", ""数字金融"", ""其他数字金融"", ""银行金融服务"", ""数字社会"", ""数字技术研究和试验发展""]","[""法律服务"", ""其他数字政府"", ""其他数字金融"", ""银行金融服务"", ""数字社会"", ""数字技术研究和试验发展""]"
PRO_001199,SUP_0085,6,"[""智能道路运输"", ""智能交通"", ""数字广告"", ""房地产开发经营"", ""动漫、游戏及其他数字内容服务"", ""其他数字政府"", ""数字政府"", ""智慧物流"", ""软件开发"", ""非金融机构支付服务""]","[""智能交通"", ""数字广告"", ""房地产开发经营"", ""动漫、游戏及其他数字内容服务"", ""其他数字政府"", ""智慧物流"", ""软件开发"", ""非金融机构支付服务""]"
PRO_001198,SUP_0085,4,"[""智能交通"", ""智能道路运输"", ""数字广告"", ""房地产开发经营"", ""动漫、游戏及其他数字内容服务"", ""数字政府"", ""其他数字政府"", ""智慧物流"", ""橡胶制品业"", ""塑料制品业""]","[""智能道路运输"", ""数字广告"", ""房地产开发经营"", ""动漫、游戏及其他数字内容服务"", ""数字政府"", ""其他数字政府"", ""智慧物流"", ""橡胶制品业"", ""塑料制品业""]"
PRO_001832,SUP_0134,2,"[""环境治理业"", ""其他数字政府"", ""其他房屋建筑业"", ""数字化设施种植"", ""环境与生态监测检测服务"", ""气象服务"", ""稻谷种植"", ""森林经营和管护"", ""水上货物运输"", ""水上旅客运输""]","[""环境治理业"", ""其他数字政府"", ""其他房屋建筑业"", ""数字化设施种植"", ""环境与生态监测检测服务"", ""稻谷种植"", ""森林经营和管护"", ""水上货物运输"", ""水上旅客运输""]"
PRO_001825,SUP_0134,2,"[""环境治理业"", ""其他房屋建筑业"", ""其他数字政府"", ""数字化设施种植"", ""稻谷种植"", ""森林经营和管护"", ""气象服务"", ""安全系统监控服务"", ""水上货物运输"", ""水上旅客运输""]","[""环境治理业"", ""其他房屋建筑业"", ""其他数字政府"", ""数字化设施种植"", ""稻谷种植"", ""森林经营和管护"", ""安全系统监控服务"", ""水上货物运输"", ""水上旅客运输""]"
PRO_001827,SUP_0134,3,"[""环境治理业"", ""其他数字政府"", ""数字化设施种植"", ""其他房屋建筑业"", ""稻谷种植"", ""森林经营和管护"", ""铁路、道路、隧道和桥梁工程建筑"", ""水利和水运工程建筑"", ""环境与生态监测检测服务"", ""气象服务""]","[""环境治理业"", ""其他数字政府"", ""数字化设施种植"", ""其他房屋建筑业"", ""稻谷种植"", ""森林经营和管护"", ""铁路、道路、隧道和桥梁工程建筑"", ""水利和水运工程建筑"", ""环境与生态监测检测服务"", ""气象服务""]"
PRO_000056,SUP_0022,1,"[""法律服务"", ""银行金融服务"", ""数字化商务服务"", ""住宅房屋建筑"", ""数字政府"", ""数字金融"", ""其他数字金融"", ""木质家具制造""]","[""法律服务"", ""数字化商务服务"", ""住宅房屋建筑"", ""数字政府"", ""数字金融"", ""其他数字金融"", ""木质家具制造""]"
PRO_000047,SUP_0019,2,"[""银行金融服务"", ""数字化商务服务"", ""数字政府"", ""金融信息服务"", ""其他数字金融"", ""互联网批发零售""]","[""数字化商务服务"", ""数字政府"", ""金融信息服务"", ""其他数字金融"", ""互联网批发零售""]"
PRO_000073,SUP_0027,2,"[""银行金融服务"", ""智慧配送"", ""人力资源服务"", ""数字金融"", ""智能道路运输"", ""行政办公自动化"", ""智慧教育"", ""互联网零售"", ""数字技术研究和试验发展"", ""电信""]","[""银行金融服务"", ""人力资源服务"", ""数字金融"", ""行政办公自动化"", ""智慧教育"", ""互联网零售"", ""数字技术研究和试验发展"", ""电信""]"
PRO_000074,SUP_0027,2,"[""银行金融服务"", ""智慧配送"", ""人力资源服务"", ""数字金融"", ""广告业"", ""智能道路运输"", ""行政办公自动化"", ""智慧教育"", ""互联网零售"", ""数字技术研究和试验发展""]","[""银行金融服务"", ""人力资源服务"", ""数字金融"", ""广告业"", ""行政办公自动化"", ""智慧教育"", ""互联网零售"", ""数字技术研究和试验发展""]"
PRO_000010,SUP_0003,2,"[""智能道路运输"", ""智能交通"", ""数字广告"", ""房地产开发经营"", ""动漫、游戏及其他数字内容服务"", ""数字政府"", ""智慧物流"", ""橡胶制品业"", ""塑料制品业"", ""软件开发""]","[""智能交通"", ""数字广告"", ""房地产开发经营"", ""动漫、游戏及其他数字内容服务"", ""数字政府"", ""智慧物流"", ""橡胶制品业"", ""塑料制品业"", ""软件开发""]"
PRO_000011,SUP_0003,1,"[""智能道路运输"", ""智能交通"", ""房地产开发经营"", ""数字广告"", ""银行金融服务"", ""智能化电力、热力、燃气及水生产和供应"", ""数字政府"", ""智慧物流"", ""其他数字政府"", ""软件开发""]","[""智能道路运输"", ""房地产开发经营"", ""数字广告"", ""银行金融服务"", ""智能化电力、热力、燃气及水生产和供应"", ""数字政府"", ""智慧物流"", ""其他数字政府"", ""软件开发""]"
PRO_000014,SUP_0003,1,"[""智能道路运输"", ""智能交通"", ""其他智能交通"", ""数字政府"", ""智能化电力、热力、燃气及水生产和供应"", ""数字化商务服务"", ""行政办公自动化"", ""其他数字政府"", ""数字社会"", ""互联网零售""]","[""智能交通"", ""其他智能交通"", ""数字政府"", ""智能化电力、热力、燃气及水生产和供应"", ""数字化商务服务"", ""行政办公自动化"", ""其他数字政府"", ""数字社会"", ""互联网零售""]"
PRO_000017,SUP_0003,2,"[""智能道路运输"", ""其他智能交通"", ""智能化电力、热力、燃气及水生产和供应"", ""广告业"", ""行政办公自动化"", ""智能交通"", ""数字化商务服务"", ""数字政府"", ""数字社会"", ""互联网零售""]","[""智能道路运输"", ""其他智能交通"", ""智能化电力、热力、燃气及水生产和供应"", ""广告业"", ""行政办公自动化"", ""数字化商务服务"", ""数字社会"", ""互联网零售""]"
PRO_000015,SUP_0003,2,"[""智能道路运输"", ""其他智能交通"", ""智能交通"", ""数字政府"", ""广告业"", ""智能化电力、热力、燃气及水生产和供应"", ""行政办公自动化"", ""其他数字政府"", ""数字社会"", ""互联网零售""]","[""其他智能交通"", ""智能交通"", ""数字政府"", ""广告业"", ""智能化电力、热力、燃气及水生产和供应"", ""行政办公自动化"", ""其他数字政府"", ""数字社会"", ""互联网零售""]"
PRO_000018,SUP_0003,2,"[""智能交通"", ""智能道路运输"", ""数字广告"", ""房地产开发经营"", ""动漫、游戏及其他数字内容服务"", ""其他数字政府"", ""智慧物流"", ""软件开发"", ""非金融机构支付服务"", ""智能设备制造""]","[""智能交通"", ""数字广告"", ""房地产开发经营"", ""动漫、游戏及其他数字内容服务"", ""其他数字政府"", ""智慧物流"", ""软件开发"", ""非金融机构支付服务"", ""智能设备制造""]"
PRO_000019,SUP_0003,1,"[""智能道路运输"", ""智能交通"", ""数字政府"", ""广告业"", ""智能化电力、热力、燃气及水生产和供应"", ""行政办公自动化"", ""数字化商务服务"", ""其他数字政府"", ""数字社会"", ""互联网零售""]","[""智能道路运输"", ""智能交通"", ""数字政府"", ""广告业"", ""智能化电力、热力、燃气及水生产和供应"", ""行政办公自动化"", ""数字化商务服务"", ""其他数字政府"", ""数字社会"", ""互联网零售""]"
PRO_000016,SUP_0003,2,"[""智能道路运输"", ""其他智能交通"", ""数字政府"", ""智能化电力、热力、燃气及水生产和供应"", ""广告业"", ""智能交通"", ""数字化商务服务"", ""其他数字政府"", ""数字社会"", ""互联网零售""]","[""智能道路运输"", ""其他智能交通"", ""数字政府"", ""智能化电力、热力、燃气及水生产和供应"", ""广告业"", ""数字化商务服务"", ""其他数字政府"", ""数字社会"", ""互联网零售""]"
PRO_000020,SUP_0003,1,"[""智能道路运输"", ""智能交通"", ""数字广告"", ""房地产开发经营"", ""数字政府"", ""智慧物流"", ""其他数字政府"", ""软件开发"", ""非金融机构支付服务"", ""智能设备制造""]","[""智能道路运输"", ""智能交通"", ""数字广告"", ""房地产开发经营"", ""数字政府"", ""智慧物流"", ""其他数字政府"", ""软件开发"", ""非金融机构支付服务"", ""智能设备制造""]"
PRO_000013,SUP_0003,1,"[""智能交通"", ""智能道路运输"", ""房地产开发经营"", ""智能化电力、热力、燃气及水生产和供应"", ""动漫、游戏及其他数字内容服务"", ""数字政府"", ""智慧物流"", ""其他数字政府"", ""软件开发"", ""非金融机构支付服务""]","[""智能交通"", ""智能道路运输"", ""房地产开发经营"", ""智能化电力、热力、燃气及水生产和供应"", ""动漫、游戏及其他数字内容服务"", ""数字政府"", ""智慧物流"", ""其他数字政府"", ""软件开发"", ""非金融机构支付服务""]"
PRO_000012,SUP_0003,1,"[""智能道路运输"", ""智能交通"", ""数字广告"", ""智能化电力、热力、燃气及水生产和供应"", ""数字政府"", ""智慧物流"", ""其他数字政府"", ""软件开发"", ""非金融机构支付服务"", ""智能设备制造""]","[""智能道路运输"", ""智能交通"", ""数字广告"", ""智能化电力、热力、燃气及水生产和供应"", ""数字政府"", ""智慧物流"", ""其他数字政府"", ""软件开发"", ""非金融机构支付服务"", ""智能设备制造""]"
PRO_001184,SUP_0079,4,"[""银行金融服务"", ""人力资源服务"", ""货币银行服务"", ""人身保险"", ""数字化零售"", ""国家行政机构"", ""数字金融"", ""稻谷种植"", ""农业科学研究和试验发展"", ""智慧配送""]","[""银行金融服务"", ""人力资源服务"", ""货币银行服务"", ""人身保险"", ""数字化零售"", ""国家行政机构"", ""数字金融"", ""稻谷种植"", ""农业科学研究和试验发展"", ""智慧配送""]"
PRO_000040,SUP_0014,1,"[""银行金融服务"", ""智能道路运输"", ""汽车、摩托车、零配件和燃料及其他动力销售"", ""其他智能交通"", ""人力资源服务"", ""数字化商务服务"", ""行政办公自动化"", ""智能交通"", ""互联网零售"", ""数字技术研究和试验发展""]","[""银行金融服务"", ""智能道路运输"", ""汽车、摩托车、零配件和燃料及其他动力销售"", ""其他智能交通"", ""人力资源服务"", ""数字化商务服务"", ""行政办公自动化"", ""智能交通"", ""互联网零售"", ""数字技术研究和试验发展""]"
PRO_000042,SUP_0016,2,"[""智慧配送"", ""银行金融服务"", ""智能道路运输"", ""人力资源服务"", ""数字金融"", ""广告业"", ""人身保险"", ""数字化零售"", ""数字化通用、专用设备制造"", ""国家行政机构""]","[""智慧配送"", ""银行金融服务"", ""智能道路运输"", ""人力资源服务"", ""数字金融"", ""广告业"", ""人身保险"", ""数字化零售"", ""数字化通用、专用设备制造"", ""国家行政机构""]"
